Workbook

Sheet 20Trips
A1: trip_id | B1: duration | C1: dep_terminal | D1: arr_terminal | E1: dep_time | F1: arr_time | G1: cost_to_cs | H1: dep_min | I1: arr_min
A2: DEPOT | B2: 0 | C2: - | D2: - | E2: - | F2: - | G2: 20 | H2: - | I2: -
A3: AB1 | B3: 135 | C3: Terminal A | D3: Terminal B | E3: 0.38888889 | F3: 0.48263889 | G3: =VLOOKUP(D3,$AB$33:$AD$36,3,FALSE) -> 30 | H3: =ROUND(E3*1440,0) -> 560 | I3: =ROUND(F3*1440,0) -> 695 | S3: 1
A4: AB2 | B4: 135 | C4: Terminal A | D4: Terminal B | E4: 0.51388889 | F4: 0.60763889 | G4: =VLOOKUP(D4,$AB$33:$AD$36,3,FALSE) -> 30 | H4: =ROUND(E4*1440,0) -> 740 | I4: =ROUND(F4*1440,0) -> 875 | N4: ='20Trips'!$B$24+VLOOKUP(VLOOKUP(#REF!,'20Trips'!$A$2:$I$22,4,FALSE),'20Trips'!$AB$32:$AH$36,4,FALSE) -> #REF! | S4: =S3+1 -> 2
A5: AB3 | B5: 135 | C5: Terminal A | D5: Terminal B | E5: 0.57638889 | F5: 0.67013889 | G5: =VLOOKUP(D5,$AB$33:$AD$36,3,FALSE) -> 30 | H5: =ROUND(E5*1440,0) -> 830 | I5: =ROUND(F5*1440,0) -> 965 | S5: =S4+1 -> 3
A6: AB4 | B6: 135 | C6: Terminal A | D6: Terminal B | E6: 0.63888889 | F6: 0.73263889 | G6: =VLOOKUP(D6,$AB$33:$AD$36,3,FALSE) -> 30 | H6: =ROUND(E6*1440,0) -> 920 | I6: =ROUND(F6*1440,0) -> 1055 | S6: =S5+1 -> 4
A7: AB5 | B7: 135 | C7: Terminal A | D7: Terminal B | E7: 0.68055556 | F7: 0.77430556 | G7: =VLOOKUP(D7,$AB$33:$AD$36,3,FALSE) -> 30 | H7: =ROUND(E7*1440,0) -> 980 | I7: =ROUND(F7*1440,0) -> 1115 | S7: =S6+1 -> 5
A8: AC1 | B8: 140 | C8: Terminal A | D8: Terminal C | E8: 0.38541667 | F8: 0.48263889 | G8: =VLOOKUP(D8,$AB$33:$AD$36,3,FALSE) -> 30 | H8: =ROUND(E8*1440,0) -> 555 | I8: =ROUND(F8*1440,0) -> 695 | S8: =S7+1 -> 6
A9: AC2 | B9: 140 | C9: Terminal A | D9: Terminal C | E9: 0.46875 | F9: 0.56597222 | G9: =VLOOKUP(D9,$AB$33:$AD$36,3,FALSE) -> 30 | H9: =ROUND(E9*1440,0) -> 675 | I9: =ROUND(F9*1440,0) -> 815 | S9: =S8+1 -> 7
A10: AC3 | B10: 140 | C10: Terminal A | D10: Terminal C | E10: 0.55208333 | F10: 0.64930556 | G10: =VLOOKUP(D10,$AB$33:$AD$36,3,FALSE) -> 30 | H10: =ROUND(E10*1440,0) -> 795 | I10: =ROUND(F10*1440,0) -> 935 | S10: =S9+1 -> 8
A11: AC4 | B11: 140 | C11: Terminal A | D11: Terminal C | E11: 0.80208333 | F11: 0.89930556 | G11: =VLOOKUP(D11,$AB$33:$AD$36,3,FALSE) -> 30 | H11: =ROUND(E11*1440,0) -> 1155 | I11: =ROUND(F11*1440,0) -> 1295 | S11: =S10+1 -> 9
A12: AC5 | B12: 140 | C12: Terminal A | D12: Terminal C | E12: 0.84375 | F12: 0.94097222 | G12: =VLOOKUP(D12,$AB$33:$AD$36,3,FALSE) -> 30 | H12: =ROUND(E12*1440,0) -> 1215 | I12: =ROUND(F12*1440,0) -> 1355 | S12: =S11+1 -> 10
A13: BA1 | B13: 135 | C13: Terminal B | D13: Terminal A | E13: 0.375 | F13: 0.46875 | G13: =VLOOKUP(D13,$AB$33:$AD$36,3,FALSE) -> 30 | H13: =ROUND(E13*1440,0) -> 540 | I13: =ROUND(F13*1440,0) -> 675 | S13: =S12+1 -> 11
A14: BA2 | B14: 135 | C14: Terminal B | D14: Terminal A | E14: 0.4375 | F14: 0.53125 | G14: =VLOOKUP(D14,$AB$33:$AD$36,3,FALSE) -> 30 | H14: =ROUND(E14*1440,0) -> 630 | I14: =ROUND(F14*1440,0) -> 765 | S14: =S13+1 -> 12
A15: BA3 | B15: 135 | C15: Terminal B | D15: Terminal A | E15: 0.5 | F15: 0.59375 | G15: =VLOOKUP(D15,$AB$33:$AD$36,3,FALSE) -> 30 | H15: =ROUND(E15*1440,0) -> 720 | I15: =ROUND(F15*1440,0) -> 855 | S15: =S14+1 -> 13
A16: BA4 | B16: 135 | C16: Terminal B | D16: Terminal A | E16: 0.5625 | F16: 0.65625 | G16: =VLOOKUP(D16,$AB$33:$AD$36,3,FALSE) -> 30 | H16: =ROUND(E16*1440,0) -> 810 | I16: =ROUND(F16*1440,0) -> 945 | S16: =S15+1 -> 14
... A22: CA5 | B22: 140 | C22: Terminal C | D22: Terminal A | E22: 0.72222222 | F22: 0.81944444 | G22: =VLOOKUP(D22,$AB$33:$AD$36,3,FALSE) -> 30 | H22: =ROUND(E22*1440,0) -> 1040 | I22: =ROUND(F22*1440,0) -> 1180 | S22: =S21+1 -> 20
A23: CS1 | B23: 50 | C23: - | D23: - | E23: - | F23: - | G23: 0 | S23: =S22+1 -> 21
A24: CS1a | B24: 50 | C24: Terminal A | D24: Terminal A | E24: - | F24: - | G24: 0 | S24: =S23+1 -> 22
A25: CS2b | B25: 50 | C25: Terminal B | D25: Terminal B | E25: - | F25: - | G25: 0 | S25: =S24+1 -> 23
A26: CS3c | B26: 50 | C26: Terminal C | D26: Terminal C | E26: - | F26: - | G26: 0
A29: RESULTS
A30: ID | B30: Trips | F30: CPLEX | G30: Solution | AB30: TMAX | AC30: =MAX(F3:F22)*1440 -> 1355
A31: 0 | B31: DEPOT | G31: 0 | H31: 14 | I31: 29 | J31: 31 | K31: 13 | L31: 33 | M31: 18 | N31: 0
A32: =A31+1 -> 1 | B32: AB1 | G32: DEPOT | H32: =VLOOKUP(H31,$A$31:$B$62,2,FALSE) -> AD1 | I32: =VLOOKUP(I31,$A$31:$B$62,2,FALSE) -> DA1 | J32: =VLOOKUP(J31,$A$31:$B$62,2,FALSE) -> CS1 | K32: =VLOOKUP(K31,$A$31:$B$62,2,FALSE) -> AC5 | L32: =VLOOKUP(L31,$A$31:$B$64,2,FALSE) -> CS2b | M32: =VLOOKUP(M31,$A$31:$B$62,2,FALSE) -> BA4 | N32: =VLOOKUP(N31,$A$31:$B$62,2,FALSE) -> DEPOT | AB32: Terminal | AC32: Min_Layover | AD32: Duration to CS1 | AE32: Duration to CS1a | AF32: Duration to CS2b | AG32: Duration to CS3c | AH32: Duration to CS4d
A33: =A32+1 -> 2 | B33: AB2 | G33: 0 | H33: 28 | I33: 24 | J33: 31 | K33: 20 | L33: 22 | M33: 33 | N33: 19 | O33: 0 | AB33: Terminal A | AC33: 15 | AD33: 30 | AE33: 10 | AF33: 145 | AG33: 150 | AH33: 220
A34: =A33+1 -> 3 | B34: AB3 | G34: =VLOOKUP(G33,$A$31:$B$62,2,FALSE) -> DEPOT | H34: =VLOOKUP(H33,$A$31:$B$62,2,FALSE) -> CD1 | I34: =VLOOKUP(I33,$A$31:$B$62,2,FALSE) -> CA2 | J34: =VLOOKUP(J33,$A$31:$B$62,2,FALSE) -> CS1 | K34: =VLOOKUP(K33,$A$31:$B$62,2,FALSE) -> BA6 | L34: =VLOOKUP(L33,$A$31:$B$62,2,FALSE) -> BA8 | M34: =VLOOKUP(M33,$A$31:$B$64,2,FALSE) -> CS2b | N34: =VLOOKUP(N33,$A$31:$B$62,2,FALSE) -> BA5 | O34: =VLOOKUP(O33,$A$31:$B$62,2,FALSE) -> DEPOT | AB34: Terminal B | AC34: 15 | AD34: 30 | AE34: 145 | AF34: 10 | AG34: 155 | AH34: 160
A35: =A34+1 -> 4 | B35: AB4 | G35: 0 | H35: 10 | I35: 3 | J35: 32 | K35: 5 | L35: 32 | M35: 12 | N35: 0 | AB35: Terminal C | AC35: 15 | AD35: 30 | AE35: 150 | AF35: 155 | AG35: 10 | AH35: 280
A36: =A35+1 -> 5 | B36: AB5 | G36: =VLOOKUP(G35,$A$31:$B$62,2,FALSE) -> DEPOT | H36: =VLOOKUP(H35,$A$31:$B$62,2,FALSE) -> AC2 | I36: =VLOOKUP(I35,$A$31:$B$62,2,FALSE) -> AB3 | J36: =VLOOKUP(J35,$A$31:$B$64,2,FALSE) -> CS1a | K36: =VLOOKUP(K35,$A$31:$B$62,2,FALSE) -> AB5 | L36: =VLOOKUP(L35,$A$31:$B$64,2,FALSE) -> CS1a | M36: =VLOOKUP(M35,$A$31:$B$62,2,FALSE) -> AC4 | N36: =VLOOKUP(N35,$A$31:$B$62,2,FALSE) -> DEPOT | AB36: Terminal D | AC36: 15 | AD36: 30 | AE36: 220 | AF36: 160 | AG36: 280 | AH36: 10
A37: =A36+1 -> 6 | B37: AB6 | G37: 0 | H37: 23 | I37: 32 | J37: 2 | K37: 32 | L37: 4 | M37: 0 | AB37: CS | AC37: 100 | AD37: (MAX_DURATION == 500, time to recharge = 100 seconds)
A38: =A37+1 -> 7 | B38: AB7 | G38: =VLOOKUP(G37,$A$31:$B$62,2,FALSE) -> DEPOT | H38: =VLOOKUP(H37,$A$31:$B$62,2,FALSE) -> CA1 | I38: =VLOOKUP(I37,$A$31:$B$64,2,FALSE) -> CS1a | J38: =VLOOKUP(J37,$A$31:$B$62,2,FALSE) -> AB2 | K38: =VLOOKUP(K37,$A$31:$B$64,2,FALSE) -> CS1a | L38: =VLOOKUP(L37,$A$31:$B$62,2,FALSE) -> AB4 | M38: =VLOOKUP(M37,$A$31:$B$62,2,FALSE) -> DEPOT | AB38: MAX_DURATION | AC38: 350
A39: =A38+1 -> 8 | B39: AB8 | G39: 0 | H39: 16 | I39: 31 | J39: 26 | K39: 32 | L39: 7 | M39: 0
A40: =A39+1 -> 9 | B40: AC1 | G40: =VLOOKUP(G39,$A$31:$B$62,2,FALSE) -> DEPOT | H40: =VLOOKUP(H39,$A$31:$B$62,2,FALSE) -> BA2 | I40: =VLOOKUP(I39,$A$31:$B$62,2,FALSE) -> CS1 | J40: =VLOOKUP(J39,$A$31:$B$62,2,FALSE) -> CA4 | K40: =VLOOKUP(K39,$A$31:$B$64,2,FALSE) -> CS1a | L40: =VLOOKUP(L39,$A$31:$B$62,2,FALSE) -> AB7 | M40: =VLOOKUP(M39,$A$31:$B$62,2,FALSE) -> DEPOT
A41: =A40+1 -> 10 | B41: AC2 | G41: 0 | H41: 1 | I41: 31 | J41: 25 | K41: 32 | L41: 3 | M41: 0
A42: =A41+1 -> 11 | B42: AC3 | G42: =VLOOKUP(G41,$A$31:$B$62,2,FALSE) -> DEPOT | H42: =VLOOKUP(H41,$A$31:$B$62,2,FALSE) -> AB1 | I42: =VLOOKUP(I41,$A$31:$B$62,2,FALSE) -> CS1 | J42: =VLOOKUP(J41,$A$31:$B$62,2,FALSE) -> CA3 | K42: =VLOOKUP(K41,$A$31:$B$64,2,FALSE) -> CS1a | L42: =VLOOKUP(L41,$A$31:$B$62,2,FALSE) -> AB3 | M42: =VLOOKUP(M41,$A$31:$B$62,2,FALSE) -> DEPOT | AF42: =VLOOKUP($A5,'20Trips'!$A$3:$I$22,9,FALSE) -> 965
A43: =A42+1 -> 12 | B43: AC4 | G43: 0 | H43: 15 | I43: 30 | J43: 8 | K43: 33 | L43: 17 | M43: 31 | N43: 21 | O43: 0 | AF43: =VLOOKUP("BA6",'20Trips'!$A$3:$I$22,8,FALSE) -> #N/A
A44: =A43+1 -> 13 | B44: AC5 | G44: =VLOOKUP(G43,$A$31:$B$62,2,FALSE) -> DEPOT | H44: =VLOOKUP(H43,$A$31:$B$62,2,FALSE) -> BA1 | I44: =VLOOKUP(I43,$A$31:$B$62,2,FALSE) -> DC1 | J44: =VLOOKUP(J43,$A$31:$B$62,2,FALSE) -> AB8 | K44: =VLOOKUP(K43,$A$31:$B$64,2,FALSE) -> CS2b | L44: =VLOOKUP(L43,$A$31:$B$62,2,FALSE) -> BA3 | M44: =VLOOKUP(M43,$A$31:$B$62,2,FALSE) -> CS1 | N44: =VLOOKUP(N43,$A$31:$B$62,2,FALSE) -> BA7 | O44: =VLOOKUP(O43,$A$31:$B$62,2,FALSE) -> DEPOT
A45: =A44+1 -> 14 | B45: AD1 | G45: 0 | H45: 9 | I45: 32 | J45: 11 | K45: 31 | L45: 27 | M45: 0
A46: =A45+1 -> 15 | B46: BA1 | G46: =VLOOKUP(G45,$A$31:$B$62,2,FALSE) -> DEPOT | H46: =VLOOKUP(H45,$A$31:$B$62,2,FALSE) -> AC1 | I46: =VLOOKUP(I45,$A$31:$B$64,2,FALSE) -> CS1a | J46: =VLOOKUP(J45,$A$31:$B$62,2,FALSE) -> AC3 | K46: =VLOOKUP(K45,$A$31:$B$62,2,FALSE) -> CS1 | L46: =VLOOKUP(L45,$A$31:$B$62,2,FALSE) -> CA5 | M46: =VLOOKUP(M45,$A$31:$B$62,2,FALSE) -> DEPOT | AB46: Terminal | AC46: Min_Layover | AD46: Duration to CS1 | AE46: Duration to CS1a | AF46: Duration to CS2b | AG46: Duration to CS3c | AH46: Duration to CS4d
A47: =A46+1 -> 16 | B47: BA2 | AB47: Terminal A | AC47: 15 | AD47: 30 | AE47: 10 | AF47: 75 | AG47: 85 | AH47: 95
A48: =A47+1 -> 17 | B48: BA3 | AB48: Terminal B | AC48: 15 | AD48: 30 | AE48: 75 | AF48: 10 | AG48: 60 | AH48: 65
A49: =A48+1 -> 18 | B49: BA4 | AB49: Terminal C | AC49: 15 | AD49: 30 | AE49: 85 | AF49: 60 | AG49: 10 | AH49: 50
A50: =A49+1 -> 19 | B50: BA5 | AB50: Terminal D | AC50: 15 | AD50: 30 | AE50: 95 | AF50: 65 | AG50: 50 | AH50: 10
A51: =A50+1 -> 20 | B51: BA6
A52: =A51+1 -> 21 | B52: BA7
A53: =A52+1 -> 22 | B53: BA8 | AB53: Terminal | AC53: Min_Layover | AD53: Duration to CS1 | AE53: Duration to CS1a | AF53: Duration to CS2b | AG53: Duration to CS3c | AH53: Duration to CS4d
A54: =A53+1 -> 23 | B54: CA1 | AB54: Terminal A | AC54: 15 | AD54: 30 | AE54: 10 | AF54: 75 | AG54: 75 | AH54: 75
A55: =A54+1 -> 24 | B55: CA2 | AB55: Terminal B | AC55: 15 | AD55: 30 | AE55: 75 | AF55: 10 | AG55: 75 | AH55: 75
A56: =A55+1 -> 25 | B56: CA3 | AB56: Terminal C | AC56: 15 | AD56: 30 | AE56: 75 | AF56: 75 | AG56: 10 | AH56: 75
A57: =A56+1 -> 26 | B57: CA4 | AB57: Terminal D | AC57: 15 | AD57: 30 | AE57: 75 | AF57: 75 | AG57: 75 | AH57: 10
A58: =A57+1 -> 27 | B58: CA5
A59: =A58+1 -> 28 | B59: CD1
A60: =A59+1 -> 29 | B60: DA1
A61: =A60+1 -> 30 | B61: DC1
A62: =A61+1 -> 31 | B62: CS1
A63: =A62+1 -> 32 | B63: CS1a
A64: =A63+1 -> 33 | B64: CS2b

Sheet feasible_mat
B1: DEPOT | C1: AB1 | D1: AB2 | E1: AB3 | F1: AB4 | G1: AB5 | H1: AC1 | I1: AC2 | J1: AC3 | K1: AC4 | L1: AC5 | M1: BA1 | N1: BA2 | O1: BA3 | P1: BA4 | Q1: BA5 | R1: CA1 | S1: CA2 | T1: CA3 | U1: CA4 | V1: CA5
A2: DEPOT | B2: 0 | C2: 1 | D2: 1 | E2: 1 | F2: 1 | G2: 1 | H2: 1 | I2: 1 | J2: 1 | K2: 1 | L2: 1 | M2: 1 | N2: 1 | O2: 1 | P2: 1 | Q2: 1 | R2: 1 | S2: 1 | T2: 1 | U2: 1 | V2: 1
A3: AB1 | B3: 1 | C3: =IF(AND(VLOOKUP(C$1,'20Trips'!$A$3:$I$22,8,FALSE)-VLOOKUP($A3,'20Trips'!$A$3:$I$22,9,FALSE)>=VLOOKUP(VLOOKUP(C$1, '20Trips'!$A$3:$I$22,3,FALSE), '20Trips'!$AB$33:$AC$36, 2, FALSE)),1,0) -> 0 | D3: =IF(AND(VLOOKUP(D$1,'20Trips'!$A$3:$I$22,8,FALSE)-VLOOKUP($A3,'20Trips'!$A$3:$I$22,9,FALSE)>=VLOOKUP(VLOOKUP(D$1, '20Trips'!$A$3:$I$22,3,FALSE), '20Trips'!$AB$33:$AC$36, 2, FALSE)),1,0) -> 1 | E3: =IF(AND(VLOOKUP(E$1,'20Trips'!$A$3:$I$22,8,FALSE)-VLOOKUP($A3,'20Trips'!$A$3:$I$22,9,FALSE)>=VLOOKUP(VLOOKUP(E$1, '20Trips'!$A$3:$I$22,3,FALSE), '20Trips'!$AB$33:$AC$36, 2, FALSE)),1,0) -> 1 | F3: =IF(AND(VLOOKUP(F$1,'20Trips'!$A$3:$I$22,8,FALSE)-VLOOKUP($A3,'20Trips'!$A$3:$I$22,9,FALSE)>=VLOOKUP(VLOOKUP(F$1, '20Trips'!$A$3:$I$22,3,FALSE), '20Trips'!$AB$33:$AC$36, 2, FALSE)),1,0) -> 1 | G3: =IF(AND(VLOOKUP(G$1,'20Trips'!$A$3:$I$22,8,FALSE)-VLOOKUP($A3,'20Trips'!$A$3:$I$22,9,FALSE)>=VLOOKUP(VLOOKUP(G$1, '20Trips'!$A$3:$I$22,3,FALSE), '20Trips'!$AB$33:$AC$36, 2, FALSE)),1,0) -> 1 | H3: =IF(AND(VLOOKUP(H$1,'20Trips'!$A$3:$I$22,8,FALSE)-VLOOKUP($A3,'20Trips'!$A$3:$I$22,9,FALSE)>=VLOOKUP(VLOOKUP(H$1, '20Trips'!$A$3:$I$22,3,FALSE), '20Trips'!$AB$33:$AC$36, 2, FALSE)),1,0) -> 0 | I3: =IF(AND(VLOOKUP(I$1,'20Trips'!$A$3:$I$22,8,FALSE)-VLOOKUP($A3,'20Trips'!$A$3:$I$22,9,FALSE)>=VLOOKUP(VLOOKUP(I$1, '20Trips'!$A$3:$I$22,3,FALSE), '20Trips'!$AB$33:$AC$36, 2, FALSE)),1,0) -> 0 | J3: =IF(AND(VLOOKUP(J$1,'20Trips'!$A$3:$I$22,8,FALSE)-VLOOKUP($A3,'20Trips'!$A$3:$I$22,9,FALSE)>=VLOOKUP(VLOOKUP(J$1, '20Trips'!$A$3:$I$22,3,FALSE), '20Trips'!$AB$33:$AC$36, 2, FALSE)),1,0) -> 1 | ... V3: =IF(AND(VLOOKUP(V$1,'20Trips'!$A$3:$I$22,8,FALSE)-VLOOKUP($A3,'20Trips'!$A$3:$I$22,9,FALSE)>=VLOOKUP(VLOOKUP(V$1, '20Trips'!$A$3:$I$22,3,FALSE), '20Trips'!$AB$33:$AC$36, 2, FALSE)),1,0) -> 1
A4: AB2 | B4: 1 | C4: =IF(AND(VLOOKUP(C$1,'20Trips'!$A$3:$I$22,8,FALSE)-VLOOKUP($A4,'20Trips'!$A$3:$I$22,9,FALSE)>=VLOOKUP(VLOOKUP(C$1, '20Trips'!$A$3:$I$22,3,FALSE), '20Trips'!$AB$33:$AC$36, 2, FALSE)),1,0) -> 0 | D4: =IF(AND(VLOOKUP(D$1,'20Trips'!$A$3:$I$22,8,FALSE)-VLOOKUP($A4,'20Trips'!$A$3:$I$22,9,FALSE)>=VLOOKUP(VLOOKUP(D$1, '20Trips'!$A$3:$I$22,3,FALSE), '20Trips'!$AB$33:$AC$36, 2, FALSE)),1,0) -> 0 | E4: =IF(AND(VLOOKUP(E$1,'20Trips'!$A$3:$I$22,8,FALSE)-VLOOKUP($A4,'20Trips'!$A$3:$I$22,9,FALSE)>=VLOOKUP(VLOOKUP(E$1, '20Trips'!$A$3:$I$22,3,FALSE), '20Trips'!$AB$33:$AC$36, 2, FALSE)),1,0) -> 0 | F4: =IF(AND(VLOOKUP(F$1,'20Trips'!$A$3:$I$22,8,FALSE)-VLOOKUP($A4,'20Trips'!$A$3:$I$22,9,FALSE)>=VLOOKUP(VLOOKUP(F$1, '20Trips'!$A$3:$I$22,3,FALSE), '20Trips'!$AB$33:$AC$36, 2, FALSE)),1,0) -> 1 | G4: =IF(AND(VLOOKUP(G$1,'20Trips'!$A$3:$I$22,8,FALSE)-VLOOKUP($A4,'20Trips'!$A$3:$I$22,9,FALSE)>=VLOOKUP(VLOOKUP(G$1, '20Trips'!$A$3:$I$22,3,FALSE), '20Trips'!$AB$33:$AC$36, 2, FALSE)),1,0) -> 1 | H4: =IF(AND(VLOOKUP(H$1,'20Trips'!$A$3:$I$22,8,FALSE)-VLOOKUP($A4,'20Trips'!$A$3:$I$22,9,FALSE)>=VLOOKUP(VLOOKUP(H$1, '20Trips'!$A$3:$I$22,3,FALSE), '20Trips'!$AB$33:$AC$36, 2, FALSE)),1,0) -> 0 | I4: =IF(AND(VLOOKUP(I$1,'20Trips'!$A$3:$I$22,8,FALSE)-VLOOKUP($A4,'20Trips'!$A$3:$I$22,9,FALSE)>=VLOOKUP(VLOOKUP(I$1, '20Trips'!$A$3:$I$22,3,FALSE), '20Trips'!$AB$33:$AC$36, 2, FALSE)),1,0) -> 0 | J4: =IF(AND(VLOOKUP(J$1,'20Trips'!$A$3:$I$22,8,FALSE)-VLOOKUP($A4,'20Trips'!$A$3:$I$22,9,FALSE)>=VLOOKUP(VLOOKUP(J$1, '20Trips'!$A$3:$I$22,3,FALSE), '20Trips'!$AB$33:$AC$36, 2, FALSE)),1,0) -> 0 | ... V4: =IF(AND(VLOOKUP(V$1,'20Trips'!$A$3:$I$22,8,FALSE)-VLOOKUP($A4,'20Trips'!$A$3:$I$22,9,FALSE)>=VLOOKUP(VLOOKUP(V$1, '20Trips'!$A$3:$I$22,3,FALSE), '20Trips'!$AB$33:$AC$36, 2, FALSE)),1,0) -> 1
A5: AB3 | B5: 1 | C5: =IF(AND(VLOOKUP(C$1,'20Trips'!$A$3:$I$22,8,FALSE)-VLOOKUP($A5,'20Trips'!$A$3:$I$22,9,FALSE)>=VLOOKUP(VLOOKUP(C$1, '20Trips'!$A$3:$I$22,3,FALSE), '20Trips'!$AB$33:$AC$36, 2, FALSE)),1,0) -> 0 | D5: =IF(AND(VLOOKUP(D$1,'20Trips'!$A$3:$I$22,8,FALSE)-VLOOKUP($A5,'20Trips'!$A$3:$I$22,9,FALSE)>=VLOOKUP(VLOOKUP(D$1, '20Trips'!$A$3:$I$22,3,FALSE), '20Trips'!$AB$33:$AC$36, 2, FALSE)),1,0) -> 0 | E5: =IF(AND(VLOOKUP(E$1,'20Trips'!$A$3:$I$22,8,FALSE)-VLOOKUP($A5,'20Trips'!$A$3:$I$22,9,FALSE)>=VLOOKUP(VLOOKUP(E$1, '20Trips'!$A$3:$I$22,3,FALSE), '20Trips'!$AB$33:$AC$36, 2, FALSE)),1,0) -> 0 | F5: =IF(AND(VLOOKUP(F$1,'20Trips'!$A$3:$I$22,8,FALSE)-VLOOKUP($A5,'20Trips'!$A$3:$I$22,9,FALSE)>=VLOOKUP(VLOOKUP(F$1, '20Trips'!$A$3:$I$22,3,FALSE), '20Trips'!$AB$33:$AC$36, 2, FALSE)),1,0) -> 0 | G5: =IF(AND(VLOOKUP(G$1,'20Trips'!$A$3:$I$22,8,FALSE)-VLOOKUP($A5,'20Trips'!$A$3:$I$22,9,FALSE)>=VLOOKUP(VLOOKUP(G$1, '20Trips'!$A$3:$I$22,3,FALSE), '20Trips'!$AB$33:$AC$36, 2, FALSE)),1,0) -> 1 | H5: =IF(AND(VLOOKUP(H$1,'20Trips'!$A$3:$I$22,8,FALSE)-VLOOKUP($A5,'20Trips'!$A$3:$I$22,9,FALSE)>=VLOOKUP(VLOOKUP(H$1, '20Trips'!$A$3:$I$22,3,FALSE), '20Trips'!$AB$33:$AC$36, 2, FALSE)),1,0) -> 0 | I5: =IF(AND(VLOOKUP(I$1,'20Trips'!$A$3:$I$22,8,FALSE)-VLOOKUP($A5,'20Trips'!$A$3:$I$22,9,FALSE)>=VLOOKUP(VLOOKUP(I$1, '20Trips'!$A$3:$I$22,3,FALSE), '20Trips'!$AB$33:$AC$36, 2, FALSE)),1,0) -> 0 | J5: =IF(AND(VLOOKUP(J$1,'20Trips'!$A$3:$I$22,8,FALSE)-VLOOKUP($A5,'20Trips'!$A$3:$I$22,9,FALSE)>=VLOOKUP(VLOOKUP(J$1, '20Trips'!$A$3:$I$22,3,FALSE), '20Trips'!$AB$33:$AC$36, 2, FALSE)),1,0) -> 0 | ... V5: =IF(AND(VLOOKUP(V$1,'20Trips'!$A$3:$I$22,8,FALSE)-VLOOKUP($A5,'20Trips'!$A$3:$I$22,9,FALSE)>=VLOOKUP(VLOOKUP(V$1, '20Trips'!$A$3:$I$22,3,FALSE), '20Trips'!$AB$33:$AC$36, 2, FALSE)),1,0) -> 1
A6: AB4 | B6: 1 | C6: =IF(AND(VLOOKUP(C$1,'20Trips'!$A$3:$I$22,8,FALSE)-VLOOKUP($A6,'20Trips'!$A$3:$I$22,9,FALSE)>=VLOOKUP(VLOOKUP(C$1, '20Trips'!$A$3:$I$22,3,FALSE), '20Trips'!$AB$33:$AC$36, 2, FALSE)),1,0) -> 0 | D6: =IF(AND(VLOOKUP(D$1,'20Trips'!$A$3:$I$22,8,FALSE)-VLOOKUP($A6,'20Trips'!$A$3:$I$22,9,FALSE)>=VLOOKUP(VLOOKUP(D$1, '20Trips'!$A$3:$I$22,3,FALSE), '20Trips'!$AB$33:$AC$36, 2, FALSE)),1,0) -> 0 | E6: =IF(AND(VLOOKUP(E$1,'20Trips'!$A$3:$I$22,8,FALSE)-VLOOKUP($A6,'20Trips'!$A$3:$I$22,9,FALSE)>=VLOOKUP(VLOOKUP(E$1, '20Trips'!$A$3:$I$22,3,FALSE), '20Trips'!$AB$33:$AC$36, 2, FALSE)),1,0) -> 0 | F6: =IF(AND(VLOOKUP(F$1,'20Trips'!$A$3:$I$22,8,FALSE)-VLOOKUP($A6,'20Trips'!$A$3:$I$22,9,FALSE)>=VLOOKUP(VLOOKUP(F$1, '20Trips'!$A$3:$I$22,3,FALSE), '20Trips'!$AB$33:$AC$36, 2, FALSE)),1,0) -> 0 | G6: =IF(AND(VLOOKUP(G$1,'20Trips'!$A$3:$I$22,8,FALSE)-VLOOKUP($A6,'20Trips'!$A$3:$I$22,9,FALSE)>=VLOOKUP(VLOOKUP(G$1, '20Trips'!$A$3:$I$22,3,FALSE), '20Trips'!$AB$33:$AC$36, 2, FALSE)),1,0) -> 0 | H6: =IF(AND(VLOOKUP(H$1,'20Trips'!$A$3:$I$22,8,FALSE)-VLOOKUP($A6,'20Trips'!$A$3:$I$22,9,FALSE)>=VLOOKUP(VLOOKUP(H$1, '20Trips'!$A$3:$I$22,3,FALSE), '20Trips'!$AB$33:$AC$36, 2, FALSE)),1,0) -> 0 | I6: =IF(AND(VLOOKUP(I$1,'20Trips'!$A$3:$I$22,8,FALSE)-VLOOKUP($A6,'20Trips'!$A$3:$I$22,9,FALSE)>=VLOOKUP(VLOOKUP(I$1, '20Trips'!$A$3:$I$22,3,FALSE), '20Trips'!$AB$33:$AC$36, 2, FALSE)),1,0) -> 0 | J6: =IF(AND(VLOOKUP(J$1,'20Trips'!$A$3:$I$22,8,FALSE)-VLOOKUP($A6,'20Trips'!$A$3:$I$22,9,FALSE)>=VLOOKUP(VLOOKUP(J$1, '20Trips'!$A$3:$I$22,3,FALSE), '20Trips'!$AB$33:$AC$36, 2, FALSE)),1,0) -> 0 | ... V6: =IF(AND(VLOOKUP(V$1,'20Trips'!$A$3:$I$22,8,FALSE)-VLOOKUP($A6,'20Trips'!$A$3:$I$22,9,FALSE)>=VLOOKUP(VLOOKUP(V$1, '20Trips'!$A$3:$I$22,3,FALSE), '20Trips'!$AB$33:$AC$36, 2, FALSE)),1,0) -> 0
A7: AB5 | B7: 1 | C7: =IF(AND(VLOOKUP(C$1,'20Trips'!$A$3:$I$22,8,FALSE)-VLOOKUP($A7,'20Trips'!$A$3:$I$22,9,FALSE)>=VLOOKUP(VLOOKUP(C$1, '20Trips'!$A$3:$I$22,3,FALSE), '20Trips'!$AB$33:$AC$36, 2, FALSE)),1,0) -> 0 | D7: =IF(AND(VLOOKUP(D$1,'20Trips'!$A$3:$I$22,8,FALSE)-VLOOKUP($A7,'20Trips'!$A$3:$I$22,9,FALSE)>=VLOOKUP(VLOOKUP(D$1, '20Trips'!$A$3:$I$22,3,FALSE), '20Trips'!$AB$33:$AC$36, 2, FALSE)),1,0) -> 0 | E7: =IF(AND(VLOOKUP(E$1,'20Trips'!$A$3:$I$22,8,FALSE)-VLOOKUP($A7,'20Trips'!$A$3:$I$22,9,FALSE)>=VLOOKUP(VLOOKUP(E$1, '20Trips'!$A$3:$I$22,3,FALSE), '20Trips'!$AB$33:$AC$36, 2, FALSE)),1,0) -> 0 | F7: =IF(AND(VLOOKUP(F$1,'20Trips'!$A$3:$I$22,8,FALSE)-VLOOKUP($A7,'20Trips'!$A$3:$I$22,9,FALSE)>=VLOOKUP(VLOOKUP(F$1, '20Trips'!$A$3:$I$22,3,FALSE), '20Trips'!$AB$33:$AC$36, 2, FALSE)),1,0) -> 0 | G7: =IF(AND(VLOOKUP(G$1,'20Trips'!$A$3:$I$22,8,FALSE)-VLOOKUP($A7,'20Trips'!$A$3:$I$22,9,FALSE)>=VLOOKUP(VLOOKUP(G$1, '20Trips'!$A$3:$I$22,3,FALSE), '20Trips'!$AB$33:$AC$36, 2, FALSE)),1,0) -> 0 | H7: =IF(AND(VLOOKUP(H$1,'20Trips'!$A$3:$I$22,8,FALSE)-VLOOKUP($A7,'20Trips'!$A$3:$I$22,9,FALSE)>=VLOOKUP(VLOOKUP(H$1, '20Trips'!$A$3:$I$22,3,FALSE), '20Trips'!$AB$33:$AC$36, 2, FALSE)),1,0) -> 0 | I7: =IF(AND(VLOOKUP(I$1,'20Trips'!$A$3:$I$22,8,FALSE)-VLOOKUP($A7,'20Trips'!$A$3:$I$22,9,FALSE)>=VLOOKUP(VLOOKUP(I$1, '20Trips'!$A$3:$I$22,3,FALSE), '20Trips'!$AB$33:$AC$36, 2, FALSE)),1,0) -> 0 | J7: =IF(AND(VLOOKUP(J$1,'20Trips'!$A$3:$I$22,8,FALSE)-VLOOKUP($A7,'20Trips'!$A$3:$I$22,9,FALSE)>=VLOOKUP(VLOOKUP(J$1, '20Trips'!$A$3:$I$22,3,FALSE), '20Trips'!$AB$33:$AC$36, 2, FALSE)),1,0) -> 0 | ... V7: =IF(AND(VLOOKUP(V$1,'20Trips'!$A$3:$I$22,8,FALSE)-VLOOKUP($A7,'20Trips'!$A$3:$I$22,9,FALSE)>=VLOOKUP(VLOOKUP(V$1, '20Trips'!$A$3:$I$22,3,FALSE), '20Trips'!$AB$33:$AC$36, 2, FALSE)),1,0) -> 0
A8: AC1 | B8: 1 | C8: =IF(AND(VLOOKUP(C$1,'20Trips'!$A$3:$I$22,8,FALSE)-VLOOKUP($A8,'20Trips'!$A$3:$I$22,9,FALSE)>=VLOOKUP(VLOOKUP(C$1, '20Trips'!$A$3:$I$22,3,FALSE), '20Trips'!$AB$33:$AC$36, 2, FALSE)),1,0) -> 0 | D8: =IF(AND(VLOOKUP(D$1,'20Trips'!$A$3:$I$22,8,FALSE)-VLOOKUP($A8,'20Trips'!$A$3:$I$22,9,FALSE)>=VLOOKUP(VLOOKUP(D$1, '20Trips'!$A$3:$I$22,3,FALSE), '20Trips'!$AB$33:$AC$36, 2, FALSE)),1,0) -> 1 | E8: =IF(AND(VLOOKUP(E$1,'20Trips'!$A$3:$I$22,8,FALSE)-VLOOKUP($A8,'20Trips'!$A$3:$I$22,9,FALSE)>=VLOOKUP(VLOOKUP(E$1, '20Trips'!$A$3:$I$22,3,FALSE), '20Trips'!$AB$33:$AC$36, 2, FALSE)),1,0) -> 1 | F8: =IF(AND(VLOOKUP(F$1,'20Trips'!$A$3:$I$22,8,FALSE)-VLOOKUP($A8,'20Trips'!$A$3:$I$22,9,FALSE)>=VLOOKUP(VLOOKUP(F$1, '20Trips'!$A$3:$I$22,3,FALSE), '20Trips'!$AB$33:$AC$36, 2, FALSE)),1,0) -> 1 | G8: =IF(AND(VLOOKUP(G$1,'20Trips'!$A$3:$I$22,8,FALSE)-VLOOKUP($A8,'20Trips'!$A$3:$I$22,9,FALSE)>=VLOOKUP(VLOOKUP(G$1, '20Trips'!$A$3:$I$22,3,FALSE), '20Trips'!$AB$33:$AC$36, 2, FALSE)),1,0) -> 1 | H8: =IF(AND(VLOOKUP(H$1,'20Trips'!$A$3:$I$22,8,FALSE)-VLOOKUP($A8,'20Trips'!$A$3:$I$22,9,FALSE)>=VLOOKUP(VLOOKUP(H$1, '20Trips'!$A$3:$I$22,3,FALSE), '20Trips'!$AB$33:$AC$36, 2, FALSE)),1,0) -> 0 | I8: =IF(AND(VLOOKUP(I$1,'20Trips'!$A$3:$I$22,8,FALSE)-VLOOKUP($A8,'20Trips'!$A$3:$I$22,9,FALSE)>=VLOOKUP(VLOOKUP(I$1, '20Trips'!$A$3:$I$22,3,FALSE), '20Trips'!$AB$33:$AC$36, 2, FALSE)),1,0) -> 0 | J8: =IF(AND(VLOOKUP(J$1,'20Trips'!$A$3:$I$22,8,FALSE)-VLOOKUP($A8,'20Trips'!$A$3:$I$22,9,FALSE)>=VLOOKUP(VLOOKUP(J$1, '20Trips'!$A$3:$I$22,3,FALSE), '20Trips'!$AB$33:$AC$36, 2, FALSE)),1,0) -> 1 | ... V8: =IF(AND(VLOOKUP(V$1,'20Trips'!$A$3:$I$22,8,FALSE)-VLOOKUP($A8,'20Trips'!$A$3:$I$22,9,FALSE)>=VLOOKUP(VLOOKUP(V$1, '20Trips'!$A$3:$I$22,3,FALSE), '20Trips'!$AB$33:$AC$36, 2, FALSE)),1,0) -> 1
A9: AC2 | B9: 1 | C9: =IF(AND(VLOOKUP(C$1,'20Trips'!$A$3:$I$22,8,FALSE)-VLOOKUP($A9,'20Trips'!$A$3:$I$22,9,FALSE)>=VLOOKUP(VLOOKUP(C$1, '20Trips'!$A$3:$I$22,3,FALSE), '20Trips'!$AB$33:$AC$36, 2, FALSE)),1,0) -> 0 | D9: =IF(AND(VLOOKUP(D$1,'20Trips'!$A$3:$I$22,8,FALSE)-VLOOKUP($A9,'20Trips'!$A$3:$I$22,9,FALSE)>=VLOOKUP(VLOOKUP(D$1, '20Trips'!$A$3:$I$22,3,FALSE), '20Trips'!$AB$33:$AC$36, 2, FALSE)),1,0) -> 0 | E9: =IF(AND(VLOOKUP(E$1,'20Trips'!$A$3:$I$22,8,FALSE)-VLOOKUP($A9,'20Trips'!$A$3:$I$22,9,FALSE)>=VLOOKUP(VLOOKUP(E$1, '20Trips'!$A$3:$I$22,3,FALSE), '20Trips'!$AB$33:$AC$36, 2, FALSE)),1,0) -> 1 | F9: =IF(AND(VLOOKUP(F$1,'20Trips'!$A$3:$I$22,8,FALSE)-VLOOKUP($A9,'20Trips'!$A$3:$I$22,9,FALSE)>=VLOOKUP(VLOOKUP(F$1, '20Trips'!$A$3:$I$22,3,FALSE), '20Trips'!$AB$33:$AC$36, 2, FALSE)),1,0) -> 1 | G9: =IF(AND(VLOOKUP(G$1,'20Trips'!$A$3:$I$22,8,FALSE)-VLOOKUP($A9,'20Trips'!$A$3:$I$22,9,FALSE)>=VLOOKUP(VLOOKUP(G$1, '20Trips'!$A$3:$I$22,3,FALSE), '20Trips'!$AB$33:$AC$36, 2, FALSE)),1,0) -> 1 | H9: =IF(AND(VLOOKUP(H$1,'20Trips'!$A$3:$I$22,8,FALSE)-VLOOKUP($A9,'20Trips'!$A$3:$I$22,9,FALSE)>=VLOOKUP(VLOOKUP(H$1, '20Trips'!$A$3:$I$22,3,FALSE), '20Trips'!$AB$33:$AC$36, 2, FALSE)),1,0) -> 0 | I9: =IF(AND(VLOOKUP(I$1,'20Trips'!$A$3:$I$22,8,FALSE)-VLOOKUP($A9,'20Trips'!$A$3:$I$22,9,FALSE)>=VLOOKUP(VLOOKUP(I$1, '20Trips'!$A$3:$I$22,3,FALSE), '20Trips'!$AB$33:$AC$36, 2, FALSE)),1,0) -> 0 | J9: =IF(AND(VLOOKUP(J$1,'20Trips'!$A$3:$I$22,8,FALSE)-VLOOKUP($A9,'20Trips'!$A$3:$I$22,9,FALSE)>=VLOOKUP(VLOOKUP(J$1, '20Trips'!$A$3:$I$22,3,FALSE), '20Trips'!$AB$33:$AC$36, 2, FALSE)),1,0) -> 0 | ... V9: =IF(AND(VLOOKUP(V$1,'20Trips'!$A$3:$I$22,8,FALSE)-VLOOKUP($A9,'20Trips'!$A$3:$I$22,9,FALSE)>=VLOOKUP(VLOOKUP(V$1, '20Trips'!$A$3:$I$22,3,FALSE), '20Trips'!$AB$33:$AC$36, 2, FALSE)),1,0) -> 1
A10: AC3 | B10: 1 | C10: =IF(AND(VLOOKUP(C$1,'20Trips'!$A$3:$I$22,8,FALSE)-VLOOKUP($A10,'20Trips'!$A$3:$I$22,9,FALSE)>=VLOOKUP(VLOOKUP(C$1, '20Trips'!$A$3:$I$22,3,FALSE), '20Trips'!$AB$33:$AC$36, 2, FALSE)),1,0) -> 0 | D10: =IF(AND(VLOOKUP(D$1,'20Trips'!$A$3:$I$22,8,FALSE)-VLOOKUP($A10,'20Trips'!$A$3:$I$22,9,FALSE)>=VLOOKUP(VLOOKUP(D$1, '20Trips'!$A$3:$I$22,3,FALSE), '20Trips'!$AB$33:$AC$36, 2, FALSE)),1,0) -> 0 | E10: =IF(AND(VLOOKUP(E$1,'20Trips'!$A$3:$I$22,8,FALSE)-VLOOKUP($A10,'20Trips'!$A$3:$I$22,9,FALSE)>=VLOOKUP(VLOOKUP(E$1, '20Trips'!$A$3:$I$22,3,FALSE), '20Trips'!$AB$33:$AC$36, 2, FALSE)),1,0) -> 0 | F10: =IF(AND(VLOOKUP(F$1,'20Trips'!$A$3:$I$22,8,FALSE)-VLOOKUP($A10,'20Trips'!$A$3:$I$22,9,FALSE)>=VLOOKUP(VLOOKUP(F$1, '20Trips'!$A$3:$I$22,3,FALSE), '20Trips'!$AB$33:$AC$36, 2, FALSE)),1,0) -> 0 | G10: =IF(AND(VLOOKUP(G$1,'20Trips'!$A$3:$I$22,8,FALSE)-VLOOKUP($A10,'20Trips'!$A$3:$I$22,9,FALSE)>=VLOOKUP(VLOOKUP(G$1, '20Trips'!$A$3:$I$22,3,FALSE), '20Trips'!$AB$33:$AC$36, 2, FALSE)),1,0) -> 1 | H10: =IF(AND(VLOOKUP(H$1,'20Trips'!$A$3:$I$22,8,FALSE)-VLOOKUP($A10,'20Trips'!$A$3:$I$22,9,FALSE)>=VLOOKUP(VLOOKUP(H$1, '20Trips'!$A$3:$I$22,3,FALSE), '20Trips'!$AB$33:$AC$36, 2, FALSE)),1,0) -> 0 | I10: =IF(AND(VLOOKUP(I$1,'20Trips'!$A$3:$I$22,8,FALSE)-VLOOKUP($A10,'20Trips'!$A$3:$I$22,9,FALSE)>=VLOOKUP(VLOOKUP(I$1, '20Trips'!$A$3:$I$22,3,FALSE), '20Trips'!$AB$33:$AC$36, 2, FALSE)),1,0) -> 0 | J10: =IF(AND(VLOOKUP(J$1,'20Trips'!$A$3:$I$22,8,FALSE)-VLOOKUP($A10,'20Trips'!$A$3:$I$22,9,FALSE)>=VLOOKUP(VLOOKUP(J$1, '20Trips'!$A$3:$I$22,3,FALSE), '20Trips'!$AB$33:$AC$36, 2, FALSE)),1,0) -> 0 | ... V10: =IF(AND(VLOOKUP(V$1,'20Trips'!$A$3:$I$22,8,FALSE)-VLOOKUP($A10,'20Trips'!$A$3:$I$22,9,FALSE)>=VLOOKUP(VLOOKUP(V$1, '20Trips'!$A$3:$I$22,3,FALSE), '20Trips'!$AB$33:$AC$36, 2, FALSE)),1,0) -> 1
A11: AC4 | B11: 1 | C11: =IF(AND(VLOOKUP(C$1,'20Trips'!$A$3:$I$22,8,FALSE)-VLOOKUP($A11,'20Trips'!$A$3:$I$22,9,FALSE)>=VLOOKUP(VLOOKUP(C$1, '20Trips'!$A$3:$I$22,3,FALSE), '20Trips'!$AB$33:$AC$36, 2, FALSE)),1,0) -> 0 | D11: =IF(AND(VLOOKUP(D$1,'20Trips'!$A$3:$I$22,8,FALSE)-VLOOKUP($A11,'20Trips'!$A$3:$I$22,9,FALSE)>=VLOOKUP(VLOOKUP(D$1, '20Trips'!$A$3:$I$22,3,FALSE), '20Trips'!$AB$33:$AC$36, 2, FALSE)),1,0) -> 0 | E11: =IF(AND(VLOOKUP(E$1,'20Trips'!$A$3:$I$22,8,FALSE)-VLOOKUP($A11,'20Trips'!$A$3:$I$22,9,FALSE)>=VLOOKUP(VLOOKUP(E$1, '20Trips'!$A$3:$I$22,3,FALSE), '20Trips'!$AB$33:$AC$36, 2, FALSE)),1,0) -> 0 | F11: =IF(AND(VLOOKUP(F$1,'20Trips'!$A$3:$I$22,8,FALSE)-VLOOKUP($A11,'20Trips'!$A$3:$I$22,9,FALSE)>=VLOOKUP(VLOOKUP(F$1, '20Trips'!$A$3:$I$22,3,FALSE), '20Trips'!$AB$33:$AC$36, 2, FALSE)),1,0) -> 0 | G11: =IF(AND(VLOOKUP(G$1,'20Trips'!$A$3:$I$22,8,FALSE)-VLOOKUP($A11,'20Trips'!$A$3:$I$22,9,FALSE)>=VLOOKUP(VLOOKUP(G$1, '20Trips'!$A$3:$I$22,3,FALSE), '20Trips'!$AB$33:$AC$36, 2, FALSE)),1,0) -> 0 | H11: =IF(AND(VLOOKUP(H$1,'20Trips'!$A$3:$I$22,8,FALSE)-VLOOKUP($A11,'20Trips'!$A$3:$I$22,9,FALSE)>=VLOOKUP(VLOOKUP(H$1, '20Trips'!$A$3:$I$22,3,FALSE), '20Trips'!$AB$33:$AC$36, 2, FALSE)),1,0) -> 0 | I11: =IF(AND(VLOOKUP(I$1,'20Trips'!$A$3:$I$22,8,FALSE)-VLOOKUP($A11,'20Trips'!$A$3:$I$22,9,FALSE)>=VLOOKUP(VLOOKUP(I$1, '20Trips'!$A$3:$I$22,3,FALSE), '20Trips'!$AB$33:$AC$36, 2, FALSE)),1,0) -> 0 | J11: =IF(AND(VLOOKUP(J$1,'20Trips'!$A$3:$I$22,8,FALSE)-VLOOKUP($A11,'20Trips'!$A$3:$I$22,9,FALSE)>=VLOOKUP(VLOOKUP(J$1, '20Trips'!$A$3:$I$22,3,FALSE), '20Trips'!$AB$33:$AC$36, 2, FALSE)),1,0) -> 0 | ... V11: =IF(AND(VLOOKUP(V$1,'20Trips'!$A$3:$I$22,8,FALSE)-VLOOKUP($A11,'20Trips'!$A$3:$I$22,9,FALSE)>=VLOOKUP(VLOOKUP(V$1, '20Trips'!$A$3:$I$22,3,FALSE), '20Trips'!$AB$33:$AC$36, 2, FALSE)),1,0) -> 0
A12: AC5 | B12: 1 | C12: =IF(AND(VLOOKUP(C$1,'20Trips'!$A$3:$I$22,8,FALSE)-VLOOKUP($A12,'20Trips'!$A$3:$I$22,9,FALSE)>=VLOOKUP(VLOOKUP(C$1, '20Trips'!$A$3:$I$22,3,FALSE), '20Trips'!$AB$33:$AC$36, 2, FALSE)),1,0) -> 0 | D12: =IF(AND(VLOOKUP(D$1,'20Trips'!$A$3:$I$22,8,FALSE)-VLOOKUP($A12,'20Trips'!$A$3:$I$22,9,FALSE)>=VLOOKUP(VLOOKUP(D$1, '20Trips'!$A$3:$I$22,3,FALSE), '20Trips'!$AB$33:$AC$36, 2, FALSE)),1,0) -> 0 | E12: =IF(AND(VLOOKUP(E$1,'20Trips'!$A$3:$I$22,8,FALSE)-VLOOKUP($A12,'20Trips'!$A$3:$I$22,9,FALSE)>=VLOOKUP(VLOOKUP(E$1, '20Trips'!$A$3:$I$22,3,FALSE), '20Trips'!$AB$33:$AC$36, 2, FALSE)),1,0) -> 0 | F12: =IF(AND(VLOOKUP(F$1,'20Trips'!$A$3:$I$22,8,FALSE)-VLOOKUP($A12,'20Trips'!$A$3:$I$22,9,FALSE)>=VLOOKUP(VLOOKUP(F$1, '20Trips'!$A$3:$I$22,3,FALSE), '20Trips'!$AB$33:$AC$36, 2, FALSE)),1,0) -> 0 | G12: =IF(AND(VLOOKUP(G$1,'20Trips'!$A$3:$I$22,8,FALSE)-VLOOKUP($A12,'20Trips'!$A$3:$I$22,9,FALSE)>=VLOOKUP(VLOOKUP(G$1, '20Trips'!$A$3:$I$22,3,FALSE), '20Trips'!$AB$33:$AC$36, 2, FALSE)),1,0) -> 0 | H12: =IF(AND(VLOOKUP(H$1,'20Trips'!$A$3:$I$22,8,FALSE)-VLOOKUP($A12,'20Trips'!$A$3:$I$22,9,FALSE)>=VLOOKUP(VLOOKUP(H$1, '20Trips'!$A$3:$I$22,3,FALSE), '20Trips'!$AB$33:$AC$36, 2, FALSE)),1,0) -> 0 | I12: =IF(AND(VLOOKUP(I$1,'20Trips'!$A$3:$I$22,8,FALSE)-VLOOKUP($A12,'20Trips'!$A$3:$I$22,9,FALSE)>=VLOOKUP(VLOOKUP(I$1, '20Trips'!$A$3:$I$22,3,FALSE), '20Trips'!$AB$33:$AC$36, 2, FALSE)),1,0) -> 0 | J12: =IF(AND(VLOOKUP(J$1,'20Trips'!$A$3:$I$22,8,FALSE)-VLOOKUP($A12,'20Trips'!$A$3:$I$22,9,FALSE)>=VLOOKUP(VLOOKUP(J$1, '20Trips'!$A$3:$I$22,3,FALSE), '20Trips'!$AB$33:$AC$36, 2, FALSE)),1,0) -> 0 | ... V12: =IF(AND(VLOOKUP(V$1,'20Trips'!$A$3:$I$22,8,FALSE)-VLOOKUP($A12,'20Trips'!$A$3:$I$22,9,FALSE)>=VLOOKUP(VLOOKUP(V$1, '20Trips'!$A$3:$I$22,3,FALSE), '20Trips'!$AB$33:$AC$36, 2, FALSE)),1,0) -> 0
A13: BA1 | B13: 1 | C13: =IF(AND(VLOOKUP(C$1,'20Trips'!$A$3:$I$22,8,FALSE)-VLOOKUP($A13,'20Trips'!$A$3:$I$22,9,FALSE)>=VLOOKUP(VLOOKUP(C$1, '20Trips'!$A$3:$I$22,3,FALSE), '20Trips'!$AB$33:$AC$36, 2, FALSE)),1,0) -> 0 | D13: =IF(AND(VLOOKUP(D$1,'20Trips'!$A$3:$I$22,8,FALSE)-VLOOKUP($A13,'20Trips'!$A$3:$I$22,9,FALSE)>=VLOOKUP(VLOOKUP(D$1, '20Trips'!$A$3:$I$22,3,FALSE), '20Trips'!$AB$33:$AC$36, 2, FALSE)),1,0) -> 1 | E13: =IF(AND(VLOOKUP(E$1,'20Trips'!$A$3:$I$22,8,FALSE)-VLOOKUP($A13,'20Trips'!$A$3:$I$22,9,FALSE)>=VLOOKUP(VLOOKUP(E$1, '20Trips'!$A$3:$I$22,3,FALSE), '20Trips'!$AB$33:$AC$36, 2, FALSE)),1,0) -> 1 | F13: =IF(AND(VLOOKUP(F$1,'20Trips'!$A$3:$I$22,8,FALSE)-VLOOKUP($A13,'20Trips'!$A$3:$I$22,9,FALSE)>=VLOOKUP(VLOOKUP(F$1, '20Trips'!$A$3:$I$22,3,FALSE), '20Trips'!$AB$33:$AC$36, 2, FALSE)),1,0) -> 1 | G13: =IF(AND(VLOOKUP(G$1,'20Trips'!$A$3:$I$22,8,FALSE)-VLOOKUP($A13,'20Trips'!$A$3:$I$22,9,FALSE)>=VLOOKUP(VLOOKUP(G$1, '20Trips'!$A$3:$I$22,3,FALSE), '20Trips'!$AB$33:$AC$36, 2, FALSE)),1,0) -> 1 | H13: =IF(AND(VLOOKUP(H$1,'20Trips'!$A$3:$I$22,8,FALSE)-VLOOKUP($A13,'20Trips'!$A$3:$I$22,9,FALSE)>=VLOOKUP(VLOOKUP(H$1, '20Trips'!$A$3:$I$22,3,FALSE), '20Trips'!$AB$33:$AC$36, 2, FALSE)),1,0) -> 0 | I13: =IF(AND(VLOOKUP(I$1,'20Trips'!$A$3:$I$22,8,FALSE)-VLOOKUP($A13,'20Trips'!$A$3:$I$22,9,FALSE)>=VLOOKUP(VLOOKUP(I$1, '20Trips'!$A$3:$I$22,3,FALSE), '20Trips'!$AB$33:$AC$36, 2, FALSE)),1,0) -> 0 | J13: =IF(AND(VLOOKUP(J$1,'20Trips'!$A$3:$I$22,8,FALSE)-VLOOKUP($A13,'20Trips'!$A$3:$I$22,9,FALSE)>=VLOOKUP(VLOOKUP(J$1, '20Trips'!$A$3:$I$22,3,FALSE), '20Trips'!$AB$33:$AC$36, 2, FALSE)),1,0) -> 1 | ... V13: =IF(AND(VLOOKUP(V$1,'20Trips'!$A$3:$I$22,8,FALSE)-VLOOKUP($A13,'20Trips'!$A$3:$I$22,9,FALSE)>=VLOOKUP(VLOOKUP(V$1, '20Trips'!$A$3:$I$22,3,FALSE), '20Trips'!$AB$33:$AC$36, 2, FALSE)),1,0) -> 1
A14: BA2 | B14: 1 | C14: =IF(AND(VLOOKUP(C$1,'20Trips'!$A$3:$I$22,8,FALSE)-VLOOKUP($A14,'20Trips'!$A$3:$I$22,9,FALSE)>=VLOOKUP(VLOOKUP(C$1, '20Trips'!$A$3:$I$22,3,FALSE), '20Trips'!$AB$33:$AC$36, 2, FALSE)),1,0) -> 0 | D14: =IF(AND(VLOOKUP(D$1,'20Trips'!$A$3:$I$22,8,FALSE)-VLOOKUP($A14,'20Trips'!$A$3:$I$22,9,FALSE)>=VLOOKUP(VLOOKUP(D$1, '20Trips'!$A$3:$I$22,3,FALSE), '20Trips'!$AB$33:$AC$36, 2, FALSE)),1,0) -> 0 | E14: =IF(AND(VLOOKUP(E$1,'20Trips'!$A$3:$I$22,8,FALSE)-VLOOKUP($A14,'20Trips'!$A$3:$I$22,9,FALSE)>=VLOOKUP(VLOOKUP(E$1, '20Trips'!$A$3:$I$22,3,FALSE), '20Trips'!$AB$33:$AC$36, 2, FALSE)),1,0) -> 1 | F14: =IF(AND(VLOOKUP(F$1,'20Trips'!$A$3:$I$22,8,FALSE)-VLOOKUP($A14,'20Trips'!$A$3:$I$22,9,FALSE)>=VLOOKUP(VLOOKUP(F$1, '20Trips'!$A$3:$I$22,3,FALSE), '20Trips'!$AB$33:$AC$36, 2, FALSE)),1,0) -> 1 | G14: =IF(AND(VLOOKUP(G$1,'20Trips'!$A$3:$I$22,8,FALSE)-VLOOKUP($A14,'20Trips'!$A$3:$I$22,9,FALSE)>=VLOOKUP(VLOOKUP(G$1, '20Trips'!$A$3:$I$22,3,FALSE), '20Trips'!$AB$33:$AC$36, 2, FALSE)),1,0) -> 1 | H14: =IF(AND(VLOOKUP(H$1,'20Trips'!$A$3:$I$22,8,FALSE)-VLOOKUP($A14,'20Trips'!$A$3:$I$22,9,FALSE)>=VLOOKUP(VLOOKUP(H$1, '20Trips'!$A$3:$I$22,3,FALSE), '20Trips'!$AB$33:$AC$36, 2, FALSE)),1,0) -> 0 | I14: =IF(AND(VLOOKUP(I$1,'20Trips'!$A$3:$I$22,8,FALSE)-VLOOKUP($A14,'20Trips'!$A$3:$I$22,9,FALSE)>=VLOOKUP(VLOOKUP(I$1, '20Trips'!$A$3:$I$22,3,FALSE), '20Trips'!$AB$33:$AC$36, 2, FALSE)),1,0) -> 0 | J14: =IF(AND(VLOOKUP(J$1,'20Trips'!$A$3:$I$22,8,FALSE)-VLOOKUP($A14,'20Trips'!$A$3:$I$22,9,FALSE)>=VLOOKUP(VLOOKUP(J$1, '20Trips'!$A$3:$I$22,3,FALSE), '20Trips'!$AB$33:$AC$36, 2, FALSE)),1,0) -> 1 | ... V14: =IF(AND(VLOOKUP(V$1,'20Trips'!$A$3:$I$22,8,FALSE)-VLOOKUP($A14,'20Trips'!$A$3:$I$22,9,FALSE)>=VLOOKUP(VLOOKUP(V$1, '20Trips'!$A$3:$I$22,3,FALSE), '20Trips'!$AB$33:$AC$36, 2, FALSE)),1,0) -> 1
... A22: CA5 | B22: 1 | C22: =IF(AND(VLOOKUP(C$1,'20Trips'!$A$3:$I$22,8,FALSE)-VLOOKUP($A22,'20Trips'!$A$3:$I$22,9,FALSE)>=VLOOKUP(VLOOKUP(C$1, '20Trips'!$A$3:$I$22,3,FALSE), '20Trips'!$AB$33:$AC$36, 2, FALSE)),1,0) -> 0 | D22: =IF(AND(VLOOKUP(D$1,'20Trips'!$A$3:$I$22,8,FALSE)-VLOOKUP($A22,'20Trips'!$A$3:$I$22,9,FALSE)>=VLOOKUP(VLOOKUP(D$1, '20Trips'!$A$3:$I$22,3,FALSE), '20Trips'!$AB$33:$AC$36, 2, FALSE)),1,0) -> 0 | E22: =IF(AND(VLOOKUP(E$1,'20Trips'!$A$3:$I$22,8,FALSE)-VLOOKUP($A22,'20Trips'!$A$3:$I$22,9,FALSE)>=VLOOKUP(VLOOKUP(E$1, '20Trips'!$A$3:$I$22,3,FALSE), '20Trips'!$AB$33:$AC$36, 2, FALSE)),1,0) -> 0 | F22: =IF(AND(VLOOKUP(F$1,'20Trips'!$A$3:$I$22,8,FALSE)-VLOOKUP($A22,'20Trips'!$A$3:$I$22,9,FALSE)>=VLOOKUP(VLOOKUP(F$1, '20Trips'!$A$3:$I$22,3,FALSE), '20Trips'!$AB$33:$AC$36, 2, FALSE)),1,0) -> 0 | G22: =IF(AND(VLOOKUP(G$1,'20Trips'!$A$3:$I$22,8,FALSE)-VLOOKUP($A22,'20Trips'!$A$3:$I$22,9,FALSE)>=VLOOKUP(VLOOKUP(G$1, '20Trips'!$A$3:$I$22,3,FALSE), '20Trips'!$AB$33:$AC$36, 2, FALSE)),1,0) -> 0 | H22: =IF(AND(VLOOKUP(H$1,'20Trips'!$A$3:$I$22,8,FALSE)-VLOOKUP($A22,'20Trips'!$A$3:$I$22,9,FALSE)>=VLOOKUP(VLOOKUP(H$1, '20Trips'!$A$3:$I$22,3,FALSE), '20Trips'!$AB$33:$AC$36, 2, FALSE)),1,0) -> 0 | I22: =IF(AND(VLOOKUP(I$1,'20Trips'!$A$3:$I$22,8,FALSE)-VLOOKUP($A22,'20Trips'!$A$3:$I$22,9,FALSE)>=VLOOKUP(VLOOKUP(I$1, '20Trips'!$A$3:$I$22,3,FALSE), '20Trips'!$AB$33:$AC$36, 2, FALSE)),1,0) -> 0 | J22: =IF(AND(VLOOKUP(J$1,'20Trips'!$A$3:$I$22,8,FALSE)-VLOOKUP($A22,'20Trips'!$A$3:$I$22,9,FALSE)>=VLOOKUP(VLOOKUP(J$1, '20Trips'!$A$3:$I$22,3,FALSE), '20Trips'!$AB$33:$AC$36, 2, FALSE)),1,0) -> 0 | ... V22: =IF(AND(VLOOKUP(V$1,'20Trips'!$A$3:$I$22,8,FALSE)-VLOOKUP($A22,'20Trips'!$A$3:$I$22,9,FALSE)>=VLOOKUP(VLOOKUP(V$1, '20Trips'!$A$3:$I$22,3,FALSE), '20Trips'!$AB$33:$AC$36, 2, FALSE)),1,0) -> 0
D24: =AND(VLOOKUP(G$1,'20Trips'!$A$3:$G$22,5,FALSE)-VLOOKUP($A5,'20Trips'!$A$3:$G$22,6,FALSE)>=VLOOKUP(VLOOKUP(G$1, '20Trips'!$A$3:$G$22,3,FALSE), '20Trips'!$AB$33:$AC$36, 2, FALSE)/1440) -> FALSE | F24: =VLOOKUP(G$1,'20Trips'!$A$3:$I$22,8,FALSE)-VLOOKUP($A5,'20Trips'!$A$3:$I$22,9,FALSE)>=VLOOKUP(VLOOKUP(G$1,'20Trips'!$A$3:$G$22,3,FALSE),'20Trips'!$AB$33:$AC$36,2,FALSE) -> TRUE | I24: IF(AND(VLOOKUP(T$1,test!$A$3:$I$32,8,FALSE)-VLOOKUP($A16,test!$A$3:$I$32,9,FALSE)>=VLOOKUP(VLOOKUP(T$1, test!$A$3:$I$32,3,FALSE), test!$J$11:$K$14, 2, FALSE)),1,0)
D25: =VLOOKUP(G$1,'20Trips'!$A$3:$G$22,5,FALSE)-VLOOKUP($A5,'20Trips'!$A$3:$G$22,6,FALSE) -> 0.010416667 | F25: =VLOOKUP(G$1,'20Trips'!$A$3:$I$22,8,FALSE)-VLOOKUP($A5,'20Trips'!$A$3:$I$22,9,FALSE) -> 15 | I25: =VLOOKUP(P$1,'20Trips'!$A$3:$I$22,8,FALSE)-VLOOKUP(#REF!,'20Trips'!$A$3:$I$22,9,FALSE) -> #REF!
D26: =VLOOKUP(VLOOKUP(G$1, '20Trips'!$A$3:$G$22,3,FALSE), '20Trips'!$AB$33:$AC$36, 2, FALSE)/1440 -> 0.010416667 | F26: =VLOOKUP(VLOOKUP(G$1,'20Trips'!$A$3:$G$22,3,FALSE),'20Trips'!$AB$33:$AC$36,2,FALSE) -> 15

Sheet duration_mat
B1: DEPOT | C1: AB1 | D1: AB2 | E1: AB3 | F1: AB4 | G1: AB5 | H1: AC1 | I1: AC2 | J1: AC3 | K1: AC4 | L1: AC5 | M1: BA1 | N1: BA2 | O1: BA3 | P1: BA4 | Q1: BA5 | R1: CA1 | S1: CA2 | T1: CA3 | U1: CA4 | V1: CA5 | W1: CS1 | X1: CS1a | Y1: CS2b | Z1: CS3c | AA1: CS4d
A2: DEPOT | B2: 0 | C2: 0 | D2: 0 | E2: 0 | F2: 0 | G2: 0 | H2: 0 | I2: 0 | J2: 0 | K2: 0 | L2: 0 | M2: 0 | N2: 0 | O2: 0 | P2: 0 | Q2: 0 | R2: 0 | S2: 0 | T2: 0 | U2: 0 | V2: 0 | W2: 0 | X2: 0 | Y2: 0 | Z2: 0 | AA2: 0 | AB2: 0
A3: AB1 | B3: 0 | C3: =IF(AND(SUM(VLOOKUP($A3,'20Trips'!$A$3:$F$22,2,FALSE),VLOOKUP(C$1,'20Trips'!$A$3:$F$22,2,FALSE))<'20Trips'!$AC$38,$A3<>C$1,feasible_mat!C3=1),SUM(VLOOKUP($A3,'20Trips'!$A$3:$F$22,2,FALSE), VLOOKUP(C$1,'20Trips'!$A$3:$F$22,2,FALSE)),0) -> 0 | D3: =IF(AND(SUM(VLOOKUP($A3,'20Trips'!$A$3:$F$22,2,FALSE),VLOOKUP(D$1,'20Trips'!$A$3:$F$22,2,FALSE))<'20Trips'!$AC$38,$A3<>D$1,feasible_mat!D3=1),SUM(VLOOKUP($A3,'20Trips'!$A$3:$F$22,2,FALSE), VLOOKUP(D$1,'20Trips'!$A$3:$F$22,2,FALSE)),0) -> 270 | E3: =IF(AND(SUM(VLOOKUP($A3,'20Trips'!$A$3:$F$22,2,FALSE),VLOOKUP(E$1,'20Trips'!$A$3:$F$22,2,FALSE))<'20Trips'!$AC$38,$A3<>E$1,feasible_mat!E3=1),SUM(VLOOKUP($A3,'20Trips'!$A$3:$F$22,2,FALSE), VLOOKUP(E$1,'20Trips'!$A$3:$F$22,2,FALSE)),0) -> 270 | F3: =IF(AND(SUM(VLOOKUP($A3,'20Trips'!$A$3:$F$22,2,FALSE),VLOOKUP(F$1,'20Trips'!$A$3:$F$22,2,FALSE))<'20Trips'!$AC$38,$A3<>F$1,feasible_mat!F3=1),SUM(VLOOKUP($A3,'20Trips'!$A$3:$F$22,2,FALSE), VLOOKUP(F$1,'20Trips'!$A$3:$F$22,2,FALSE)),0) -> 270 | G3: =IF(AND(SUM(VLOOKUP($A3,'20Trips'!$A$3:$F$22,2,FALSE),VLOOKUP(G$1,'20Trips'!$A$3:$F$22,2,FALSE))<'20Trips'!$AC$38,$A3<>G$1,feasible_mat!G3=1),SUM(VLOOKUP($A3,'20Trips'!$A$3:$F$22,2,FALSE), VLOOKUP(G$1,'20Trips'!$A$3:$F$22,2,FALSE)),0) -> 270 | H3: =IF(AND(SUM(VLOOKUP($A3,'20Trips'!$A$3:$F$22,2,FALSE),VLOOKUP(H$1,'20Trips'!$A$3:$F$22,2,FALSE))<'20Trips'!$AC$38,$A3<>H$1,feasible_mat!H3=1),SUM(VLOOKUP($A3,'20Trips'!$A$3:$F$22,2,FALSE), VLOOKUP(H$1,'20Trips'!$A$3:$F$22,2,FALSE)),0) -> 0 | I3: =IF(AND(SUM(VLOOKUP($A3,'20Trips'!$A$3:$F$22,2,FALSE),VLOOKUP(I$1,'20Trips'!$A$3:$F$22,2,FALSE))<'20Trips'!$AC$38,$A3<>I$1,feasible_mat!I3=1),SUM(VLOOKUP($A3,'20Trips'!$A$3:$F$22,2,FALSE), VLOOKUP(I$1,'20Trips'!$A$3:$F$22,2,FALSE)),0) -> 0 | J3: =IF(AND(SUM(VLOOKUP($A3,'20Trips'!$A$3:$F$22,2,FALSE),VLOOKUP(J$1,'20Trips'!$A$3:$F$22,2,FALSE))<'20Trips'!$AC$38,$A3<>J$1,feasible_mat!J3=1),SUM(VLOOKUP($A3,'20Trips'!$A$3:$F$22,2,FALSE), VLOOKUP(J$1,'20Trips'!$A$3:$F$22,2,FALSE)),0) -> 275 | ... V3: =IF(AND(SUM(VLOOKUP($A3,'20Trips'!$A$3:$F$22,2,FALSE),VLOOKUP(V$1,'20Trips'!$A$3:$F$22,2,FALSE))<'20Trips'!$AC$38,$A3<>V$1,feasible_mat!V3=1),SUM(VLOOKUP($A3,'20Trips'!$A$3:$F$22,2,FALSE), VLOOKUP(V$1,'20Trips'!$A$3:$F$22,2,FALSE)),0) -> 275 | W3: 0 | X3: 0 | Y3: 0 | Z3: 0 | AA3: 0 | AB3: =AB2+1 -> 1
A4: AB2 | B4: 0 | C4: =IF(AND(SUM(VLOOKUP($A4,'20Trips'!$A$3:$F$22,2,FALSE),VLOOKUP(C$1,'20Trips'!$A$3:$F$22,2,FALSE))<'20Trips'!$AC$38,$A4<>C$1,feasible_mat!C4=1),SUM(VLOOKUP($A4,'20Trips'!$A$3:$F$22,2,FALSE), VLOOKUP(C$1,'20Trips'!$A$3:$F$22,2,FALSE)),0) -> 0 | D4: =IF(AND(SUM(VLOOKUP($A4,'20Trips'!$A$3:$F$22,2,FALSE),VLOOKUP(D$1,'20Trips'!$A$3:$F$22,2,FALSE))<'20Trips'!$AC$38,$A4<>D$1,feasible_mat!D4=1),SUM(VLOOKUP($A4,'20Trips'!$A$3:$F$22,2,FALSE), VLOOKUP(D$1,'20Trips'!$A$3:$F$22,2,FALSE)),0) -> 0 | E4: =IF(AND(SUM(VLOOKUP($A4,'20Trips'!$A$3:$F$22,2,FALSE),VLOOKUP(E$1,'20Trips'!$A$3:$F$22,2,FALSE))<'20Trips'!$AC$38,$A4<>E$1,feasible_mat!E4=1),SUM(VLOOKUP($A4,'20Trips'!$A$3:$F$22,2,FALSE), VLOOKUP(E$1,'20Trips'!$A$3:$F$22,2,FALSE)),0) -> 0 | F4: =IF(AND(SUM(VLOOKUP($A4,'20Trips'!$A$3:$F$22,2,FALSE),VLOOKUP(F$1,'20Trips'!$A$3:$F$22,2,FALSE))<'20Trips'!$AC$38,$A4<>F$1,feasible_mat!F4=1),SUM(VLOOKUP($A4,'20Trips'!$A$3:$F$22,2,FALSE), VLOOKUP(F$1,'20Trips'!$A$3:$F$22,2,FALSE)),0) -> 270 | G4: =IF(AND(SUM(VLOOKUP($A4,'20Trips'!$A$3:$F$22,2,FALSE),VLOOKUP(G$1,'20Trips'!$A$3:$F$22,2,FALSE))<'20Trips'!$AC$38,$A4<>G$1,feasible_mat!G4=1),SUM(VLOOKUP($A4,'20Trips'!$A$3:$F$22,2,FALSE), VLOOKUP(G$1,'20Trips'!$A$3:$F$22,2,FALSE)),0) -> 270 | H4: =IF(AND(SUM(VLOOKUP($A4,'20Trips'!$A$3:$F$22,2,FALSE),VLOOKUP(H$1,'20Trips'!$A$3:$F$22,2,FALSE))<'20Trips'!$AC$38,$A4<>H$1,feasible_mat!H4=1),SUM(VLOOKUP($A4,'20Trips'!$A$3:$F$22,2,FALSE), VLOOKUP(H$1,'20Trips'!$A$3:$F$22,2,FALSE)),0) -> 0 | I4: =IF(AND(SUM(VLOOKUP($A4,'20Trips'!$A$3:$F$22,2,FALSE),VLOOKUP(I$1,'20Trips'!$A$3:$F$22,2,FALSE))<'20Trips'!$AC$38,$A4<>I$1,feasible_mat!I4=1),SUM(VLOOKUP($A4,'20Trips'!$A$3:$F$22,2,FALSE), VLOOKUP(I$1,'20Trips'!$A$3:$F$22,2,FALSE)),0) -> 0 | J4: =IF(AND(SUM(VLOOKUP($A4,'20Trips'!$A$3:$F$22,2,FALSE),VLOOKUP(J$1,'20Trips'!$A$3:$F$22,2,FALSE))<'20Trips'!$AC$38,$A4<>J$1,feasible_mat!J4=1),SUM(VLOOKUP($A4,'20Trips'!$A$3:$F$22,2,FALSE), VLOOKUP(J$1,'20Trips'!$A$3:$F$22,2,FALSE)),0) -> 0 | ... V4: =IF(AND(SUM(VLOOKUP($A4,'20Trips'!$A$3:$F$22,2,FALSE),VLOOKUP(V$1,'20Trips'!$A$3:$F$22,2,FALSE))<'20Trips'!$AC$38,$A4<>V$1,feasible_mat!V4=1),SUM(VLOOKUP($A4,'20Trips'!$A$3:$F$22,2,FALSE), VLOOKUP(V$1,'20Trips'!$A$3:$F$22,2,FALSE)),0) -> 275 | W4: 0 | X4: 0 | Y4: 0 | Z4: 0 | AA4: 0 | AB4: =AB3+1 -> 2
A5: AB3 | B5: 0 | C5: =IF(AND(SUM(VLOOKUP($A5,'20Trips'!$A$3:$F$22,2,FALSE),VLOOKUP(C$1,'20Trips'!$A$3:$F$22,2,FALSE))<'20Trips'!$AC$38,$A5<>C$1,feasible_mat!C5=1),SUM(VLOOKUP($A5,'20Trips'!$A$3:$F$22,2,FALSE), VLOOKUP(C$1,'20Trips'!$A$3:$F$22,2,FALSE)),0) -> 0 | D5: =IF(AND(SUM(VLOOKUP($A5,'20Trips'!$A$3:$F$22,2,FALSE),VLOOKUP(D$1,'20Trips'!$A$3:$F$22,2,FALSE))<'20Trips'!$AC$38,$A5<>D$1,feasible_mat!D5=1),SUM(VLOOKUP($A5,'20Trips'!$A$3:$F$22,2,FALSE), VLOOKUP(D$1,'20Trips'!$A$3:$F$22,2,FALSE)),0) -> 0 | E5: =IF(AND(SUM(VLOOKUP($A5,'20Trips'!$A$3:$F$22,2,FALSE),VLOOKUP(E$1,'20Trips'!$A$3:$F$22,2,FALSE))<'20Trips'!$AC$38,$A5<>E$1,feasible_mat!E5=1),SUM(VLOOKUP($A5,'20Trips'!$A$3:$F$22,2,FALSE), VLOOKUP(E$1,'20Trips'!$A$3:$F$22,2,FALSE)),0) -> 0 | F5: =IF(AND(SUM(VLOOKUP($A5,'20Trips'!$A$3:$F$22,2,FALSE),VLOOKUP(F$1,'20Trips'!$A$3:$F$22,2,FALSE))<'20Trips'!$AC$38,$A5<>F$1,feasible_mat!F5=1),SUM(VLOOKUP($A5,'20Trips'!$A$3:$F$22,2,FALSE), VLOOKUP(F$1,'20Trips'!$A$3:$F$22,2,FALSE)),0) -> 0 | G5: =IF(AND(SUM(VLOOKUP($A5,'20Trips'!$A$3:$F$22,2,FALSE),VLOOKUP(G$1,'20Trips'!$A$3:$F$22,2,FALSE))<'20Trips'!$AC$38,$A5<>G$1,feasible_mat!G5=1),SUM(VLOOKUP($A5,'20Trips'!$A$3:$F$22,2,FALSE), VLOOKUP(G$1,'20Trips'!$A$3:$F$22,2,FALSE)),0) -> 270 | H5: =IF(AND(SUM(VLOOKUP($A5,'20Trips'!$A$3:$F$22,2,FALSE),VLOOKUP(H$1,'20Trips'!$A$3:$F$22,2,FALSE))<'20Trips'!$AC$38,$A5<>H$1,feasible_mat!H5=1),SUM(VLOOKUP($A5,'20Trips'!$A$3:$F$22,2,FALSE), VLOOKUP(H$1,'20Trips'!$A$3:$F$22,2,FALSE)),0) -> 0 | I5: =IF(AND(SUM(VLOOKUP($A5,'20Trips'!$A$3:$F$22,2,FALSE),VLOOKUP(I$1,'20Trips'!$A$3:$F$22,2,FALSE))<'20Trips'!$AC$38,$A5<>I$1,feasible_mat!I5=1),SUM(VLOOKUP($A5,'20Trips'!$A$3:$F$22,2,FALSE), VLOOKUP(I$1,'20Trips'!$A$3:$F$22,2,FALSE)),0) -> 0 | J5: =IF(AND(SUM(VLOOKUP($A5,'20Trips'!$A$3:$F$22,2,FALSE),VLOOKUP(J$1,'20Trips'!$A$3:$F$22,2,FALSE))<'20Trips'!$AC$38,$A5<>J$1,feasible_mat!J5=1),SUM(VLOOKUP($A5,'20Trips'!$A$3:$F$22,2,FALSE), VLOOKUP(J$1,'20Trips'!$A$3:$F$22,2,FALSE)),0) -> 0 | ... V5: =IF(AND(SUM(VLOOKUP($A5,'20Trips'!$A$3:$F$22,2,FALSE),VLOOKUP(V$1,'20Trips'!$A$3:$F$22,2,FALSE))<'20Trips'!$AC$38,$A5<>V$1,feasible_mat!V5=1),SUM(VLOOKUP($A5,'20Trips'!$A$3:$F$22,2,FALSE), VLOOKUP(V$1,'20Trips'!$A$3:$F$22,2,FALSE)),0) -> 275 | W5: 0 | X5: 0 | Y5: 0 | Z5: 0 | AA5: 0 | AB5: =AB4+1 -> 3
A6: AB4 | B6: 0 | C6: =IF(AND(SUM(VLOOKUP($A6,'20Trips'!$A$3:$F$22,2,FALSE),VLOOKUP(C$1,'20Trips'!$A$3:$F$22,2,FALSE))<'20Trips'!$AC$38,$A6<>C$1,feasible_mat!C6=1),SUM(VLOOKUP($A6,'20Trips'!$A$3:$F$22,2,FALSE), VLOOKUP(C$1,'20Trips'!$A$3:$F$22,2,FALSE)),0) -> 0 | D6: =IF(AND(SUM(VLOOKUP($A6,'20Trips'!$A$3:$F$22,2,FALSE),VLOOKUP(D$1,'20Trips'!$A$3:$F$22,2,FALSE))<'20Trips'!$AC$38,$A6<>D$1,feasible_mat!D6=1),SUM(VLOOKUP($A6,'20Trips'!$A$3:$F$22,2,FALSE), VLOOKUP(D$1,'20Trips'!$A$3:$F$22,2,FALSE)),0) -> 0 | E6: =IF(AND(SUM(VLOOKUP($A6,'20Trips'!$A$3:$F$22,2,FALSE),VLOOKUP(E$1,'20Trips'!$A$3:$F$22,2,FALSE))<'20Trips'!$AC$38,$A6<>E$1,feasible_mat!E6=1),SUM(VLOOKUP($A6,'20Trips'!$A$3:$F$22,2,FALSE), VLOOKUP(E$1,'20Trips'!$A$3:$F$22,2,FALSE)),0) -> 0 | F6: =IF(AND(SUM(VLOOKUP($A6,'20Trips'!$A$3:$F$22,2,FALSE),VLOOKUP(F$1,'20Trips'!$A$3:$F$22,2,FALSE))<'20Trips'!$AC$38,$A6<>F$1,feasible_mat!F6=1),SUM(VLOOKUP($A6,'20Trips'!$A$3:$F$22,2,FALSE), VLOOKUP(F$1,'20Trips'!$A$3:$F$22,2,FALSE)),0) -> 0 | G6: =IF(AND(SUM(VLOOKUP($A6,'20Trips'!$A$3:$F$22,2,FALSE),VLOOKUP(G$1,'20Trips'!$A$3:$F$22,2,FALSE))<'20Trips'!$AC$38,$A6<>G$1,feasible_mat!G6=1),SUM(VLOOKUP($A6,'20Trips'!$A$3:$F$22,2,FALSE), VLOOKUP(G$1,'20Trips'!$A$3:$F$22,2,FALSE)),0) -> 0 | H6: =IF(AND(SUM(VLOOKUP($A6,'20Trips'!$A$3:$F$22,2,FALSE),VLOOKUP(H$1,'20Trips'!$A$3:$F$22,2,FALSE))<'20Trips'!$AC$38,$A6<>H$1,feasible_mat!H6=1),SUM(VLOOKUP($A6,'20Trips'!$A$3:$F$22,2,FALSE), VLOOKUP(H$1,'20Trips'!$A$3:$F$22,2,FALSE)),0) -> 0 | I6: =IF(AND(SUM(VLOOKUP($A6,'20Trips'!$A$3:$F$22,2,FALSE),VLOOKUP(I$1,'20Trips'!$A$3:$F$22,2,FALSE))<'20Trips'!$AC$38,$A6<>I$1,feasible_mat!I6=1),SUM(VLOOKUP($A6,'20Trips'!$A$3:$F$22,2,FALSE), VLOOKUP(I$1,'20Trips'!$A$3:$F$22,2,FALSE)),0) -> 0 | J6: =IF(AND(SUM(VLOOKUP($A6,'20Trips'!$A$3:$F$22,2,FALSE),VLOOKUP(J$1,'20Trips'!$A$3:$F$22,2,FALSE))<'20Trips'!$AC$38,$A6<>J$1,feasible_mat!J6=1),SUM(VLOOKUP($A6,'20Trips'!$A$3:$F$22,2,FALSE), VLOOKUP(J$1,'20Trips'!$A$3:$F$22,2,FALSE)),0) -> 0 | ... V6: =IF(AND(SUM(VLOOKUP($A6,'20Trips'!$A$3:$F$22,2,FALSE),VLOOKUP(V$1,'20Trips'!$A$3:$F$22,2,FALSE))<'20Trips'!$AC$38,$A6<>V$1,feasible_mat!V6=1),SUM(VLOOKUP($A6,'20Trips'!$A$3:$F$22,2,FALSE), VLOOKUP(V$1,'20Trips'!$A$3:$F$22,2,FALSE)),0) -> 0 | W6: 0 | X6: 0 | Y6: 0 | Z6: 0 | AA6: 0 | AB6: =AB5+1 -> 4
A7: AB5 | B7: 0 | C7: =IF(AND(SUM(VLOOKUP($A7,'20Trips'!$A$3:$F$22,2,FALSE),VLOOKUP(C$1,'20Trips'!$A$3:$F$22,2,FALSE))<'20Trips'!$AC$38,$A7<>C$1,feasible_mat!C7=1),SUM(VLOOKUP($A7,'20Trips'!$A$3:$F$22,2,FALSE), VLOOKUP(C$1,'20Trips'!$A$3:$F$22,2,FALSE)),0) -> 0 | D7: =IF(AND(SUM(VLOOKUP($A7,'20Trips'!$A$3:$F$22,2,FALSE),VLOOKUP(D$1,'20Trips'!$A$3:$F$22,2,FALSE))<'20Trips'!$AC$38,$A7<>D$1,feasible_mat!D7=1),SUM(VLOOKUP($A7,'20Trips'!$A$3:$F$22,2,FALSE), VLOOKUP(D$1,'20Trips'!$A$3:$F$22,2,FALSE)),0) -> 0 | E7: =IF(AND(SUM(VLOOKUP($A7,'20Trips'!$A$3:$F$22,2,FALSE),VLOOKUP(E$1,'20Trips'!$A$3:$F$22,2,FALSE))<'20Trips'!$AC$38,$A7<>E$1,feasible_mat!E7=1),SUM(VLOOKUP($A7,'20Trips'!$A$3:$F$22,2,FALSE), VLOOKUP(E$1,'20Trips'!$A$3:$F$22,2,FALSE)),0) -> 0 | F7: =IF(AND(SUM(VLOOKUP($A7,'20Trips'!$A$3:$F$22,2,FALSE),VLOOKUP(F$1,'20Trips'!$A$3:$F$22,2,FALSE))<'20Trips'!$AC$38,$A7<>F$1,feasible_mat!F7=1),SUM(VLOOKUP($A7,'20Trips'!$A$3:$F$22,2,FALSE), VLOOKUP(F$1,'20Trips'!$A$3:$F$22,2,FALSE)),0) -> 0 | G7: =IF(AND(SUM(VLOOKUP($A7,'20Trips'!$A$3:$F$22,2,FALSE),VLOOKUP(G$1,'20Trips'!$A$3:$F$22,2,FALSE))<'20Trips'!$AC$38,$A7<>G$1,feasible_mat!G7=1),SUM(VLOOKUP($A7,'20Trips'!$A$3:$F$22,2,FALSE), VLOOKUP(G$1,'20Trips'!$A$3:$F$22,2,FALSE)),0) -> 0 | H7: =IF(AND(SUM(VLOOKUP($A7,'20Trips'!$A$3:$F$22,2,FALSE),VLOOKUP(H$1,'20Trips'!$A$3:$F$22,2,FALSE))<'20Trips'!$AC$38,$A7<>H$1,feasible_mat!H7=1),SUM(VLOOKUP($A7,'20Trips'!$A$3:$F$22,2,FALSE), VLOOKUP(H$1,'20Trips'!$A$3:$F$22,2,FALSE)),0) -> 0 | I7: =IF(AND(SUM(VLOOKUP($A7,'20Trips'!$A$3:$F$22,2,FALSE),VLOOKUP(I$1,'20Trips'!$A$3:$F$22,2,FALSE))<'20Trips'!$AC$38,$A7<>I$1,feasible_mat!I7=1),SUM(VLOOKUP($A7,'20Trips'!$A$3:$F$22,2,FALSE), VLOOKUP(I$1,'20Trips'!$A$3:$F$22,2,FALSE)),0) -> 0 | J7: =IF(AND(SUM(VLOOKUP($A7,'20Trips'!$A$3:$F$22,2,FALSE),VLOOKUP(J$1,'20Trips'!$A$3:$F$22,2,FALSE))<'20Trips'!$AC$38,$A7<>J$1,feasible_mat!J7=1),SUM(VLOOKUP($A7,'20Trips'!$A$3:$F$22,2,FALSE), VLOOKUP(J$1,'20Trips'!$A$3:$F$22,2,FALSE)),0) -> 0 | ... V7: =IF(AND(SUM(VLOOKUP($A7,'20Trips'!$A$3:$F$22,2,FALSE),VLOOKUP(V$1,'20Trips'!$A$3:$F$22,2,FALSE))<'20Trips'!$AC$38,$A7<>V$1,feasible_mat!V7=1),SUM(VLOOKUP($A7,'20Trips'!$A$3:$F$22,2,FALSE), VLOOKUP(V$1,'20Trips'!$A$3:$F$22,2,FALSE)),0) -> 0 | W7: 0 | X7: 0 | Y7: 0 | Z7: 0 | AA7: 0 | AB7: =AB6+1 -> 5
A8: AC1 | B8: 0 | C8: =IF(AND(SUM(VLOOKUP($A8,'20Trips'!$A$3:$F$22,2,FALSE),VLOOKUP(C$1,'20Trips'!$A$3:$F$22,2,FALSE))<'20Trips'!$AC$38,$A8<>C$1,feasible_mat!C8=1),SUM(VLOOKUP($A8,'20Trips'!$A$3:$F$22,2,FALSE), VLOOKUP(C$1,'20Trips'!$A$3:$F$22,2,FALSE)),0) -> 0 | D8: =IF(AND(SUM(VLOOKUP($A8,'20Trips'!$A$3:$F$22,2,FALSE),VLOOKUP(D$1,'20Trips'!$A$3:$F$22,2,FALSE))<'20Trips'!$AC$38,$A8<>D$1,feasible_mat!D8=1),SUM(VLOOKUP($A8,'20Trips'!$A$3:$F$22,2,FALSE), VLOOKUP(D$1,'20Trips'!$A$3:$F$22,2,FALSE)),0) -> 275 | E8: =IF(AND(SUM(VLOOKUP($A8,'20Trips'!$A$3:$F$22,2,FALSE),VLOOKUP(E$1,'20Trips'!$A$3:$F$22,2,FALSE))<'20Trips'!$AC$38,$A8<>E$1,feasible_mat!E8=1),SUM(VLOOKUP($A8,'20Trips'!$A$3:$F$22,2,FALSE), VLOOKUP(E$1,'20Trips'!$A$3:$F$22,2,FALSE)),0) -> 275 | F8: =IF(AND(SUM(VLOOKUP($A8,'20Trips'!$A$3:$F$22,2,FALSE),VLOOKUP(F$1,'20Trips'!$A$3:$F$22,2,FALSE))<'20Trips'!$AC$38,$A8<>F$1,feasible_mat!F8=1),SUM(VLOOKUP($A8,'20Trips'!$A$3:$F$22,2,FALSE), VLOOKUP(F$1,'20Trips'!$A$3:$F$22,2,FALSE)),0) -> 275 | G8: =IF(AND(SUM(VLOOKUP($A8,'20Trips'!$A$3:$F$22,2,FALSE),VLOOKUP(G$1,'20Trips'!$A$3:$F$22,2,FALSE))<'20Trips'!$AC$38,$A8<>G$1,feasible_mat!G8=1),SUM(VLOOKUP($A8,'20Trips'!$A$3:$F$22,2,FALSE), VLOOKUP(G$1,'20Trips'!$A$3:$F$22,2,FALSE)),0) -> 275 | H8: =IF(AND(SUM(VLOOKUP($A8,'20Trips'!$A$3:$F$22,2,FALSE),VLOOKUP(H$1,'20Trips'!$A$3:$F$22,2,FALSE))<'20Trips'!$AC$38,$A8<>H$1,feasible_mat!H8=1),SUM(VLOOKUP($A8,'20Trips'!$A$3:$F$22,2,FALSE), VLOOKUP(H$1,'20Trips'!$A$3:$F$22,2,FALSE)),0) -> 0 | I8: =IF(AND(SUM(VLOOKUP($A8,'20Trips'!$A$3:$F$22,2,FALSE),VLOOKUP(I$1,'20Trips'!$A$3:$F$22,2,FALSE))<'20Trips'!$AC$38,$A8<>I$1,feasible_mat!I8=1),SUM(VLOOKUP($A8,'20Trips'!$A$3:$F$22,2,FALSE), VLOOKUP(I$1,'20Trips'!$A$3:$F$22,2,FALSE)),0) -> 0 | J8: =IF(AND(SUM(VLOOKUP($A8,'20Trips'!$A$3:$F$22,2,FALSE),VLOOKUP(J$1,'20Trips'!$A$3:$F$22,2,FALSE))<'20Trips'!$AC$38,$A8<>J$1,feasible_mat!J8=1),SUM(VLOOKUP($A8,'20Trips'!$A$3:$F$22,2,FALSE), VLOOKUP(J$1,'20Trips'!$A$3:$F$22,2,FALSE)),0) -> 280 | ... V8: =IF(AND(SUM(VLOOKUP($A8,'20Trips'!$A$3:$F$22,2,FALSE),VLOOKUP(V$1,'20Trips'!$A$3:$F$22,2,FALSE))<'20Trips'!$AC$38,$A8<>V$1,feasible_mat!V8=1),SUM(VLOOKUP($A8,'20Trips'!$A$3:$F$22,2,FALSE), VLOOKUP(V$1,'20Trips'!$A$3:$F$22,2,FALSE)),0) -> 280 | W8: 0 | X8: 0 | Y8: 0 | Z8: 0 | AA8: 0 | AB8: =AB7+1 -> 6
A9: AC2 | B9: 0 | C9: =IF(AND(SUM(VLOOKUP($A9,'20Trips'!$A$3:$F$22,2,FALSE),VLOOKUP(C$1,'20Trips'!$A$3:$F$22,2,FALSE))<'20Trips'!$AC$38,$A9<>C$1,feasible_mat!C9=1),SUM(VLOOKUP($A9,'20Trips'!$A$3:$F$22,2,FALSE), VLOOKUP(C$1,'20Trips'!$A$3:$F$22,2,FALSE)),0) -> 0 | D9: =IF(AND(SUM(VLOOKUP($A9,'20Trips'!$A$3:$F$22,2,FALSE),VLOOKUP(D$1,'20Trips'!$A$3:$F$22,2,FALSE))<'20Trips'!$AC$38,$A9<>D$1,feasible_mat!D9=1),SUM(VLOOKUP($A9,'20Trips'!$A$3:$F$22,2,FALSE), VLOOKUP(D$1,'20Trips'!$A$3:$F$22,2,FALSE)),0) -> 0 | E9: =IF(AND(SUM(VLOOKUP($A9,'20Trips'!$A$3:$F$22,2,FALSE),VLOOKUP(E$1,'20Trips'!$A$3:$F$22,2,FALSE))<'20Trips'!$AC$38,$A9<>E$1,feasible_mat!E9=1),SUM(VLOOKUP($A9,'20Trips'!$A$3:$F$22,2,FALSE), VLOOKUP(E$1,'20Trips'!$A$3:$F$22,2,FALSE)),0) -> 275 | F9: =IF(AND(SUM(VLOOKUP($A9,'20Trips'!$A$3:$F$22,2,FALSE),VLOOKUP(F$1,'20Trips'!$A$3:$F$22,2,FALSE))<'20Trips'!$AC$38,$A9<>F$1,feasible_mat!F9=1),SUM(VLOOKUP($A9,'20Trips'!$A$3:$F$22,2,FALSE), VLOOKUP(F$1,'20Trips'!$A$3:$F$22,2,FALSE)),0) -> 275 | G9: =IF(AND(SUM(VLOOKUP($A9,'20Trips'!$A$3:$F$22,2,FALSE),VLOOKUP(G$1,'20Trips'!$A$3:$F$22,2,FALSE))<'20Trips'!$AC$38,$A9<>G$1,feasible_mat!G9=1),SUM(VLOOKUP($A9,'20Trips'!$A$3:$F$22,2,FALSE), VLOOKUP(G$1,'20Trips'!$A$3:$F$22,2,FALSE)),0) -> 275 | H9: =IF(AND(SUM(VLOOKUP($A9,'20Trips'!$A$3:$F$22,2,FALSE),VLOOKUP(H$1,'20Trips'!$A$3:$F$22,2,FALSE))<'20Trips'!$AC$38,$A9<>H$1,feasible_mat!H9=1),SUM(VLOOKUP($A9,'20Trips'!$A$3:$F$22,2,FALSE), VLOOKUP(H$1,'20Trips'!$A$3:$F$22,2,FALSE)),0) -> 0 | I9: =IF(AND(SUM(VLOOKUP($A9,'20Trips'!$A$3:$F$22,2,FALSE),VLOOKUP(I$1,'20Trips'!$A$3:$F$22,2,FALSE))<'20Trips'!$AC$38,$A9<>I$1,feasible_mat!I9=1),SUM(VLOOKUP($A9,'20Trips'!$A$3:$F$22,2,FALSE), VLOOKUP(I$1,'20Trips'!$A$3:$F$22,2,FALSE)),0) -> 0 | J9: =IF(AND(SUM(VLOOKUP($A9,'20Trips'!$A$3:$F$22,2,FALSE),VLOOKUP(J$1,'20Trips'!$A$3:$F$22,2,FALSE))<'20Trips'!$AC$38,$A9<>J$1,feasible_mat!J9=1),SUM(VLOOKUP($A9,'20Trips'!$A$3:$F$22,2,FALSE), VLOOKUP(J$1,'20Trips'!$A$3:$F$22,2,FALSE)),0) -> 0 | ... V9: =IF(AND(SUM(VLOOKUP($A9,'20Trips'!$A$3:$F$22,2,FALSE),VLOOKUP(V$1,'20Trips'!$A$3:$F$22,2,FALSE))<'20Trips'!$AC$38,$A9<>V$1,feasible_mat!V9=1),SUM(VLOOKUP($A9,'20Trips'!$A$3:$F$22,2,FALSE), VLOOKUP(V$1,'20Trips'!$A$3:$F$22,2,FALSE)),0) -> 280 | W9: 0 | X9: 0 | Y9: 0 | Z9: 0 | AA9: 0 | AB9: =AB8+1 -> 7
A10: AC3 | B10: 0 | C10: =IF(AND(SUM(VLOOKUP($A10,'20Trips'!$A$3:$F$22,2,FALSE),VLOOKUP(C$1,'20Trips'!$A$3:$F$22,2,FALSE))<'20Trips'!$AC$38,$A10<>C$1,feasible_mat!C10=1),SUM(VLOOKUP($A10,'20Trips'!$A$3:$F$22,2,FALSE), VLOOKUP(C$1,'20Trips'!$A$3:$F$22,2,FALSE)),0) -> 0 | D10: =IF(AND(SUM(VLOOKUP($A10,'20Trips'!$A$3:$F$22,2,FALSE),VLOOKUP(D$1,'20Trips'!$A$3:$F$22,2,FALSE))<'20Trips'!$AC$38,$A10<>D$1,feasible_mat!D10=1),SUM(VLOOKUP($A10,'20Trips'!$A$3:$F$22,2,FALSE), VLOOKUP(D$1,'20Trips'!$A$3:$F$22,2,FALSE)),0) -> 0 | E10: =IF(AND(SUM(VLOOKUP($A10,'20Trips'!$A$3:$F$22,2,FALSE),VLOOKUP(E$1,'20Trips'!$A$3:$F$22,2,FALSE))<'20Trips'!$AC$38,$A10<>E$1,feasible_mat!E10=1),SUM(VLOOKUP($A10,'20Trips'!$A$3:$F$22,2,FALSE), VLOOKUP(E$1,'20Trips'!$A$3:$F$22,2,FALSE)),0) -> 0 | F10: =IF(AND(SUM(VLOOKUP($A10,'20Trips'!$A$3:$F$22,2,FALSE),VLOOKUP(F$1,'20Trips'!$A$3:$F$22,2,FALSE))<'20Trips'!$AC$38,$A10<>F$1,feasible_mat!F10=1),SUM(VLOOKUP($A10,'20Trips'!$A$3:$F$22,2,FALSE), VLOOKUP(F$1,'20Trips'!$A$3:$F$22,2,FALSE)),0) -> 0 | G10: =IF(AND(SUM(VLOOKUP($A10,'20Trips'!$A$3:$F$22,2,FALSE),VLOOKUP(G$1,'20Trips'!$A$3:$F$22,2,FALSE))<'20Trips'!$AC$38,$A10<>G$1,feasible_mat!G10=1),SUM(VLOOKUP($A10,'20Trips'!$A$3:$F$22,2,FALSE), VLOOKUP(G$1,'20Trips'!$A$3:$F$22,2,FALSE)),0) -> 275 | H10: =IF(AND(SUM(VLOOKUP($A10,'20Trips'!$A$3:$F$22,2,FALSE),VLOOKUP(H$1,'20Trips'!$A$3:$F$22,2,FALSE))<'20Trips'!$AC$38,$A10<>H$1,feasible_mat!H10=1),SUM(VLOOKUP($A10,'20Trips'!$A$3:$F$22,2,FALSE), VLOOKUP(H$1,'20Trips'!$A$3:$F$22,2,FALSE)),0) -> 0 | I10: =IF(AND(SUM(VLOOKUP($A10,'20Trips'!$A$3:$F$22,2,FALSE),VLOOKUP(I$1,'20Trips'!$A$3:$F$22,2,FALSE))<'20Trips'!$AC$38,$A10<>I$1,feasible_mat!I10=1),SUM(VLOOKUP($A10,'20Trips'!$A$3:$F$22,2,FALSE), VLOOKUP(I$1,'20Trips'!$A$3:$F$22,2,FALSE)),0) -> 0 | J10: =IF(AND(SUM(VLOOKUP($A10,'20Trips'!$A$3:$F$22,2,FALSE),VLOOKUP(J$1,'20Trips'!$A$3:$F$22,2,FALSE))<'20Trips'!$AC$38,$A10<>J$1,feasible_mat!J10=1),SUM(VLOOKUP($A10,'20Trips'!$A$3:$F$22,2,FALSE), VLOOKUP(J$1,'20Trips'!$A$3:$F$22,2,FALSE)),0) -> 0 | ... V10: =IF(AND(SUM(VLOOKUP($A10,'20Trips'!$A$3:$F$22,2,FALSE),VLOOKUP(V$1,'20Trips'!$A$3:$F$22,2,FALSE))<'20Trips'!$AC$38,$A10<>V$1,feasible_mat!V10=1),SUM(VLOOKUP($A10,'20Trips'!$A$3:$F$22,2,FALSE), VLOOKUP(V$1,'20Trips'!$A$3:$F$22,2,FALSE)),0) -> 280 | W10: 0 | X10: 0 | Y10: 0 | Z10: 0 | AA10: 0 | AB10: =AB9+1 -> 8
A11: AC4 | B11: 0 | C11: =IF(AND(SUM(VLOOKUP($A11,'20Trips'!$A$3:$F$22,2,FALSE),VLOOKUP(C$1,'20Trips'!$A$3:$F$22,2,FALSE))<'20Trips'!$AC$38,$A11<>C$1,feasible_mat!C11=1),SUM(VLOOKUP($A11,'20Trips'!$A$3:$F$22,2,FALSE), VLOOKUP(C$1,'20Trips'!$A$3:$F$22,2,FALSE)),0) -> 0 | D11: =IF(AND(SUM(VLOOKUP($A11,'20Trips'!$A$3:$F$22,2,FALSE),VLOOKUP(D$1,'20Trips'!$A$3:$F$22,2,FALSE))<'20Trips'!$AC$38,$A11<>D$1,feasible_mat!D11=1),SUM(VLOOKUP($A11,'20Trips'!$A$3:$F$22,2,FALSE), VLOOKUP(D$1,'20Trips'!$A$3:$F$22,2,FALSE)),0) -> 0 | E11: =IF(AND(SUM(VLOOKUP($A11,'20Trips'!$A$3:$F$22,2,FALSE),VLOOKUP(E$1,'20Trips'!$A$3:$F$22,2,FALSE))<'20Trips'!$AC$38,$A11<>E$1,feasible_mat!E11=1),SUM(VLOOKUP($A11,'20Trips'!$A$3:$F$22,2,FALSE), VLOOKUP(E$1,'20Trips'!$A$3:$F$22,2,FALSE)),0) -> 0 | F11: =IF(AND(SUM(VLOOKUP($A11,'20Trips'!$A$3:$F$22,2,FALSE),VLOOKUP(F$1,'20Trips'!$A$3:$F$22,2,FALSE))<'20Trips'!$AC$38,$A11<>F$1,feasible_mat!F11=1),SUM(VLOOKUP($A11,'20Trips'!$A$3:$F$22,2,FALSE), VLOOKUP(F$1,'20Trips'!$A$3:$F$22,2,FALSE)),0) -> 0 | G11: =IF(AND(SUM(VLOOKUP($A11,'20Trips'!$A$3:$F$22,2,FALSE),VLOOKUP(G$1,'20Trips'!$A$3:$F$22,2,FALSE))<'20Trips'!$AC$38,$A11<>G$1,feasible_mat!G11=1),SUM(VLOOKUP($A11,'20Trips'!$A$3:$F$22,2,FALSE), VLOOKUP(G$1,'20Trips'!$A$3:$F$22,2,FALSE)),0) -> 0 | H11: =IF(AND(SUM(VLOOKUP($A11,'20Trips'!$A$3:$F$22,2,FALSE),VLOOKUP(H$1,'20Trips'!$A$3:$F$22,2,FALSE))<'20Trips'!$AC$38,$A11<>H$1,feasible_mat!H11=1),SUM(VLOOKUP($A11,'20Trips'!$A$3:$F$22,2,FALSE), VLOOKUP(H$1,'20Trips'!$A$3:$F$22,2,FALSE)),0) -> 0 | I11: =IF(AND(SUM(VLOOKUP($A11,'20Trips'!$A$3:$F$22,2,FALSE),VLOOKUP(I$1,'20Trips'!$A$3:$F$22,2,FALSE))<'20Trips'!$AC$38,$A11<>I$1,feasible_mat!I11=1),SUM(VLOOKUP($A11,'20Trips'!$A$3:$F$22,2,FALSE), VLOOKUP(I$1,'20Trips'!$A$3:$F$22,2,FALSE)),0) -> 0 | J11: =IF(AND(SUM(VLOOKUP($A11,'20Trips'!$A$3:$F$22,2,FALSE),VLOOKUP(J$1,'20Trips'!$A$3:$F$22,2,FALSE))<'20Trips'!$AC$38,$A11<>J$1,feasible_mat!J11=1),SUM(VLOOKUP($A11,'20Trips'!$A$3:$F$22,2,FALSE), VLOOKUP(J$1,'20Trips'!$A$3:$F$22,2,FALSE)),0) -> 0 | ... V11: =IF(AND(SUM(VLOOKUP($A11,'20Trips'!$A$3:$F$22,2,FALSE),VLOOKUP(V$1,'20Trips'!$A$3:$F$22,2,FALSE))<'20Trips'!$AC$38,$A11<>V$1,feasible_mat!V11=1),SUM(VLOOKUP($A11,'20Trips'!$A$3:$F$22,2,FALSE), VLOOKUP(V$1,'20Trips'!$A$3:$F$22,2,FALSE)),0) -> 0 | W11: 0 | X11: 0 | Y11: 0 | Z11: 0 | AA11: 0 | AB11: =AB10+1 -> 9
A12: AC5 | B12: 0 | C12: =IF(AND(SUM(VLOOKUP($A12,'20Trips'!$A$3:$F$22,2,FALSE),VLOOKUP(C$1,'20Trips'!$A$3:$F$22,2,FALSE))<'20Trips'!$AC$38,$A12<>C$1,feasible_mat!C12=1),SUM(VLOOKUP($A12,'20Trips'!$A$3:$F$22,2,FALSE), VLOOKUP(C$1,'20Trips'!$A$3:$F$22,2,FALSE)),0) -> 0 | D12: =IF(AND(SUM(VLOOKUP($A12,'20Trips'!$A$3:$F$22,2,FALSE),VLOOKUP(D$1,'20Trips'!$A$3:$F$22,2,FALSE))<'20Trips'!$AC$38,$A12<>D$1,feasible_mat!D12=1),SUM(VLOOKUP($A12,'20Trips'!$A$3:$F$22,2,FALSE), VLOOKUP(D$1,'20Trips'!$A$3:$F$22,2,FALSE)),0) -> 0 | E12: =IF(AND(SUM(VLOOKUP($A12,'20Trips'!$A$3:$F$22,2,FALSE),VLOOKUP(E$1,'20Trips'!$A$3:$F$22,2,FALSE))<'20Trips'!$AC$38,$A12<>E$1,feasible_mat!E12=1),SUM(VLOOKUP($A12,'20Trips'!$A$3:$F$22,2,FALSE), VLOOKUP(E$1,'20Trips'!$A$3:$F$22,2,FALSE)),0) -> 0 | F12: =IF(AND(SUM(VLOOKUP($A12,'20Trips'!$A$3:$F$22,2,FALSE),VLOOKUP(F$1,'20Trips'!$A$3:$F$22,2,FALSE))<'20Trips'!$AC$38,$A12<>F$1,feasible_mat!F12=1),SUM(VLOOKUP($A12,'20Trips'!$A$3:$F$22,2,FALSE), VLOOKUP(F$1,'20Trips'!$A$3:$F$22,2,FALSE)),0) -> 0 | G12: =IF(AND(SUM(VLOOKUP($A12,'20Trips'!$A$3:$F$22,2,FALSE),VLOOKUP(G$1,'20Trips'!$A$3:$F$22,2,FALSE))<'20Trips'!$AC$38,$A12<>G$1,feasible_mat!G12=1),SUM(VLOOKUP($A12,'20Trips'!$A$3:$F$22,2,FALSE), VLOOKUP(G$1,'20Trips'!$A$3:$F$22,2,FALSE)),0) -> 0 | H12: =IF(AND(SUM(VLOOKUP($A12,'20Trips'!$A$3:$F$22,2,FALSE),VLOOKUP(H$1,'20Trips'!$A$3:$F$22,2,FALSE))<'20Trips'!$AC$38,$A12<>H$1,feasible_mat!H12=1),SUM(VLOOKUP($A12,'20Trips'!$A$3:$F$22,2,FALSE), VLOOKUP(H$1,'20Trips'!$A$3:$F$22,2,FALSE)),0) -> 0 | I12: =IF(AND(SUM(VLOOKUP($A12,'20Trips'!$A$3:$F$22,2,FALSE),VLOOKUP(I$1,'20Trips'!$A$3:$F$22,2,FALSE))<'20Trips'!$AC$38,$A12<>I$1,feasible_mat!I12=1),SUM(VLOOKUP($A12,'20Trips'!$A$3:$F$22,2,FALSE), VLOOKUP(I$1,'20Trips'!$A$3:$F$22,2,FALSE)),0) -> 0 | J12: =IF(AND(SUM(VLOOKUP($A12,'20Trips'!$A$3:$F$22,2,FALSE),VLOOKUP(J$1,'20Trips'!$A$3:$F$22,2,FALSE))<'20Trips'!$AC$38,$A12<>J$1,feasible_mat!J12=1),SUM(VLOOKUP($A12,'20Trips'!$A$3:$F$22,2,FALSE), VLOOKUP(J$1,'20Trips'!$A$3:$F$22,2,FALSE)),0) -> 0 | ... V12: =IF(AND(SUM(VLOOKUP($A12,'20Trips'!$A$3:$F$22,2,FALSE),VLOOKUP(V$1,'20Trips'!$A$3:$F$22,2,FALSE))<'20Trips'!$AC$38,$A12<>V$1,feasible_mat!V12=1),SUM(VLOOKUP($A12,'20Trips'!$A$3:$F$22,2,FALSE), VLOOKUP(V$1,'20Trips'!$A$3:$F$22,2,FALSE)),0) -> 0 | W12: 0 | X12: 0 | Y12: 0 | Z12: 0 | AA12: 0 | AB12: =AB11+1 -> 10
A13: BA1 | B13: 0 | C13: =IF(AND(SUM(VLOOKUP($A13,'20Trips'!$A$3:$F$22,2,FALSE),VLOOKUP(C$1,'20Trips'!$A$3:$F$22,2,FALSE))<'20Trips'!$AC$38,$A13<>C$1,feasible_mat!C13=1),SUM(VLOOKUP($A13,'20Trips'!$A$3:$F$22,2,FALSE), VLOOKUP(C$1,'20Trips'!$A$3:$F$22,2,FALSE)),0) -> 0 | D13: =IF(AND(SUM(VLOOKUP($A13,'20Trips'!$A$3:$F$22,2,FALSE),VLOOKUP(D$1,'20Trips'!$A$3:$F$22,2,FALSE))<'20Trips'!$AC$38,$A13<>D$1,feasible_mat!D13=1),SUM(VLOOKUP($A13,'20Trips'!$A$3:$F$22,2,FALSE), VLOOKUP(D$1,'20Trips'!$A$3:$F$22,2,FALSE)),0) -> 270 | E13: =IF(AND(SUM(VLOOKUP($A13,'20Trips'!$A$3:$F$22,2,FALSE),VLOOKUP(E$1,'20Trips'!$A$3:$F$22,2,FALSE))<'20Trips'!$AC$38,$A13<>E$1,feasible_mat!E13=1),SUM(VLOOKUP($A13,'20Trips'!$A$3:$F$22,2,FALSE), VLOOKUP(E$1,'20Trips'!$A$3:$F$22,2,FALSE)),0) -> 270 | F13: =IF(AND(SUM(VLOOKUP($A13,'20Trips'!$A$3:$F$22,2,FALSE),VLOOKUP(F$1,'20Trips'!$A$3:$F$22,2,FALSE))<'20Trips'!$AC$38,$A13<>F$1,feasible_mat!F13=1),SUM(VLOOKUP($A13,'20Trips'!$A$3:$F$22,2,FALSE), VLOOKUP(F$1,'20Trips'!$A$3:$F$22,2,FALSE)),0) -> 270 | G13: =IF(AND(SUM(VLOOKUP($A13,'20Trips'!$A$3:$F$22,2,FALSE),VLOOKUP(G$1,'20Trips'!$A$3:$F$22,2,FALSE))<'20Trips'!$AC$38,$A13<>G$1,feasible_mat!G13=1),SUM(VLOOKUP($A13,'20Trips'!$A$3:$F$22,2,FALSE), VLOOKUP(G$1,'20Trips'!$A$3:$F$22,2,FALSE)),0) -> 270 | H13: =IF(AND(SUM(VLOOKUP($A13,'20Trips'!$A$3:$F$22,2,FALSE),VLOOKUP(H$1,'20Trips'!$A$3:$F$22,2,FALSE))<'20Trips'!$AC$38,$A13<>H$1,feasible_mat!H13=1),SUM(VLOOKUP($A13,'20Trips'!$A$3:$F$22,2,FALSE), VLOOKUP(H$1,'20Trips'!$A$3:$F$22,2,FALSE)),0) -> 0 | I13: =IF(AND(SUM(VLOOKUP($A13,'20Trips'!$A$3:$F$22,2,FALSE),VLOOKUP(I$1,'20Trips'!$A$3:$F$22,2,FALSE))<'20Trips'!$AC$38,$A13<>I$1,feasible_mat!I13=1),SUM(VLOOKUP($A13,'20Trips'!$A$3:$F$22,2,FALSE), VLOOKUP(I$1,'20Trips'!$A$3:$F$22,2,FALSE)),0) -> 0 | J13: =IF(AND(SUM(VLOOKUP($A13,'20Trips'!$A$3:$F$22,2,FALSE),VLOOKUP(J$1,'20Trips'!$A$3:$F$22,2,FALSE))<'20Trips'!$AC$38,$A13<>J$1,feasible_mat!J13=1),SUM(VLOOKUP($A13,'20Trips'!$A$3:$F$22,2,FALSE), VLOOKUP(J$1,'20Trips'!$A$3:$F$22,2,FALSE)),0) -> 275 | ... V13: =IF(AND(SUM(VLOOKUP($A13,'20Trips'!$A$3:$F$22,2,FALSE),VLOOKUP(V$1,'20Trips'!$A$3:$F$22,2,FALSE))<'20Trips'!$AC$38,$A13<>V$1,feasible_mat!V13=1),SUM(VLOOKUP($A13,'20Trips'!$A$3:$F$22,2,FALSE), VLOOKUP(V$1,'20Trips'!$A$3:$F$22,2,FALSE)),0) -> 275 | W13: 0 | X13: 0 | Y13: 0 | Z13: 0 | AA13: 0 | AB13: =AB12+1 -> 11
A14: BA2 | B14: 0 | C14: =IF(AND(SUM(VLOOKUP($A14,'20Trips'!$A$3:$F$22,2,FALSE),VLOOKUP(C$1,'20Trips'!$A$3:$F$22,2,FALSE))<'20Trips'!$AC$38,$A14<>C$1,feasible_mat!C14=1),SUM(VLOOKUP($A14,'20Trips'!$A$3:$F$22,2,FALSE), VLOOKUP(C$1,'20Trips'!$A$3:$F$22,2,FALSE)),0) -> 0 | D14: =IF(AND(SUM(VLOOKUP($A14,'20Trips'!$A$3:$F$22,2,FALSE),VLOOKUP(D$1,'20Trips'!$A$3:$F$22,2,FALSE))<'20Trips'!$AC$38,$A14<>D$1,feasible_mat!D14=1),SUM(VLOOKUP($A14,'20Trips'!$A$3:$F$22,2,FALSE), VLOOKUP(D$1,'20Trips'!$A$3:$F$22,2,FALSE)),0) -> 0 | E14: =IF(AND(SUM(VLOOKUP($A14,'20Trips'!$A$3:$F$22,2,FALSE),VLOOKUP(E$1,'20Trips'!$A$3:$F$22,2,FALSE))<'20Trips'!$AC$38,$A14<>E$1,feasible_mat!E14=1),SUM(VLOOKUP($A14,'20Trips'!$A$3:$F$22,2,FALSE), VLOOKUP(E$1,'20Trips'!$A$3:$F$22,2,FALSE)),0) -> 270 | F14: =IF(AND(SUM(VLOOKUP($A14,'20Trips'!$A$3:$F$22,2,FALSE),VLOOKUP(F$1,'20Trips'!$A$3:$F$22,2,FALSE))<'20Trips'!$AC$38,$A14<>F$1,feasible_mat!F14=1),SUM(VLOOKUP($A14,'20Trips'!$A$3:$F$22,2,FALSE), VLOOKUP(F$1,'20Trips'!$A$3:$F$22,2,FALSE)),0) -> 270 | G14: =IF(AND(SUM(VLOOKUP($A14,'20Trips'!$A$3:$F$22,2,FALSE),VLOOKUP(G$1,'20Trips'!$A$3:$F$22,2,FALSE))<'20Trips'!$AC$38,$A14<>G$1,feasible_mat!G14=1),SUM(VLOOKUP($A14,'20Trips'!$A$3:$F$22,2,FALSE), VLOOKUP(G$1,'20Trips'!$A$3:$F$22,2,FALSE)),0) -> 270 | H14: =IF(AND(SUM(VLOOKUP($A14,'20Trips'!$A$3:$F$22,2,FALSE),VLOOKUP(H$1,'20Trips'!$A$3:$F$22,2,FALSE))<'20Trips'!$AC$38,$A14<>H$1,feasible_mat!H14=1),SUM(VLOOKUP($A14,'20Trips'!$A$3:$F$22,2,FALSE), VLOOKUP(H$1,'20Trips'!$A$3:$F$22,2,FALSE)),0) -> 0 | I14: =IF(AND(SUM(VLOOKUP($A14,'20Trips'!$A$3:$F$22,2,FALSE),VLOOKUP(I$1,'20Trips'!$A$3:$F$22,2,FALSE))<'20Trips'!$AC$38,$A14<>I$1,feasible_mat!I14=1),SUM(VLOOKUP($A14,'20Trips'!$A$3:$F$22,2,FALSE), VLOOKUP(I$1,'20Trips'!$A$3:$F$22,2,FALSE)),0) -> 0 | J14: =IF(AND(SUM(VLOOKUP($A14,'20Trips'!$A$3:$F$22,2,FALSE),VLOOKUP(J$1,'20Trips'!$A$3:$F$22,2,FALSE))<'20Trips'!$AC$38,$A14<>J$1,feasible_mat!J14=1),SUM(VLOOKUP($A14,'20Trips'!$A$3:$F$22,2,FALSE), VLOOKUP(J$1,'20Trips'!$A$3:$F$22,2,FALSE)),0) -> 275 | ... V14: =IF(AND(SUM(VLOOKUP($A14,'20Trips'!$A$3:$F$22,2,FALSE),VLOOKUP(V$1,'20Trips'!$A$3:$F$22,2,FALSE))<'20Trips'!$AC$38,$A14<>V$1,feasible_mat!V14=1),SUM(VLOOKUP($A14,'20Trips'!$A$3:$F$22,2,FALSE), VLOOKUP(V$1,'20Trips'!$A$3:$F$22,2,FALSE)),0) -> 275 | W14: 0 | X14: 0 | Y14: 0 | Z14: 0 | AA14: 0 | AB14: =AB13+1 -> 12
... A22: CA5 | B22: 0 | C22: =IF(AND(SUM(VLOOKUP($A22,'20Trips'!$A$3:$F$22,2,FALSE),VLOOKUP(C$1,'20Trips'!$A$3:$F$22,2,FALSE))<'20Trips'!$AC$38,$A22<>C$1,feasible_mat!C22=1),SUM(VLOOKUP($A22,'20Trips'!$A$3:$F$22,2,FALSE), VLOOKUP(C$1,'20Trips'!$A$3:$F$22,2,FALSE)),0) -> 0 | D22: =IF(AND(SUM(VLOOKUP($A22,'20Trips'!$A$3:$F$22,2,FALSE),VLOOKUP(D$1,'20Trips'!$A$3:$F$22,2,FALSE))<'20Trips'!$AC$38,$A22<>D$1,feasible_mat!D22=1),SUM(VLOOKUP($A22,'20Trips'!$A$3:$F$22,2,FALSE), VLOOKUP(D$1,'20Trips'!$A$3:$F$22,2,FALSE)),0) -> 0 | E22: =IF(AND(SUM(VLOOKUP($A22,'20Trips'!$A$3:$F$22,2,FALSE),VLOOKUP(E$1,'20Trips'!$A$3:$F$22,2,FALSE))<'20Trips'!$AC$38,$A22<>E$1,feasible_mat!E22=1),SUM(VLOOKUP($A22,'20Trips'!$A$3:$F$22,2,FALSE), VLOOKUP(E$1,'20Trips'!$A$3:$F$22,2,FALSE)),0) -> 0 | F22: =IF(AND(SUM(VLOOKUP($A22,'20Trips'!$A$3:$F$22,2,FALSE),VLOOKUP(F$1,'20Trips'!$A$3:$F$22,2,FALSE))<'20Trips'!$AC$38,$A22<>F$1,feasible_mat!F22=1),SUM(VLOOKUP($A22,'20Trips'!$A$3:$F$22,2,FALSE), VLOOKUP(F$1,'20Trips'!$A$3:$F$22,2,FALSE)),0) -> 0 | G22: =IF(AND(SUM(VLOOKUP($A22,'20Trips'!$A$3:$F$22,2,FALSE),VLOOKUP(G$1,'20Trips'!$A$3:$F$22,2,FALSE))<'20Trips'!$AC$38,$A22<>G$1,feasible_mat!G22=1),SUM(VLOOKUP($A22,'20Trips'!$A$3:$F$22,2,FALSE), VLOOKUP(G$1,'20Trips'!$A$3:$F$22,2,FALSE)),0) -> 0 | H22: =IF(AND(SUM(VLOOKUP($A22,'20Trips'!$A$3:$F$22,2,FALSE),VLOOKUP(H$1,'20Trips'!$A$3:$F$22,2,FALSE))<'20Trips'!$AC$38,$A22<>H$1,feasible_mat!H22=1),SUM(VLOOKUP($A22,'20Trips'!$A$3:$F$22,2,FALSE), VLOOKUP(H$1,'20Trips'!$A$3:$F$22,2,FALSE)),0) -> 0 | I22: =IF(AND(SUM(VLOOKUP($A22,'20Trips'!$A$3:$F$22,2,FALSE),VLOOKUP(I$1,'20Trips'!$A$3:$F$22,2,FALSE))<'20Trips'!$AC$38,$A22<>I$1,feasible_mat!I22=1),SUM(VLOOKUP($A22,'20Trips'!$A$3:$F$22,2,FALSE), VLOOKUP(I$1,'20Trips'!$A$3:$F$22,2,FALSE)),0) -> 0 | J22: =IF(AND(SUM(VLOOKUP($A22,'20Trips'!$A$3:$F$22,2,FALSE),VLOOKUP(J$1,'20Trips'!$A$3:$F$22,2,FALSE))<'20Trips'!$AC$38,$A22<>J$1,feasible_mat!J22=1),SUM(VLOOKUP($A22,'20Trips'!$A$3:$F$22,2,FALSE), VLOOKUP(J$1,'20Trips'!$A$3:$F$22,2,FALSE)),0) -> 0 | ... V22: =IF(AND(SUM(VLOOKUP($A22,'20Trips'!$A$3:$F$22,2,FALSE),VLOOKUP(V$1,'20Trips'!$A$3:$F$22,2,FALSE))<'20Trips'!$AC$38,$A22<>V$1,feasible_mat!V22=1),SUM(VLOOKUP($A22,'20Trips'!$A$3:$F$22,2,FALSE), VLOOKUP(V$1,'20Trips'!$A$3:$F$22,2,FALSE)),0) -> 0 | W22: 0 | X22: 0 | Y22: 0 | Z22: 0 | AA22: 0 | AB22: =AB21+1 -> 20
A23: CS1 | B23: 0 | C23: 0 | D23: 0 | E23: 0 | F23: 0 | G23: 0 | H23: 0 | I23: 0 | J23: 0 | K23: 0 | L23: 0 | M23: 0 | N23: 0 | O23: 0 | P23: 0 | Q23: 0 | R23: 0 | S23: 0 | T23: 0 | U23: 0 | V23: 0 | W23: 0 | X23: 0 | Y23: 0 | Z23: 0 | AA23: 0 | AB23: =AB22+1 -> 21
A24: CS1a | B24: 0 | C24: 0 | D24: 0 | E24: 0 | F24: 0 | G24: 0 | H24: 0 | I24: 0 | J24: 0 | K24: 0 | L24: 0 | M24: 0 | N24: 0 | O24: 0 | P24: 0 | Q24: 0 | R24: 0 | S24: 0 | T24: 0 | U24: 0 | V24: 0 | W24: 0 | X24: 0 | Y24: 0 | Z24: 0 | AA24: 0 | AB24: =AB23+1 -> 22
A25: CS2b | B25: 0 | C25: 0 | D25: 0 | E25: 0 | F25: 0 | G25: 0 | H25: 0 | I25: 0 | J25: 0 | K25: 0 | L25: 0 | M25: 0 | N25: 0 | O25: 0 | P25: 0 | Q25: 0 | R25: 0 | S25: 0 | T25: 0 | U25: 0 | V25: 0 | W25: 0 | X25: 0 | Y25: 0 | Z25: 0 | AA25: 0 | AB25: =AB24+1 -> 23
A26: CS3c | B26: 0 | C26: 0 | D26: 0 | E26: 0 | F26: 0 | G26: 0 | H26: 0 | I26: 0 | J26: 0 | K26: 0 | L26: 0 | M26: 0 | N26: 0 | O26: 0 | P26: 0 | Q26: 0 | R26: 0 | S26: 0 | T26: 0 | U26: 0 | V26: 0 | W26: 0 | X26: 0 | Y26: 0 | Z26: 0 | AA26: 0 | AB26: =AB25+1 -> 24
A27: CS4d | B27: 0 | C27: 0 | D27: 0 | E27: 0 | F27: 0 | G27: 0 | H27: 0 | I27: 0 | J27: 0 | K27: 0 | L27: 0 | M27: 0 | N27: 0 | O27: 0 | P27: 0 | Q27: 0 | R27: 0 | S27: 0 | T27: 0 | U27: 0 | V27: 0 | W27: 0 | X27: 0 | Y27: 0 | Z27: 0 | AA27: 0 | AB27: =AB26+1 -> 25
D29: IF(AND(SUM(VLOOKUP($A30,test!$A$3:$F$32,2,FALSE),VLOOKUP(D$1,test!$A$3:$F$32,2,FALSE))<test!$K$16,$A30<>B$1,feasible_mat!B30=1),SUM(VLOOKUP($A30,test!$A$3:$F$32,2,FALSE)),0)
D30: =VLOOKUP(#REF!,'20Trips'!$A$3:$F$22,2,FALSE) -> #REF!
D31: =$A4<>D$1 -> FALSE

Sheet Recharged_Feasible_matv3
A1: phi | C1: DEPOT | D1: AB1 | E1: AB2 | F1: AB3 | G1: AB4 | H1: AB5 | I1: AC1 | J1: AC2 | K1: AC3 | L1: AC4 | M1: AC5 | N1: BA1 | O1: BA2 | P1: BA3 | Q1: BA4 | R1: BA5 | S1: CA1 | T1: CA2 | U1: CA3 | V1: CA4 | W1: CA5
A2: CS1 | B2: DEPOT | C2: 0 | D2: 0 | E2: 0 | F2: 0 | G2: 0 | H2: 0 | I2: 0 | J2: 0 | K2: 0 | L2: 0 | M2: 0 | N2: 0 | O2: 0 | P2: 0 | Q2: 0 | R2: 0 | S2: 0 | T2: 0 | U2: 0 | V2: 0 | W2: 0
A3: CS1 | B3: AB1 | C3: 0 | D3: =IF(AND(VLOOKUP(D$1,'20Trips'!$A$3:$I$22,8,FALSE) - VLOOKUP($B3,'20Trips'!$A$3:$I$22,9,FALSE) >= ('20Trips'!$B$23+VLOOKUP(VLOOKUP($B3,'20Trips'!$A$2:$I$22,4,FALSE),'20Trips'!$AB$32:$AH$36,3,FALSE))),1,0) -> 0 | E3: =IF(AND(VLOOKUP(E$1,'20Trips'!$A$3:$I$22,8,FALSE) - VLOOKUP($B3,'20Trips'!$A$3:$I$22,9,FALSE) >= ('20Trips'!$B$23+VLOOKUP(VLOOKUP($B3,'20Trips'!$A$2:$I$22,4,FALSE),'20Trips'!$AB$32:$AH$36,3,FALSE))),1,0) -> 0 | F3: =IF(AND(VLOOKUP(F$1,'20Trips'!$A$3:$I$22,8,FALSE) - VLOOKUP($B3,'20Trips'!$A$3:$I$22,9,FALSE) >= ('20Trips'!$B$23+VLOOKUP(VLOOKUP($B3,'20Trips'!$A$2:$I$22,4,FALSE),'20Trips'!$AB$32:$AH$36,3,FALSE))),1,0) -> 1 | G3: =IF(AND(VLOOKUP(G$1,'20Trips'!$A$3:$I$22,8,FALSE) - VLOOKUP($B3,'20Trips'!$A$3:$I$22,9,FALSE) >= ('20Trips'!$B$23+VLOOKUP(VLOOKUP($B3,'20Trips'!$A$2:$I$22,4,FALSE),'20Trips'!$AB$32:$AH$36,3,FALSE))),1,0) -> 1 | H3: =IF(AND(VLOOKUP(H$1,'20Trips'!$A$3:$I$22,8,FALSE) - VLOOKUP($B3,'20Trips'!$A$3:$I$22,9,FALSE) >= ('20Trips'!$B$23+VLOOKUP(VLOOKUP($B3,'20Trips'!$A$2:$I$22,4,FALSE),'20Trips'!$AB$32:$AH$36,3,FALSE))),1,0) -> 1 | I3: =IF(AND(VLOOKUP(I$1,'20Trips'!$A$3:$I$22,8,FALSE) - VLOOKUP($B3,'20Trips'!$A$3:$I$22,9,FALSE) >= ('20Trips'!$B$23+VLOOKUP(VLOOKUP($B3,'20Trips'!$A$2:$I$22,4,FALSE),'20Trips'!$AB$32:$AH$36,3,FALSE))),1,0) -> 0 | J3: =IF(AND(VLOOKUP(J$1,'20Trips'!$A$3:$I$22,8,FALSE) - VLOOKUP($B3,'20Trips'!$A$3:$I$22,9,FALSE) >= ('20Trips'!$B$23+VLOOKUP(VLOOKUP($B3,'20Trips'!$A$2:$I$22,4,FALSE),'20Trips'!$AB$32:$AH$36,3,FALSE))),1,0) -> 0 | K3: =IF(AND(VLOOKUP(K$1,'20Trips'!$A$3:$I$22,8,FALSE) - VLOOKUP($B3,'20Trips'!$A$3:$I$22,9,FALSE) >= ('20Trips'!$B$23+VLOOKUP(VLOOKUP($B3,'20Trips'!$A$2:$I$22,4,FALSE),'20Trips'!$AB$32:$AH$36,3,FALSE))),1,0) -> 1 | ... W3: =IF(AND(VLOOKUP(W$1,'20Trips'!$A$3:$I$22,8,FALSE) - VLOOKUP($B3,'20Trips'!$A$3:$I$22,9,FALSE) >= ('20Trips'!$B$23+VLOOKUP(VLOOKUP($B3,'20Trips'!$A$2:$I$22,4,FALSE),'20Trips'!$AB$32:$AH$36,3,FALSE))),1,0) -> 1
A4: CS1 | B4: AB2 | C4: 0 | D4: =IF(AND(VLOOKUP(D$1,'20Trips'!$A$3:$I$22,8,FALSE) - VLOOKUP($B4,'20Trips'!$A$3:$I$22,9,FALSE) >= ('20Trips'!$B$23+VLOOKUP(VLOOKUP($B4,'20Trips'!$A$2:$I$22,4,FALSE),'20Trips'!$AB$32:$AH$36,3,FALSE))),1,0) -> 0 | E4: =IF(AND(VLOOKUP(E$1,'20Trips'!$A$3:$I$22,8,FALSE) - VLOOKUP($B4,'20Trips'!$A$3:$I$22,9,FALSE) >= ('20Trips'!$B$23+VLOOKUP(VLOOKUP($B4,'20Trips'!$A$2:$I$22,4,FALSE),'20Trips'!$AB$32:$AH$36,3,FALSE))),1,0) -> 0 | F4: =IF(AND(VLOOKUP(F$1,'20Trips'!$A$3:$I$22,8,FALSE) - VLOOKUP($B4,'20Trips'!$A$3:$I$22,9,FALSE) >= ('20Trips'!$B$23+VLOOKUP(VLOOKUP($B4,'20Trips'!$A$2:$I$22,4,FALSE),'20Trips'!$AB$32:$AH$36,3,FALSE))),1,0) -> 0 | G4: =IF(AND(VLOOKUP(G$1,'20Trips'!$A$3:$I$22,8,FALSE) - VLOOKUP($B4,'20Trips'!$A$3:$I$22,9,FALSE) >= ('20Trips'!$B$23+VLOOKUP(VLOOKUP($B4,'20Trips'!$A$2:$I$22,4,FALSE),'20Trips'!$AB$32:$AH$36,3,FALSE))),1,0) -> 0 | H4: =IF(AND(VLOOKUP(H$1,'20Trips'!$A$3:$I$22,8,FALSE) - VLOOKUP($B4,'20Trips'!$A$3:$I$22,9,FALSE) >= ('20Trips'!$B$23+VLOOKUP(VLOOKUP($B4,'20Trips'!$A$2:$I$22,4,FALSE),'20Trips'!$AB$32:$AH$36,3,FALSE))),1,0) -> 1 | I4: =IF(AND(VLOOKUP(I$1,'20Trips'!$A$3:$I$22,8,FALSE) - VLOOKUP($B4,'20Trips'!$A$3:$I$22,9,FALSE) >= ('20Trips'!$B$23+VLOOKUP(VLOOKUP($B4,'20Trips'!$A$2:$I$22,4,FALSE),'20Trips'!$AB$32:$AH$36,3,FALSE))),1,0) -> 0 | J4: =IF(AND(VLOOKUP(J$1,'20Trips'!$A$3:$I$22,8,FALSE) - VLOOKUP($B4,'20Trips'!$A$3:$I$22,9,FALSE) >= ('20Trips'!$B$23+VLOOKUP(VLOOKUP($B4,'20Trips'!$A$2:$I$22,4,FALSE),'20Trips'!$AB$32:$AH$36,3,FALSE))),1,0) -> 0 | K4: =IF(AND(VLOOKUP(K$1,'20Trips'!$A$3:$I$22,8,FALSE) - VLOOKUP($B4,'20Trips'!$A$3:$I$22,9,FALSE) >= ('20Trips'!$B$23+VLOOKUP(VLOOKUP($B4,'20Trips'!$A$2:$I$22,4,FALSE),'20Trips'!$AB$32:$AH$36,3,FALSE))),1,0) -> 0 | ... W4: =IF(AND(VLOOKUP(W$1,'20Trips'!$A$3:$I$22,8,FALSE) - VLOOKUP($B4,'20Trips'!$A$3:$I$22,9,FALSE) >= ('20Trips'!$B$23+VLOOKUP(VLOOKUP($B4,'20Trips'!$A$2:$I$22,4,FALSE),'20Trips'!$AB$32:$AH$36,3,FALSE))),1,0) -> 1
A5: CS1 | B5: AB3 | C5: 0 | D5: =IF(AND(VLOOKUP(D$1,'20Trips'!$A$3:$I$22,8,FALSE) - VLOOKUP($B5,'20Trips'!$A$3:$I$22,9,FALSE) >= ('20Trips'!$B$23+VLOOKUP(VLOOKUP($B5,'20Trips'!$A$2:$I$22,4,FALSE),'20Trips'!$AB$32:$AH$36,3,FALSE))),1,0) -> 0 | E5: =IF(AND(VLOOKUP(E$1,'20Trips'!$A$3:$I$22,8,FALSE) - VLOOKUP($B5,'20Trips'!$A$3:$I$22,9,FALSE) >= ('20Trips'!$B$23+VLOOKUP(VLOOKUP($B5,'20Trips'!$A$2:$I$22,4,FALSE),'20Trips'!$AB$32:$AH$36,3,FALSE))),1,0) -> 0 | F5: =IF(AND(VLOOKUP(F$1,'20Trips'!$A$3:$I$22,8,FALSE) - VLOOKUP($B5,'20Trips'!$A$3:$I$22,9,FALSE) >= ('20Trips'!$B$23+VLOOKUP(VLOOKUP($B5,'20Trips'!$A$2:$I$22,4,FALSE),'20Trips'!$AB$32:$AH$36,3,FALSE))),1,0) -> 0 | G5: =IF(AND(VLOOKUP(G$1,'20Trips'!$A$3:$I$22,8,FALSE) - VLOOKUP($B5,'20Trips'!$A$3:$I$22,9,FALSE) >= ('20Trips'!$B$23+VLOOKUP(VLOOKUP($B5,'20Trips'!$A$2:$I$22,4,FALSE),'20Trips'!$AB$32:$AH$36,3,FALSE))),1,0) -> 0 | H5: =IF(AND(VLOOKUP(H$1,'20Trips'!$A$3:$I$22,8,FALSE) - VLOOKUP($B5,'20Trips'!$A$3:$I$22,9,FALSE) >= ('20Trips'!$B$23+VLOOKUP(VLOOKUP($B5,'20Trips'!$A$2:$I$22,4,FALSE),'20Trips'!$AB$32:$AH$36,3,FALSE))),1,0) -> 0 | I5: =IF(AND(VLOOKUP(I$1,'20Trips'!$A$3:$I$22,8,FALSE) - VLOOKUP($B5,'20Trips'!$A$3:$I$22,9,FALSE) >= ('20Trips'!$B$23+VLOOKUP(VLOOKUP($B5,'20Trips'!$A$2:$I$22,4,FALSE),'20Trips'!$AB$32:$AH$36,3,FALSE))),1,0) -> 0 | J5: =IF(AND(VLOOKUP(J$1,'20Trips'!$A$3:$I$22,8,FALSE) - VLOOKUP($B5,'20Trips'!$A$3:$I$22,9,FALSE) >= ('20Trips'!$B$23+VLOOKUP(VLOOKUP($B5,'20Trips'!$A$2:$I$22,4,FALSE),'20Trips'!$AB$32:$AH$36,3,FALSE))),1,0) -> 0 | K5: =IF(AND(VLOOKUP(K$1,'20Trips'!$A$3:$I$22,8,FALSE) - VLOOKUP($B5,'20Trips'!$A$3:$I$22,9,FALSE) >= ('20Trips'!$B$23+VLOOKUP(VLOOKUP($B5,'20Trips'!$A$2:$I$22,4,FALSE),'20Trips'!$AB$32:$AH$36,3,FALSE))),1,0) -> 0 | ... W5: =IF(AND(VLOOKUP(W$1,'20Trips'!$A$3:$I$22,8,FALSE) - VLOOKUP($B5,'20Trips'!$A$3:$I$22,9,FALSE) >= ('20Trips'!$B$23+VLOOKUP(VLOOKUP($B5,'20Trips'!$A$2:$I$22,4,FALSE),'20Trips'!$AB$32:$AH$36,3,FALSE))),1,0) -> 0
A6: CS1 | B6: AB4 | C6: 0 | D6: =IF(AND(VLOOKUP(D$1,'20Trips'!$A$3:$I$22,8,FALSE) - VLOOKUP($B6,'20Trips'!$A$3:$I$22,9,FALSE) >= ('20Trips'!$B$23+VLOOKUP(VLOOKUP($B6,'20Trips'!$A$2:$I$22,4,FALSE),'20Trips'!$AB$32:$AH$36,3,FALSE))),1,0) -> 0 | E6: =IF(AND(VLOOKUP(E$1,'20Trips'!$A$3:$I$22,8,FALSE) - VLOOKUP($B6,'20Trips'!$A$3:$I$22,9,FALSE) >= ('20Trips'!$B$23+VLOOKUP(VLOOKUP($B6,'20Trips'!$A$2:$I$22,4,FALSE),'20Trips'!$AB$32:$AH$36,3,FALSE))),1,0) -> 0 | F6: =IF(AND(VLOOKUP(F$1,'20Trips'!$A$3:$I$22,8,FALSE) - VLOOKUP($B6,'20Trips'!$A$3:$I$22,9,FALSE) >= ('20Trips'!$B$23+VLOOKUP(VLOOKUP($B6,'20Trips'!$A$2:$I$22,4,FALSE),'20Trips'!$AB$32:$AH$36,3,FALSE))),1,0) -> 0 | G6: =IF(AND(VLOOKUP(G$1,'20Trips'!$A$3:$I$22,8,FALSE) - VLOOKUP($B6,'20Trips'!$A$3:$I$22,9,FALSE) >= ('20Trips'!$B$23+VLOOKUP(VLOOKUP($B6,'20Trips'!$A$2:$I$22,4,FALSE),'20Trips'!$AB$32:$AH$36,3,FALSE))),1,0) -> 0 | H6: =IF(AND(VLOOKUP(H$1,'20Trips'!$A$3:$I$22,8,FALSE) - VLOOKUP($B6,'20Trips'!$A$3:$I$22,9,FALSE) >= ('20Trips'!$B$23+VLOOKUP(VLOOKUP($B6,'20Trips'!$A$2:$I$22,4,FALSE),'20Trips'!$AB$32:$AH$36,3,FALSE))),1,0) -> 0 | I6: =IF(AND(VLOOKUP(I$1,'20Trips'!$A$3:$I$22,8,FALSE) - VLOOKUP($B6,'20Trips'!$A$3:$I$22,9,FALSE) >= ('20Trips'!$B$23+VLOOKUP(VLOOKUP($B6,'20Trips'!$A$2:$I$22,4,FALSE),'20Trips'!$AB$32:$AH$36,3,FALSE))),1,0) -> 0 | J6: =IF(AND(VLOOKUP(J$1,'20Trips'!$A$3:$I$22,8,FALSE) - VLOOKUP($B6,'20Trips'!$A$3:$I$22,9,FALSE) >= ('20Trips'!$B$23+VLOOKUP(VLOOKUP($B6,'20Trips'!$A$2:$I$22,4,FALSE),'20Trips'!$AB$32:$AH$36,3,FALSE))),1,0) -> 0 | K6: =IF(AND(VLOOKUP(K$1,'20Trips'!$A$3:$I$22,8,FALSE) - VLOOKUP($B6,'20Trips'!$A$3:$I$22,9,FALSE) >= ('20Trips'!$B$23+VLOOKUP(VLOOKUP($B6,'20Trips'!$A$2:$I$22,4,FALSE),'20Trips'!$AB$32:$AH$36,3,FALSE))),1,0) -> 0 | ... W6: =IF(AND(VLOOKUP(W$1,'20Trips'!$A$3:$I$22,8,FALSE) - VLOOKUP($B6,'20Trips'!$A$3:$I$22,9,FALSE) >= ('20Trips'!$B$23+VLOOKUP(VLOOKUP($B6,'20Trips'!$A$2:$I$22,4,FALSE),'20Trips'!$AB$32:$AH$36,3,FALSE))),1,0) -> 0
A7: CS1 | B7: AB5 | C7: 0 | D7: =IF(AND(VLOOKUP(D$1,'20Trips'!$A$3:$I$22,8,FALSE) - VLOOKUP($B7,'20Trips'!$A$3:$I$22,9,FALSE) >= ('20Trips'!$B$23+VLOOKUP(VLOOKUP($B7,'20Trips'!$A$2:$I$22,4,FALSE),'20Trips'!$AB$32:$AH$36,3,FALSE))),1,0) -> 0 | E7: =IF(AND(VLOOKUP(E$1,'20Trips'!$A$3:$I$22,8,FALSE) - VLOOKUP($B7,'20Trips'!$A$3:$I$22,9,FALSE) >= ('20Trips'!$B$23+VLOOKUP(VLOOKUP($B7,'20Trips'!$A$2:$I$22,4,FALSE),'20Trips'!$AB$32:$AH$36,3,FALSE))),1,0) -> 0 | F7: =IF(AND(VLOOKUP(F$1,'20Trips'!$A$3:$I$22,8,FALSE) - VLOOKUP($B7,'20Trips'!$A$3:$I$22,9,FALSE) >= ('20Trips'!$B$23+VLOOKUP(VLOOKUP($B7,'20Trips'!$A$2:$I$22,4,FALSE),'20Trips'!$AB$32:$AH$36,3,FALSE))),1,0) -> 0 | G7: =IF(AND(VLOOKUP(G$1,'20Trips'!$A$3:$I$22,8,FALSE) - VLOOKUP($B7,'20Trips'!$A$3:$I$22,9,FALSE) >= ('20Trips'!$B$23+VLOOKUP(VLOOKUP($B7,'20Trips'!$A$2:$I$22,4,FALSE),'20Trips'!$AB$32:$AH$36,3,FALSE))),1,0) -> 0 | H7: =IF(AND(VLOOKUP(H$1,'20Trips'!$A$3:$I$22,8,FALSE) - VLOOKUP($B7,'20Trips'!$A$3:$I$22,9,FALSE) >= ('20Trips'!$B$23+VLOOKUP(VLOOKUP($B7,'20Trips'!$A$2:$I$22,4,FALSE),'20Trips'!$AB$32:$AH$36,3,FALSE))),1,0) -> 0 | I7: =IF(AND(VLOOKUP(I$1,'20Trips'!$A$3:$I$22,8,FALSE) - VLOOKUP($B7,'20Trips'!$A$3:$I$22,9,FALSE) >= ('20Trips'!$B$23+VLOOKUP(VLOOKUP($B7,'20Trips'!$A$2:$I$22,4,FALSE),'20Trips'!$AB$32:$AH$36,3,FALSE))),1,0) -> 0 | J7: =IF(AND(VLOOKUP(J$1,'20Trips'!$A$3:$I$22,8,FALSE) - VLOOKUP($B7,'20Trips'!$A$3:$I$22,9,FALSE) >= ('20Trips'!$B$23+VLOOKUP(VLOOKUP($B7,'20Trips'!$A$2:$I$22,4,FALSE),'20Trips'!$AB$32:$AH$36,3,FALSE))),1,0) -> 0 | K7: =IF(AND(VLOOKUP(K$1,'20Trips'!$A$3:$I$22,8,FALSE) - VLOOKUP($B7,'20Trips'!$A$3:$I$22,9,FALSE) >= ('20Trips'!$B$23+VLOOKUP(VLOOKUP($B7,'20Trips'!$A$2:$I$22,4,FALSE),'20Trips'!$AB$32:$AH$36,3,FALSE))),1,0) -> 0 | ... W7: =IF(AND(VLOOKUP(W$1,'20Trips'!$A$3:$I$22,8,FALSE) - VLOOKUP($B7,'20Trips'!$A$3:$I$22,9,FALSE) >= ('20Trips'!$B$23+VLOOKUP(VLOOKUP($B7,'20Trips'!$A$2:$I$22,4,FALSE),'20Trips'!$AB$32:$AH$36,3,FALSE))),1,0) -> 0
A8: CS1 | B8: AC1 | C8: 0 | D8: =IF(AND(VLOOKUP(D$1,'20Trips'!$A$3:$I$22,8,FALSE) - VLOOKUP($B8,'20Trips'!$A$3:$I$22,9,FALSE) >= ('20Trips'!$B$23+VLOOKUP(VLOOKUP($B8,'20Trips'!$A$2:$I$22,4,FALSE),'20Trips'!$AB$32:$AH$36,3,FALSE))),1,0) -> 0 | E8: =IF(AND(VLOOKUP(E$1,'20Trips'!$A$3:$I$22,8,FALSE) - VLOOKUP($B8,'20Trips'!$A$3:$I$22,9,FALSE) >= ('20Trips'!$B$23+VLOOKUP(VLOOKUP($B8,'20Trips'!$A$2:$I$22,4,FALSE),'20Trips'!$AB$32:$AH$36,3,FALSE))),1,0) -> 0 | F8: =IF(AND(VLOOKUP(F$1,'20Trips'!$A$3:$I$22,8,FALSE) - VLOOKUP($B8,'20Trips'!$A$3:$I$22,9,FALSE) >= ('20Trips'!$B$23+VLOOKUP(VLOOKUP($B8,'20Trips'!$A$2:$I$22,4,FALSE),'20Trips'!$AB$32:$AH$36,3,FALSE))),1,0) -> 1 | G8: =IF(AND(VLOOKUP(G$1,'20Trips'!$A$3:$I$22,8,FALSE) - VLOOKUP($B8,'20Trips'!$A$3:$I$22,9,FALSE) >= ('20Trips'!$B$23+VLOOKUP(VLOOKUP($B8,'20Trips'!$A$2:$I$22,4,FALSE),'20Trips'!$AB$32:$AH$36,3,FALSE))),1,0) -> 1 | H8: =IF(AND(VLOOKUP(H$1,'20Trips'!$A$3:$I$22,8,FALSE) - VLOOKUP($B8,'20Trips'!$A$3:$I$22,9,FALSE) >= ('20Trips'!$B$23+VLOOKUP(VLOOKUP($B8,'20Trips'!$A$2:$I$22,4,FALSE),'20Trips'!$AB$32:$AH$36,3,FALSE))),1,0) -> 1 | I8: =IF(AND(VLOOKUP(I$1,'20Trips'!$A$3:$I$22,8,FALSE) - VLOOKUP($B8,'20Trips'!$A$3:$I$22,9,FALSE) >= ('20Trips'!$B$23+VLOOKUP(VLOOKUP($B8,'20Trips'!$A$2:$I$22,4,FALSE),'20Trips'!$AB$32:$AH$36,3,FALSE))),1,0) -> 0 | J8: =IF(AND(VLOOKUP(J$1,'20Trips'!$A$3:$I$22,8,FALSE) - VLOOKUP($B8,'20Trips'!$A$3:$I$22,9,FALSE) >= ('20Trips'!$B$23+VLOOKUP(VLOOKUP($B8,'20Trips'!$A$2:$I$22,4,FALSE),'20Trips'!$AB$32:$AH$36,3,FALSE))),1,0) -> 0 | K8: =IF(AND(VLOOKUP(K$1,'20Trips'!$A$3:$I$22,8,FALSE) - VLOOKUP($B8,'20Trips'!$A$3:$I$22,9,FALSE) >= ('20Trips'!$B$23+VLOOKUP(VLOOKUP($B8,'20Trips'!$A$2:$I$22,4,FALSE),'20Trips'!$AB$32:$AH$36,3,FALSE))),1,0) -> 1 | ... W8: =IF(AND(VLOOKUP(W$1,'20Trips'!$A$3:$I$22,8,FALSE) - VLOOKUP($B8,'20Trips'!$A$3:$I$22,9,FALSE) >= ('20Trips'!$B$23+VLOOKUP(VLOOKUP($B8,'20Trips'!$A$2:$I$22,4,FALSE),'20Trips'!$AB$32:$AH$36,3,FALSE))),1,0) -> 1
A9: CS1 | B9: AC2 | C9: 0 | D9: =IF(AND(VLOOKUP(D$1,'20Trips'!$A$3:$I$22,8,FALSE) - VLOOKUP($B9,'20Trips'!$A$3:$I$22,9,FALSE) >= ('20Trips'!$B$23+VLOOKUP(VLOOKUP($B9,'20Trips'!$A$2:$I$22,4,FALSE),'20Trips'!$AB$32:$AH$36,3,FALSE))),1,0) -> 0 | E9: =IF(AND(VLOOKUP(E$1,'20Trips'!$A$3:$I$22,8,FALSE) - VLOOKUP($B9,'20Trips'!$A$3:$I$22,9,FALSE) >= ('20Trips'!$B$23+VLOOKUP(VLOOKUP($B9,'20Trips'!$A$2:$I$22,4,FALSE),'20Trips'!$AB$32:$AH$36,3,FALSE))),1,0) -> 0 | F9: =IF(AND(VLOOKUP(F$1,'20Trips'!$A$3:$I$22,8,FALSE) - VLOOKUP($B9,'20Trips'!$A$3:$I$22,9,FALSE) >= ('20Trips'!$B$23+VLOOKUP(VLOOKUP($B9,'20Trips'!$A$2:$I$22,4,FALSE),'20Trips'!$AB$32:$AH$36,3,FALSE))),1,0) -> 0 | G9: =IF(AND(VLOOKUP(G$1,'20Trips'!$A$3:$I$22,8,FALSE) - VLOOKUP($B9,'20Trips'!$A$3:$I$22,9,FALSE) >= ('20Trips'!$B$23+VLOOKUP(VLOOKUP($B9,'20Trips'!$A$2:$I$22,4,FALSE),'20Trips'!$AB$32:$AH$36,3,FALSE))),1,0) -> 1 | H9: =IF(AND(VLOOKUP(H$1,'20Trips'!$A$3:$I$22,8,FALSE) - VLOOKUP($B9,'20Trips'!$A$3:$I$22,9,FALSE) >= ('20Trips'!$B$23+VLOOKUP(VLOOKUP($B9,'20Trips'!$A$2:$I$22,4,FALSE),'20Trips'!$AB$32:$AH$36,3,FALSE))),1,0) -> 1 | I9: =IF(AND(VLOOKUP(I$1,'20Trips'!$A$3:$I$22,8,FALSE) - VLOOKUP($B9,'20Trips'!$A$3:$I$22,9,FALSE) >= ('20Trips'!$B$23+VLOOKUP(VLOOKUP($B9,'20Trips'!$A$2:$I$22,4,FALSE),'20Trips'!$AB$32:$AH$36,3,FALSE))),1,0) -> 0 | J9: =IF(AND(VLOOKUP(J$1,'20Trips'!$A$3:$I$22,8,FALSE) - VLOOKUP($B9,'20Trips'!$A$3:$I$22,9,FALSE) >= ('20Trips'!$B$23+VLOOKUP(VLOOKUP($B9,'20Trips'!$A$2:$I$22,4,FALSE),'20Trips'!$AB$32:$AH$36,3,FALSE))),1,0) -> 0 | K9: =IF(AND(VLOOKUP(K$1,'20Trips'!$A$3:$I$22,8,FALSE) - VLOOKUP($B9,'20Trips'!$A$3:$I$22,9,FALSE) >= ('20Trips'!$B$23+VLOOKUP(VLOOKUP($B9,'20Trips'!$A$2:$I$22,4,FALSE),'20Trips'!$AB$32:$AH$36,3,FALSE))),1,0) -> 0 | ... W9: =IF(AND(VLOOKUP(W$1,'20Trips'!$A$3:$I$22,8,FALSE) - VLOOKUP($B9,'20Trips'!$A$3:$I$22,9,FALSE) >= ('20Trips'!$B$23+VLOOKUP(VLOOKUP($B9,'20Trips'!$A$2:$I$22,4,FALSE),'20Trips'!$AB$32:$AH$36,3,FALSE))),1,0) -> 1
A10: CS1 | B10: AC3 | C10: 0 | D10: =IF(AND(VLOOKUP(D$1,'20Trips'!$A$3:$I$22,8,FALSE) - VLOOKUP($B10,'20Trips'!$A$3:$I$22,9,FALSE) >= ('20Trips'!$B$23+VLOOKUP(VLOOKUP($B10,'20Trips'!$A$2:$I$22,4,FALSE),'20Trips'!$AB$32:$AH$36,3,FALSE))),1,0) -> 0 | E10: =IF(AND(VLOOKUP(E$1,'20Trips'!$A$3:$I$22,8,FALSE) - VLOOKUP($B10,'20Trips'!$A$3:$I$22,9,FALSE) >= ('20Trips'!$B$23+VLOOKUP(VLOOKUP($B10,'20Trips'!$A$2:$I$22,4,FALSE),'20Trips'!$AB$32:$AH$36,3,FALSE))),1,0) -> 0 | F10: =IF(AND(VLOOKUP(F$1,'20Trips'!$A$3:$I$22,8,FALSE) - VLOOKUP($B10,'20Trips'!$A$3:$I$22,9,FALSE) >= ('20Trips'!$B$23+VLOOKUP(VLOOKUP($B10,'20Trips'!$A$2:$I$22,4,FALSE),'20Trips'!$AB$32:$AH$36,3,FALSE))),1,0) -> 0 | G10: =IF(AND(VLOOKUP(G$1,'20Trips'!$A$3:$I$22,8,FALSE) - VLOOKUP($B10,'20Trips'!$A$3:$I$22,9,FALSE) >= ('20Trips'!$B$23+VLOOKUP(VLOOKUP($B10,'20Trips'!$A$2:$I$22,4,FALSE),'20Trips'!$AB$32:$AH$36,3,FALSE))),1,0) -> 0 | H10: =IF(AND(VLOOKUP(H$1,'20Trips'!$A$3:$I$22,8,FALSE) - VLOOKUP($B10,'20Trips'!$A$3:$I$22,9,FALSE) >= ('20Trips'!$B$23+VLOOKUP(VLOOKUP($B10,'20Trips'!$A$2:$I$22,4,FALSE),'20Trips'!$AB$32:$AH$36,3,FALSE))),1,0) -> 0 | I10: =IF(AND(VLOOKUP(I$1,'20Trips'!$A$3:$I$22,8,FALSE) - VLOOKUP($B10,'20Trips'!$A$3:$I$22,9,FALSE) >= ('20Trips'!$B$23+VLOOKUP(VLOOKUP($B10,'20Trips'!$A$2:$I$22,4,FALSE),'20Trips'!$AB$32:$AH$36,3,FALSE))),1,0) -> 0 | J10: =IF(AND(VLOOKUP(J$1,'20Trips'!$A$3:$I$22,8,FALSE) - VLOOKUP($B10,'20Trips'!$A$3:$I$22,9,FALSE) >= ('20Trips'!$B$23+VLOOKUP(VLOOKUP($B10,'20Trips'!$A$2:$I$22,4,FALSE),'20Trips'!$AB$32:$AH$36,3,FALSE))),1,0) -> 0 | K10: =IF(AND(VLOOKUP(K$1,'20Trips'!$A$3:$I$22,8,FALSE) - VLOOKUP($B10,'20Trips'!$A$3:$I$22,9,FALSE) >= ('20Trips'!$B$23+VLOOKUP(VLOOKUP($B10,'20Trips'!$A$2:$I$22,4,FALSE),'20Trips'!$AB$32:$AH$36,3,FALSE))),1,0) -> 0 | ... W10: =IF(AND(VLOOKUP(W$1,'20Trips'!$A$3:$I$22,8,FALSE) - VLOOKUP($B10,'20Trips'!$A$3:$I$22,9,FALSE) >= ('20Trips'!$B$23+VLOOKUP(VLOOKUP($B10,'20Trips'!$A$2:$I$22,4,FALSE),'20Trips'!$AB$32:$AH$36,3,FALSE))),1,0) -> 1
A11: CS1 | B11: AC4 | C11: 0 | D11: =IF(AND(VLOOKUP(D$1,'20Trips'!$A$3:$I$22,8,FALSE) - VLOOKUP($B11,'20Trips'!$A$3:$I$22,9,FALSE) >= ('20Trips'!$B$23+VLOOKUP(VLOOKUP($B11,'20Trips'!$A$2:$I$22,4,FALSE),'20Trips'!$AB$32:$AH$36,3,FALSE))),1,0) -> 0 | E11: =IF(AND(VLOOKUP(E$1,'20Trips'!$A$3:$I$22,8,FALSE) - VLOOKUP($B11,'20Trips'!$A$3:$I$22,9,FALSE) >= ('20Trips'!$B$23+VLOOKUP(VLOOKUP($B11,'20Trips'!$A$2:$I$22,4,FALSE),'20Trips'!$AB$32:$AH$36,3,FALSE))),1,0) -> 0 | F11: =IF(AND(VLOOKUP(F$1,'20Trips'!$A$3:$I$22,8,FALSE) - VLOOKUP($B11,'20Trips'!$A$3:$I$22,9,FALSE) >= ('20Trips'!$B$23+VLOOKUP(VLOOKUP($B11,'20Trips'!$A$2:$I$22,4,FALSE),'20Trips'!$AB$32:$AH$36,3,FALSE))),1,0) -> 0 | G11: =IF(AND(VLOOKUP(G$1,'20Trips'!$A$3:$I$22,8,FALSE) - VLOOKUP($B11,'20Trips'!$A$3:$I$22,9,FALSE) >= ('20Trips'!$B$23+VLOOKUP(VLOOKUP($B11,'20Trips'!$A$2:$I$22,4,FALSE),'20Trips'!$AB$32:$AH$36,3,FALSE))),1,0) -> 0 | H11: =IF(AND(VLOOKUP(H$1,'20Trips'!$A$3:$I$22,8,FALSE) - VLOOKUP($B11,'20Trips'!$A$3:$I$22,9,FALSE) >= ('20Trips'!$B$23+VLOOKUP(VLOOKUP($B11,'20Trips'!$A$2:$I$22,4,FALSE),'20Trips'!$AB$32:$AH$36,3,FALSE))),1,0) -> 0 | I11: =IF(AND(VLOOKUP(I$1,'20Trips'!$A$3:$I$22,8,FALSE) - VLOOKUP($B11,'20Trips'!$A$3:$I$22,9,FALSE) >= ('20Trips'!$B$23+VLOOKUP(VLOOKUP($B11,'20Trips'!$A$2:$I$22,4,FALSE),'20Trips'!$AB$32:$AH$36,3,FALSE))),1,0) -> 0 | J11: =IF(AND(VLOOKUP(J$1,'20Trips'!$A$3:$I$22,8,FALSE) - VLOOKUP($B11,'20Trips'!$A$3:$I$22,9,FALSE) >= ('20Trips'!$B$23+VLOOKUP(VLOOKUP($B11,'20Trips'!$A$2:$I$22,4,FALSE),'20Trips'!$AB$32:$AH$36,3,FALSE))),1,0) -> 0 | K11: =IF(AND(VLOOKUP(K$1,'20Trips'!$A$3:$I$22,8,FALSE) - VLOOKUP($B11,'20Trips'!$A$3:$I$22,9,FALSE) >= ('20Trips'!$B$23+VLOOKUP(VLOOKUP($B11,'20Trips'!$A$2:$I$22,4,FALSE),'20Trips'!$AB$32:$AH$36,3,FALSE))),1,0) -> 0 | ... W11: =IF(AND(VLOOKUP(W$1,'20Trips'!$A$3:$I$22,8,FALSE) - VLOOKUP($B11,'20Trips'!$A$3:$I$22,9,FALSE) >= ('20Trips'!$B$23+VLOOKUP(VLOOKUP($B11,'20Trips'!$A$2:$I$22,4,FALSE),'20Trips'!$AB$32:$AH$36,3,FALSE))),1,0) -> 0
A12: CS1 | B12: AC5 | C12: 0 | D12: =IF(AND(VLOOKUP(D$1,'20Trips'!$A$3:$I$22,8,FALSE) - VLOOKUP($B12,'20Trips'!$A$3:$I$22,9,FALSE) >= ('20Trips'!$B$23+VLOOKUP(VLOOKUP($B12,'20Trips'!$A$2:$I$22,4,FALSE),'20Trips'!$AB$32:$AH$36,3,FALSE))),1,0) -> 0 | E12: =IF(AND(VLOOKUP(E$1,'20Trips'!$A$3:$I$22,8,FALSE) - VLOOKUP($B12,'20Trips'!$A$3:$I$22,9,FALSE) >= ('20Trips'!$B$23+VLOOKUP(VLOOKUP($B12,'20Trips'!$A$2:$I$22,4,FALSE),'20Trips'!$AB$32:$AH$36,3,FALSE))),1,0) -> 0 | F12: =IF(AND(VLOOKUP(F$1,'20Trips'!$A$3:$I$22,8,FALSE) - VLOOKUP($B12,'20Trips'!$A$3:$I$22,9,FALSE) >= ('20Trips'!$B$23+VLOOKUP(VLOOKUP($B12,'20Trips'!$A$2:$I$22,4,FALSE),'20Trips'!$AB$32:$AH$36,3,FALSE))),1,0) -> 0 | G12: =IF(AND(VLOOKUP(G$1,'20Trips'!$A$3:$I$22,8,FALSE) - VLOOKUP($B12,'20Trips'!$A$3:$I$22,9,FALSE) >= ('20Trips'!$B$23+VLOOKUP(VLOOKUP($B12,'20Trips'!$A$2:$I$22,4,FALSE),'20Trips'!$AB$32:$AH$36,3,FALSE))),1,0) -> 0 | H12: =IF(AND(VLOOKUP(H$1,'20Trips'!$A$3:$I$22,8,FALSE) - VLOOKUP($B12,'20Trips'!$A$3:$I$22,9,FALSE) >= ('20Trips'!$B$23+VLOOKUP(VLOOKUP($B12,'20Trips'!$A$2:$I$22,4,FALSE),'20Trips'!$AB$32:$AH$36,3,FALSE))),1,0) -> 0 | I12: =IF(AND(VLOOKUP(I$1,'20Trips'!$A$3:$I$22,8,FALSE) - VLOOKUP($B12,'20Trips'!$A$3:$I$22,9,FALSE) >= ('20Trips'!$B$23+VLOOKUP(VLOOKUP($B12,'20Trips'!$A$2:$I$22,4,FALSE),'20Trips'!$AB$32:$AH$36,3,FALSE))),1,0) -> 0 | J12: =IF(AND(VLOOKUP(J$1,'20Trips'!$A$3:$I$22,8,FALSE) - VLOOKUP($B12,'20Trips'!$A$3:$I$22,9,FALSE) >= ('20Trips'!$B$23+VLOOKUP(VLOOKUP($B12,'20Trips'!$A$2:$I$22,4,FALSE),'20Trips'!$AB$32:$AH$36,3,FALSE))),1,0) -> 0 | K12: =IF(AND(VLOOKUP(K$1,'20Trips'!$A$3:$I$22,8,FALSE) - VLOOKUP($B12,'20Trips'!$A$3:$I$22,9,FALSE) >= ('20Trips'!$B$23+VLOOKUP(VLOOKUP($B12,'20Trips'!$A$2:$I$22,4,FALSE),'20Trips'!$AB$32:$AH$36,3,FALSE))),1,0) -> 0 | ... W12: =IF(AND(VLOOKUP(W$1,'20Trips'!$A$3:$I$22,8,FALSE) - VLOOKUP($B12,'20Trips'!$A$3:$I$22,9,FALSE) >= ('20Trips'!$B$23+VLOOKUP(VLOOKUP($B12,'20Trips'!$A$2:$I$22,4,FALSE),'20Trips'!$AB$32:$AH$36,3,FALSE))),1,0) -> 0
A13: CS1 | B13: BA1 | C13: 0 | D13: =IF(AND(VLOOKUP(D$1,'20Trips'!$A$3:$I$22,8,FALSE) - VLOOKUP($B13,'20Trips'!$A$3:$I$22,9,FALSE) >= ('20Trips'!$B$23+VLOOKUP(VLOOKUP($B13,'20Trips'!$A$2:$I$22,4,FALSE),'20Trips'!$AB$32:$AH$36,3,FALSE))),1,0) -> 0 | E13: =IF(AND(VLOOKUP(E$1,'20Trips'!$A$3:$I$22,8,FALSE) - VLOOKUP($B13,'20Trips'!$A$3:$I$22,9,FALSE) >= ('20Trips'!$B$23+VLOOKUP(VLOOKUP($B13,'20Trips'!$A$2:$I$22,4,FALSE),'20Trips'!$AB$32:$AH$36,3,FALSE))),1,0) -> 0 | F13: =IF(AND(VLOOKUP(F$1,'20Trips'!$A$3:$I$22,8,FALSE) - VLOOKUP($B13,'20Trips'!$A$3:$I$22,9,FALSE) >= ('20Trips'!$B$23+VLOOKUP(VLOOKUP($B13,'20Trips'!$A$2:$I$22,4,FALSE),'20Trips'!$AB$32:$AH$36,3,FALSE))),1,0) -> 1 | G13: =IF(AND(VLOOKUP(G$1,'20Trips'!$A$3:$I$22,8,FALSE) - VLOOKUP($B13,'20Trips'!$A$3:$I$22,9,FALSE) >= ('20Trips'!$B$23+VLOOKUP(VLOOKUP($B13,'20Trips'!$A$2:$I$22,4,FALSE),'20Trips'!$AB$32:$AH$36,3,FALSE))),1,0) -> 1 | H13: =IF(AND(VLOOKUP(H$1,'20Trips'!$A$3:$I$22,8,FALSE) - VLOOKUP($B13,'20Trips'!$A$3:$I$22,9,FALSE) >= ('20Trips'!$B$23+VLOOKUP(VLOOKUP($B13,'20Trips'!$A$2:$I$22,4,FALSE),'20Trips'!$AB$32:$AH$36,3,FALSE))),1,0) -> 1 | I13: =IF(AND(VLOOKUP(I$1,'20Trips'!$A$3:$I$22,8,FALSE) - VLOOKUP($B13,'20Trips'!$A$3:$I$22,9,FALSE) >= ('20Trips'!$B$23+VLOOKUP(VLOOKUP($B13,'20Trips'!$A$2:$I$22,4,FALSE),'20Trips'!$AB$32:$AH$36,3,FALSE))),1,0) -> 0 | J13: =IF(AND(VLOOKUP(J$1,'20Trips'!$A$3:$I$22,8,FALSE) - VLOOKUP($B13,'20Trips'!$A$3:$I$22,9,FALSE) >= ('20Trips'!$B$23+VLOOKUP(VLOOKUP($B13,'20Trips'!$A$2:$I$22,4,FALSE),'20Trips'!$AB$32:$AH$36,3,FALSE))),1,0) -> 0 | K13: =IF(AND(VLOOKUP(K$1,'20Trips'!$A$3:$I$22,8,FALSE) - VLOOKUP($B13,'20Trips'!$A$3:$I$22,9,FALSE) >= ('20Trips'!$B$23+VLOOKUP(VLOOKUP($B13,'20Trips'!$A$2:$I$22,4,FALSE),'20Trips'!$AB$32:$AH$36,3,FALSE))),1,0) -> 1 | ... W13: =IF(AND(VLOOKUP(W$1,'20Trips'!$A$3:$I$22,8,FALSE) - VLOOKUP($B13,'20Trips'!$A$3:$I$22,9,FALSE) >= ('20Trips'!$B$23+VLOOKUP(VLOOKUP($B13,'20Trips'!$A$2:$I$22,4,FALSE),'20Trips'!$AB$32:$AH$36,3,FALSE))),1,0) -> 1
A14: CS1 | B14: BA2 | C14: 0 | D14: =IF(AND(VLOOKUP(D$1,'20Trips'!$A$3:$I$22,8,FALSE) - VLOOKUP($B14,'20Trips'!$A$3:$I$22,9,FALSE) >= ('20Trips'!$B$23+VLOOKUP(VLOOKUP($B14,'20Trips'!$A$2:$I$22,4,FALSE),'20Trips'!$AB$32:$AH$36,3,FALSE))),1,0) -> 0 | E14: =IF(AND(VLOOKUP(E$1,'20Trips'!$A$3:$I$22,8,FALSE) - VLOOKUP($B14,'20Trips'!$A$3:$I$22,9,FALSE) >= ('20Trips'!$B$23+VLOOKUP(VLOOKUP($B14,'20Trips'!$A$2:$I$22,4,FALSE),'20Trips'!$AB$32:$AH$36,3,FALSE))),1,0) -> 0 | F14: =IF(AND(VLOOKUP(F$1,'20Trips'!$A$3:$I$22,8,FALSE) - VLOOKUP($B14,'20Trips'!$A$3:$I$22,9,FALSE) >= ('20Trips'!$B$23+VLOOKUP(VLOOKUP($B14,'20Trips'!$A$2:$I$22,4,FALSE),'20Trips'!$AB$32:$AH$36,3,FALSE))),1,0) -> 0 | G14: =IF(AND(VLOOKUP(G$1,'20Trips'!$A$3:$I$22,8,FALSE) - VLOOKUP($B14,'20Trips'!$A$3:$I$22,9,FALSE) >= ('20Trips'!$B$23+VLOOKUP(VLOOKUP($B14,'20Trips'!$A$2:$I$22,4,FALSE),'20Trips'!$AB$32:$AH$36,3,FALSE))),1,0) -> 1 | H14: =IF(AND(VLOOKUP(H$1,'20Trips'!$A$3:$I$22,8,FALSE) - VLOOKUP($B14,'20Trips'!$A$3:$I$22,9,FALSE) >= ('20Trips'!$B$23+VLOOKUP(VLOOKUP($B14,'20Trips'!$A$2:$I$22,4,FALSE),'20Trips'!$AB$32:$AH$36,3,FALSE))),1,0) -> 1 | I14: =IF(AND(VLOOKUP(I$1,'20Trips'!$A$3:$I$22,8,FALSE) - VLOOKUP($B14,'20Trips'!$A$3:$I$22,9,FALSE) >= ('20Trips'!$B$23+VLOOKUP(VLOOKUP($B14,'20Trips'!$A$2:$I$22,4,FALSE),'20Trips'!$AB$32:$AH$36,3,FALSE))),1,0) -> 0 | J14: =IF(AND(VLOOKUP(J$1,'20Trips'!$A$3:$I$22,8,FALSE) - VLOOKUP($B14,'20Trips'!$A$3:$I$22,9,FALSE) >= ('20Trips'!$B$23+VLOOKUP(VLOOKUP($B14,'20Trips'!$A$2:$I$22,4,FALSE),'20Trips'!$AB$32:$AH$36,3,FALSE))),1,0) -> 0 | K14: =IF(AND(VLOOKUP(K$1,'20Trips'!$A$3:$I$22,8,FALSE) - VLOOKUP($B14,'20Trips'!$A$3:$I$22,9,FALSE) >= ('20Trips'!$B$23+VLOOKUP(VLOOKUP($B14,'20Trips'!$A$2:$I$22,4,FALSE),'20Trips'!$AB$32:$AH$36,3,FALSE))),1,0) -> 0 | ... W14: =IF(AND(VLOOKUP(W$1,'20Trips'!$A$3:$I$22,8,FALSE) - VLOOKUP($B14,'20Trips'!$A$3:$I$22,9,FALSE) >= ('20Trips'!$B$23+VLOOKUP(VLOOKUP($B14,'20Trips'!$A$2:$I$22,4,FALSE),'20Trips'!$AB$32:$AH$36,3,FALSE))),1,0) -> 1
... A22: CS1 | B22: CA5 | C22: 0 | D22: =IF(AND(VLOOKUP(D$1,'20Trips'!$A$3:$I$22,8,FALSE) - VLOOKUP($B22,'20Trips'!$A$3:$I$22,9,FALSE) >= ('20Trips'!$B$23+VLOOKUP(VLOOKUP($B22,'20Trips'!$A$2:$I$22,4,FALSE),'20Trips'!$AB$32:$AH$36,3,FALSE))),1,0) -> 0 | E22: =IF(AND(VLOOKUP(E$1,'20Trips'!$A$3:$I$22,8,FALSE) - VLOOKUP($B22,'20Trips'!$A$3:$I$22,9,FALSE) >= ('20Trips'!$B$23+VLOOKUP(VLOOKUP($B22,'20Trips'!$A$2:$I$22,4,FALSE),'20Trips'!$AB$32:$AH$36,3,FALSE))),1,0) -> 0 | F22: =IF(AND(VLOOKUP(F$1,'20Trips'!$A$3:$I$22,8,FALSE) - VLOOKUP($B22,'20Trips'!$A$3:$I$22,9,FALSE) >= ('20Trips'!$B$23+VLOOKUP(VLOOKUP($B22,'20Trips'!$A$2:$I$22,4,FALSE),'20Trips'!$AB$32:$AH$36,3,FALSE))),1,0) -> 0 | G22: =IF(AND(VLOOKUP(G$1,'20Trips'!$A$3:$I$22,8,FALSE) - VLOOKUP($B22,'20Trips'!$A$3:$I$22,9,FALSE) >= ('20Trips'!$B$23+VLOOKUP(VLOOKUP($B22,'20Trips'!$A$2:$I$22,4,FALSE),'20Trips'!$AB$32:$AH$36,3,FALSE))),1,0) -> 0 | H22: =IF(AND(VLOOKUP(H$1,'20Trips'!$A$3:$I$22,8,FALSE) - VLOOKUP($B22,'20Trips'!$A$3:$I$22,9,FALSE) >= ('20Trips'!$B$23+VLOOKUP(VLOOKUP($B22,'20Trips'!$A$2:$I$22,4,FALSE),'20Trips'!$AB$32:$AH$36,3,FALSE))),1,0) -> 0 | I22: =IF(AND(VLOOKUP(I$1,'20Trips'!$A$3:$I$22,8,FALSE) - VLOOKUP($B22,'20Trips'!$A$3:$I$22,9,FALSE) >= ('20Trips'!$B$23+VLOOKUP(VLOOKUP($B22,'20Trips'!$A$2:$I$22,4,FALSE),'20Trips'!$AB$32:$AH$36,3,FALSE))),1,0) -> 0 | J22: =IF(AND(VLOOKUP(J$1,'20Trips'!$A$3:$I$22,8,FALSE) - VLOOKUP($B22,'20Trips'!$A$3:$I$22,9,FALSE) >= ('20Trips'!$B$23+VLOOKUP(VLOOKUP($B22,'20Trips'!$A$2:$I$22,4,FALSE),'20Trips'!$AB$32:$AH$36,3,FALSE))),1,0) -> 0 | K22: =IF(AND(VLOOKUP(K$1,'20Trips'!$A$3:$I$22,8,FALSE) - VLOOKUP($B22,'20Trips'!$A$3:$I$22,9,FALSE) >= ('20Trips'!$B$23+VLOOKUP(VLOOKUP($B22,'20Trips'!$A$2:$I$22,4,FALSE),'20Trips'!$AB$32:$AH$36,3,FALSE))),1,0) -> 0 | ... W22: =IF(AND(VLOOKUP(W$1,'20Trips'!$A$3:$I$22,8,FALSE) - VLOOKUP($B22,'20Trips'!$A$3:$I$22,9,FALSE) >= ('20Trips'!$B$23+VLOOKUP(VLOOKUP($B22,'20Trips'!$A$2:$I$22,4,FALSE),'20Trips'!$AB$32:$AH$36,3,FALSE))),1,0) -> 0
A23: CS1a | B23: DEPOT | C23: 0 | D23: 0 | E23: 0 | F23: 0 | G23: 0 | H23: 0 | I23: 0 | J23: 0 | K23: 0 | L23: 0 | M23: 0 | N23: 0 | O23: 0 | P23: 0 | Q23: 0 | R23: 0 | S23: 0 | T23: 0 | U23: 0 | V23: 0 | W23: 0
A24: CS1a | B24: AB1 | C24: 0 | D24: =IF(AND(feasible_mat!C3=1, VLOOKUP(Recharged_Feasible_matv3!$A24,'20Trips'!$A$24:$G$26, 3,FALSE)=VLOOKUP(D$1,'20Trips'!$A$3:$I$22,3,FALSE),VLOOKUP(D$1,'20Trips'!$A$3:$I$22,8,FALSE)-VLOOKUP($B24,'20Trips'!$A$3:$I$22, 9,FALSE) >= (50+10)),1,0) -> 0 | E24: =IF(AND(feasible_mat!D3=1, VLOOKUP(Recharged_Feasible_matv3!$A24,'20Trips'!$A$24:$G$26, 3,FALSE)=VLOOKUP(E$1,'20Trips'!$A$3:$I$22,3,FALSE),VLOOKUP(E$1,'20Trips'!$A$3:$I$22,8,FALSE)-VLOOKUP($B24,'20Trips'!$A$3:$I$22, 9,FALSE) >= (50+10)),1,0) -> 0 | F24: =IF(AND(feasible_mat!E3=1, VLOOKUP(Recharged_Feasible_matv3!$A24,'20Trips'!$A$24:$G$26, 3,FALSE)=VLOOKUP(F$1,'20Trips'!$A$3:$I$22,3,FALSE),VLOOKUP(F$1,'20Trips'!$A$3:$I$22,8,FALSE)-VLOOKUP($B24,'20Trips'!$A$3:$I$22, 9,FALSE) >= (50+10)),1,0) -> 1 | G24: =IF(AND(feasible_mat!F3=1, VLOOKUP(Recharged_Feasible_matv3!$A24,'20Trips'!$A$24:$G$26, 3,FALSE)=VLOOKUP(G$1,'20Trips'!$A$3:$I$22,3,FALSE),VLOOKUP(G$1,'20Trips'!$A$3:$I$22,8,FALSE)-VLOOKUP($B24,'20Trips'!$A$3:$I$22, 9,FALSE) >= (50+10)),1,0) -> 1 | H24: =IF(AND(feasible_mat!G3=1, VLOOKUP(Recharged_Feasible_matv3!$A24,'20Trips'!$A$24:$G$26, 3,FALSE)=VLOOKUP(H$1,'20Trips'!$A$3:$I$22,3,FALSE),VLOOKUP(H$1,'20Trips'!$A$3:$I$22,8,FALSE)-VLOOKUP($B24,'20Trips'!$A$3:$I$22, 9,FALSE) >= (50+10)),1,0) -> 1 | I24: =IF(AND(feasible_mat!H3=1, VLOOKUP(Recharged_Feasible_matv3!$A24,'20Trips'!$A$24:$G$26, 3,FALSE)=VLOOKUP(I$1,'20Trips'!$A$3:$I$22,3,FALSE),VLOOKUP(I$1,'20Trips'!$A$3:$I$22,8,FALSE)-VLOOKUP($B24,'20Trips'!$A$3:$I$22, 9,FALSE) >= (50+10)),1,0) -> 0 | J24: =IF(AND(feasible_mat!I3=1, VLOOKUP(Recharged_Feasible_matv3!$A24,'20Trips'!$A$24:$G$26, 3,FALSE)=VLOOKUP(J$1,'20Trips'!$A$3:$I$22,3,FALSE),VLOOKUP(J$1,'20Trips'!$A$3:$I$22,8,FALSE)-VLOOKUP($B24,'20Trips'!$A$3:$I$22, 9,FALSE) >= (50+10)),1,0) -> 0 | K24: =IF(AND(feasible_mat!J3=1, VLOOKUP(Recharged_Feasible_matv3!$A24,'20Trips'!$A$24:$G$26, 3,FALSE)=VLOOKUP(K$1,'20Trips'!$A$3:$I$22,3,FALSE),VLOOKUP(K$1,'20Trips'!$A$3:$I$22,8,FALSE)-VLOOKUP($B24,'20Trips'!$A$3:$I$22, 9,FALSE) >= (50+10)),1,0) -> 1 | ... W24: =IF(AND(feasible_mat!V3=1, VLOOKUP(Recharged_Feasible_matv3!$A24,'20Trips'!$A$24:$G$26, 3,FALSE)=VLOOKUP(W$1,'20Trips'!$A$3:$I$22,3,FALSE),VLOOKUP(W$1,'20Trips'!$A$3:$I$22,8,FALSE)-VLOOKUP($B24,'20Trips'!$A$3:$I$22, 9,FALSE) >= (50+10)),1,0) -> 0
A25: CS1a | B25: AB2 | C25: 0 | D25: =IF(AND(feasible_mat!C4=1, VLOOKUP(Recharged_Feasible_matv3!$A25,'20Trips'!$A$24:$G$26, 3,FALSE)=VLOOKUP(D$1,'20Trips'!$A$3:$I$22,3,FALSE),VLOOKUP(D$1,'20Trips'!$A$3:$I$22,8,FALSE)-VLOOKUP($B25,'20Trips'!$A$3:$I$22, 9,FALSE) >= (50+10)),1,0) -> 0 | E25: =IF(AND(feasible_mat!D4=1, VLOOKUP(Recharged_Feasible_matv3!$A25,'20Trips'!$A$24:$G$26, 3,FALSE)=VLOOKUP(E$1,'20Trips'!$A$3:$I$22,3,FALSE),VLOOKUP(E$1,'20Trips'!$A$3:$I$22,8,FALSE)-VLOOKUP($B25,'20Trips'!$A$3:$I$22, 9,FALSE) >= (50+10)),1,0) -> 0 | F25: =IF(AND(feasible_mat!E4=1, VLOOKUP(Recharged_Feasible_matv3!$A25,'20Trips'!$A$24:$G$26, 3,FALSE)=VLOOKUP(F$1,'20Trips'!$A$3:$I$22,3,FALSE),VLOOKUP(F$1,'20Trips'!$A$3:$I$22,8,FALSE)-VLOOKUP($B25,'20Trips'!$A$3:$I$22, 9,FALSE) >= (50+10)),1,0) -> 0 | G25: =IF(AND(feasible_mat!F4=1, VLOOKUP(Recharged_Feasible_matv3!$A25,'20Trips'!$A$24:$G$26, 3,FALSE)=VLOOKUP(G$1,'20Trips'!$A$3:$I$22,3,FALSE),VLOOKUP(G$1,'20Trips'!$A$3:$I$22,8,FALSE)-VLOOKUP($B25,'20Trips'!$A$3:$I$22, 9,FALSE) >= (50+10)),1,0) -> 0 | H25: =IF(AND(feasible_mat!G4=1, VLOOKUP(Recharged_Feasible_matv3!$A25,'20Trips'!$A$24:$G$26, 3,FALSE)=VLOOKUP(H$1,'20Trips'!$A$3:$I$22,3,FALSE),VLOOKUP(H$1,'20Trips'!$A$3:$I$22,8,FALSE)-VLOOKUP($B25,'20Trips'!$A$3:$I$22, 9,FALSE) >= (50+10)),1,0) -> 1 | I25: =IF(AND(feasible_mat!H4=1, VLOOKUP(Recharged_Feasible_matv3!$A25,'20Trips'!$A$24:$G$26, 3,FALSE)=VLOOKUP(I$1,'20Trips'!$A$3:$I$22,3,FALSE),VLOOKUP(I$1,'20Trips'!$A$3:$I$22,8,FALSE)-VLOOKUP($B25,'20Trips'!$A$3:$I$22, 9,FALSE) >= (50+10)),1,0) -> 0 | J25: =IF(AND(feasible_mat!I4=1, VLOOKUP(Recharged_Feasible_matv3!$A25,'20Trips'!$A$24:$G$26, 3,FALSE)=VLOOKUP(J$1,'20Trips'!$A$3:$I$22,3,FALSE),VLOOKUP(J$1,'20Trips'!$A$3:$I$22,8,FALSE)-VLOOKUP($B25,'20Trips'!$A$3:$I$22, 9,FALSE) >= (50+10)),1,0) -> 0 | K25: =IF(AND(feasible_mat!J4=1, VLOOKUP(Recharged_Feasible_matv3!$A25,'20Trips'!$A$24:$G$26, 3,FALSE)=VLOOKUP(K$1,'20Trips'!$A$3:$I$22,3,FALSE),VLOOKUP(K$1,'20Trips'!$A$3:$I$22,8,FALSE)-VLOOKUP($B25,'20Trips'!$A$3:$I$22, 9,FALSE) >= (50+10)),1,0) -> 0 | ... W25: =IF(AND(feasible_mat!V4=1, VLOOKUP(Recharged_Feasible_matv3!$A25,'20Trips'!$A$24:$G$26, 3,FALSE)=VLOOKUP(W$1,'20Trips'!$A$3:$I$22,3,FALSE),VLOOKUP(W$1,'20Trips'!$A$3:$I$22,8,FALSE)-VLOOKUP($B25,'20Trips'!$A$3:$I$22, 9,FALSE) >= (50+10)),1,0) -> 0
A26: CS1a | B26: AB3 | C26: 0 | D26: =IF(AND(feasible_mat!C5=1, VLOOKUP(Recharged_Feasible_matv3!$A26,'20Trips'!$A$24:$G$26, 3,FALSE)=VLOOKUP(D$1,'20Trips'!$A$3:$I$22,3,FALSE),VLOOKUP(D$1,'20Trips'!$A$3:$I$22,8,FALSE)-VLOOKUP($B26,'20Trips'!$A$3:$I$22, 9,FALSE) >= (50+10)),1,0) -> 0 | E26: =IF(AND(feasible_mat!D5=1, VLOOKUP(Recharged_Feasible_matv3!$A26,'20Trips'!$A$24:$G$26, 3,FALSE)=VLOOKUP(E$1,'20Trips'!$A$3:$I$22,3,FALSE),VLOOKUP(E$1,'20Trips'!$A$3:$I$22,8,FALSE)-VLOOKUP($B26,'20Trips'!$A$3:$I$22, 9,FALSE) >= (50+10)),1,0) -> 0 | F26: =IF(AND(feasible_mat!E5=1, VLOOKUP(Recharged_Feasible_matv3!$A26,'20Trips'!$A$24:$G$26, 3,FALSE)=VLOOKUP(F$1,'20Trips'!$A$3:$I$22,3,FALSE),VLOOKUP(F$1,'20Trips'!$A$3:$I$22,8,FALSE)-VLOOKUP($B26,'20Trips'!$A$3:$I$22, 9,FALSE) >= (50+10)),1,0) -> 0 | G26: =IF(AND(feasible_mat!F5=1, VLOOKUP(Recharged_Feasible_matv3!$A26,'20Trips'!$A$24:$G$26, 3,FALSE)=VLOOKUP(G$1,'20Trips'!$A$3:$I$22,3,FALSE),VLOOKUP(G$1,'20Trips'!$A$3:$I$22,8,FALSE)-VLOOKUP($B26,'20Trips'!$A$3:$I$22, 9,FALSE) >= (50+10)),1,0) -> 0 | H26: =IF(AND(feasible_mat!G5=1, VLOOKUP(Recharged_Feasible_matv3!$A26,'20Trips'!$A$24:$G$26, 3,FALSE)=VLOOKUP(H$1,'20Trips'!$A$3:$I$22,3,FALSE),VLOOKUP(H$1,'20Trips'!$A$3:$I$22,8,FALSE)-VLOOKUP($B26,'20Trips'!$A$3:$I$22, 9,FALSE) >= (50+10)),1,0) -> 0 | I26: =IF(AND(feasible_mat!H5=1, VLOOKUP(Recharged_Feasible_matv3!$A26,'20Trips'!$A$24:$G$26, 3,FALSE)=VLOOKUP(I$1,'20Trips'!$A$3:$I$22,3,FALSE),VLOOKUP(I$1,'20Trips'!$A$3:$I$22,8,FALSE)-VLOOKUP($B26,'20Trips'!$A$3:$I$22, 9,FALSE) >= (50+10)),1,0) -> 0 | J26: =IF(AND(feasible_mat!I5=1, VLOOKUP(Recharged_Feasible_matv3!$A26,'20Trips'!$A$24:$G$26, 3,FALSE)=VLOOKUP(J$1,'20Trips'!$A$3:$I$22,3,FALSE),VLOOKUP(J$1,'20Trips'!$A$3:$I$22,8,FALSE)-VLOOKUP($B26,'20Trips'!$A$3:$I$22, 9,FALSE) >= (50+10)),1,0) -> 0 | K26: =IF(AND(feasible_mat!J5=1, VLOOKUP(Recharged_Feasible_matv3!$A26,'20Trips'!$A$24:$G$26, 3,FALSE)=VLOOKUP(K$1,'20Trips'!$A$3:$I$22,3,FALSE),VLOOKUP(K$1,'20Trips'!$A$3:$I$22,8,FALSE)-VLOOKUP($B26,'20Trips'!$A$3:$I$22, 9,FALSE) >= (50+10)),1,0) -> 0 | ... W26: =IF(AND(feasible_mat!V5=1, VLOOKUP(Recharged_Feasible_matv3!$A26,'20Trips'!$A$24:$G$26, 3,FALSE)=VLOOKUP(W$1,'20Trips'!$A$3:$I$22,3,FALSE),VLOOKUP(W$1,'20Trips'!$A$3:$I$22,8,FALSE)-VLOOKUP($B26,'20Trips'!$A$3:$I$22, 9,FALSE) >= (50+10)),1,0) -> 0
A27: CS1a | B27: AB4 | C27: 0 | D27: =IF(AND(feasible_mat!C6=1, VLOOKUP(Recharged_Feasible_matv3!$A27,'20Trips'!$A$24:$G$26, 3,FALSE)=VLOOKUP(D$1,'20Trips'!$A$3:$I$22,3,FALSE),VLOOKUP(D$1,'20Trips'!$A$3:$I$22,8,FALSE)-VLOOKUP($B27,'20Trips'!$A$3:$I$22, 9,FALSE) >= (50+10)),1,0) -> 0 | E27: =IF(AND(feasible_mat!D6=1, VLOOKUP(Recharged_Feasible_matv3!$A27,'20Trips'!$A$24:$G$26, 3,FALSE)=VLOOKUP(E$1,'20Trips'!$A$3:$I$22,3,FALSE),VLOOKUP(E$1,'20Trips'!$A$3:$I$22,8,FALSE)-VLOOKUP($B27,'20Trips'!$A$3:$I$22, 9,FALSE) >= (50+10)),1,0) -> 0 | F27: =IF(AND(feasible_mat!E6=1, VLOOKUP(Recharged_Feasible_matv3!$A27,'20Trips'!$A$24:$G$26, 3,FALSE)=VLOOKUP(F$1,'20Trips'!$A$3:$I$22,3,FALSE),VLOOKUP(F$1,'20Trips'!$A$3:$I$22,8,FALSE)-VLOOKUP($B27,'20Trips'!$A$3:$I$22, 9,FALSE) >= (50+10)),1,0) -> 0 | G27: =IF(AND(feasible_mat!F6=1, VLOOKUP(Recharged_Feasible_matv3!$A27,'20Trips'!$A$24:$G$26, 3,FALSE)=VLOOKUP(G$1,'20Trips'!$A$3:$I$22,3,FALSE),VLOOKUP(G$1,'20Trips'!$A$3:$I$22,8,FALSE)-VLOOKUP($B27,'20Trips'!$A$3:$I$22, 9,FALSE) >= (50+10)),1,0) -> 0 | H27: =IF(AND(feasible_mat!G6=1, VLOOKUP(Recharged_Feasible_matv3!$A27,'20Trips'!$A$24:$G$26, 3,FALSE)=VLOOKUP(H$1,'20Trips'!$A$3:$I$22,3,FALSE),VLOOKUP(H$1,'20Trips'!$A$3:$I$22,8,FALSE)-VLOOKUP($B27,'20Trips'!$A$3:$I$22, 9,FALSE) >= (50+10)),1,0) -> 0 | I27: =IF(AND(feasible_mat!H6=1, VLOOKUP(Recharged_Feasible_matv3!$A27,'20Trips'!$A$24:$G$26, 3,FALSE)=VLOOKUP(I$1,'20Trips'!$A$3:$I$22,3,FALSE),VLOOKUP(I$1,'20Trips'!$A$3:$I$22,8,FALSE)-VLOOKUP($B27,'20Trips'!$A$3:$I$22, 9,FALSE) >= (50+10)),1,0) -> 0 | J27: =IF(AND(feasible_mat!I6=1, VLOOKUP(Recharged_Feasible_matv3!$A27,'20Trips'!$A$24:$G$26, 3,FALSE)=VLOOKUP(J$1,'20Trips'!$A$3:$I$22,3,FALSE),VLOOKUP(J$1,'20Trips'!$A$3:$I$22,8,FALSE)-VLOOKUP($B27,'20Trips'!$A$3:$I$22, 9,FALSE) >= (50+10)),1,0) -> 0 | K27: =IF(AND(feasible_mat!J6=1, VLOOKUP(Recharged_Feasible_matv3!$A27,'20Trips'!$A$24:$G$26, 3,FALSE)=VLOOKUP(K$1,'20Trips'!$A$3:$I$22,3,FALSE),VLOOKUP(K$1,'20Trips'!$A$3:$I$22,8,FALSE)-VLOOKUP($B27,'20Trips'!$A$3:$I$22, 9,FALSE) >= (50+10)),1,0) -> 0 | ... W27: =IF(AND(feasible_mat!V6=1, VLOOKUP(Recharged_Feasible_matv3!$A27,'20Trips'!$A$24:$G$26, 3,FALSE)=VLOOKUP(W$1,'20Trips'!$A$3:$I$22,3,FALSE),VLOOKUP(W$1,'20Trips'!$A$3:$I$22,8,FALSE)-VLOOKUP($B27,'20Trips'!$A$3:$I$22, 9,FALSE) >= (50+10)),1,0) -> 0
A28: CS1a | B28: AB5 | C28: 0 | D28: =IF(AND(feasible_mat!C7=1, VLOOKUP(Recharged_Feasible_matv3!$A28,'20Trips'!$A$24:$G$26, 3,FALSE)=VLOOKUP(D$1,'20Trips'!$A$3:$I$22,3,FALSE),VLOOKUP(D$1,'20Trips'!$A$3:$I$22,8,FALSE)-VLOOKUP($B28,'20Trips'!$A$3:$I$22, 9,FALSE) >= (50+10)),1,0) -> 0 | E28: =IF(AND(feasible_mat!D7=1, VLOOKUP(Recharged_Feasible_matv3!$A28,'20Trips'!$A$24:$G$26, 3,FALSE)=VLOOKUP(E$1,'20Trips'!$A$3:$I$22,3,FALSE),VLOOKUP(E$1,'20Trips'!$A$3:$I$22,8,FALSE)-VLOOKUP($B28,'20Trips'!$A$3:$I$22, 9,FALSE) >= (50+10)),1,0) -> 0 | F28: =IF(AND(feasible_mat!E7=1, VLOOKUP(Recharged_Feasible_matv3!$A28,'20Trips'!$A$24:$G$26, 3,FALSE)=VLOOKUP(F$1,'20Trips'!$A$3:$I$22,3,FALSE),VLOOKUP(F$1,'20Trips'!$A$3:$I$22,8,FALSE)-VLOOKUP($B28,'20Trips'!$A$3:$I$22, 9,FALSE) >= (50+10)),1,0) -> 0 | G28: =IF(AND(feasible_mat!F7=1, VLOOKUP(Recharged_Feasible_matv3!$A28,'20Trips'!$A$24:$G$26, 3,FALSE)=VLOOKUP(G$1,'20Trips'!$A$3:$I$22,3,FALSE),VLOOKUP(G$1,'20Trips'!$A$3:$I$22,8,FALSE)-VLOOKUP($B28,'20Trips'!$A$3:$I$22, 9,FALSE) >= (50+10)),1,0) -> 0 | H28: =IF(AND(feasible_mat!G7=1, VLOOKUP(Recharged_Feasible_matv3!$A28,'20Trips'!$A$24:$G$26, 3,FALSE)=VLOOKUP(H$1,'20Trips'!$A$3:$I$22,3,FALSE),VLOOKUP(H$1,'20Trips'!$A$3:$I$22,8,FALSE)-VLOOKUP($B28,'20Trips'!$A$3:$I$22, 9,FALSE) >= (50+10)),1,0) -> 0 | I28: =IF(AND(feasible_mat!H7=1, VLOOKUP(Recharged_Feasible_matv3!$A28,'20Trips'!$A$24:$G$26, 3,FALSE)=VLOOKUP(I$1,'20Trips'!$A$3:$I$22,3,FALSE),VLOOKUP(I$1,'20Trips'!$A$3:$I$22,8,FALSE)-VLOOKUP($B28,'20Trips'!$A$3:$I$22, 9,FALSE) >= (50+10)),1,0) -> 0 | J28: =IF(AND(feasible_mat!I7=1, VLOOKUP(Recharged_Feasible_matv3!$A28,'20Trips'!$A$24:$G$26, 3,FALSE)=VLOOKUP(J$1,'20Trips'!$A$3:$I$22,3,FALSE),VLOOKUP(J$1,'20Trips'!$A$3:$I$22,8,FALSE)-VLOOKUP($B28,'20Trips'!$A$3:$I$22, 9,FALSE) >= (50+10)),1,0) -> 0 | K28: =IF(AND(feasible_mat!J7=1, VLOOKUP(Recharged_Feasible_matv3!$A28,'20Trips'!$A$24:$G$26, 3,FALSE)=VLOOKUP(K$1,'20Trips'!$A$3:$I$22,3,FALSE),VLOOKUP(K$1,'20Trips'!$A$3:$I$22,8,FALSE)-VLOOKUP($B28,'20Trips'!$A$3:$I$22, 9,FALSE) >= (50+10)),1,0) -> 0 | ... W28: =IF(AND(feasible_mat!V7=1, VLOOKUP(Recharged_Feasible_matv3!$A28,'20Trips'!$A$24:$G$26, 3,FALSE)=VLOOKUP(W$1,'20Trips'!$A$3:$I$22,3,FALSE),VLOOKUP(W$1,'20Trips'!$A$3:$I$22,8,FALSE)-VLOOKUP($B28,'20Trips'!$A$3:$I$22, 9,FALSE) >= (50+10)),1,0) -> 0
A29: CS1a | B29: AC1 | C29: 0 | D29: =IF(AND(feasible_mat!C8=1, VLOOKUP(Recharged_Feasible_matv3!$A29,'20Trips'!$A$24:$G$26, 3,FALSE)=VLOOKUP(D$1,'20Trips'!$A$3:$I$22,3,FALSE),VLOOKUP(D$1,'20Trips'!$A$3:$I$22,8,FALSE)-VLOOKUP($B29,'20Trips'!$A$3:$I$22, 9,FALSE) >= (50+10)),1,0) -> 0 | E29: =IF(AND(feasible_mat!D8=1, VLOOKUP(Recharged_Feasible_matv3!$A29,'20Trips'!$A$24:$G$26, 3,FALSE)=VLOOKUP(E$1,'20Trips'!$A$3:$I$22,3,FALSE),VLOOKUP(E$1,'20Trips'!$A$3:$I$22,8,FALSE)-VLOOKUP($B29,'20Trips'!$A$3:$I$22, 9,FALSE) >= (50+10)),1,0) -> 0 | F29: =IF(AND(feasible_mat!E8=1, VLOOKUP(Recharged_Feasible_matv3!$A29,'20Trips'!$A$24:$G$26, 3,FALSE)=VLOOKUP(F$1,'20Trips'!$A$3:$I$22,3,FALSE),VLOOKUP(F$1,'20Trips'!$A$3:$I$22,8,FALSE)-VLOOKUP($B29,'20Trips'!$A$3:$I$22, 9,FALSE) >= (50+10)),1,0) -> 1 | G29: =IF(AND(feasible_mat!F8=1, VLOOKUP(Recharged_Feasible_matv3!$A29,'20Trips'!$A$24:$G$26, 3,FALSE)=VLOOKUP(G$1,'20Trips'!$A$3:$I$22,3,FALSE),VLOOKUP(G$1,'20Trips'!$A$3:$I$22,8,FALSE)-VLOOKUP($B29,'20Trips'!$A$3:$I$22, 9,FALSE) >= (50+10)),1,0) -> 1 | H29: =IF(AND(feasible_mat!G8=1, VLOOKUP(Recharged_Feasible_matv3!$A29,'20Trips'!$A$24:$G$26, 3,FALSE)=VLOOKUP(H$1,'20Trips'!$A$3:$I$22,3,FALSE),VLOOKUP(H$1,'20Trips'!$A$3:$I$22,8,FALSE)-VLOOKUP($B29,'20Trips'!$A$3:$I$22, 9,FALSE) >= (50+10)),1,0) -> 1 | I29: =IF(AND(feasible_mat!H8=1, VLOOKUP(Recharged_Feasible_matv3!$A29,'20Trips'!$A$24:$G$26, 3,FALSE)=VLOOKUP(I$1,'20Trips'!$A$3:$I$22,3,FALSE),VLOOKUP(I$1,'20Trips'!$A$3:$I$22,8,FALSE)-VLOOKUP($B29,'20Trips'!$A$3:$I$22, 9,FALSE) >= (50+10)),1,0) -> 0 | J29: =IF(AND(feasible_mat!I8=1, VLOOKUP(Recharged_Feasible_matv3!$A29,'20Trips'!$A$24:$G$26, 3,FALSE)=VLOOKUP(J$1,'20Trips'!$A$3:$I$22,3,FALSE),VLOOKUP(J$1,'20Trips'!$A$3:$I$22,8,FALSE)-VLOOKUP($B29,'20Trips'!$A$3:$I$22, 9,FALSE) >= (50+10)),1,0) -> 0 | K29: =IF(AND(feasible_mat!J8=1, VLOOKUP(Recharged_Feasible_matv3!$A29,'20Trips'!$A$24:$G$26, 3,FALSE)=VLOOKUP(K$1,'20Trips'!$A$3:$I$22,3,FALSE),VLOOKUP(K$1,'20Trips'!$A$3:$I$22,8,FALSE)-VLOOKUP($B29,'20Trips'!$A$3:$I$22, 9,FALSE) >= (50+10)),1,0) -> 1 | ... W29: =IF(AND(feasible_mat!V8=1, VLOOKUP(Recharged_Feasible_matv3!$A29,'20Trips'!$A$24:$G$26, 3,FALSE)=VLOOKUP(W$1,'20Trips'!$A$3:$I$22,3,FALSE),VLOOKUP(W$1,'20Trips'!$A$3:$I$22,8,FALSE)-VLOOKUP($B29,'20Trips'!$A$3:$I$22, 9,FALSE) >= (50+10)),1,0) -> 0
A30: CS1a | B30: AC2 | C30: 0 | D30: =IF(AND(feasible_mat!C9=1, VLOOKUP(Recharged_Feasible_matv3!$A30,'20Trips'!$A$24:$G$26, 3,FALSE)=VLOOKUP(D$1,'20Trips'!$A$3:$I$22,3,FALSE),VLOOKUP(D$1,'20Trips'!$A$3:$I$22,8,FALSE)-VLOOKUP($B30,'20Trips'!$A$3:$I$22, 9,FALSE) >= (50+10)),1,0) -> 0 | E30: =IF(AND(feasible_mat!D9=1, VLOOKUP(Recharged_Feasible_matv3!$A30,'20Trips'!$A$24:$G$26, 3,FALSE)=VLOOKUP(E$1,'20Trips'!$A$3:$I$22,3,FALSE),VLOOKUP(E$1,'20Trips'!$A$3:$I$22,8,FALSE)-VLOOKUP($B30,'20Trips'!$A$3:$I$22, 9,FALSE) >= (50+10)),1,0) -> 0 | F30: =IF(AND(feasible_mat!E9=1, VLOOKUP(Recharged_Feasible_matv3!$A30,'20Trips'!$A$24:$G$26, 3,FALSE)=VLOOKUP(F$1,'20Trips'!$A$3:$I$22,3,FALSE),VLOOKUP(F$1,'20Trips'!$A$3:$I$22,8,FALSE)-VLOOKUP($B30,'20Trips'!$A$3:$I$22, 9,FALSE) >= (50+10)),1,0) -> 0 | G30: =IF(AND(feasible_mat!F9=1, VLOOKUP(Recharged_Feasible_matv3!$A30,'20Trips'!$A$24:$G$26, 3,FALSE)=VLOOKUP(G$1,'20Trips'!$A$3:$I$22,3,FALSE),VLOOKUP(G$1,'20Trips'!$A$3:$I$22,8,FALSE)-VLOOKUP($B30,'20Trips'!$A$3:$I$22, 9,FALSE) >= (50+10)),1,0) -> 1 | H30: =IF(AND(feasible_mat!G9=1, VLOOKUP(Recharged_Feasible_matv3!$A30,'20Trips'!$A$24:$G$26, 3,FALSE)=VLOOKUP(H$1,'20Trips'!$A$3:$I$22,3,FALSE),VLOOKUP(H$1,'20Trips'!$A$3:$I$22,8,FALSE)-VLOOKUP($B30,'20Trips'!$A$3:$I$22, 9,FALSE) >= (50+10)),1,0) -> 1 | I30: =IF(AND(feasible_mat!H9=1, VLOOKUP(Recharged_Feasible_matv3!$A30,'20Trips'!$A$24:$G$26, 3,FALSE)=VLOOKUP(I$1,'20Trips'!$A$3:$I$22,3,FALSE),VLOOKUP(I$1,'20Trips'!$A$3:$I$22,8,FALSE)-VLOOKUP($B30,'20Trips'!$A$3:$I$22, 9,FALSE) >= (50+10)),1,0) -> 0 | J30: =IF(AND(feasible_mat!I9=1, VLOOKUP(Recharged_Feasible_matv3!$A30,'20Trips'!$A$24:$G$26, 3,FALSE)=VLOOKUP(J$1,'20Trips'!$A$3:$I$22,3,FALSE),VLOOKUP(J$1,'20Trips'!$A$3:$I$22,8,FALSE)-VLOOKUP($B30,'20Trips'!$A$3:$I$22, 9,FALSE) >= (50+10)),1,0) -> 0 | K30: =IF(AND(feasible_mat!J9=1, VLOOKUP(Recharged_Feasible_matv3!$A30,'20Trips'!$A$24:$G$26, 3,FALSE)=VLOOKUP(K$1,'20Trips'!$A$3:$I$22,3,FALSE),VLOOKUP(K$1,'20Trips'!$A$3:$I$22,8,FALSE)-VLOOKUP($B30,'20Trips'!$A$3:$I$22, 9,FALSE) >= (50+10)),1,0) -> 0 | ... W30: =IF(AND(feasible_mat!V9=1, VLOOKUP(Recharged_Feasible_matv3!$A30,'20Trips'!$A$24:$G$26, 3,FALSE)=VLOOKUP(W$1,'20Trips'!$A$3:$I$22,3,FALSE),VLOOKUP(W$1,'20Trips'!$A$3:$I$22,8,FALSE)-VLOOKUP($B30,'20Trips'!$A$3:$I$22, 9,FALSE) >= (50+10)),1,0) -> 0
A31: CS1a | B31: AC3 | C31: 0 | D31: =IF(AND(feasible_mat!C10=1, VLOOKUP(Recharged_Feasible_matv3!$A31,'20Trips'!$A$24:$G$26, 3,FALSE)=VLOOKUP(D$1,'20Trips'!$A$3:$I$22,3,FALSE),VLOOKUP(D$1,'20Trips'!$A$3:$I$22,8,FALSE)-VLOOKUP($B31,'20Trips'!$A$3:$I$22, 9,FALSE) >= (50+10)),1,0) -> 0 | E31: =IF(AND(feasible_mat!D10=1, VLOOKUP(Recharged_Feasible_matv3!$A31,'20Trips'!$A$24:$G$26, 3,FALSE)=VLOOKUP(E$1,'20Trips'!$A$3:$I$22,3,FALSE),VLOOKUP(E$1,'20Trips'!$A$3:$I$22,8,FALSE)-VLOOKUP($B31,'20Trips'!$A$3:$I$22, 9,FALSE) >= (50+10)),1,0) -> 0 | F31: =IF(AND(feasible_mat!E10=1, VLOOKUP(Recharged_Feasible_matv3!$A31,'20Trips'!$A$24:$G$26, 3,FALSE)=VLOOKUP(F$1,'20Trips'!$A$3:$I$22,3,FALSE),VLOOKUP(F$1,'20Trips'!$A$3:$I$22,8,FALSE)-VLOOKUP($B31,'20Trips'!$A$3:$I$22, 9,FALSE) >= (50+10)),1,0) -> 0 | G31: =IF(AND(feasible_mat!F10=1, VLOOKUP(Recharged_Feasible_matv3!$A31,'20Trips'!$A$24:$G$26, 3,FALSE)=VLOOKUP(G$1,'20Trips'!$A$3:$I$22,3,FALSE),VLOOKUP(G$1,'20Trips'!$A$3:$I$22,8,FALSE)-VLOOKUP($B31,'20Trips'!$A$3:$I$22, 9,FALSE) >= (50+10)),1,0) -> 0 | H31: =IF(AND(feasible_mat!G10=1, VLOOKUP(Recharged_Feasible_matv3!$A31,'20Trips'!$A$24:$G$26, 3,FALSE)=VLOOKUP(H$1,'20Trips'!$A$3:$I$22,3,FALSE),VLOOKUP(H$1,'20Trips'!$A$3:$I$22,8,FALSE)-VLOOKUP($B31,'20Trips'!$A$3:$I$22, 9,FALSE) >= (50+10)),1,0) -> 0 | I31: =IF(AND(feasible_mat!H10=1, VLOOKUP(Recharged_Feasible_matv3!$A31,'20Trips'!$A$24:$G$26, 3,FALSE)=VLOOKUP(I$1,'20Trips'!$A$3:$I$22,3,FALSE),VLOOKUP(I$1,'20Trips'!$A$3:$I$22,8,FALSE)-VLOOKUP($B31,'20Trips'!$A$3:$I$22, 9,FALSE) >= (50+10)),1,0) -> 0 | J31: =IF(AND(feasible_mat!I10=1, VLOOKUP(Recharged_Feasible_matv3!$A31,'20Trips'!$A$24:$G$26, 3,FALSE)=VLOOKUP(J$1,'20Trips'!$A$3:$I$22,3,FALSE),VLOOKUP(J$1,'20Trips'!$A$3:$I$22,8,FALSE)-VLOOKUP($B31,'20Trips'!$A$3:$I$22, 9,FALSE) >= (50+10)),1,0) -> 0 | K31: =IF(AND(feasible_mat!J10=1, VLOOKUP(Recharged_Feasible_matv3!$A31,'20Trips'!$A$24:$G$26, 3,FALSE)=VLOOKUP(K$1,'20Trips'!$A$3:$I$22,3,FALSE),VLOOKUP(K$1,'20Trips'!$A$3:$I$22,8,FALSE)-VLOOKUP($B31,'20Trips'!$A$3:$I$22, 9,FALSE) >= (50+10)),1,0) -> 0 | ... W31: =IF(AND(feasible_mat!V10=1, VLOOKUP(Recharged_Feasible_matv3!$A31,'20Trips'!$A$24:$G$26, 3,FALSE)=VLOOKUP(W$1,'20Trips'!$A$3:$I$22,3,FALSE),VLOOKUP(W$1,'20Trips'!$A$3:$I$22,8,FALSE)-VLOOKUP($B31,'20Trips'!$A$3:$I$22, 9,FALSE) >= (50+10)),1,0) -> 0
A32: CS1a | B32: AC4 | C32: 0 | D32: =IF(AND(feasible_mat!C11=1, VLOOKUP(Recharged_Feasible_matv3!$A32,'20Trips'!$A$24:$G$26, 3,FALSE)=VLOOKUP(D$1,'20Trips'!$A$3:$I$22,3,FALSE),VLOOKUP(D$1,'20Trips'!$A$3:$I$22,8,FALSE)-VLOOKUP($B32,'20Trips'!$A$3:$I$22, 9,FALSE) >= (50+10)),1,0) -> 0 | E32: =IF(AND(feasible_mat!D11=1, VLOOKUP(Recharged_Feasible_matv3!$A32,'20Trips'!$A$24:$G$26, 3,FALSE)=VLOOKUP(E$1,'20Trips'!$A$3:$I$22,3,FALSE),VLOOKUP(E$1,'20Trips'!$A$3:$I$22,8,FALSE)-VLOOKUP($B32,'20Trips'!$A$3:$I$22, 9,FALSE) >= (50+10)),1,0) -> 0 | F32: =IF(AND(feasible_mat!E11=1, VLOOKUP(Recharged_Feasible_matv3!$A32,'20Trips'!$A$24:$G$26, 3,FALSE)=VLOOKUP(F$1,'20Trips'!$A$3:$I$22,3,FALSE),VLOOKUP(F$1,'20Trips'!$A$3:$I$22,8,FALSE)-VLOOKUP($B32,'20Trips'!$A$3:$I$22, 9,FALSE) >= (50+10)),1,0) -> 0 | G32: =IF(AND(feasible_mat!F11=1, VLOOKUP(Recharged_Feasible_matv3!$A32,'20Trips'!$A$24:$G$26, 3,FALSE)=VLOOKUP(G$1,'20Trips'!$A$3:$I$22,3,FALSE),VLOOKUP(G$1,'20Trips'!$A$3:$I$22,8,FALSE)-VLOOKUP($B32,'20Trips'!$A$3:$I$22, 9,FALSE) >= (50+10)),1,0) -> 0 | H32: =IF(AND(feasible_mat!G11=1, VLOOKUP(Recharged_Feasible_matv3!$A32,'20Trips'!$A$24:$G$26, 3,FALSE)=VLOOKUP(H$1,'20Trips'!$A$3:$I$22,3,FALSE),VLOOKUP(H$1,'20Trips'!$A$3:$I$22,8,FALSE)-VLOOKUP($B32,'20Trips'!$A$3:$I$22, 9,FALSE) >= (50+10)),1,0) -> 0 | I32: =IF(AND(feasible_mat!H11=1, VLOOKUP(Recharged_Feasible_matv3!$A32,'20Trips'!$A$24:$G$26, 3,FALSE)=VLOOKUP(I$1,'20Trips'!$A$3:$I$22,3,FALSE),VLOOKUP(I$1,'20Trips'!$A$3:$I$22,8,FALSE)-VLOOKUP($B32,'20Trips'!$A$3:$I$22, 9,FALSE) >= (50+10)),1,0) -> 0 | J32: =IF(AND(feasible_mat!I11=1, VLOOKUP(Recharged_Feasible_matv3!$A32,'20Trips'!$A$24:$G$26, 3,FALSE)=VLOOKUP(J$1,'20Trips'!$A$3:$I$22,3,FALSE),VLOOKUP(J$1,'20Trips'!$A$3:$I$22,8,FALSE)-VLOOKUP($B32,'20Trips'!$A$3:$I$22, 9,FALSE) >= (50+10)),1,0) -> 0 | K32: =IF(AND(feasible_mat!J11=1, VLOOKUP(Recharged_Feasible_matv3!$A32,'20Trips'!$A$24:$G$26, 3,FALSE)=VLOOKUP(K$1,'20Trips'!$A$3:$I$22,3,FALSE),VLOOKUP(K$1,'20Trips'!$A$3:$I$22,8,FALSE)-VLOOKUP($B32,'20Trips'!$A$3:$I$22, 9,FALSE) >= (50+10)),1,0) -> 0 | ... W32: =IF(AND(feasible_mat!V11=1, VLOOKUP(Recharged_Feasible_matv3!$A32,'20Trips'!$A$24:$G$26, 3,FALSE)=VLOOKUP(W$1,'20Trips'!$A$3:$I$22,3,FALSE),VLOOKUP(W$1,'20Trips'!$A$3:$I$22,8,FALSE)-VLOOKUP($B32,'20Trips'!$A$3:$I$22, 9,FALSE) >= (50+10)),1,0) -> 0 | Y32: =VLOOKUP(D$1,'20Trips'!A3:I22,8,FALSE)-VLOOKUP($A45,'20Trips'!A3:I22, 9,FALSE) >= (50+10) -> #N/A
A33: CS1a | B33: AC5 | C33: 0 | D33: =IF(AND(feasible_mat!C12=1, VLOOKUP(Recharged_Feasible_matv3!$A33,'20Trips'!$A$24:$G$26, 3,FALSE)=VLOOKUP(D$1,'20Trips'!$A$3:$I$22,3,FALSE),VLOOKUP(D$1,'20Trips'!$A$3:$I$22,8,FALSE)-VLOOKUP($B33,'20Trips'!$A$3:$I$22, 9,FALSE) >= (50+10)),1,0) -> 0 | E33: =IF(AND(feasible_mat!D12=1, VLOOKUP(Recharged_Feasible_matv3!$A33,'20Trips'!$A$24:$G$26, 3,FALSE)=VLOOKUP(E$1,'20Trips'!$A$3:$I$22,3,FALSE),VLOOKUP(E$1,'20Trips'!$A$3:$I$22,8,FALSE)-VLOOKUP($B33,'20Trips'!$A$3:$I$22, 9,FALSE) >= (50+10)),1,0) -> 0 | F33: =IF(AND(feasible_mat!E12=1, VLOOKUP(Recharged_Feasible_matv3!$A33,'20Trips'!$A$24:$G$26, 3,FALSE)=VLOOKUP(F$1,'20Trips'!$A$3:$I$22,3,FALSE),VLOOKUP(F$1,'20Trips'!$A$3:$I$22,8,FALSE)-VLOOKUP($B33,'20Trips'!$A$3:$I$22, 9,FALSE) >= (50+10)),1,0) -> 0 | G33: =IF(AND(feasible_mat!F12=1, VLOOKUP(Recharged_Feasible_matv3!$A33,'20Trips'!$A$24:$G$26, 3,FALSE)=VLOOKUP(G$1,'20Trips'!$A$3:$I$22,3,FALSE),VLOOKUP(G$1,'20Trips'!$A$3:$I$22,8,FALSE)-VLOOKUP($B33,'20Trips'!$A$3:$I$22, 9,FALSE) >= (50+10)),1,0) -> 0 | H33: =IF(AND(feasible_mat!G12=1, VLOOKUP(Recharged_Feasible_matv3!$A33,'20Trips'!$A$24:$G$26, 3,FALSE)=VLOOKUP(H$1,'20Trips'!$A$3:$I$22,3,FALSE),VLOOKUP(H$1,'20Trips'!$A$3:$I$22,8,FALSE)-VLOOKUP($B33,'20Trips'!$A$3:$I$22, 9,FALSE) >= (50+10)),1,0) -> 0 | I33: =IF(AND(feasible_mat!H12=1, VLOOKUP(Recharged_Feasible_matv3!$A33,'20Trips'!$A$24:$G$26, 3,FALSE)=VLOOKUP(I$1,'20Trips'!$A$3:$I$22,3,FALSE),VLOOKUP(I$1,'20Trips'!$A$3:$I$22,8,FALSE)-VLOOKUP($B33,'20Trips'!$A$3:$I$22, 9,FALSE) >= (50+10)),1,0) -> 0 | J33: =IF(AND(feasible_mat!I12=1, VLOOKUP(Recharged_Feasible_matv3!$A33,'20Trips'!$A$24:$G$26, 3,FALSE)=VLOOKUP(J$1,'20Trips'!$A$3:$I$22,3,FALSE),VLOOKUP(J$1,'20Trips'!$A$3:$I$22,8,FALSE)-VLOOKUP($B33,'20Trips'!$A$3:$I$22, 9,FALSE) >= (50+10)),1,0) -> 0 | K33: =IF(AND(feasible_mat!J12=1, VLOOKUP(Recharged_Feasible_matv3!$A33,'20Trips'!$A$24:$G$26, 3,FALSE)=VLOOKUP(K$1,'20Trips'!$A$3:$I$22,3,FALSE),VLOOKUP(K$1,'20Trips'!$A$3:$I$22,8,FALSE)-VLOOKUP($B33,'20Trips'!$A$3:$I$22, 9,FALSE) >= (50+10)),1,0) -> 0 | ... W33: =IF(AND(feasible_mat!V12=1, VLOOKUP(Recharged_Feasible_matv3!$A33,'20Trips'!$A$24:$G$26, 3,FALSE)=VLOOKUP(W$1,'20Trips'!$A$3:$I$22,3,FALSE),VLOOKUP(W$1,'20Trips'!$A$3:$I$22,8,FALSE)-VLOOKUP($B33,'20Trips'!$A$3:$I$22, 9,FALSE) >= (50+10)),1,0) -> 0 | Y33: =VLOOKUP(D$1,'20Trips'!A3:I22,8,FALSE) -> 560
A34: CS1a | B34: BA1 | C34: 0 | D34: =IF(AND(feasible_mat!C13=1, VLOOKUP(Recharged_Feasible_matv3!$A34,'20Trips'!$A$24:$G$26, 3,FALSE)=VLOOKUP(D$1,'20Trips'!$A$3:$I$22,3,FALSE),VLOOKUP(D$1,'20Trips'!$A$3:$I$22,8,FALSE)-VLOOKUP($B34,'20Trips'!$A$3:$I$22, 9,FALSE) >= (50+10)),1,0) -> 0 | E34: =IF(AND(feasible_mat!D13=1, VLOOKUP(Recharged_Feasible_matv3!$A34,'20Trips'!$A$24:$G$26, 3,FALSE)=VLOOKUP(E$1,'20Trips'!$A$3:$I$22,3,FALSE),VLOOKUP(E$1,'20Trips'!$A$3:$I$22,8,FALSE)-VLOOKUP($B34,'20Trips'!$A$3:$I$22, 9,FALSE) >= (50+10)),1,0) -> 1 | F34: =IF(AND(feasible_mat!E13=1, VLOOKUP(Recharged_Feasible_matv3!$A34,'20Trips'!$A$24:$G$26, 3,FALSE)=VLOOKUP(F$1,'20Trips'!$A$3:$I$22,3,FALSE),VLOOKUP(F$1,'20Trips'!$A$3:$I$22,8,FALSE)-VLOOKUP($B34,'20Trips'!$A$3:$I$22, 9,FALSE) >= (50+10)),1,0) -> 1 | G34: =IF(AND(feasible_mat!F13=1, VLOOKUP(Recharged_Feasible_matv3!$A34,'20Trips'!$A$24:$G$26, 3,FALSE)=VLOOKUP(G$1,'20Trips'!$A$3:$I$22,3,FALSE),VLOOKUP(G$1,'20Trips'!$A$3:$I$22,8,FALSE)-VLOOKUP($B34,'20Trips'!$A$3:$I$22, 9,FALSE) >= (50+10)),1,0) -> 1 | H34: =IF(AND(feasible_mat!G13=1, VLOOKUP(Recharged_Feasible_matv3!$A34,'20Trips'!$A$24:$G$26, 3,FALSE)=VLOOKUP(H$1,'20Trips'!$A$3:$I$22,3,FALSE),VLOOKUP(H$1,'20Trips'!$A$3:$I$22,8,FALSE)-VLOOKUP($B34,'20Trips'!$A$3:$I$22, 9,FALSE) >= (50+10)),1,0) -> 1 | I34: =IF(AND(feasible_mat!H13=1, VLOOKUP(Recharged_Feasible_matv3!$A34,'20Trips'!$A$24:$G$26, 3,FALSE)=VLOOKUP(I$1,'20Trips'!$A$3:$I$22,3,FALSE),VLOOKUP(I$1,'20Trips'!$A$3:$I$22,8,FALSE)-VLOOKUP($B34,'20Trips'!$A$3:$I$22, 9,FALSE) >= (50+10)),1,0) -> 0 | J34: =IF(AND(feasible_mat!I13=1, VLOOKUP(Recharged_Feasible_matv3!$A34,'20Trips'!$A$24:$G$26, 3,FALSE)=VLOOKUP(J$1,'20Trips'!$A$3:$I$22,3,FALSE),VLOOKUP(J$1,'20Trips'!$A$3:$I$22,8,FALSE)-VLOOKUP($B34,'20Trips'!$A$3:$I$22, 9,FALSE) >= (50+10)),1,0) -> 0 | K34: =IF(AND(feasible_mat!J13=1, VLOOKUP(Recharged_Feasible_matv3!$A34,'20Trips'!$A$24:$G$26, 3,FALSE)=VLOOKUP(K$1,'20Trips'!$A$3:$I$22,3,FALSE),VLOOKUP(K$1,'20Trips'!$A$3:$I$22,8,FALSE)-VLOOKUP($B34,'20Trips'!$A$3:$I$22, 9,FALSE) >= (50+10)),1,0) -> 1 | ... W34: =IF(AND(feasible_mat!V13=1, VLOOKUP(Recharged_Feasible_matv3!$A34,'20Trips'!$A$24:$G$26, 3,FALSE)=VLOOKUP(W$1,'20Trips'!$A$3:$I$22,3,FALSE),VLOOKUP(W$1,'20Trips'!$A$3:$I$22,8,FALSE)-VLOOKUP($B34,'20Trips'!$A$3:$I$22, 9,FALSE) >= (50+10)),1,0) -> 0 | Y34: =VLOOKUP($B45,'20Trips'!A3:I22, 9,FALSE) -> 695
A35: CS1a | B35: BA2 | C35: 0 | D35: =IF(AND(feasible_mat!C14=1, VLOOKUP(Recharged_Feasible_matv3!$A35,'20Trips'!$A$24:$G$26, 3,FALSE)=VLOOKUP(D$1,'20Trips'!$A$3:$I$22,3,FALSE),VLOOKUP(D$1,'20Trips'!$A$3:$I$22,8,FALSE)-VLOOKUP($B35,'20Trips'!$A$3:$I$22, 9,FALSE) >= (50+10)),1,0) -> 0 | E35: =IF(AND(feasible_mat!D14=1, VLOOKUP(Recharged_Feasible_matv3!$A35,'20Trips'!$A$24:$G$26, 3,FALSE)=VLOOKUP(E$1,'20Trips'!$A$3:$I$22,3,FALSE),VLOOKUP(E$1,'20Trips'!$A$3:$I$22,8,FALSE)-VLOOKUP($B35,'20Trips'!$A$3:$I$22, 9,FALSE) >= (50+10)),1,0) -> 0 | F35: =IF(AND(feasible_mat!E14=1, VLOOKUP(Recharged_Feasible_matv3!$A35,'20Trips'!$A$24:$G$26, 3,FALSE)=VLOOKUP(F$1,'20Trips'!$A$3:$I$22,3,FALSE),VLOOKUP(F$1,'20Trips'!$A$3:$I$22,8,FALSE)-VLOOKUP($B35,'20Trips'!$A$3:$I$22, 9,FALSE) >= (50+10)),1,0) -> 1 | G35: =IF(AND(feasible_mat!F14=1, VLOOKUP(Recharged_Feasible_matv3!$A35,'20Trips'!$A$24:$G$26, 3,FALSE)=VLOOKUP(G$1,'20Trips'!$A$3:$I$22,3,FALSE),VLOOKUP(G$1,'20Trips'!$A$3:$I$22,8,FALSE)-VLOOKUP($B35,'20Trips'!$A$3:$I$22, 9,FALSE) >= (50+10)),1,0) -> 1 | H35: =IF(AND(feasible_mat!G14=1, VLOOKUP(Recharged_Feasible_matv3!$A35,'20Trips'!$A$24:$G$26, 3,FALSE)=VLOOKUP(H$1,'20Trips'!$A$3:$I$22,3,FALSE),VLOOKUP(H$1,'20Trips'!$A$3:$I$22,8,FALSE)-VLOOKUP($B35,'20Trips'!$A$3:$I$22, 9,FALSE) >= (50+10)),1,0) -> 1 | I35: =IF(AND(feasible_mat!H14=1, VLOOKUP(Recharged_Feasible_matv3!$A35,'20Trips'!$A$24:$G$26, 3,FALSE)=VLOOKUP(I$1,'20Trips'!$A$3:$I$22,3,FALSE),VLOOKUP(I$1,'20Trips'!$A$3:$I$22,8,FALSE)-VLOOKUP($B35,'20Trips'!$A$3:$I$22, 9,FALSE) >= (50+10)),1,0) -> 0 | J35: =IF(AND(feasible_mat!I14=1, VLOOKUP(Recharged_Feasible_matv3!$A35,'20Trips'!$A$24:$G$26, 3,FALSE)=VLOOKUP(J$1,'20Trips'!$A$3:$I$22,3,FALSE),VLOOKUP(J$1,'20Trips'!$A$3:$I$22,8,FALSE)-VLOOKUP($B35,'20Trips'!$A$3:$I$22, 9,FALSE) >= (50+10)),1,0) -> 0 | K35: =IF(AND(feasible_mat!J14=1, VLOOKUP(Recharged_Feasible_matv3!$A35,'20Trips'!$A$24:$G$26, 3,FALSE)=VLOOKUP(K$1,'20Trips'!$A$3:$I$22,3,FALSE),VLOOKUP(K$1,'20Trips'!$A$3:$I$22,8,FALSE)-VLOOKUP($B35,'20Trips'!$A$3:$I$22, 9,FALSE) >= (50+10)),1,0) -> 0 | ... W35: =IF(AND(feasible_mat!V14=1, VLOOKUP(Recharged_Feasible_matv3!$A35,'20Trips'!$A$24:$G$26, 3,FALSE)=VLOOKUP(W$1,'20Trips'!$A$3:$I$22,3,FALSE),VLOOKUP(W$1,'20Trips'!$A$3:$I$22,8,FALSE)-VLOOKUP($B35,'20Trips'!$A$3:$I$22, 9,FALSE) >= (50+10)),1,0) -> 0
A36: CS1a | B36: BA3 | C36: 0 | D36: =IF(AND(feasible_mat!C15=1, VLOOKUP(Recharged_Feasible_matv3!$A36,'20Trips'!$A$24:$G$26, 3,FALSE)=VLOOKUP(D$1,'20Trips'!$A$3:$I$22,3,FALSE),VLOOKUP(D$1,'20Trips'!$A$3:$I$22,8,FALSE)-VLOOKUP($B36,'20Trips'!$A$3:$I$22, 9,FALSE) >= (50+10)),1,0) -> 0 | E36: =IF(AND(feasible_mat!D15=1, VLOOKUP(Recharged_Feasible_matv3!$A36,'20Trips'!$A$24:$G$26, 3,FALSE)=VLOOKUP(E$1,'20Trips'!$A$3:$I$22,3,FALSE),VLOOKUP(E$1,'20Trips'!$A$3:$I$22,8,FALSE)-VLOOKUP($B36,'20Trips'!$A$3:$I$22, 9,FALSE) >= (50+10)),1,0) -> 0 | F36: =IF(AND(feasible_mat!E15=1, VLOOKUP(Recharged_Feasible_matv3!$A36,'20Trips'!$A$24:$G$26, 3,FALSE)=VLOOKUP(F$1,'20Trips'!$A$3:$I$22,3,FALSE),VLOOKUP(F$1,'20Trips'!$A$3:$I$22,8,FALSE)-VLOOKUP($B36,'20Trips'!$A$3:$I$22, 9,FALSE) >= (50+10)),1,0) -> 0 | G36: =IF(AND(feasible_mat!F15=1, VLOOKUP(Recharged_Feasible_matv3!$A36,'20Trips'!$A$24:$G$26, 3,FALSE)=VLOOKUP(G$1,'20Trips'!$A$3:$I$22,3,FALSE),VLOOKUP(G$1,'20Trips'!$A$3:$I$22,8,FALSE)-VLOOKUP($B36,'20Trips'!$A$3:$I$22, 9,FALSE) >= (50+10)),1,0) -> 1 | H36: =IF(AND(feasible_mat!G15=1, VLOOKUP(Recharged_Feasible_matv3!$A36,'20Trips'!$A$24:$G$26, 3,FALSE)=VLOOKUP(H$1,'20Trips'!$A$3:$I$22,3,FALSE),VLOOKUP(H$1,'20Trips'!$A$3:$I$22,8,FALSE)-VLOOKUP($B36,'20Trips'!$A$3:$I$22, 9,FALSE) >= (50+10)),1,0) -> 1 | I36: =IF(AND(feasible_mat!H15=1, VLOOKUP(Recharged_Feasible_matv3!$A36,'20Trips'!$A$24:$G$26, 3,FALSE)=VLOOKUP(I$1,'20Trips'!$A$3:$I$22,3,FALSE),VLOOKUP(I$1,'20Trips'!$A$3:$I$22,8,FALSE)-VLOOKUP($B36,'20Trips'!$A$3:$I$22, 9,FALSE) >= (50+10)),1,0) -> 0 | J36: =IF(AND(feasible_mat!I15=1, VLOOKUP(Recharged_Feasible_matv3!$A36,'20Trips'!$A$24:$G$26, 3,FALSE)=VLOOKUP(J$1,'20Trips'!$A$3:$I$22,3,FALSE),VLOOKUP(J$1,'20Trips'!$A$3:$I$22,8,FALSE)-VLOOKUP($B36,'20Trips'!$A$3:$I$22, 9,FALSE) >= (50+10)),1,0) -> 0 | K36: =IF(AND(feasible_mat!J15=1, VLOOKUP(Recharged_Feasible_matv3!$A36,'20Trips'!$A$24:$G$26, 3,FALSE)=VLOOKUP(K$1,'20Trips'!$A$3:$I$22,3,FALSE),VLOOKUP(K$1,'20Trips'!$A$3:$I$22,8,FALSE)-VLOOKUP($B36,'20Trips'!$A$3:$I$22, 9,FALSE) >= (50+10)),1,0) -> 0 | ... W36: =IF(AND(feasible_mat!V15=1, VLOOKUP(Recharged_Feasible_matv3!$A36,'20Trips'!$A$24:$G$26, 3,FALSE)=VLOOKUP(W$1,'20Trips'!$A$3:$I$22,3,FALSE),VLOOKUP(W$1,'20Trips'!$A$3:$I$22,8,FALSE)-VLOOKUP($B36,'20Trips'!$A$3:$I$22, 9,FALSE) >= (50+10)),1,0) -> 0
A37: CS1a | B37: BA4 | C37: 0 | D37: =IF(AND(feasible_mat!C16=1, VLOOKUP(Recharged_Feasible_matv3!$A37,'20Trips'!$A$24:$G$26, 3,FALSE)=VLOOKUP(D$1,'20Trips'!$A$3:$I$22,3,FALSE),VLOOKUP(D$1,'20Trips'!$A$3:$I$22,8,FALSE)-VLOOKUP($B37,'20Trips'!$A$3:$I$22, 9,FALSE) >= (50+10)),1,0) -> 0 | E37: =IF(AND(feasible_mat!D16=1, VLOOKUP(Recharged_Feasible_matv3!$A37,'20Trips'!$A$24:$G$26, 3,FALSE)=VLOOKUP(E$1,'20Trips'!$A$3:$I$22,3,FALSE),VLOOKUP(E$1,'20Trips'!$A$3:$I$22,8,FALSE)-VLOOKUP($B37,'20Trips'!$A$3:$I$22, 9,FALSE) >= (50+10)),1,0) -> 0 | F37: =IF(AND(feasible_mat!E16=1, VLOOKUP(Recharged_Feasible_matv3!$A37,'20Trips'!$A$24:$G$26, 3,FALSE)=VLOOKUP(F$1,'20Trips'!$A$3:$I$22,3,FALSE),VLOOKUP(F$1,'20Trips'!$A$3:$I$22,8,FALSE)-VLOOKUP($B37,'20Trips'!$A$3:$I$22, 9,FALSE) >= (50+10)),1,0) -> 0 | G37: =IF(AND(feasible_mat!F16=1, VLOOKUP(Recharged_Feasible_matv3!$A37,'20Trips'!$A$24:$G$26, 3,FALSE)=VLOOKUP(G$1,'20Trips'!$A$3:$I$22,3,FALSE),VLOOKUP(G$1,'20Trips'!$A$3:$I$22,8,FALSE)-VLOOKUP($B37,'20Trips'!$A$3:$I$22, 9,FALSE) >= (50+10)),1,0) -> 0 | H37: =IF(AND(feasible_mat!G16=1, VLOOKUP(Recharged_Feasible_matv3!$A37,'20Trips'!$A$24:$G$26, 3,FALSE)=VLOOKUP(H$1,'20Trips'!$A$3:$I$22,3,FALSE),VLOOKUP(H$1,'20Trips'!$A$3:$I$22,8,FALSE)-VLOOKUP($B37,'20Trips'!$A$3:$I$22, 9,FALSE) >= (50+10)),1,0) -> 0 | I37: =IF(AND(feasible_mat!H16=1, VLOOKUP(Recharged_Feasible_matv3!$A37,'20Trips'!$A$24:$G$26, 3,FALSE)=VLOOKUP(I$1,'20Trips'!$A$3:$I$22,3,FALSE),VLOOKUP(I$1,'20Trips'!$A$3:$I$22,8,FALSE)-VLOOKUP($B37,'20Trips'!$A$3:$I$22, 9,FALSE) >= (50+10)),1,0) -> 0 | J37: =IF(AND(feasible_mat!I16=1, VLOOKUP(Recharged_Feasible_matv3!$A37,'20Trips'!$A$24:$G$26, 3,FALSE)=VLOOKUP(J$1,'20Trips'!$A$3:$I$22,3,FALSE),VLOOKUP(J$1,'20Trips'!$A$3:$I$22,8,FALSE)-VLOOKUP($B37,'20Trips'!$A$3:$I$22, 9,FALSE) >= (50+10)),1,0) -> 0 | K37: =IF(AND(feasible_mat!J16=1, VLOOKUP(Recharged_Feasible_matv3!$A37,'20Trips'!$A$24:$G$26, 3,FALSE)=VLOOKUP(K$1,'20Trips'!$A$3:$I$22,3,FALSE),VLOOKUP(K$1,'20Trips'!$A$3:$I$22,8,FALSE)-VLOOKUP($B37,'20Trips'!$A$3:$I$22, 9,FALSE) >= (50+10)),1,0) -> 0 | ... W37: =IF(AND(feasible_mat!V16=1, VLOOKUP(Recharged_Feasible_matv3!$A37,'20Trips'!$A$24:$G$26, 3,FALSE)=VLOOKUP(W$1,'20Trips'!$A$3:$I$22,3,FALSE),VLOOKUP(W$1,'20Trips'!$A$3:$I$22,8,FALSE)-VLOOKUP($B37,'20Trips'!$A$3:$I$22, 9,FALSE) >= (50+10)),1,0) -> 0
A38: CS1a | B38: BA5 | C38: 0 | D38: =IF(AND(feasible_mat!C17=1, VLOOKUP(Recharged_Feasible_matv3!$A38,'20Trips'!$A$24:$G$26, 3,FALSE)=VLOOKUP(D$1,'20Trips'!$A$3:$I$22,3,FALSE),VLOOKUP(D$1,'20Trips'!$A$3:$I$22,8,FALSE)-VLOOKUP($B38,'20Trips'!$A$3:$I$22, 9,FALSE) >= (50+10)),1,0) -> 0 | E38: =IF(AND(feasible_mat!D17=1, VLOOKUP(Recharged_Feasible_matv3!$A38,'20Trips'!$A$24:$G$26, 3,FALSE)=VLOOKUP(E$1,'20Trips'!$A$3:$I$22,3,FALSE),VLOOKUP(E$1,'20Trips'!$A$3:$I$22,8,FALSE)-VLOOKUP($B38,'20Trips'!$A$3:$I$22, 9,FALSE) >= (50+10)),1,0) -> 0 | F38: =IF(AND(feasible_mat!E17=1, VLOOKUP(Recharged_Feasible_matv3!$A38,'20Trips'!$A$24:$G$26, 3,FALSE)=VLOOKUP(F$1,'20Trips'!$A$3:$I$22,3,FALSE),VLOOKUP(F$1,'20Trips'!$A$3:$I$22,8,FALSE)-VLOOKUP($B38,'20Trips'!$A$3:$I$22, 9,FALSE) >= (50+10)),1,0) -> 0 | G38: =IF(AND(feasible_mat!F17=1, VLOOKUP(Recharged_Feasible_matv3!$A38,'20Trips'!$A$24:$G$26, 3,FALSE)=VLOOKUP(G$1,'20Trips'!$A$3:$I$22,3,FALSE),VLOOKUP(G$1,'20Trips'!$A$3:$I$22,8,FALSE)-VLOOKUP($B38,'20Trips'!$A$3:$I$22, 9,FALSE) >= (50+10)),1,0) -> 0 | H38: =IF(AND(feasible_mat!G17=1, VLOOKUP(Recharged_Feasible_matv3!$A38,'20Trips'!$A$24:$G$26, 3,FALSE)=VLOOKUP(H$1,'20Trips'!$A$3:$I$22,3,FALSE),VLOOKUP(H$1,'20Trips'!$A$3:$I$22,8,FALSE)-VLOOKUP($B38,'20Trips'!$A$3:$I$22, 9,FALSE) >= (50+10)),1,0) -> 0 | I38: =IF(AND(feasible_mat!H17=1, VLOOKUP(Recharged_Feasible_matv3!$A38,'20Trips'!$A$24:$G$26, 3,FALSE)=VLOOKUP(I$1,'20Trips'!$A$3:$I$22,3,FALSE),VLOOKUP(I$1,'20Trips'!$A$3:$I$22,8,FALSE)-VLOOKUP($B38,'20Trips'!$A$3:$I$22, 9,FALSE) >= (50+10)),1,0) -> 0 | J38: =IF(AND(feasible_mat!I17=1, VLOOKUP(Recharged_Feasible_matv3!$A38,'20Trips'!$A$24:$G$26, 3,FALSE)=VLOOKUP(J$1,'20Trips'!$A$3:$I$22,3,FALSE),VLOOKUP(J$1,'20Trips'!$A$3:$I$22,8,FALSE)-VLOOKUP($B38,'20Trips'!$A$3:$I$22, 9,FALSE) >= (50+10)),1,0) -> 0 | K38: =IF(AND(feasible_mat!J17=1, VLOOKUP(Recharged_Feasible_matv3!$A38,'20Trips'!$A$24:$G$26, 3,FALSE)=VLOOKUP(K$1,'20Trips'!$A$3:$I$22,3,FALSE),VLOOKUP(K$1,'20Trips'!$A$3:$I$22,8,FALSE)-VLOOKUP($B38,'20Trips'!$A$3:$I$22, 9,FALSE) >= (50+10)),1,0) -> 0 | ... W38: =IF(AND(feasible_mat!V17=1, VLOOKUP(Recharged_Feasible_matv3!$A38,'20Trips'!$A$24:$G$26, 3,FALSE)=VLOOKUP(W$1,'20Trips'!$A$3:$I$22,3,FALSE),VLOOKUP(W$1,'20Trips'!$A$3:$I$22,8,FALSE)-VLOOKUP($B38,'20Trips'!$A$3:$I$22, 9,FALSE) >= (50+10)),1,0) -> 0
A39: CS1a | B39: CA1 | C39: 0 | D39: =IF(AND(feasible_mat!C18=1, VLOOKUP(Recharged_Feasible_matv3!$A39,'20Trips'!$A$24:$G$26, 3,FALSE)=VLOOKUP(D$1,'20Trips'!$A$3:$I$22,3,FALSE),VLOOKUP(D$1,'20Trips'!$A$3:$I$22,8,FALSE)-VLOOKUP($B39,'20Trips'!$A$3:$I$22, 9,FALSE) >= (50+10)),1,0) -> 0 | E39: =IF(AND(feasible_mat!D18=1, VLOOKUP(Recharged_Feasible_matv3!$A39,'20Trips'!$A$24:$G$26, 3,FALSE)=VLOOKUP(E$1,'20Trips'!$A$3:$I$22,3,FALSE),VLOOKUP(E$1,'20Trips'!$A$3:$I$22,8,FALSE)-VLOOKUP($B39,'20Trips'!$A$3:$I$22, 9,FALSE) >= (50+10)),1,0) -> 0 | F39: =IF(AND(feasible_mat!E18=1, VLOOKUP(Recharged_Feasible_matv3!$A39,'20Trips'!$A$24:$G$26, 3,FALSE)=VLOOKUP(F$1,'20Trips'!$A$3:$I$22,3,FALSE),VLOOKUP(F$1,'20Trips'!$A$3:$I$22,8,FALSE)-VLOOKUP($B39,'20Trips'!$A$3:$I$22, 9,FALSE) >= (50+10)),1,0) -> 1 | G39: =IF(AND(feasible_mat!F18=1, VLOOKUP(Recharged_Feasible_matv3!$A39,'20Trips'!$A$24:$G$26, 3,FALSE)=VLOOKUP(G$1,'20Trips'!$A$3:$I$22,3,FALSE),VLOOKUP(G$1,'20Trips'!$A$3:$I$22,8,FALSE)-VLOOKUP($B39,'20Trips'!$A$3:$I$22, 9,FALSE) >= (50+10)),1,0) -> 1 | H39: =IF(AND(feasible_mat!G18=1, VLOOKUP(Recharged_Feasible_matv3!$A39,'20Trips'!$A$24:$G$26, 3,FALSE)=VLOOKUP(H$1,'20Trips'!$A$3:$I$22,3,FALSE),VLOOKUP(H$1,'20Trips'!$A$3:$I$22,8,FALSE)-VLOOKUP($B39,'20Trips'!$A$3:$I$22, 9,FALSE) >= (50+10)),1,0) -> 1 | I39: =IF(AND(feasible_mat!H18=1, VLOOKUP(Recharged_Feasible_matv3!$A39,'20Trips'!$A$24:$G$26, 3,FALSE)=VLOOKUP(I$1,'20Trips'!$A$3:$I$22,3,FALSE),VLOOKUP(I$1,'20Trips'!$A$3:$I$22,8,FALSE)-VLOOKUP($B39,'20Trips'!$A$3:$I$22, 9,FALSE) >= (50+10)),1,0) -> 0 | J39: =IF(AND(feasible_mat!I18=1, VLOOKUP(Recharged_Feasible_matv3!$A39,'20Trips'!$A$24:$G$26, 3,FALSE)=VLOOKUP(J$1,'20Trips'!$A$3:$I$22,3,FALSE),VLOOKUP(J$1,'20Trips'!$A$3:$I$22,8,FALSE)-VLOOKUP($B39,'20Trips'!$A$3:$I$22, 9,FALSE) >= (50+10)),1,0) -> 0 | K39: =IF(AND(feasible_mat!J18=1, VLOOKUP(Recharged_Feasible_matv3!$A39,'20Trips'!$A$24:$G$26, 3,FALSE)=VLOOKUP(K$1,'20Trips'!$A$3:$I$22,3,FALSE),VLOOKUP(K$1,'20Trips'!$A$3:$I$22,8,FALSE)-VLOOKUP($B39,'20Trips'!$A$3:$I$22, 9,FALSE) >= (50+10)),1,0) -> 1 | ... W39: =IF(AND(feasible_mat!V18=1, VLOOKUP(Recharged_Feasible_matv3!$A39,'20Trips'!$A$24:$G$26, 3,FALSE)=VLOOKUP(W$1,'20Trips'!$A$3:$I$22,3,FALSE),VLOOKUP(W$1,'20Trips'!$A$3:$I$22,8,FALSE)-VLOOKUP($B39,'20Trips'!$A$3:$I$22, 9,FALSE) >= (50+10)),1,0) -> 0
A40: CS1a | B40: CA2 | C40: 0 | D40: =IF(AND(feasible_mat!C19=1, VLOOKUP(Recharged_Feasible_matv3!$A40,'20Trips'!$A$24:$G$26, 3,FALSE)=VLOOKUP(D$1,'20Trips'!$A$3:$I$22,3,FALSE),VLOOKUP(D$1,'20Trips'!$A$3:$I$22,8,FALSE)-VLOOKUP($B40,'20Trips'!$A$3:$I$22, 9,FALSE) >= (50+10)),1,0) -> 0 | E40: =IF(AND(feasible_mat!D19=1, VLOOKUP(Recharged_Feasible_matv3!$A40,'20Trips'!$A$24:$G$26, 3,FALSE)=VLOOKUP(E$1,'20Trips'!$A$3:$I$22,3,FALSE),VLOOKUP(E$1,'20Trips'!$A$3:$I$22,8,FALSE)-VLOOKUP($B40,'20Trips'!$A$3:$I$22, 9,FALSE) >= (50+10)),1,0) -> 0 | F40: =IF(AND(feasible_mat!E19=1, VLOOKUP(Recharged_Feasible_matv3!$A40,'20Trips'!$A$24:$G$26, 3,FALSE)=VLOOKUP(F$1,'20Trips'!$A$3:$I$22,3,FALSE),VLOOKUP(F$1,'20Trips'!$A$3:$I$22,8,FALSE)-VLOOKUP($B40,'20Trips'!$A$3:$I$22, 9,FALSE) >= (50+10)),1,0) -> 0 | G40: =IF(AND(feasible_mat!F19=1, VLOOKUP(Recharged_Feasible_matv3!$A40,'20Trips'!$A$24:$G$26, 3,FALSE)=VLOOKUP(G$1,'20Trips'!$A$3:$I$22,3,FALSE),VLOOKUP(G$1,'20Trips'!$A$3:$I$22,8,FALSE)-VLOOKUP($B40,'20Trips'!$A$3:$I$22, 9,FALSE) >= (50+10)),1,0) -> 0 | H40: =IF(AND(feasible_mat!G19=1, VLOOKUP(Recharged_Feasible_matv3!$A40,'20Trips'!$A$24:$G$26, 3,FALSE)=VLOOKUP(H$1,'20Trips'!$A$3:$I$22,3,FALSE),VLOOKUP(H$1,'20Trips'!$A$3:$I$22,8,FALSE)-VLOOKUP($B40,'20Trips'!$A$3:$I$22, 9,FALSE) >= (50+10)),1,0) -> 1 | I40: =IF(AND(feasible_mat!H19=1, VLOOKUP(Recharged_Feasible_matv3!$A40,'20Trips'!$A$24:$G$26, 3,FALSE)=VLOOKUP(I$1,'20Trips'!$A$3:$I$22,3,FALSE),VLOOKUP(I$1,'20Trips'!$A$3:$I$22,8,FALSE)-VLOOKUP($B40,'20Trips'!$A$3:$I$22, 9,FALSE) >= (50+10)),1,0) -> 0 | J40: =IF(AND(feasible_mat!I19=1, VLOOKUP(Recharged_Feasible_matv3!$A40,'20Trips'!$A$24:$G$26, 3,FALSE)=VLOOKUP(J$1,'20Trips'!$A$3:$I$22,3,FALSE),VLOOKUP(J$1,'20Trips'!$A$3:$I$22,8,FALSE)-VLOOKUP($B40,'20Trips'!$A$3:$I$22, 9,FALSE) >= (50+10)),1,0) -> 0 | K40: =IF(AND(feasible_mat!J19=1, VLOOKUP(Recharged_Feasible_matv3!$A40,'20Trips'!$A$24:$G$26, 3,FALSE)=VLOOKUP(K$1,'20Trips'!$A$3:$I$22,3,FALSE),VLOOKUP(K$1,'20Trips'!$A$3:$I$22,8,FALSE)-VLOOKUP($B40,'20Trips'!$A$3:$I$22, 9,FALSE) >= (50+10)),1,0) -> 0 | ... W40: =IF(AND(feasible_mat!V19=1, VLOOKUP(Recharged_Feasible_matv3!$A40,'20Trips'!$A$24:$G$26, 3,FALSE)=VLOOKUP(W$1,'20Trips'!$A$3:$I$22,3,FALSE),VLOOKUP(W$1,'20Trips'!$A$3:$I$22,8,FALSE)-VLOOKUP($B40,'20Trips'!$A$3:$I$22, 9,FALSE) >= (50+10)),1,0) -> 0
A41: CS1a | B41: CA3 | C41: 0 | D41: =IF(AND(feasible_mat!C20=1, VLOOKUP(Recharged_Feasible_matv3!$A41,'20Trips'!$A$24:$G$26, 3,FALSE)=VLOOKUP(D$1,'20Trips'!$A$3:$I$22,3,FALSE),VLOOKUP(D$1,'20Trips'!$A$3:$I$22,8,FALSE)-VLOOKUP($B41,'20Trips'!$A$3:$I$22, 9,FALSE) >= (50+10)),1,0) -> 0 | E41: =IF(AND(feasible_mat!D20=1, VLOOKUP(Recharged_Feasible_matv3!$A41,'20Trips'!$A$24:$G$26, 3,FALSE)=VLOOKUP(E$1,'20Trips'!$A$3:$I$22,3,FALSE),VLOOKUP(E$1,'20Trips'!$A$3:$I$22,8,FALSE)-VLOOKUP($B41,'20Trips'!$A$3:$I$22, 9,FALSE) >= (50+10)),1,0) -> 0 | F41: =IF(AND(feasible_mat!E20=1, VLOOKUP(Recharged_Feasible_matv3!$A41,'20Trips'!$A$24:$G$26, 3,FALSE)=VLOOKUP(F$1,'20Trips'!$A$3:$I$22,3,FALSE),VLOOKUP(F$1,'20Trips'!$A$3:$I$22,8,FALSE)-VLOOKUP($B41,'20Trips'!$A$3:$I$22, 9,FALSE) >= (50+10)),1,0) -> 0 | G41: =IF(AND(feasible_mat!F20=1, VLOOKUP(Recharged_Feasible_matv3!$A41,'20Trips'!$A$24:$G$26, 3,FALSE)=VLOOKUP(G$1,'20Trips'!$A$3:$I$22,3,FALSE),VLOOKUP(G$1,'20Trips'!$A$3:$I$22,8,FALSE)-VLOOKUP($B41,'20Trips'!$A$3:$I$22, 9,FALSE) >= (50+10)),1,0) -> 0 | H41: =IF(AND(feasible_mat!G20=1, VLOOKUP(Recharged_Feasible_matv3!$A41,'20Trips'!$A$24:$G$26, 3,FALSE)=VLOOKUP(H$1,'20Trips'!$A$3:$I$22,3,FALSE),VLOOKUP(H$1,'20Trips'!$A$3:$I$22,8,FALSE)-VLOOKUP($B41,'20Trips'!$A$3:$I$22, 9,FALSE) >= (50+10)),1,0) -> 0 | I41: =IF(AND(feasible_mat!H20=1, VLOOKUP(Recharged_Feasible_matv3!$A41,'20Trips'!$A$24:$G$26, 3,FALSE)=VLOOKUP(I$1,'20Trips'!$A$3:$I$22,3,FALSE),VLOOKUP(I$1,'20Trips'!$A$3:$I$22,8,FALSE)-VLOOKUP($B41,'20Trips'!$A$3:$I$22, 9,FALSE) >= (50+10)),1,0) -> 0 | J41: =IF(AND(feasible_mat!I20=1, VLOOKUP(Recharged_Feasible_matv3!$A41,'20Trips'!$A$24:$G$26, 3,FALSE)=VLOOKUP(J$1,'20Trips'!$A$3:$I$22,3,FALSE),VLOOKUP(J$1,'20Trips'!$A$3:$I$22,8,FALSE)-VLOOKUP($B41,'20Trips'!$A$3:$I$22, 9,FALSE) >= (50+10)),1,0) -> 0 | K41: =IF(AND(feasible_mat!J20=1, VLOOKUP(Recharged_Feasible_matv3!$A41,'20Trips'!$A$24:$G$26, 3,FALSE)=VLOOKUP(K$1,'20Trips'!$A$3:$I$22,3,FALSE),VLOOKUP(K$1,'20Trips'!$A$3:$I$22,8,FALSE)-VLOOKUP($B41,'20Trips'!$A$3:$I$22, 9,FALSE) >= (50+10)),1,0) -> 0 | ... W41: =IF(AND(feasible_mat!V20=1, VLOOKUP(Recharged_Feasible_matv3!$A41,'20Trips'!$A$24:$G$26, 3,FALSE)=VLOOKUP(W$1,'20Trips'!$A$3:$I$22,3,FALSE),VLOOKUP(W$1,'20Trips'!$A$3:$I$22,8,FALSE)-VLOOKUP($B41,'20Trips'!$A$3:$I$22, 9,FALSE) >= (50+10)),1,0) -> 0
A42: CS1a | B42: CA4 | C42: 0 | D42: =IF(AND(feasible_mat!C21=1, VLOOKUP(Recharged_Feasible_matv3!$A42,'20Trips'!$A$24:$G$26, 3,FALSE)=VLOOKUP(D$1,'20Trips'!$A$3:$I$22,3,FALSE),VLOOKUP(D$1,'20Trips'!$A$3:$I$22,8,FALSE)-VLOOKUP($B42,'20Trips'!$A$3:$I$22, 9,FALSE) >= (50+10)),1,0) -> 0 | E42: =IF(AND(feasible_mat!D21=1, VLOOKUP(Recharged_Feasible_matv3!$A42,'20Trips'!$A$24:$G$26, 3,FALSE)=VLOOKUP(E$1,'20Trips'!$A$3:$I$22,3,FALSE),VLOOKUP(E$1,'20Trips'!$A$3:$I$22,8,FALSE)-VLOOKUP($B42,'20Trips'!$A$3:$I$22, 9,FALSE) >= (50+10)),1,0) -> 0 | F42: =IF(AND(feasible_mat!E21=1, VLOOKUP(Recharged_Feasible_matv3!$A42,'20Trips'!$A$24:$G$26, 3,FALSE)=VLOOKUP(F$1,'20Trips'!$A$3:$I$22,3,FALSE),VLOOKUP(F$1,'20Trips'!$A$3:$I$22,8,FALSE)-VLOOKUP($B42,'20Trips'!$A$3:$I$22, 9,FALSE) >= (50+10)),1,0) -> 0 | G42: =IF(AND(feasible_mat!F21=1, VLOOKUP(Recharged_Feasible_matv3!$A42,'20Trips'!$A$24:$G$26, 3,FALSE)=VLOOKUP(G$1,'20Trips'!$A$3:$I$22,3,FALSE),VLOOKUP(G$1,'20Trips'!$A$3:$I$22,8,FALSE)-VLOOKUP($B42,'20Trips'!$A$3:$I$22, 9,FALSE) >= (50+10)),1,0) -> 0 | H42: =IF(AND(feasible_mat!G21=1, VLOOKUP(Recharged_Feasible_matv3!$A42,'20Trips'!$A$24:$G$26, 3,FALSE)=VLOOKUP(H$1,'20Trips'!$A$3:$I$22,3,FALSE),VLOOKUP(H$1,'20Trips'!$A$3:$I$22,8,FALSE)-VLOOKUP($B42,'20Trips'!$A$3:$I$22, 9,FALSE) >= (50+10)),1,0) -> 0 | I42: =IF(AND(feasible_mat!H21=1, VLOOKUP(Recharged_Feasible_matv3!$A42,'20Trips'!$A$24:$G$26, 3,FALSE)=VLOOKUP(I$1,'20Trips'!$A$3:$I$22,3,FALSE),VLOOKUP(I$1,'20Trips'!$A$3:$I$22,8,FALSE)-VLOOKUP($B42,'20Trips'!$A$3:$I$22, 9,FALSE) >= (50+10)),1,0) -> 0 | J42: =IF(AND(feasible_mat!I21=1, VLOOKUP(Recharged_Feasible_matv3!$A42,'20Trips'!$A$24:$G$26, 3,FALSE)=VLOOKUP(J$1,'20Trips'!$A$3:$I$22,3,FALSE),VLOOKUP(J$1,'20Trips'!$A$3:$I$22,8,FALSE)-VLOOKUP($B42,'20Trips'!$A$3:$I$22, 9,FALSE) >= (50+10)),1,0) -> 0 | K42: =IF(AND(feasible_mat!J21=1, VLOOKUP(Recharged_Feasible_matv3!$A42,'20Trips'!$A$24:$G$26, 3,FALSE)=VLOOKUP(K$1,'20Trips'!$A$3:$I$22,3,FALSE),VLOOKUP(K$1,'20Trips'!$A$3:$I$22,8,FALSE)-VLOOKUP($B42,'20Trips'!$A$3:$I$22, 9,FALSE) >= (50+10)),1,0) -> 0 | ... W42: =IF(AND(feasible_mat!V21=1, VLOOKUP(Recharged_Feasible_matv3!$A42,'20Trips'!$A$24:$G$26, 3,FALSE)=VLOOKUP(W$1,'20Trips'!$A$3:$I$22,3,FALSE),VLOOKUP(W$1,'20Trips'!$A$3:$I$22,8,FALSE)-VLOOKUP($B42,'20Trips'!$A$3:$I$22, 9,FALSE) >= (50+10)),1,0) -> 0
A43: CS1a | B43: CA5 | C43: 0 | D43: =IF(AND(feasible_mat!C22=1, VLOOKUP(Recharged_Feasible_matv3!$A43,'20Trips'!$A$24:$G$26, 3,FALSE)=VLOOKUP(D$1,'20Trips'!$A$3:$I$22,3,FALSE),VLOOKUP(D$1,'20Trips'!$A$3:$I$22,8,FALSE)-VLOOKUP($B43,'20Trips'!$A$3:$I$22, 9,FALSE) >= (50+10)),1,0) -> 0 | E43: =IF(AND(feasible_mat!D22=1, VLOOKUP(Recharged_Feasible_matv3!$A43,'20Trips'!$A$24:$G$26, 3,FALSE)=VLOOKUP(E$1,'20Trips'!$A$3:$I$22,3,FALSE),VLOOKUP(E$1,'20Trips'!$A$3:$I$22,8,FALSE)-VLOOKUP($B43,'20Trips'!$A$3:$I$22, 9,FALSE) >= (50+10)),1,0) -> 0 | F43: =IF(AND(feasible_mat!E22=1, VLOOKUP(Recharged_Feasible_matv3!$A43,'20Trips'!$A$24:$G$26, 3,FALSE)=VLOOKUP(F$1,'20Trips'!$A$3:$I$22,3,FALSE),VLOOKUP(F$1,'20Trips'!$A$3:$I$22,8,FALSE)-VLOOKUP($B43,'20Trips'!$A$3:$I$22, 9,FALSE) >= (50+10)),1,0) -> 0 | G43: =IF(AND(feasible_mat!F22=1, VLOOKUP(Recharged_Feasible_matv3!$A43,'20Trips'!$A$24:$G$26, 3,FALSE)=VLOOKUP(G$1,'20Trips'!$A$3:$I$22,3,FALSE),VLOOKUP(G$1,'20Trips'!$A$3:$I$22,8,FALSE)-VLOOKUP($B43,'20Trips'!$A$3:$I$22, 9,FALSE) >= (50+10)),1,0) -> 0 | H43: =IF(AND(feasible_mat!G22=1, VLOOKUP(Recharged_Feasible_matv3!$A43,'20Trips'!$A$24:$G$26, 3,FALSE)=VLOOKUP(H$1,'20Trips'!$A$3:$I$22,3,FALSE),VLOOKUP(H$1,'20Trips'!$A$3:$I$22,8,FALSE)-VLOOKUP($B43,'20Trips'!$A$3:$I$22, 9,FALSE) >= (50+10)),1,0) -> 0 | I43: =IF(AND(feasible_mat!H22=1, VLOOKUP(Recharged_Feasible_matv3!$A43,'20Trips'!$A$24:$G$26, 3,FALSE)=VLOOKUP(I$1,'20Trips'!$A$3:$I$22,3,FALSE),VLOOKUP(I$1,'20Trips'!$A$3:$I$22,8,FALSE)-VLOOKUP($B43,'20Trips'!$A$3:$I$22, 9,FALSE) >= (50+10)),1,0) -> 0 | J43: =IF(AND(feasible_mat!I22=1, VLOOKUP(Recharged_Feasible_matv3!$A43,'20Trips'!$A$24:$G$26, 3,FALSE)=VLOOKUP(J$1,'20Trips'!$A$3:$I$22,3,FALSE),VLOOKUP(J$1,'20Trips'!$A$3:$I$22,8,FALSE)-VLOOKUP($B43,'20Trips'!$A$3:$I$22, 9,FALSE) >= (50+10)),1,0) -> 0 | K43: =IF(AND(feasible_mat!J22=1, VLOOKUP(Recharged_Feasible_matv3!$A43,'20Trips'!$A$24:$G$26, 3,FALSE)=VLOOKUP(K$1,'20Trips'!$A$3:$I$22,3,FALSE),VLOOKUP(K$1,'20Trips'!$A$3:$I$22,8,FALSE)-VLOOKUP($B43,'20Trips'!$A$3:$I$22, 9,FALSE) >= (50+10)),1,0) -> 0 | ... W43: =IF(AND(feasible_mat!V22=1, VLOOKUP(Recharged_Feasible_matv3!$A43,'20Trips'!$A$24:$G$26, 3,FALSE)=VLOOKUP(W$1,'20Trips'!$A$3:$I$22,3,FALSE),VLOOKUP(W$1,'20Trips'!$A$3:$I$22,8,FALSE)-VLOOKUP($B43,'20Trips'!$A$3:$I$22, 9,FALSE) >= (50+10)),1,0) -> 0
A44: CS2b | B44: DEPOT | C44: 0 | D44: 0 | E44: 0 | F44: 0 | G44: 0 | H44: 0 | I44: 0 | J44: 0 | K44: 0 | L44: 0 | M44: 0 | N44: 0 | O44: 0 | P44: 0 | Q44: 0 | R44: 0 | S44: 0 | T44: 0 | U44: 0 | V44: 0 | W44: 0
A45: CS2b | B45: AB1 | C45: 0 | D45: =IF(AND(feasible_mat!C3, VLOOKUP($A45,'20Trips'!$A$24:$G$26, 3,FALSE)=VLOOKUP(D$1,'20Trips'!$A$3:$I$22,3,FALSE),VLOOKUP(D$1,'20Trips'!$A$3:$I$22,8,FALSE)-VLOOKUP($B45,'20Trips'!$A$3:$I$22, 9,FALSE) >= (50+10)),1,0) -> 0 | E45: =IF(AND(feasible_mat!D3, VLOOKUP($A45,'20Trips'!$A$24:$G$26, 3,FALSE)=VLOOKUP(E$1,'20Trips'!$A$3:$I$22,3,FALSE),VLOOKUP(E$1,'20Trips'!$A$3:$I$22,8,FALSE)-VLOOKUP($B45,'20Trips'!$A$3:$I$22, 9,FALSE) >= (50+10)),1,0) -> 0 | F45: =IF(AND(feasible_mat!E3, VLOOKUP($A45,'20Trips'!$A$24:$G$26, 3,FALSE)=VLOOKUP(F$1,'20Trips'!$A$3:$I$22,3,FALSE),VLOOKUP(F$1,'20Trips'!$A$3:$I$22,8,FALSE)-VLOOKUP($B45,'20Trips'!$A$3:$I$22, 9,FALSE) >= (50+10)),1,0) -> 0 | G45: =IF(AND(feasible_mat!F3, VLOOKUP($A45,'20Trips'!$A$24:$G$26, 3,FALSE)=VLOOKUP(G$1,'20Trips'!$A$3:$I$22,3,FALSE),VLOOKUP(G$1,'20Trips'!$A$3:$I$22,8,FALSE)-VLOOKUP($B45,'20Trips'!$A$3:$I$22, 9,FALSE) >= (50+10)),1,0) -> 0 | H45: =IF(AND(feasible_mat!G3, VLOOKUP($A45,'20Trips'!$A$24:$G$26, 3,FALSE)=VLOOKUP(H$1,'20Trips'!$A$3:$I$22,3,FALSE),VLOOKUP(H$1,'20Trips'!$A$3:$I$22,8,FALSE)-VLOOKUP($B45,'20Trips'!$A$3:$I$22, 9,FALSE) >= (50+10)),1,0) -> 0 | I45: =IF(AND(feasible_mat!H3, VLOOKUP($A45,'20Trips'!$A$24:$G$26, 3,FALSE)=VLOOKUP(I$1,'20Trips'!$A$3:$I$22,3,FALSE),VLOOKUP(I$1,'20Trips'!$A$3:$I$22,8,FALSE)-VLOOKUP($B45,'20Trips'!$A$3:$I$22, 9,FALSE) >= (50+10)),1,0) -> 0 | J45: =IF(AND(feasible_mat!I3, VLOOKUP($A45,'20Trips'!$A$24:$G$26, 3,FALSE)=VLOOKUP(J$1,'20Trips'!$A$3:$I$22,3,FALSE),VLOOKUP(J$1,'20Trips'!$A$3:$I$22,8,FALSE)-VLOOKUP($B45,'20Trips'!$A$3:$I$22, 9,FALSE) >= (50+10)),1,0) -> 0 | K45: =IF(AND(feasible_mat!J3, VLOOKUP($A45,'20Trips'!$A$24:$G$26, 3,FALSE)=VLOOKUP(K$1,'20Trips'!$A$3:$I$22,3,FALSE),VLOOKUP(K$1,'20Trips'!$A$3:$I$22,8,FALSE)-VLOOKUP($B45,'20Trips'!$A$3:$I$22, 9,FALSE) >= (50+10)),1,0) -> 0 | ... W45: =IF(AND(feasible_mat!V3, VLOOKUP($A45,'20Trips'!$A$24:$G$26, 3,FALSE)=VLOOKUP(W$1,'20Trips'!$A$3:$I$22,3,FALSE),VLOOKUP(W$1,'20Trips'!$A$3:$I$22,8,FALSE)-VLOOKUP($B45,'20Trips'!$A$3:$I$22, 9,FALSE) >= (50+10)),1,0) -> 0
A46: CS2b | B46: AB2 | C46: 0 | D46: =IF(AND(feasible_mat!C4, VLOOKUP($A46,'20Trips'!$A$24:$G$26, 3,FALSE)=VLOOKUP(D$1,'20Trips'!$A$3:$I$22,3,FALSE),VLOOKUP(D$1,'20Trips'!$A$3:$I$22,8,FALSE)-VLOOKUP($B46,'20Trips'!$A$3:$I$22, 9,FALSE) >= (50+10)),1,0) -> 0 | E46: =IF(AND(feasible_mat!D4, VLOOKUP($A46,'20Trips'!$A$24:$G$26, 3,FALSE)=VLOOKUP(E$1,'20Trips'!$A$3:$I$22,3,FALSE),VLOOKUP(E$1,'20Trips'!$A$3:$I$22,8,FALSE)-VLOOKUP($B46,'20Trips'!$A$3:$I$22, 9,FALSE) >= (50+10)),1,0) -> 0 | F46: =IF(AND(feasible_mat!E4, VLOOKUP($A46,'20Trips'!$A$24:$G$26, 3,FALSE)=VLOOKUP(F$1,'20Trips'!$A$3:$I$22,3,FALSE),VLOOKUP(F$1,'20Trips'!$A$3:$I$22,8,FALSE)-VLOOKUP($B46,'20Trips'!$A$3:$I$22, 9,FALSE) >= (50+10)),1,0) -> 0 | G46: =IF(AND(feasible_mat!F4, VLOOKUP($A46,'20Trips'!$A$24:$G$26, 3,FALSE)=VLOOKUP(G$1,'20Trips'!$A$3:$I$22,3,FALSE),VLOOKUP(G$1,'20Trips'!$A$3:$I$22,8,FALSE)-VLOOKUP($B46,'20Trips'!$A$3:$I$22, 9,FALSE) >= (50+10)),1,0) -> 0 | H46: =IF(AND(feasible_mat!G4, VLOOKUP($A46,'20Trips'!$A$24:$G$26, 3,FALSE)=VLOOKUP(H$1,'20Trips'!$A$3:$I$22,3,FALSE),VLOOKUP(H$1,'20Trips'!$A$3:$I$22,8,FALSE)-VLOOKUP($B46,'20Trips'!$A$3:$I$22, 9,FALSE) >= (50+10)),1,0) -> 0 | I46: =IF(AND(feasible_mat!H4, VLOOKUP($A46,'20Trips'!$A$24:$G$26, 3,FALSE)=VLOOKUP(I$1,'20Trips'!$A$3:$I$22,3,FALSE),VLOOKUP(I$1,'20Trips'!$A$3:$I$22,8,FALSE)-VLOOKUP($B46,'20Trips'!$A$3:$I$22, 9,FALSE) >= (50+10)),1,0) -> 0 | J46: =IF(AND(feasible_mat!I4, VLOOKUP($A46,'20Trips'!$A$24:$G$26, 3,FALSE)=VLOOKUP(J$1,'20Trips'!$A$3:$I$22,3,FALSE),VLOOKUP(J$1,'20Trips'!$A$3:$I$22,8,FALSE)-VLOOKUP($B46,'20Trips'!$A$3:$I$22, 9,FALSE) >= (50+10)),1,0) -> 0 | K46: =IF(AND(feasible_mat!J4, VLOOKUP($A46,'20Trips'!$A$24:$G$26, 3,FALSE)=VLOOKUP(K$1,'20Trips'!$A$3:$I$22,3,FALSE),VLOOKUP(K$1,'20Trips'!$A$3:$I$22,8,FALSE)-VLOOKUP($B46,'20Trips'!$A$3:$I$22, 9,FALSE) >= (50+10)),1,0) -> 0 | ... W46: =IF(AND(feasible_mat!V4, VLOOKUP($A46,'20Trips'!$A$24:$G$26, 3,FALSE)=VLOOKUP(W$1,'20Trips'!$A$3:$I$22,3,FALSE),VLOOKUP(W$1,'20Trips'!$A$3:$I$22,8,FALSE)-VLOOKUP($B46,'20Trips'!$A$3:$I$22, 9,FALSE) >= (50+10)),1,0) -> 0
A47: CS2b | B47: AB3 | C47: 0 | D47: =IF(AND(feasible_mat!C5, VLOOKUP($A47,'20Trips'!$A$24:$G$26, 3,FALSE)=VLOOKUP(D$1,'20Trips'!$A$3:$I$22,3,FALSE),VLOOKUP(D$1,'20Trips'!$A$3:$I$22,8,FALSE)-VLOOKUP($B47,'20Trips'!$A$3:$I$22, 9,FALSE) >= (50+10)),1,0) -> 0 | E47: =IF(AND(feasible_mat!D5, VLOOKUP($A47,'20Trips'!$A$24:$G$26, 3,FALSE)=VLOOKUP(E$1,'20Trips'!$A$3:$I$22,3,FALSE),VLOOKUP(E$1,'20Trips'!$A$3:$I$22,8,FALSE)-VLOOKUP($B47,'20Trips'!$A$3:$I$22, 9,FALSE) >= (50+10)),1,0) -> 0 | F47: =IF(AND(feasible_mat!E5, VLOOKUP($A47,'20Trips'!$A$24:$G$26, 3,FALSE)=VLOOKUP(F$1,'20Trips'!$A$3:$I$22,3,FALSE),VLOOKUP(F$1,'20Trips'!$A$3:$I$22,8,FALSE)-VLOOKUP($B47,'20Trips'!$A$3:$I$22, 9,FALSE) >= (50+10)),1,0) -> 0 | G47: =IF(AND(feasible_mat!F5, VLOOKUP($A47,'20Trips'!$A$24:$G$26, 3,FALSE)=VLOOKUP(G$1,'20Trips'!$A$3:$I$22,3,FALSE),VLOOKUP(G$1,'20Trips'!$A$3:$I$22,8,FALSE)-VLOOKUP($B47,'20Trips'!$A$3:$I$22, 9,FALSE) >= (50+10)),1,0) -> 0 | H47: =IF(AND(feasible_mat!G5, VLOOKUP($A47,'20Trips'!$A$24:$G$26, 3,FALSE)=VLOOKUP(H$1,'20Trips'!$A$3:$I$22,3,FALSE),VLOOKUP(H$1,'20Trips'!$A$3:$I$22,8,FALSE)-VLOOKUP($B47,'20Trips'!$A$3:$I$22, 9,FALSE) >= (50+10)),1,0) -> 0 | I47: =IF(AND(feasible_mat!H5, VLOOKUP($A47,'20Trips'!$A$24:$G$26, 3,FALSE)=VLOOKUP(I$1,'20Trips'!$A$3:$I$22,3,FALSE),VLOOKUP(I$1,'20Trips'!$A$3:$I$22,8,FALSE)-VLOOKUP($B47,'20Trips'!$A$3:$I$22, 9,FALSE) >= (50+10)),1,0) -> 0 | J47: =IF(AND(feasible_mat!I5, VLOOKUP($A47,'20Trips'!$A$24:$G$26, 3,FALSE)=VLOOKUP(J$1,'20Trips'!$A$3:$I$22,3,FALSE),VLOOKUP(J$1,'20Trips'!$A$3:$I$22,8,FALSE)-VLOOKUP($B47,'20Trips'!$A$3:$I$22, 9,FALSE) >= (50+10)),1,0) -> 0 | K47: =IF(AND(feasible_mat!J5, VLOOKUP($A47,'20Trips'!$A$24:$G$26, 3,FALSE)=VLOOKUP(K$1,'20Trips'!$A$3:$I$22,3,FALSE),VLOOKUP(K$1,'20Trips'!$A$3:$I$22,8,FALSE)-VLOOKUP($B47,'20Trips'!$A$3:$I$22, 9,FALSE) >= (50+10)),1,0) -> 0 | ... W47: =IF(AND(feasible_mat!V5, VLOOKUP($A47,'20Trips'!$A$24:$G$26, 3,FALSE)=VLOOKUP(W$1,'20Trips'!$A$3:$I$22,3,FALSE),VLOOKUP(W$1,'20Trips'!$A$3:$I$22,8,FALSE)-VLOOKUP($B47,'20Trips'!$A$3:$I$22, 9,FALSE) >= (50+10)),1,0) -> 0
A48: CS2b | B48: AB4 | C48: 0 | D48: =IF(AND(feasible_mat!C6, VLOOKUP($A48,'20Trips'!$A$24:$G$26, 3,FALSE)=VLOOKUP(D$1,'20Trips'!$A$3:$I$22,3,FALSE),VLOOKUP(D$1,'20Trips'!$A$3:$I$22,8,FALSE)-VLOOKUP($B48,'20Trips'!$A$3:$I$22, 9,FALSE) >= (50+10)),1,0) -> 0 | E48: =IF(AND(feasible_mat!D6, VLOOKUP($A48,'20Trips'!$A$24:$G$26, 3,FALSE)=VLOOKUP(E$1,'20Trips'!$A$3:$I$22,3,FALSE),VLOOKUP(E$1,'20Trips'!$A$3:$I$22,8,FALSE)-VLOOKUP($B48,'20Trips'!$A$3:$I$22, 9,FALSE) >= (50+10)),1,0) -> 0 | F48: =IF(AND(feasible_mat!E6, VLOOKUP($A48,'20Trips'!$A$24:$G$26, 3,FALSE)=VLOOKUP(F$1,'20Trips'!$A$3:$I$22,3,FALSE),VLOOKUP(F$1,'20Trips'!$A$3:$I$22,8,FALSE)-VLOOKUP($B48,'20Trips'!$A$3:$I$22, 9,FALSE) >= (50+10)),1,0) -> 0 | G48: =IF(AND(feasible_mat!F6, VLOOKUP($A48,'20Trips'!$A$24:$G$26, 3,FALSE)=VLOOKUP(G$1,'20Trips'!$A$3:$I$22,3,FALSE),VLOOKUP(G$1,'20Trips'!$A$3:$I$22,8,FALSE)-VLOOKUP($B48,'20Trips'!$A$3:$I$22, 9,FALSE) >= (50+10)),1,0) -> 0 | H48: =IF(AND(feasible_mat!G6, VLOOKUP($A48,'20Trips'!$A$24:$G$26, 3,FALSE)=VLOOKUP(H$1,'20Trips'!$A$3:$I$22,3,FALSE),VLOOKUP(H$1,'20Trips'!$A$3:$I$22,8,FALSE)-VLOOKUP($B48,'20Trips'!$A$3:$I$22, 9,FALSE) >= (50+10)),1,0) -> 0 | I48: =IF(AND(feasible_mat!H6, VLOOKUP($A48,'20Trips'!$A$24:$G$26, 3,FALSE)=VLOOKUP(I$1,'20Trips'!$A$3:$I$22,3,FALSE),VLOOKUP(I$1,'20Trips'!$A$3:$I$22,8,FALSE)-VLOOKUP($B48,'20Trips'!$A$3:$I$22, 9,FALSE) >= (50+10)),1,0) -> 0 | J48: =IF(AND(feasible_mat!I6, VLOOKUP($A48,'20Trips'!$A$24:$G$26, 3,FALSE)=VLOOKUP(J$1,'20Trips'!$A$3:$I$22,3,FALSE),VLOOKUP(J$1,'20Trips'!$A$3:$I$22,8,FALSE)-VLOOKUP($B48,'20Trips'!$A$3:$I$22, 9,FALSE) >= (50+10)),1,0) -> 0 | K48: =IF(AND(feasible_mat!J6, VLOOKUP($A48,'20Trips'!$A$24:$G$26, 3,FALSE)=VLOOKUP(K$1,'20Trips'!$A$3:$I$22,3,FALSE),VLOOKUP(K$1,'20Trips'!$A$3:$I$22,8,FALSE)-VLOOKUP($B48,'20Trips'!$A$3:$I$22, 9,FALSE) >= (50+10)),1,0) -> 0 | ... W48: =IF(AND(feasible_mat!V6, VLOOKUP($A48,'20Trips'!$A$24:$G$26, 3,FALSE)=VLOOKUP(W$1,'20Trips'!$A$3:$I$22,3,FALSE),VLOOKUP(W$1,'20Trips'!$A$3:$I$22,8,FALSE)-VLOOKUP($B48,'20Trips'!$A$3:$I$22, 9,FALSE) >= (50+10)),1,0) -> 0
A49: CS2b | B49: AB5 | C49: 0 | D49: =IF(AND(feasible_mat!C7, VLOOKUP($A49,'20Trips'!$A$24:$G$26, 3,FALSE)=VLOOKUP(D$1,'20Trips'!$A$3:$I$22,3,FALSE),VLOOKUP(D$1,'20Trips'!$A$3:$I$22,8,FALSE)-VLOOKUP($B49,'20Trips'!$A$3:$I$22, 9,FALSE) >= (50+10)),1,0) -> 0 | E49: =IF(AND(feasible_mat!D7, VLOOKUP($A49,'20Trips'!$A$24:$G$26, 3,FALSE)=VLOOKUP(E$1,'20Trips'!$A$3:$I$22,3,FALSE),VLOOKUP(E$1,'20Trips'!$A$3:$I$22,8,FALSE)-VLOOKUP($B49,'20Trips'!$A$3:$I$22, 9,FALSE) >= (50+10)),1,0) -> 0 | F49: =IF(AND(feasible_mat!E7, VLOOKUP($A49,'20Trips'!$A$24:$G$26, 3,FALSE)=VLOOKUP(F$1,'20Trips'!$A$3:$I$22,3,FALSE),VLOOKUP(F$1,'20Trips'!$A$3:$I$22,8,FALSE)-VLOOKUP($B49,'20Trips'!$A$3:$I$22, 9,FALSE) >= (50+10)),1,0) -> 0 | G49: =IF(AND(feasible_mat!F7, VLOOKUP($A49,'20Trips'!$A$24:$G$26, 3,FALSE)=VLOOKUP(G$1,'20Trips'!$A$3:$I$22,3,FALSE),VLOOKUP(G$1,'20Trips'!$A$3:$I$22,8,FALSE)-VLOOKUP($B49,'20Trips'!$A$3:$I$22, 9,FALSE) >= (50+10)),1,0) -> 0 | H49: =IF(AND(feasible_mat!G7, VLOOKUP($A49,'20Trips'!$A$24:$G$26, 3,FALSE)=VLOOKUP(H$1,'20Trips'!$A$3:$I$22,3,FALSE),VLOOKUP(H$1,'20Trips'!$A$3:$I$22,8,FALSE)-VLOOKUP($B49,'20Trips'!$A$3:$I$22, 9,FALSE) >= (50+10)),1,0) -> 0 | I49: =IF(AND(feasible_mat!H7, VLOOKUP($A49,'20Trips'!$A$24:$G$26, 3,FALSE)=VLOOKUP(I$1,'20Trips'!$A$3:$I$22,3,FALSE),VLOOKUP(I$1,'20Trips'!$A$3:$I$22,8,FALSE)-VLOOKUP($B49,'20Trips'!$A$3:$I$22, 9,FALSE) >= (50+10)),1,0) -> 0 | J49: =IF(AND(feasible_mat!I7, VLOOKUP($A49,'20Trips'!$A$24:$G$26, 3,FALSE)=VLOOKUP(J$1,'20Trips'!$A$3:$I$22,3,FALSE),VLOOKUP(J$1,'20Trips'!$A$3:$I$22,8,FALSE)-VLOOKUP($B49,'20Trips'!$A$3:$I$22, 9,FALSE) >= (50+10)),1,0) -> 0 | K49: =IF(AND(feasible_mat!J7, VLOOKUP($A49,'20Trips'!$A$24:$G$26, 3,FALSE)=VLOOKUP(K$1,'20Trips'!$A$3:$I$22,3,FALSE),VLOOKUP(K$1,'20Trips'!$A$3:$I$22,8,FALSE)-VLOOKUP($B49,'20Trips'!$A$3:$I$22, 9,FALSE) >= (50+10)),1,0) -> 0 | ... W49: =IF(AND(feasible_mat!V7, VLOOKUP($A49,'20Trips'!$A$24:$G$26, 3,FALSE)=VLOOKUP(W$1,'20Trips'!$A$3:$I$22,3,FALSE),VLOOKUP(W$1,'20Trips'!$A$3:$I$22,8,FALSE)-VLOOKUP($B49,'20Trips'!$A$3:$I$22, 9,FALSE) >= (50+10)),1,0) -> 0
A50: CS2b | B50: AC1 | C50: 0 | D50: =IF(AND(feasible_mat!C8, VLOOKUP($A50,'20Trips'!$A$24:$G$26, 3,FALSE)=VLOOKUP(D$1,'20Trips'!$A$3:$I$22,3,FALSE),VLOOKUP(D$1,'20Trips'!$A$3:$I$22,8,FALSE)-VLOOKUP($B50,'20Trips'!$A$3:$I$22, 9,FALSE) >= (50+10)),1,0) -> 0 | E50: =IF(AND(feasible_mat!D8, VLOOKUP($A50,'20Trips'!$A$24:$G$26, 3,FALSE)=VLOOKUP(E$1,'20Trips'!$A$3:$I$22,3,FALSE),VLOOKUP(E$1,'20Trips'!$A$3:$I$22,8,FALSE)-VLOOKUP($B50,'20Trips'!$A$3:$I$22, 9,FALSE) >= (50+10)),1,0) -> 0 | F50: =IF(AND(feasible_mat!E8, VLOOKUP($A50,'20Trips'!$A$24:$G$26, 3,FALSE)=VLOOKUP(F$1,'20Trips'!$A$3:$I$22,3,FALSE),VLOOKUP(F$1,'20Trips'!$A$3:$I$22,8,FALSE)-VLOOKUP($B50,'20Trips'!$A$3:$I$22, 9,FALSE) >= (50+10)),1,0) -> 0 | G50: =IF(AND(feasible_mat!F8, VLOOKUP($A50,'20Trips'!$A$24:$G$26, 3,FALSE)=VLOOKUP(G$1,'20Trips'!$A$3:$I$22,3,FALSE),VLOOKUP(G$1,'20Trips'!$A$3:$I$22,8,FALSE)-VLOOKUP($B50,'20Trips'!$A$3:$I$22, 9,FALSE) >= (50+10)),1,0) -> 0 | H50: =IF(AND(feasible_mat!G8, VLOOKUP($A50,'20Trips'!$A$24:$G$26, 3,FALSE)=VLOOKUP(H$1,'20Trips'!$A$3:$I$22,3,FALSE),VLOOKUP(H$1,'20Trips'!$A$3:$I$22,8,FALSE)-VLOOKUP($B50,'20Trips'!$A$3:$I$22, 9,FALSE) >= (50+10)),1,0) -> 0 | I50: =IF(AND(feasible_mat!H8, VLOOKUP($A50,'20Trips'!$A$24:$G$26, 3,FALSE)=VLOOKUP(I$1,'20Trips'!$A$3:$I$22,3,FALSE),VLOOKUP(I$1,'20Trips'!$A$3:$I$22,8,FALSE)-VLOOKUP($B50,'20Trips'!$A$3:$I$22, 9,FALSE) >= (50+10)),1,0) -> 0 | J50: =IF(AND(feasible_mat!I8, VLOOKUP($A50,'20Trips'!$A$24:$G$26, 3,FALSE)=VLOOKUP(J$1,'20Trips'!$A$3:$I$22,3,FALSE),VLOOKUP(J$1,'20Trips'!$A$3:$I$22,8,FALSE)-VLOOKUP($B50,'20Trips'!$A$3:$I$22, 9,FALSE) >= (50+10)),1,0) -> 0 | K50: =IF(AND(feasible_mat!J8, VLOOKUP($A50,'20Trips'!$A$24:$G$26, 3,FALSE)=VLOOKUP(K$1,'20Trips'!$A$3:$I$22,3,FALSE),VLOOKUP(K$1,'20Trips'!$A$3:$I$22,8,FALSE)-VLOOKUP($B50,'20Trips'!$A$3:$I$22, 9,FALSE) >= (50+10)),1,0) -> 0 | ... W50: =IF(AND(feasible_mat!V8, VLOOKUP($A50,'20Trips'!$A$24:$G$26, 3,FALSE)=VLOOKUP(W$1,'20Trips'!$A$3:$I$22,3,FALSE),VLOOKUP(W$1,'20Trips'!$A$3:$I$22,8,FALSE)-VLOOKUP($B50,'20Trips'!$A$3:$I$22, 9,FALSE) >= (50+10)),1,0) -> 0
A51: CS2b | B51: AC2 | C51: 0 | D51: =IF(AND(feasible_mat!C9, VLOOKUP($A51,'20Trips'!$A$24:$G$26, 3,FALSE)=VLOOKUP(D$1,'20Trips'!$A$3:$I$22,3,FALSE),VLOOKUP(D$1,'20Trips'!$A$3:$I$22,8,FALSE)-VLOOKUP($B51,'20Trips'!$A$3:$I$22, 9,FALSE) >= (50+10)),1,0) -> 0 | E51: =IF(AND(feasible_mat!D9, VLOOKUP($A51,'20Trips'!$A$24:$G$26, 3,FALSE)=VLOOKUP(E$1,'20Trips'!$A$3:$I$22,3,FALSE),VLOOKUP(E$1,'20Trips'!$A$3:$I$22,8,FALSE)-VLOOKUP($B51,'20Trips'!$A$3:$I$22, 9,FALSE) >= (50+10)),1,0) -> 0 | F51: =IF(AND(feasible_mat!E9, VLOOKUP($A51,'20Trips'!$A$24:$G$26, 3,FALSE)=VLOOKUP(F$1,'20Trips'!$A$3:$I$22,3,FALSE),VLOOKUP(F$1,'20Trips'!$A$3:$I$22,8,FALSE)-VLOOKUP($B51,'20Trips'!$A$3:$I$22, 9,FALSE) >= (50+10)),1,0) -> 0 | G51: =IF(AND(feasible_mat!F9, VLOOKUP($A51,'20Trips'!$A$24:$G$26, 3,FALSE)=VLOOKUP(G$1,'20Trips'!$A$3:$I$22,3,FALSE),VLOOKUP(G$1,'20Trips'!$A$3:$I$22,8,FALSE)-VLOOKUP($B51,'20Trips'!$A$3:$I$22, 9,FALSE) >= (50+10)),1,0) -> 0 | H51: =IF(AND(feasible_mat!G9, VLOOKUP($A51,'20Trips'!$A$24:$G$26, 3,FALSE)=VLOOKUP(H$1,'20Trips'!$A$3:$I$22,3,FALSE),VLOOKUP(H$1,'20Trips'!$A$3:$I$22,8,FALSE)-VLOOKUP($B51,'20Trips'!$A$3:$I$22, 9,FALSE) >= (50+10)),1,0) -> 0 | I51: =IF(AND(feasible_mat!H9, VLOOKUP($A51,'20Trips'!$A$24:$G$26, 3,FALSE)=VLOOKUP(I$1,'20Trips'!$A$3:$I$22,3,FALSE),VLOOKUP(I$1,'20Trips'!$A$3:$I$22,8,FALSE)-VLOOKUP($B51,'20Trips'!$A$3:$I$22, 9,FALSE) >= (50+10)),1,0) -> 0 | J51: =IF(AND(feasible_mat!I9, VLOOKUP($A51,'20Trips'!$A$24:$G$26, 3,FALSE)=VLOOKUP(J$1,'20Trips'!$A$3:$I$22,3,FALSE),VLOOKUP(J$1,'20Trips'!$A$3:$I$22,8,FALSE)-VLOOKUP($B51,'20Trips'!$A$3:$I$22, 9,FALSE) >= (50+10)),1,0) -> 0 | K51: =IF(AND(feasible_mat!J9, VLOOKUP($A51,'20Trips'!$A$24:$G$26, 3,FALSE)=VLOOKUP(K$1,'20Trips'!$A$3:$I$22,3,FALSE),VLOOKUP(K$1,'20Trips'!$A$3:$I$22,8,FALSE)-VLOOKUP($B51,'20Trips'!$A$3:$I$22, 9,FALSE) >= (50+10)),1,0) -> 0 | ... W51: =IF(AND(feasible_mat!V9, VLOOKUP($A51,'20Trips'!$A$24:$G$26, 3,FALSE)=VLOOKUP(W$1,'20Trips'!$A$3:$I$22,3,FALSE),VLOOKUP(W$1,'20Trips'!$A$3:$I$22,8,FALSE)-VLOOKUP($B51,'20Trips'!$A$3:$I$22, 9,FALSE) >= (50+10)),1,0) -> 0
A52: CS2b | B52: AC3 | C52: 0 | D52: =IF(AND(feasible_mat!C10, VLOOKUP($A52,'20Trips'!$A$24:$G$26, 3,FALSE)=VLOOKUP(D$1,'20Trips'!$A$3:$I$22,3,FALSE),VLOOKUP(D$1,'20Trips'!$A$3:$I$22,8,FALSE)-VLOOKUP($B52,'20Trips'!$A$3:$I$22, 9,FALSE) >= (50+10)),1,0) -> 0 | E52: =IF(AND(feasible_mat!D10, VLOOKUP($A52,'20Trips'!$A$24:$G$26, 3,FALSE)=VLOOKUP(E$1,'20Trips'!$A$3:$I$22,3,FALSE),VLOOKUP(E$1,'20Trips'!$A$3:$I$22,8,FALSE)-VLOOKUP($B52,'20Trips'!$A$3:$I$22, 9,FALSE) >= (50+10)),1,0) -> 0 | F52: =IF(AND(feasible_mat!E10, VLOOKUP($A52,'20Trips'!$A$24:$G$26, 3,FALSE)=VLOOKUP(F$1,'20Trips'!$A$3:$I$22,3,FALSE),VLOOKUP(F$1,'20Trips'!$A$3:$I$22,8,FALSE)-VLOOKUP($B52,'20Trips'!$A$3:$I$22, 9,FALSE) >= (50+10)),1,0) -> 0 | G52: =IF(AND(feasible_mat!F10, VLOOKUP($A52,'20Trips'!$A$24:$G$26, 3,FALSE)=VLOOKUP(G$1,'20Trips'!$A$3:$I$22,3,FALSE),VLOOKUP(G$1,'20Trips'!$A$3:$I$22,8,FALSE)-VLOOKUP($B52,'20Trips'!$A$3:$I$22, 9,FALSE) >= (50+10)),1,0) -> 0 | H52: =IF(AND(feasible_mat!G10, VLOOKUP($A52,'20Trips'!$A$24:$G$26, 3,FALSE)=VLOOKUP(H$1,'20Trips'!$A$3:$I$22,3,FALSE),VLOOKUP(H$1,'20Trips'!$A$3:$I$22,8,FALSE)-VLOOKUP($B52,'20Trips'!$A$3:$I$22, 9,FALSE) >= (50+10)),1,0) -> 0 | I52: =IF(AND(feasible_mat!H10, VLOOKUP($A52,'20Trips'!$A$24:$G$26, 3,FALSE)=VLOOKUP(I$1,'20Trips'!$A$3:$I$22,3,FALSE),VLOOKUP(I$1,'20Trips'!$A$3:$I$22,8,FALSE)-VLOOKUP($B52,'20Trips'!$A$3:$I$22, 9,FALSE) >= (50+10)),1,0) -> 0 | J52: =IF(AND(feasible_mat!I10, VLOOKUP($A52,'20Trips'!$A$24:$G$26, 3,FALSE)=VLOOKUP(J$1,'20Trips'!$A$3:$I$22,3,FALSE),VLOOKUP(J$1,'20Trips'!$A$3:$I$22,8,FALSE)-VLOOKUP($B52,'20Trips'!$A$3:$I$22, 9,FALSE) >= (50+10)),1,0) -> 0 | K52: =IF(AND(feasible_mat!J10, VLOOKUP($A52,'20Trips'!$A$24:$G$26, 3,FALSE)=VLOOKUP(K$1,'20Trips'!$A$3:$I$22,3,FALSE),VLOOKUP(K$1,'20Trips'!$A$3:$I$22,8,FALSE)-VLOOKUP($B52,'20Trips'!$A$3:$I$22, 9,FALSE) >= (50+10)),1,0) -> 0 | ... W52: =IF(AND(feasible_mat!V10, VLOOKUP($A52,'20Trips'!$A$24:$G$26, 3,FALSE)=VLOOKUP(W$1,'20Trips'!$A$3:$I$22,3,FALSE),VLOOKUP(W$1,'20Trips'!$A$3:$I$22,8,FALSE)-VLOOKUP($B52,'20Trips'!$A$3:$I$22, 9,FALSE) >= (50+10)),1,0) -> 0
A53: CS2b | B53: AC4 | C53: 0 | D53: =IF(AND(feasible_mat!C11, VLOOKUP($A53,'20Trips'!$A$24:$G$26, 3,FALSE)=VLOOKUP(D$1,'20Trips'!$A$3:$I$22,3,FALSE),VLOOKUP(D$1,'20Trips'!$A$3:$I$22,8,FALSE)-VLOOKUP($B53,'20Trips'!$A$3:$I$22, 9,FALSE) >= (50+10)),1,0) -> 0 | E53: =IF(AND(feasible_mat!D11, VLOOKUP($A53,'20Trips'!$A$24:$G$26, 3,FALSE)=VLOOKUP(E$1,'20Trips'!$A$3:$I$22,3,FALSE),VLOOKUP(E$1,'20Trips'!$A$3:$I$22,8,FALSE)-VLOOKUP($B53,'20Trips'!$A$3:$I$22, 9,FALSE) >= (50+10)),1,0) -> 0 | F53: =IF(AND(feasible_mat!E11, VLOOKUP($A53,'20Trips'!$A$24:$G$26, 3,FALSE)=VLOOKUP(F$1,'20Trips'!$A$3:$I$22,3,FALSE),VLOOKUP(F$1,'20Trips'!$A$3:$I$22,8,FALSE)-VLOOKUP($B53,'20Trips'!$A$3:$I$22, 9,FALSE) >= (50+10)),1,0) -> 0 | G53: =IF(AND(feasible_mat!F11, VLOOKUP($A53,'20Trips'!$A$24:$G$26, 3,FALSE)=VLOOKUP(G$1,'20Trips'!$A$3:$I$22,3,FALSE),VLOOKUP(G$1,'20Trips'!$A$3:$I$22,8,FALSE)-VLOOKUP($B53,'20Trips'!$A$3:$I$22, 9,FALSE) >= (50+10)),1,0) -> 0 | H53: =IF(AND(feasible_mat!G11, VLOOKUP($A53,'20Trips'!$A$24:$G$26, 3,FALSE)=VLOOKUP(H$1,'20Trips'!$A$3:$I$22,3,FALSE),VLOOKUP(H$1,'20Trips'!$A$3:$I$22,8,FALSE)-VLOOKUP($B53,'20Trips'!$A$3:$I$22, 9,FALSE) >= (50+10)),1,0) -> 0 | I53: =IF(AND(feasible_mat!H11, VLOOKUP($A53,'20Trips'!$A$24:$G$26, 3,FALSE)=VLOOKUP(I$1,'20Trips'!$A$3:$I$22,3,FALSE),VLOOKUP(I$1,'20Trips'!$A$3:$I$22,8,FALSE)-VLOOKUP($B53,'20Trips'!$A$3:$I$22, 9,FALSE) >= (50+10)),1,0) -> 0 | J53: =IF(AND(feasible_mat!I11, VLOOKUP($A53,'20Trips'!$A$24:$G$26, 3,FALSE)=VLOOKUP(J$1,'20Trips'!$A$3:$I$22,3,FALSE),VLOOKUP(J$1,'20Trips'!$A$3:$I$22,8,FALSE)-VLOOKUP($B53,'20Trips'!$A$3:$I$22, 9,FALSE) >= (50+10)),1,0) -> 0 | K53: =IF(AND(feasible_mat!J11, VLOOKUP($A53,'20Trips'!$A$24:$G$26, 3,FALSE)=VLOOKUP(K$1,'20Trips'!$A$3:$I$22,3,FALSE),VLOOKUP(K$1,'20Trips'!$A$3:$I$22,8,FALSE)-VLOOKUP($B53,'20Trips'!$A$3:$I$22, 9,FALSE) >= (50+10)),1,0) -> 0 | ... W53: =IF(AND(feasible_mat!V11, VLOOKUP($A53,'20Trips'!$A$24:$G$26, 3,FALSE)=VLOOKUP(W$1,'20Trips'!$A$3:$I$22,3,FALSE),VLOOKUP(W$1,'20Trips'!$A$3:$I$22,8,FALSE)-VLOOKUP($B53,'20Trips'!$A$3:$I$22, 9,FALSE) >= (50+10)),1,0) -> 0
A54: CS2b | B54: AC5 | C54: 0 | D54: =IF(AND(feasible_mat!C12, VLOOKUP($A54,'20Trips'!$A$24:$G$26, 3,FALSE)=VLOOKUP(D$1,'20Trips'!$A$3:$I$22,3,FALSE),VLOOKUP(D$1,'20Trips'!$A$3:$I$22,8,FALSE)-VLOOKUP($B54,'20Trips'!$A$3:$I$22, 9,FALSE) >= (50+10)),1,0) -> 0 | E54: =IF(AND(feasible_mat!D12, VLOOKUP($A54,'20Trips'!$A$24:$G$26, 3,FALSE)=VLOOKUP(E$1,'20Trips'!$A$3:$I$22,3,FALSE),VLOOKUP(E$1,'20Trips'!$A$3:$I$22,8,FALSE)-VLOOKUP($B54,'20Trips'!$A$3:$I$22, 9,FALSE) >= (50+10)),1,0) -> 0 | F54: =IF(AND(feasible_mat!E12, VLOOKUP($A54,'20Trips'!$A$24:$G$26, 3,FALSE)=VLOOKUP(F$1,'20Trips'!$A$3:$I$22,3,FALSE),VLOOKUP(F$1,'20Trips'!$A$3:$I$22,8,FALSE)-VLOOKUP($B54,'20Trips'!$A$3:$I$22, 9,FALSE) >= (50+10)),1,0) -> 0 | G54: =IF(AND(feasible_mat!F12, VLOOKUP($A54,'20Trips'!$A$24:$G$26, 3,FALSE)=VLOOKUP(G$1,'20Trips'!$A$3:$I$22,3,FALSE),VLOOKUP(G$1,'20Trips'!$A$3:$I$22,8,FALSE)-VLOOKUP($B54,'20Trips'!$A$3:$I$22, 9,FALSE) >= (50+10)),1,0) -> 0 | H54: =IF(AND(feasible_mat!G12, VLOOKUP($A54,'20Trips'!$A$24:$G$26, 3,FALSE)=VLOOKUP(H$1,'20Trips'!$A$3:$I$22,3,FALSE),VLOOKUP(H$1,'20Trips'!$A$3:$I$22,8,FALSE)-VLOOKUP($B54,'20Trips'!$A$3:$I$22, 9,FALSE) >= (50+10)),1,0) -> 0 | I54: =IF(AND(feasible_mat!H12, VLOOKUP($A54,'20Trips'!$A$24:$G$26, 3,FALSE)=VLOOKUP(I$1,'20Trips'!$A$3:$I$22,3,FALSE),VLOOKUP(I$1,'20Trips'!$A$3:$I$22,8,FALSE)-VLOOKUP($B54,'20Trips'!$A$3:$I$22, 9,FALSE) >= (50+10)),1,0) -> 0 | J54: =IF(AND(feasible_mat!I12, VLOOKUP($A54,'20Trips'!$A$24:$G$26, 3,FALSE)=VLOOKUP(J$1,'20Trips'!$A$3:$I$22,3,FALSE),VLOOKUP(J$1,'20Trips'!$A$3:$I$22,8,FALSE)-VLOOKUP($B54,'20Trips'!$A$3:$I$22, 9,FALSE) >= (50+10)),1,0) -> 0 | K54: =IF(AND(feasible_mat!J12, VLOOKUP($A54,'20Trips'!$A$24:$G$26, 3,FALSE)=VLOOKUP(K$1,'20Trips'!$A$3:$I$22,3,FALSE),VLOOKUP(K$1,'20Trips'!$A$3:$I$22,8,FALSE)-VLOOKUP($B54,'20Trips'!$A$3:$I$22, 9,FALSE) >= (50+10)),1,0) -> 0 | ... W54: =IF(AND(feasible_mat!V12, VLOOKUP($A54,'20Trips'!$A$24:$G$26, 3,FALSE)=VLOOKUP(W$1,'20Trips'!$A$3:$I$22,3,FALSE),VLOOKUP(W$1,'20Trips'!$A$3:$I$22,8,FALSE)-VLOOKUP($B54,'20Trips'!$A$3:$I$22, 9,FALSE) >= (50+10)),1,0) -> 0
A55: CS2b | B55: BA1 | C55: 0 | D55: =IF(AND(feasible_mat!C13, VLOOKUP($A55,'20Trips'!$A$24:$G$26, 3,FALSE)=VLOOKUP(D$1,'20Trips'!$A$3:$I$22,3,FALSE),VLOOKUP(D$1,'20Trips'!$A$3:$I$22,8,FALSE)-VLOOKUP($B55,'20Trips'!$A$3:$I$22, 9,FALSE) >= (50+10)),1,0) -> 0 | E55: =IF(AND(feasible_mat!D13, VLOOKUP($A55,'20Trips'!$A$24:$G$26, 3,FALSE)=VLOOKUP(E$1,'20Trips'!$A$3:$I$22,3,FALSE),VLOOKUP(E$1,'20Trips'!$A$3:$I$22,8,FALSE)-VLOOKUP($B55,'20Trips'!$A$3:$I$22, 9,FALSE) >= (50+10)),1,0) -> 0 | F55: =IF(AND(feasible_mat!E13, VLOOKUP($A55,'20Trips'!$A$24:$G$26, 3,FALSE)=VLOOKUP(F$1,'20Trips'!$A$3:$I$22,3,FALSE),VLOOKUP(F$1,'20Trips'!$A$3:$I$22,8,FALSE)-VLOOKUP($B55,'20Trips'!$A$3:$I$22, 9,FALSE) >= (50+10)),1,0) -> 0 | G55: =IF(AND(feasible_mat!F13, VLOOKUP($A55,'20Trips'!$A$24:$G$26, 3,FALSE)=VLOOKUP(G$1,'20Trips'!$A$3:$I$22,3,FALSE),VLOOKUP(G$1,'20Trips'!$A$3:$I$22,8,FALSE)-VLOOKUP($B55,'20Trips'!$A$3:$I$22, 9,FALSE) >= (50+10)),1,0) -> 0 | H55: =IF(AND(feasible_mat!G13, VLOOKUP($A55,'20Trips'!$A$24:$G$26, 3,FALSE)=VLOOKUP(H$1,'20Trips'!$A$3:$I$22,3,FALSE),VLOOKUP(H$1,'20Trips'!$A$3:$I$22,8,FALSE)-VLOOKUP($B55,'20Trips'!$A$3:$I$22, 9,FALSE) >= (50+10)),1,0) -> 0 | I55: =IF(AND(feasible_mat!H13, VLOOKUP($A55,'20Trips'!$A$24:$G$26, 3,FALSE)=VLOOKUP(I$1,'20Trips'!$A$3:$I$22,3,FALSE),VLOOKUP(I$1,'20Trips'!$A$3:$I$22,8,FALSE)-VLOOKUP($B55,'20Trips'!$A$3:$I$22, 9,FALSE) >= (50+10)),1,0) -> 0 | J55: =IF(AND(feasible_mat!I13, VLOOKUP($A55,'20Trips'!$A$24:$G$26, 3,FALSE)=VLOOKUP(J$1,'20Trips'!$A$3:$I$22,3,FALSE),VLOOKUP(J$1,'20Trips'!$A$3:$I$22,8,FALSE)-VLOOKUP($B55,'20Trips'!$A$3:$I$22, 9,FALSE) >= (50+10)),1,0) -> 0 | K55: =IF(AND(feasible_mat!J13, VLOOKUP($A55,'20Trips'!$A$24:$G$26, 3,FALSE)=VLOOKUP(K$1,'20Trips'!$A$3:$I$22,3,FALSE),VLOOKUP(K$1,'20Trips'!$A$3:$I$22,8,FALSE)-VLOOKUP($B55,'20Trips'!$A$3:$I$22, 9,FALSE) >= (50+10)),1,0) -> 0 | ... W55: =IF(AND(feasible_mat!V13, VLOOKUP($A55,'20Trips'!$A$24:$G$26, 3,FALSE)=VLOOKUP(W$1,'20Trips'!$A$3:$I$22,3,FALSE),VLOOKUP(W$1,'20Trips'!$A$3:$I$22,8,FALSE)-VLOOKUP($B55,'20Trips'!$A$3:$I$22, 9,FALSE) >= (50+10)),1,0) -> 0
A56: CS2b | B56: BA2 | C56: 0 | D56: =IF(AND(feasible_mat!C14, VLOOKUP($A56,'20Trips'!$A$24:$G$26, 3,FALSE)=VLOOKUP(D$1,'20Trips'!$A$3:$I$22,3,FALSE),VLOOKUP(D$1,'20Trips'!$A$3:$I$22,8,FALSE)-VLOOKUP($B56,'20Trips'!$A$3:$I$22, 9,FALSE) >= (50+10)),1,0) -> 0 | E56: =IF(AND(feasible_mat!D14, VLOOKUP($A56,'20Trips'!$A$24:$G$26, 3,FALSE)=VLOOKUP(E$1,'20Trips'!$A$3:$I$22,3,FALSE),VLOOKUP(E$1,'20Trips'!$A$3:$I$22,8,FALSE)-VLOOKUP($B56,'20Trips'!$A$3:$I$22, 9,FALSE) >= (50+10)),1,0) -> 0 | F56: =IF(AND(feasible_mat!E14, VLOOKUP($A56,'20Trips'!$A$24:$G$26, 3,FALSE)=VLOOKUP(F$1,'20Trips'!$A$3:$I$22,3,FALSE),VLOOKUP(F$1,'20Trips'!$A$3:$I$22,8,FALSE)-VLOOKUP($B56,'20Trips'!$A$3:$I$22, 9,FALSE) >= (50+10)),1,0) -> 0 | G56: =IF(AND(feasible_mat!F14, VLOOKUP($A56,'20Trips'!$A$24:$G$26, 3,FALSE)=VLOOKUP(G$1,'20Trips'!$A$3:$I$22,3,FALSE),VLOOKUP(G$1,'20Trips'!$A$3:$I$22,8,FALSE)-VLOOKUP($B56,'20Trips'!$A$3:$I$22, 9,FALSE) >= (50+10)),1,0) -> 0 | H56: =IF(AND(feasible_mat!G14, VLOOKUP($A56,'20Trips'!$A$24:$G$26, 3,FALSE)=VLOOKUP(H$1,'20Trips'!$A$3:$I$22,3,FALSE),VLOOKUP(H$1,'20Trips'!$A$3:$I$22,8,FALSE)-VLOOKUP($B56,'20Trips'!$A$3:$I$22, 9,FALSE) >= (50+10)),1,0) -> 0 | I56: =IF(AND(feasible_mat!H14, VLOOKUP($A56,'20Trips'!$A$24:$G$26, 3,FALSE)=VLOOKUP(I$1,'20Trips'!$A$3:$I$22,3,FALSE),VLOOKUP(I$1,'20Trips'!$A$3:$I$22,8,FALSE)-VLOOKUP($B56,'20Trips'!$A$3:$I$22, 9,FALSE) >= (50+10)),1,0) -> 0 | J56: =IF(AND(feasible_mat!I14, VLOOKUP($A56,'20Trips'!$A$24:$G$26, 3,FALSE)=VLOOKUP(J$1,'20Trips'!$A$3:$I$22,3,FALSE),VLOOKUP(J$1,'20Trips'!$A$3:$I$22,8,FALSE)-VLOOKUP($B56,'20Trips'!$A$3:$I$22, 9,FALSE) >= (50+10)),1,0) -> 0 | K56: =IF(AND(feasible_mat!J14, VLOOKUP($A56,'20Trips'!$A$24:$G$26, 3,FALSE)=VLOOKUP(K$1,'20Trips'!$A$3:$I$22,3,FALSE),VLOOKUP(K$1,'20Trips'!$A$3:$I$22,8,FALSE)-VLOOKUP($B56,'20Trips'!$A$3:$I$22, 9,FALSE) >= (50+10)),1,0) -> 0 | ... W56: =IF(AND(feasible_mat!V14, VLOOKUP($A56,'20Trips'!$A$24:$G$26, 3,FALSE)=VLOOKUP(W$1,'20Trips'!$A$3:$I$22,3,FALSE),VLOOKUP(W$1,'20Trips'!$A$3:$I$22,8,FALSE)-VLOOKUP($B56,'20Trips'!$A$3:$I$22, 9,FALSE) >= (50+10)),1,0) -> 0
... A64: CS2b | B64: CA5 | C64: 0 | D64: =IF(AND(feasible_mat!C22, VLOOKUP($A64,'20Trips'!$A$24:$G$26, 3,FALSE)=VLOOKUP(D$1,'20Trips'!$A$3:$I$22,3,FALSE),VLOOKUP(D$1,'20Trips'!$A$3:$I$22,8,FALSE)-VLOOKUP($B64,'20Trips'!$A$3:$I$22, 9,FALSE) >= (50+10)),1,0) -> 0 | E64: =IF(AND(feasible_mat!D22, VLOOKUP($A64,'20Trips'!$A$24:$G$26, 3,FALSE)=VLOOKUP(E$1,'20Trips'!$A$3:$I$22,3,FALSE),VLOOKUP(E$1,'20Trips'!$A$3:$I$22,8,FALSE)-VLOOKUP($B64,'20Trips'!$A$3:$I$22, 9,FALSE) >= (50+10)),1,0) -> 0 | F64: =IF(AND(feasible_mat!E22, VLOOKUP($A64,'20Trips'!$A$24:$G$26, 3,FALSE)=VLOOKUP(F$1,'20Trips'!$A$3:$I$22,3,FALSE),VLOOKUP(F$1,'20Trips'!$A$3:$I$22,8,FALSE)-VLOOKUP($B64,'20Trips'!$A$3:$I$22, 9,FALSE) >= (50+10)),1,0) -> 0 | G64: =IF(AND(feasible_mat!F22, VLOOKUP($A64,'20Trips'!$A$24:$G$26, 3,FALSE)=VLOOKUP(G$1,'20Trips'!$A$3:$I$22,3,FALSE),VLOOKUP(G$1,'20Trips'!$A$3:$I$22,8,FALSE)-VLOOKUP($B64,'20Trips'!$A$3:$I$22, 9,FALSE) >= (50+10)),1,0) -> 0 | H64: =IF(AND(feasible_mat!G22, VLOOKUP($A64,'20Trips'!$A$24:$G$26, 3,FALSE)=VLOOKUP(H$1,'20Trips'!$A$3:$I$22,3,FALSE),VLOOKUP(H$1,'20Trips'!$A$3:$I$22,8,FALSE)-VLOOKUP($B64,'20Trips'!$A$3:$I$22, 9,FALSE) >= (50+10)),1,0) -> 0 | I64: =IF(AND(feasible_mat!H22, VLOOKUP($A64,'20Trips'!$A$24:$G$26, 3,FALSE)=VLOOKUP(I$1,'20Trips'!$A$3:$I$22,3,FALSE),VLOOKUP(I$1,'20Trips'!$A$3:$I$22,8,FALSE)-VLOOKUP($B64,'20Trips'!$A$3:$I$22, 9,FALSE) >= (50+10)),1,0) -> 0 | J64: =IF(AND(feasible_mat!I22, VLOOKUP($A64,'20Trips'!$A$24:$G$26, 3,FALSE)=VLOOKUP(J$1,'20Trips'!$A$3:$I$22,3,FALSE),VLOOKUP(J$1,'20Trips'!$A$3:$I$22,8,FALSE)-VLOOKUP($B64,'20Trips'!$A$3:$I$22, 9,FALSE) >= (50+10)),1,0) -> 0 | K64: =IF(AND(feasible_mat!J22, VLOOKUP($A64,'20Trips'!$A$24:$G$26, 3,FALSE)=VLOOKUP(K$1,'20Trips'!$A$3:$I$22,3,FALSE),VLOOKUP(K$1,'20Trips'!$A$3:$I$22,8,FALSE)-VLOOKUP($B64,'20Trips'!$A$3:$I$22, 9,FALSE) >= (50+10)),1,0) -> 0 | ... W64: =IF(AND(feasible_mat!V22, VLOOKUP($A64,'20Trips'!$A$24:$G$26, 3,FALSE)=VLOOKUP(W$1,'20Trips'!$A$3:$I$22,3,FALSE),VLOOKUP(W$1,'20Trips'!$A$3:$I$22,8,FALSE)-VLOOKUP($B64,'20Trips'!$A$3:$I$22, 9,FALSE) >= (50+10)),1,0) -> 0
A65: CS3c | B65: DEPOT | C65: 0 | D65: 0 | E65: 0 | F65: 0 | G65: 0 | H65: 0 | I65: 0 | J65: 0 | K65: 0 | L65: 0 | M65: 0 | N65: 0 | O65: 0 | P65: 0 | Q65: 0 | R65: 0 | S65: 0 | T65: 0 | U65: 0 | V65: 0 | W65: 0
A66: CS3c | B66: AB1 | C66: 0 | D66: =IF(AND(feasible_mat!C3, VLOOKUP(Recharged_Feasible_matv3!$A66,'20Trips'!$A$24:$G$26, 3,FALSE)=VLOOKUP(D$1,'20Trips'!$A$3:$I$22,3,FALSE)),1,0) -> 0 | E66: =IF(AND(feasible_mat!D3, VLOOKUP(Recharged_Feasible_matv3!$A66,'20Trips'!$A$24:$G$26, 3,FALSE)=VLOOKUP(E$1,'20Trips'!$A$3:$I$22,3,FALSE)),1,0) -> 0 | F66: =IF(AND(feasible_mat!E3, VLOOKUP(Recharged_Feasible_matv3!$A66,'20Trips'!$A$24:$G$26, 3,FALSE)=VLOOKUP(F$1,'20Trips'!$A$3:$I$22,3,FALSE)),1,0) -> 0 | G66: =IF(AND(feasible_mat!F3, VLOOKUP(Recharged_Feasible_matv3!$A66,'20Trips'!$A$24:$G$26, 3,FALSE)=VLOOKUP(G$1,'20Trips'!$A$3:$I$22,3,FALSE)),1,0) -> 0 | H66: =IF(AND(feasible_mat!G3, VLOOKUP(Recharged_Feasible_matv3!$A66,'20Trips'!$A$24:$G$26, 3,FALSE)=VLOOKUP(H$1,'20Trips'!$A$3:$I$22,3,FALSE)),1,0) -> 0 | I66: =IF(AND(feasible_mat!H3, VLOOKUP(Recharged_Feasible_matv3!$A66,'20Trips'!$A$24:$G$26, 3,FALSE)=VLOOKUP(I$1,'20Trips'!$A$3:$I$22,3,FALSE)),1,0) -> 0 | J66: =IF(AND(feasible_mat!I3, VLOOKUP(Recharged_Feasible_matv3!$A66,'20Trips'!$A$24:$G$26, 3,FALSE)=VLOOKUP(J$1,'20Trips'!$A$3:$I$22,3,FALSE)),1,0) -> 0 | K66: =IF(AND(feasible_mat!J3, VLOOKUP(Recharged_Feasible_matv3!$A66,'20Trips'!$A$24:$G$26, 3,FALSE)=VLOOKUP(K$1,'20Trips'!$A$3:$I$22,3,FALSE)),1,0) -> 0 | ... W66: =IF(AND(feasible_mat!V3, VLOOKUP(Recharged_Feasible_matv3!$A66,'20Trips'!$A$24:$G$26, 3,FALSE)=VLOOKUP(W$1,'20Trips'!$A$3:$I$22,3,FALSE)),1,0) -> 1
A67: CS3c | B67: AB2 | C67: 0 | D67: =IF(AND(feasible_mat!C4, VLOOKUP(Recharged_Feasible_matv3!$A67,'20Trips'!$A$24:$G$26, 3,FALSE)=VLOOKUP(D$1,'20Trips'!$A$3:$I$22,3,FALSE)),1,0) -> 0 | E67: =IF(AND(feasible_mat!D4, VLOOKUP(Recharged_Feasible_matv3!$A67,'20Trips'!$A$24:$G$26, 3,FALSE)=VLOOKUP(E$1,'20Trips'!$A$3:$I$22,3,FALSE)),1,0) -> 0 | F67: =IF(AND(feasible_mat!E4, VLOOKUP(Recharged_Feasible_matv3!$A67,'20Trips'!$A$24:$G$26, 3,FALSE)=VLOOKUP(F$1,'20Trips'!$A$3:$I$22,3,FALSE)),1,0) -> 0 | G67: =IF(AND(feasible_mat!F4, VLOOKUP(Recharged_Feasible_matv3!$A67,'20Trips'!$A$24:$G$26, 3,FALSE)=VLOOKUP(G$1,'20Trips'!$A$3:$I$22,3,FALSE)),1,0) -> 0 | H67: =IF(AND(feasible_mat!G4, VLOOKUP(Recharged_Feasible_matv3!$A67,'20Trips'!$A$24:$G$26, 3,FALSE)=VLOOKUP(H$1,'20Trips'!$A$3:$I$22,3,FALSE)),1,0) -> 0 | I67: =IF(AND(feasible_mat!H4, VLOOKUP(Recharged_Feasible_matv3!$A67,'20Trips'!$A$24:$G$26, 3,FALSE)=VLOOKUP(I$1,'20Trips'!$A$3:$I$22,3,FALSE)),1,0) -> 0 | J67: =IF(AND(feasible_mat!I4, VLOOKUP(Recharged_Feasible_matv3!$A67,'20Trips'!$A$24:$G$26, 3,FALSE)=VLOOKUP(J$1,'20Trips'!$A$3:$I$22,3,FALSE)),1,0) -> 0 | K67: =IF(AND(feasible_mat!J4, VLOOKUP(Recharged_Feasible_matv3!$A67,'20Trips'!$A$24:$G$26, 3,FALSE)=VLOOKUP(K$1,'20Trips'!$A$3:$I$22,3,FALSE)),1,0) -> 0 | ... W67: =IF(AND(feasible_mat!V4, VLOOKUP(Recharged_Feasible_matv3!$A67,'20Trips'!$A$24:$G$26, 3,FALSE)=VLOOKUP(W$1,'20Trips'!$A$3:$I$22,3,FALSE)),1,0) -> 1
A68: CS3c | B68: AB3 | C68: 0 | D68: =IF(AND(feasible_mat!C5, VLOOKUP(Recharged_Feasible_matv3!$A68,'20Trips'!$A$24:$G$26, 3,FALSE)=VLOOKUP(D$1,'20Trips'!$A$3:$I$22,3,FALSE)),1,0) -> 0 | E68: =IF(AND(feasible_mat!D5, VLOOKUP(Recharged_Feasible_matv3!$A68,'20Trips'!$A$24:$G$26, 3,FALSE)=VLOOKUP(E$1,'20Trips'!$A$3:$I$22,3,FALSE)),1,0) -> 0 | F68: =IF(AND(feasible_mat!E5, VLOOKUP(Recharged_Feasible_matv3!$A68,'20Trips'!$A$24:$G$26, 3,FALSE)=VLOOKUP(F$1,'20Trips'!$A$3:$I$22,3,FALSE)),1,0) -> 0 | G68: =IF(AND(feasible_mat!F5, VLOOKUP(Recharged_Feasible_matv3!$A68,'20Trips'!$A$24:$G$26, 3,FALSE)=VLOOKUP(G$1,'20Trips'!$A$3:$I$22,3,FALSE)),1,0) -> 0 | H68: =IF(AND(feasible_mat!G5, VLOOKUP(Recharged_Feasible_matv3!$A68,'20Trips'!$A$24:$G$26, 3,FALSE)=VLOOKUP(H$1,'20Trips'!$A$3:$I$22,3,FALSE)),1,0) -> 0 | I68: =IF(AND(feasible_mat!H5, VLOOKUP(Recharged_Feasible_matv3!$A68,'20Trips'!$A$24:$G$26, 3,FALSE)=VLOOKUP(I$1,'20Trips'!$A$3:$I$22,3,FALSE)),1,0) -> 0 | J68: =IF(AND(feasible_mat!I5, VLOOKUP(Recharged_Feasible_matv3!$A68,'20Trips'!$A$24:$G$26, 3,FALSE)=VLOOKUP(J$1,'20Trips'!$A$3:$I$22,3,FALSE)),1,0) -> 0 | K68: =IF(AND(feasible_mat!J5, VLOOKUP(Recharged_Feasible_matv3!$A68,'20Trips'!$A$24:$G$26, 3,FALSE)=VLOOKUP(K$1,'20Trips'!$A$3:$I$22,3,FALSE)),1,0) -> 0 | ... W68: =IF(AND(feasible_mat!V5, VLOOKUP(Recharged_Feasible_matv3!$A68,'20Trips'!$A$24:$G$26, 3,FALSE)=VLOOKUP(W$1,'20Trips'!$A$3:$I$22,3,FALSE)),1,0) -> 1
A69: CS3c | B69: AB4 | C69: 0 | D69: =IF(AND(feasible_mat!C6, VLOOKUP(Recharged_Feasible_matv3!$A69,'20Trips'!$A$24:$G$26, 3,FALSE)=VLOOKUP(D$1,'20Trips'!$A$3:$I$22,3,FALSE)),1,0) -> 0 | E69: =IF(AND(feasible_mat!D6, VLOOKUP(Recharged_Feasible_matv3!$A69,'20Trips'!$A$24:$G$26, 3,FALSE)=VLOOKUP(E$1,'20Trips'!$A$3:$I$22,3,FALSE)),1,0) -> 0 | F69: =IF(AND(feasible_mat!E6, VLOOKUP(Recharged_Feasible_matv3!$A69,'20Trips'!$A$24:$G$26, 3,FALSE)=VLOOKUP(F$1,'20Trips'!$A$3:$I$22,3,FALSE)),1,0) -> 0 | G69: =IF(AND(feasible_mat!F6, VLOOKUP(Recharged_Feasible_matv3!$A69,'20Trips'!$A$24:$G$26, 3,FALSE)=VLOOKUP(G$1,'20Trips'!$A$3:$I$22,3,FALSE)),1,0) -> 0 | H69: =IF(AND(feasible_mat!G6, VLOOKUP(Recharged_Feasible_matv3!$A69,'20Trips'!$A$24:$G$26, 3,FALSE)=VLOOKUP(H$1,'20Trips'!$A$3:$I$22,3,FALSE)),1,0) -> 0 | I69: =IF(AND(feasible_mat!H6, VLOOKUP(Recharged_Feasible_matv3!$A69,'20Trips'!$A$24:$G$26, 3,FALSE)=VLOOKUP(I$1,'20Trips'!$A$3:$I$22,3,FALSE)),1,0) -> 0 | J69: =IF(AND(feasible_mat!I6, VLOOKUP(Recharged_Feasible_matv3!$A69,'20Trips'!$A$24:$G$26, 3,FALSE)=VLOOKUP(J$1,'20Trips'!$A$3:$I$22,3,FALSE)),1,0) -> 0 | K69: =IF(AND(feasible_mat!J6, VLOOKUP(Recharged_Feasible_matv3!$A69,'20Trips'!$A$24:$G$26, 3,FALSE)=VLOOKUP(K$1,'20Trips'!$A$3:$I$22,3,FALSE)),1,0) -> 0 | ... W69: =IF(AND(feasible_mat!V6, VLOOKUP(Recharged_Feasible_matv3!$A69,'20Trips'!$A$24:$G$26, 3,FALSE)=VLOOKUP(W$1,'20Trips'!$A$3:$I$22,3,FALSE)),1,0) -> 0
A70: CS3c | B70: AB5 | C70: 0 | D70: =IF(AND(feasible_mat!C7, VLOOKUP(Recharged_Feasible_matv3!$A70,'20Trips'!$A$24:$G$26, 3,FALSE)=VLOOKUP(D$1,'20Trips'!$A$3:$I$22,3,FALSE)),1,0) -> 0 | E70: =IF(AND(feasible_mat!D7, VLOOKUP(Recharged_Feasible_matv3!$A70,'20Trips'!$A$24:$G$26, 3,FALSE)=VLOOKUP(E$1,'20Trips'!$A$3:$I$22,3,FALSE)),1,0) -> 0 | F70: =IF(AND(feasible_mat!E7, VLOOKUP(Recharged_Feasible_matv3!$A70,'20Trips'!$A$24:$G$26, 3,FALSE)=VLOOKUP(F$1,'20Trips'!$A$3:$I$22,3,FALSE)),1,0) -> 0 | G70: =IF(AND(feasible_mat!F7, VLOOKUP(Recharged_Feasible_matv3!$A70,'20Trips'!$A$24:$G$26, 3,FALSE)=VLOOKUP(G$1,'20Trips'!$A$3:$I$22,3,FALSE)),1,0) -> 0 | H70: =IF(AND(feasible_mat!G7, VLOOKUP(Recharged_Feasible_matv3!$A70,'20Trips'!$A$24:$G$26, 3,FALSE)=VLOOKUP(H$1,'20Trips'!$A$3:$I$22,3,FALSE)),1,0) -> 0 | I70: =IF(AND(feasible_mat!H7, VLOOKUP(Recharged_Feasible_matv3!$A70,'20Trips'!$A$24:$G$26, 3,FALSE)=VLOOKUP(I$1,'20Trips'!$A$3:$I$22,3,FALSE)),1,0) -> 0 | J70: =IF(AND(feasible_mat!I7, VLOOKUP(Recharged_Feasible_matv3!$A70,'20Trips'!$A$24:$G$26, 3,FALSE)=VLOOKUP(J$1,'20Trips'!$A$3:$I$22,3,FALSE)),1,0) -> 0 | K70: =IF(AND(feasible_mat!J7, VLOOKUP(Recharged_Feasible_matv3!$A70,'20Trips'!$A$24:$G$26, 3,FALSE)=VLOOKUP(K$1,'20Trips'!$A$3:$I$22,3,FALSE)),1,0) -> 0 | ... W70: =IF(AND(feasible_mat!V7, VLOOKUP(Recharged_Feasible_matv3!$A70,'20Trips'!$A$24:$G$26, 3,FALSE)=VLOOKUP(W$1,'20Trips'!$A$3:$I$22,3,FALSE)),1,0) -> 0
A71: CS3c | B71: AC1 | C71: 0 | D71: =IF(AND(feasible_mat!C8, VLOOKUP(Recharged_Feasible_matv3!$A71,'20Trips'!$A$24:$G$26, 3,FALSE)=VLOOKUP(D$1,'20Trips'!$A$3:$I$22,3,FALSE)),1,0) -> 0 | E71: =IF(AND(feasible_mat!D8, VLOOKUP(Recharged_Feasible_matv3!$A71,'20Trips'!$A$24:$G$26, 3,FALSE)=VLOOKUP(E$1,'20Trips'!$A$3:$I$22,3,FALSE)),1,0) -> 0 | F71: =IF(AND(feasible_mat!E8, VLOOKUP(Recharged_Feasible_matv3!$A71,'20Trips'!$A$24:$G$26, 3,FALSE)=VLOOKUP(F$1,'20Trips'!$A$3:$I$22,3,FALSE)),1,0) -> 0 | G71: =IF(AND(feasible_mat!F8, VLOOKUP(Recharged_Feasible_matv3!$A71,'20Trips'!$A$24:$G$26, 3,FALSE)=VLOOKUP(G$1,'20Trips'!$A$3:$I$22,3,FALSE)),1,0) -> 0 | H71: =IF(AND(feasible_mat!G8, VLOOKUP(Recharged_Feasible_matv3!$A71,'20Trips'!$A$24:$G$26, 3,FALSE)=VLOOKUP(H$1,'20Trips'!$A$3:$I$22,3,FALSE)),1,0) -> 0 | I71: =IF(AND(feasible_mat!H8, VLOOKUP(Recharged_Feasible_matv3!$A71,'20Trips'!$A$24:$G$26, 3,FALSE)=VLOOKUP(I$1,'20Trips'!$A$3:$I$22,3,FALSE)),1,0) -> 0 | J71: =IF(AND(feasible_mat!I8, VLOOKUP(Recharged_Feasible_matv3!$A71,'20Trips'!$A$24:$G$26, 3,FALSE)=VLOOKUP(J$1,'20Trips'!$A$3:$I$22,3,FALSE)),1,0) -> 0 | K71: =IF(AND(feasible_mat!J8, VLOOKUP(Recharged_Feasible_matv3!$A71,'20Trips'!$A$24:$G$26, 3,FALSE)=VLOOKUP(K$1,'20Trips'!$A$3:$I$22,3,FALSE)),1,0) -> 0 | ... W71: =IF(AND(feasible_mat!V8, VLOOKUP(Recharged_Feasible_matv3!$A71,'20Trips'!$A$24:$G$26, 3,FALSE)=VLOOKUP(W$1,'20Trips'!$A$3:$I$22,3,FALSE)),1,0) -> 1
A72: CS3c | B72: AC2 | C72: 0 | D72: =IF(AND(feasible_mat!C9, VLOOKUP(Recharged_Feasible_matv3!$A72,'20Trips'!$A$24:$G$26, 3,FALSE)=VLOOKUP(D$1,'20Trips'!$A$3:$I$22,3,FALSE)),1,0) -> 0 | E72: =IF(AND(feasible_mat!D9, VLOOKUP(Recharged_Feasible_matv3!$A72,'20Trips'!$A$24:$G$26, 3,FALSE)=VLOOKUP(E$1,'20Trips'!$A$3:$I$22,3,FALSE)),1,0) -> 0 | F72: =IF(AND(feasible_mat!E9, VLOOKUP(Recharged_Feasible_matv3!$A72,'20Trips'!$A$24:$G$26, 3,FALSE)=VLOOKUP(F$1,'20Trips'!$A$3:$I$22,3,FALSE)),1,0) -> 0 | G72: =IF(AND(feasible_mat!F9, VLOOKUP(Recharged_Feasible_matv3!$A72,'20Trips'!$A$24:$G$26, 3,FALSE)=VLOOKUP(G$1,'20Trips'!$A$3:$I$22,3,FALSE)),1,0) -> 0 | H72: =IF(AND(feasible_mat!G9, VLOOKUP(Recharged_Feasible_matv3!$A72,'20Trips'!$A$24:$G$26, 3,FALSE)=VLOOKUP(H$1,'20Trips'!$A$3:$I$22,3,FALSE)),1,0) -> 0 | I72: =IF(AND(feasible_mat!H9, VLOOKUP(Recharged_Feasible_matv3!$A72,'20Trips'!$A$24:$G$26, 3,FALSE)=VLOOKUP(I$1,'20Trips'!$A$3:$I$22,3,FALSE)),1,0) -> 0 | J72: =IF(AND(feasible_mat!I9, VLOOKUP(Recharged_Feasible_matv3!$A72,'20Trips'!$A$24:$G$26, 3,FALSE)=VLOOKUP(J$1,'20Trips'!$A$3:$I$22,3,FALSE)),1,0) -> 0 | K72: =IF(AND(feasible_mat!J9, VLOOKUP(Recharged_Feasible_matv3!$A72,'20Trips'!$A$24:$G$26, 3,FALSE)=VLOOKUP(K$1,'20Trips'!$A$3:$I$22,3,FALSE)),1,0) -> 0 | ... W72: =IF(AND(feasible_mat!V9, VLOOKUP(Recharged_Feasible_matv3!$A72,'20Trips'!$A$24:$G$26, 3,FALSE)=VLOOKUP(W$1,'20Trips'!$A$3:$I$22,3,FALSE)),1,0) -> 1
A73: CS3c | B73: AC3 | C73: 0 | D73: =IF(AND(feasible_mat!C10, VLOOKUP(Recharged_Feasible_matv3!$A73,'20Trips'!$A$24:$G$26, 3,FALSE)=VLOOKUP(D$1,'20Trips'!$A$3:$I$22,3,FALSE)),1,0) -> 0 | E73: =IF(AND(feasible_mat!D10, VLOOKUP(Recharged_Feasible_matv3!$A73,'20Trips'!$A$24:$G$26, 3,FALSE)=VLOOKUP(E$1,'20Trips'!$A$3:$I$22,3,FALSE)),1,0) -> 0 | F73: =IF(AND(feasible_mat!E10, VLOOKUP(Recharged_Feasible_matv3!$A73,'20Trips'!$A$24:$G$26, 3,FALSE)=VLOOKUP(F$1,'20Trips'!$A$3:$I$22,3,FALSE)),1,0) -> 0 | G73: =IF(AND(feasible_mat!F10, VLOOKUP(Recharged_Feasible_matv3!$A73,'20Trips'!$A$24:$G$26, 3,FALSE)=VLOOKUP(G$1,'20Trips'!$A$3:$I$22,3,FALSE)),1,0) -> 0 | H73: =IF(AND(feasible_mat!G10, VLOOKUP(Recharged_Feasible_matv3!$A73,'20Trips'!$A$24:$G$26, 3,FALSE)=VLOOKUP(H$1,'20Trips'!$A$3:$I$22,3,FALSE)),1,0) -> 0 | I73: =IF(AND(feasible_mat!H10, VLOOKUP(Recharged_Feasible_matv3!$A73,'20Trips'!$A$24:$G$26, 3,FALSE)=VLOOKUP(I$1,'20Trips'!$A$3:$I$22,3,FALSE)),1,0) -> 0 | J73: =IF(AND(feasible_mat!I10, VLOOKUP(Recharged_Feasible_matv3!$A73,'20Trips'!$A$24:$G$26, 3,FALSE)=VLOOKUP(J$1,'20Trips'!$A$3:$I$22,3,FALSE)),1,0) -> 0 | K73: =IF(AND(feasible_mat!J10, VLOOKUP(Recharged_Feasible_matv3!$A73,'20Trips'!$A$24:$G$26, 3,FALSE)=VLOOKUP(K$1,'20Trips'!$A$3:$I$22,3,FALSE)),1,0) -> 0 | ... W73: =IF(AND(feasible_mat!V10, VLOOKUP(Recharged_Feasible_matv3!$A73,'20Trips'!$A$24:$G$26, 3,FALSE)=VLOOKUP(W$1,'20Trips'!$A$3:$I$22,3,FALSE)),1,0) -> 1
A74: CS3c | B74: AC4 | C74: 0 | D74: =IF(AND(feasible_mat!C11, VLOOKUP(Recharged_Feasible_matv3!$A74,'20Trips'!$A$24:$G$26, 3,FALSE)=VLOOKUP(D$1,'20Trips'!$A$3:$I$22,3,FALSE)),1,0) -> 0 | E74: =IF(AND(feasible_mat!D11, VLOOKUP(Recharged_Feasible_matv3!$A74,'20Trips'!$A$24:$G$26, 3,FALSE)=VLOOKUP(E$1,'20Trips'!$A$3:$I$22,3,FALSE)),1,0) -> 0 | F74: =IF(AND(feasible_mat!E11, VLOOKUP(Recharged_Feasible_matv3!$A74,'20Trips'!$A$24:$G$26, 3,FALSE)=VLOOKUP(F$1,'20Trips'!$A$3:$I$22,3,FALSE)),1,0) -> 0 | G74: =IF(AND(feasible_mat!F11, VLOOKUP(Recharged_Feasible_matv3!$A74,'20Trips'!$A$24:$G$26, 3,FALSE)=VLOOKUP(G$1,'20Trips'!$A$3:$I$22,3,FALSE)),1,0) -> 0 | H74: =IF(AND(feasible_mat!G11, VLOOKUP(Recharged_Feasible_matv3!$A74,'20Trips'!$A$24:$G$26, 3,FALSE)=VLOOKUP(H$1,'20Trips'!$A$3:$I$22,3,FALSE)),1,0) -> 0 | I74: =IF(AND(feasible_mat!H11, VLOOKUP(Recharged_Feasible_matv3!$A74,'20Trips'!$A$24:$G$26, 3,FALSE)=VLOOKUP(I$1,'20Trips'!$A$3:$I$22,3,FALSE)),1,0) -> 0 | J74: =IF(AND(feasible_mat!I11, VLOOKUP(Recharged_Feasible_matv3!$A74,'20Trips'!$A$24:$G$26, 3,FALSE)=VLOOKUP(J$1,'20Trips'!$A$3:$I$22,3,FALSE)),1,0) -> 0 | K74: =IF(AND(feasible_mat!J11, VLOOKUP(Recharged_Feasible_matv3!$A74,'20Trips'!$A$24:$G$26, 3,FALSE)=VLOOKUP(K$1,'20Trips'!$A$3:$I$22,3,FALSE)),1,0) -> 0 | ... W74: =IF(AND(feasible_mat!V11, VLOOKUP(Recharged_Feasible_matv3!$A74,'20Trips'!$A$24:$G$26, 3,FALSE)=VLOOKUP(W$1,'20Trips'!$A$3:$I$22,3,FALSE)),1,0) -> 0
A75: CS3c | B75: AC5 | C75: 0 | D75: =IF(AND(feasible_mat!C12, VLOOKUP(Recharged_Feasible_matv3!$A75,'20Trips'!$A$24:$G$26, 3,FALSE)=VLOOKUP(D$1,'20Trips'!$A$3:$I$22,3,FALSE)),1,0) -> 0 | E75: =IF(AND(feasible_mat!D12, VLOOKUP(Recharged_Feasible_matv3!$A75,'20Trips'!$A$24:$G$26, 3,FALSE)=VLOOKUP(E$1,'20Trips'!$A$3:$I$22,3,FALSE)),1,0) -> 0 | F75: =IF(AND(feasible_mat!E12, VLOOKUP(Recharged_Feasible_matv3!$A75,'20Trips'!$A$24:$G$26, 3,FALSE)=VLOOKUP(F$1,'20Trips'!$A$3:$I$22,3,FALSE)),1,0) -> 0 | G75: =IF(AND(feasible_mat!F12, VLOOKUP(Recharged_Feasible_matv3!$A75,'20Trips'!$A$24:$G$26, 3,FALSE)=VLOOKUP(G$1,'20Trips'!$A$3:$I$22,3,FALSE)),1,0) -> 0 | H75: =IF(AND(feasible_mat!G12, VLOOKUP(Recharged_Feasible_matv3!$A75,'20Trips'!$A$24:$G$26, 3,FALSE)=VLOOKUP(H$1,'20Trips'!$A$3:$I$22,3,FALSE)),1,0) -> 0 | I75: =IF(AND(feasible_mat!H12, VLOOKUP(Recharged_Feasible_matv3!$A75,'20Trips'!$A$24:$G$26, 3,FALSE)=VLOOKUP(I$1,'20Trips'!$A$3:$I$22,3,FALSE)),1,0) -> 0 | J75: =IF(AND(feasible_mat!I12, VLOOKUP(Recharged_Feasible_matv3!$A75,'20Trips'!$A$24:$G$26, 3,FALSE)=VLOOKUP(J$1,'20Trips'!$A$3:$I$22,3,FALSE)),1,0) -> 0 | K75: =IF(AND(feasible_mat!J12, VLOOKUP(Recharged_Feasible_matv3!$A75,'20Trips'!$A$24:$G$26, 3,FALSE)=VLOOKUP(K$1,'20Trips'!$A$3:$I$22,3,FALSE)),1,0) -> 0 | ... W75: =IF(AND(feasible_mat!V12, VLOOKUP(Recharged_Feasible_matv3!$A75,'20Trips'!$A$24:$G$26, 3,FALSE)=VLOOKUP(W$1,'20Trips'!$A$3:$I$22,3,FALSE)),1,0) -> 0
A76: CS3c | B76: BA1 | C76: 0 | D76: =IF(AND(feasible_mat!C13, VLOOKUP(Recharged_Feasible_matv3!$A76,'20Trips'!$A$24:$G$26, 3,FALSE)=VLOOKUP(D$1,'20Trips'!$A$3:$I$22,3,FALSE)),1,0) -> 0 | E76: =IF(AND(feasible_mat!D13, VLOOKUP(Recharged_Feasible_matv3!$A76,'20Trips'!$A$24:$G$26, 3,FALSE)=VLOOKUP(E$1,'20Trips'!$A$3:$I$22,3,FALSE)),1,0) -> 0 | F76: =IF(AND(feasible_mat!E13, VLOOKUP(Recharged_Feasible_matv3!$A76,'20Trips'!$A$24:$G$26, 3,FALSE)=VLOOKUP(F$1,'20Trips'!$A$3:$I$22,3,FALSE)),1,0) -> 0 | G76: =IF(AND(feasible_mat!F13, VLOOKUP(Recharged_Feasible_matv3!$A76,'20Trips'!$A$24:$G$26, 3,FALSE)=VLOOKUP(G$1,'20Trips'!$A$3:$I$22,3,FALSE)),1,0) -> 0 | H76: =IF(AND(feasible_mat!G13, VLOOKUP(Recharged_Feasible_matv3!$A76,'20Trips'!$A$24:$G$26, 3,FALSE)=VLOOKUP(H$1,'20Trips'!$A$3:$I$22,3,FALSE)),1,0) -> 0 | I76: =IF(AND(feasible_mat!H13, VLOOKUP(Recharged_Feasible_matv3!$A76,'20Trips'!$A$24:$G$26, 3,FALSE)=VLOOKUP(I$1,'20Trips'!$A$3:$I$22,3,FALSE)),1,0) -> 0 | J76: =IF(AND(feasible_mat!I13, VLOOKUP(Recharged_Feasible_matv3!$A76,'20Trips'!$A$24:$G$26, 3,FALSE)=VLOOKUP(J$1,'20Trips'!$A$3:$I$22,3,FALSE)),1,0) -> 0 | K76: =IF(AND(feasible_mat!J13, VLOOKUP(Recharged_Feasible_matv3!$A76,'20Trips'!$A$24:$G$26, 3,FALSE)=VLOOKUP(K$1,'20Trips'!$A$3:$I$22,3,FALSE)),1,0) -> 0 | ... W76: =IF(AND(feasible_mat!V13, VLOOKUP(Recharged_Feasible_matv3!$A76,'20Trips'!$A$24:$G$26, 3,FALSE)=VLOOKUP(W$1,'20Trips'!$A$3:$I$22,3,FALSE)),1,0) -> 1
A77: CS3c | B77: BA2 | C77: 0 | D77: =IF(AND(feasible_mat!C14, VLOOKUP(Recharged_Feasible_matv3!$A77,'20Trips'!$A$24:$G$26, 3,FALSE)=VLOOKUP(D$1,'20Trips'!$A$3:$I$22,3,FALSE)),1,0) -> 0 | E77: =IF(AND(feasible_mat!D14, VLOOKUP(Recharged_Feasible_matv3!$A77,'20Trips'!$A$24:$G$26, 3,FALSE)=VLOOKUP(E$1,'20Trips'!$A$3:$I$22,3,FALSE)),1,0) -> 0 | F77: =IF(AND(feasible_mat!E14, VLOOKUP(Recharged_Feasible_matv3!$A77,'20Trips'!$A$24:$G$26, 3,FALSE)=VLOOKUP(F$1,'20Trips'!$A$3:$I$22,3,FALSE)),1,0) -> 0 | G77: =IF(AND(feasible_mat!F14, VLOOKUP(Recharged_Feasible_matv3!$A77,'20Trips'!$A$24:$G$26, 3,FALSE)=VLOOKUP(G$1,'20Trips'!$A$3:$I$22,3,FALSE)),1,0) -> 0 | H77: =IF(AND(feasible_mat!G14, VLOOKUP(Recharged_Feasible_matv3!$A77,'20Trips'!$A$24:$G$26, 3,FALSE)=VLOOKUP(H$1,'20Trips'!$A$3:$I$22,3,FALSE)),1,0) -> 0 | I77: =IF(AND(feasible_mat!H14, VLOOKUP(Recharged_Feasible_matv3!$A77,'20Trips'!$A$24:$G$26, 3,FALSE)=VLOOKUP(I$1,'20Trips'!$A$3:$I$22,3,FALSE)),1,0) -> 0 | J77: =IF(AND(feasible_mat!I14, VLOOKUP(Recharged_Feasible_matv3!$A77,'20Trips'!$A$24:$G$26, 3,FALSE)=VLOOKUP(J$1,'20Trips'!$A$3:$I$22,3,FALSE)),1,0) -> 0 | K77: =IF(AND(feasible_mat!J14, VLOOKUP(Recharged_Feasible_matv3!$A77,'20Trips'!$A$24:$G$26, 3,FALSE)=VLOOKUP(K$1,'20Trips'!$A$3:$I$22,3,FALSE)),1,0) -> 0 | ... W77: =IF(AND(feasible_mat!V14, VLOOKUP(Recharged_Feasible_matv3!$A77,'20Trips'!$A$24:$G$26, 3,FALSE)=VLOOKUP(W$1,'20Trips'!$A$3:$I$22,3,FALSE)),1,0) -> 1
... A85: CS3c | B85: CA5 | C85: 0 | D85: =IF(AND(feasible_mat!C22, VLOOKUP(Recharged_Feasible_matv3!$A85,'20Trips'!$A$24:$G$26, 3,FALSE)=VLOOKUP(D$1,'20Trips'!$A$3:$I$22,3,FALSE)),1,0) -> 0 | E85: =IF(AND(feasible_mat!D22, VLOOKUP(Recharged_Feasible_matv3!$A85,'20Trips'!$A$24:$G$26, 3,FALSE)=VLOOKUP(E$1,'20Trips'!$A$3:$I$22,3,FALSE)),1,0) -> 0 | F85: =IF(AND(feasible_mat!E22, VLOOKUP(Recharged_Feasible_matv3!$A85,'20Trips'!$A$24:$G$26, 3,FALSE)=VLOOKUP(F$1,'20Trips'!$A$3:$I$22,3,FALSE)),1,0) -> 0 | G85: =IF(AND(feasible_mat!F22, VLOOKUP(Recharged_Feasible_matv3!$A85,'20Trips'!$A$24:$G$26, 3,FALSE)=VLOOKUP(G$1,'20Trips'!$A$3:$I$22,3,FALSE)),1,0) -> 0 | H85: =IF(AND(feasible_mat!G22, VLOOKUP(Recharged_Feasible_matv3!$A85,'20Trips'!$A$24:$G$26, 3,FALSE)=VLOOKUP(H$1,'20Trips'!$A$3:$I$22,3,FALSE)),1,0) -> 0 | I85: =IF(AND(feasible_mat!H22, VLOOKUP(Recharged_Feasible_matv3!$A85,'20Trips'!$A$24:$G$26, 3,FALSE)=VLOOKUP(I$1,'20Trips'!$A$3:$I$22,3,FALSE)),1,0) -> 0 | J85: =IF(AND(feasible_mat!I22, VLOOKUP(Recharged_Feasible_matv3!$A85,'20Trips'!$A$24:$G$26, 3,FALSE)=VLOOKUP(J$1,'20Trips'!$A$3:$I$22,3,FALSE)),1,0) -> 0 | K85: =IF(AND(feasible_mat!J22, VLOOKUP(Recharged_Feasible_matv3!$A85,'20Trips'!$A$24:$G$26, 3,FALSE)=VLOOKUP(K$1,'20Trips'!$A$3:$I$22,3,FALSE)),1,0) -> 0 | ... W85: =IF(AND(feasible_mat!V22, VLOOKUP(Recharged_Feasible_matv3!$A85,'20Trips'!$A$24:$G$26, 3,FALSE)=VLOOKUP(W$1,'20Trips'!$A$3:$I$22,3,FALSE)),1,0) -> 0
A86: CS4d | B86: DEPOT | C86: 0 | D86: 0 | E86: 0 | F86: 0 | G86: 0 | H86: 0 | I86: 0 | J86: 0 | K86: 0 | L86: 0 | M86: 0 | N86: 0 | O86: 0 | P86: 0 | Q86: 0 | R86: 0 | S86: 0 | T86: 0 | U86: 0 | V86: 0 | W86: 0
F98: IF(AND(feasible_mat!T16=1, VLOOKUP(Recharged_Feasible_matv3!$A77,test!$A$34:$G$37, 3,FALSE)=VLOOKUP(U$1,test!$A$3:$I$32,3,FALSE)),1,0)
F99: =feasible_mat!#REF!=1 -> #REF!
F100: =VLOOKUP(Recharged_Feasible_matv3!$A54,'20Trips'!$A$24:$G$26, 3,FALSE) -> Terminal B
F101: =VLOOKUP(Q$1,'20Trips'!$A$3:$I$22,3,FALSE) -> Terminal B

Sheet idle_mat
B1: DEPOT | C1: AB1 | D1: AB2 | E1: AB3 | F1: AB4 | G1: AB5 | H1: AC1 | I1: AC2 | J1: AC3 | K1: AC4 | L1: AC5 | M1: BA1 | N1: BA2 | O1: BA3 | P1: BA4 | Q1: BA5 | R1: CA1 | S1: CA2 | T1: CA3 | U1: CA4 | V1: CA5
A2: DEPOT | B2: 0 | C2: 0 | D2: 0 | E2: 0 | F2: 0 | G2: 0 | H2: 0 | I2: 0 | J2: 0 | K2: 0 | L2: 0 | M2: 0 | N2: 0 | O2: 0 | P2: 0 | Q2: 0 | R2: 0 | S2: 0 | T2: 0 | U2: 0 | V2: 0
A3: AB1 | B3: 0 | C3: =IF(AND(SUM(VLOOKUP($A3,'20Trips'!$A$3:$F$22,2,FALSE),VLOOKUP(C$1,'20Trips'!$A$3:$F$22,2,FALSE))<='20Trips'!$AC$38,$A3<>C$1,feasible_mat!C3=1),(VLOOKUP(C$1,'20Trips'!$A$3:$I$22,8,FALSE))-(VLOOKUP($A3,'20Trips'!$A$3:$I$22,9,FALSE)),0) -> 0 | D3: =IF(AND(SUM(VLOOKUP($A3,'20Trips'!$A$3:$F$22,2,FALSE),VLOOKUP(D$1,'20Trips'!$A$3:$F$22,2,FALSE))<='20Trips'!$AC$38,$A3<>D$1,feasible_mat!D3=1),(VLOOKUP(D$1,'20Trips'!$A$3:$I$22,8,FALSE))-(VLOOKUP($A3,'20Trips'!$A$3:$I$22,9,FALSE)),0) -> 45 | E3: =IF(AND(SUM(VLOOKUP($A3,'20Trips'!$A$3:$F$22,2,FALSE),VLOOKUP(E$1,'20Trips'!$A$3:$F$22,2,FALSE))<='20Trips'!$AC$38,$A3<>E$1,feasible_mat!E3=1),(VLOOKUP(E$1,'20Trips'!$A$3:$I$22,8,FALSE))-(VLOOKUP($A3,'20Trips'!$A$3:$I$22,9,FALSE)),0) -> 135 | F3: =IF(AND(SUM(VLOOKUP($A3,'20Trips'!$A$3:$F$22,2,FALSE),VLOOKUP(F$1,'20Trips'!$A$3:$F$22,2,FALSE))<='20Trips'!$AC$38,$A3<>F$1,feasible_mat!F3=1),(VLOOKUP(F$1,'20Trips'!$A$3:$I$22,8,FALSE))-(VLOOKUP($A3,'20Trips'!$A$3:$I$22,9,FALSE)),0) -> 225 | G3: =IF(AND(SUM(VLOOKUP($A3,'20Trips'!$A$3:$F$22,2,FALSE),VLOOKUP(G$1,'20Trips'!$A$3:$F$22,2,FALSE))<='20Trips'!$AC$38,$A3<>G$1,feasible_mat!G3=1),(VLOOKUP(G$1,'20Trips'!$A$3:$I$22,8,FALSE))-(VLOOKUP($A3,'20Trips'!$A$3:$I$22,9,FALSE)),0) -> 285 | H3: =IF(AND(SUM(VLOOKUP($A3,'20Trips'!$A$3:$F$22,2,FALSE),VLOOKUP(H$1,'20Trips'!$A$3:$F$22,2,FALSE))<='20Trips'!$AC$38,$A3<>H$1,feasible_mat!H3=1),(VLOOKUP(H$1,'20Trips'!$A$3:$I$22,8,FALSE))-(VLOOKUP($A3,'20Trips'!$A$3:$I$22,9,FALSE)),0) -> 0 | I3: =IF(AND(SUM(VLOOKUP($A3,'20Trips'!$A$3:$F$22,2,FALSE),VLOOKUP(I$1,'20Trips'!$A$3:$F$22,2,FALSE))<='20Trips'!$AC$38,$A3<>I$1,feasible_mat!I3=1),(VLOOKUP(I$1,'20Trips'!$A$3:$I$22,8,FALSE))-(VLOOKUP($A3,'20Trips'!$A$3:$I$22,9,FALSE)),0) -> 0 | J3: =IF(AND(SUM(VLOOKUP($A3,'20Trips'!$A$3:$F$22,2,FALSE),VLOOKUP(J$1,'20Trips'!$A$3:$F$22,2,FALSE))<='20Trips'!$AC$38,$A3<>J$1,feasible_mat!J3=1),(VLOOKUP(J$1,'20Trips'!$A$3:$I$22,8,FALSE))-(VLOOKUP($A3,'20Trips'!$A$3:$I$22,9,FALSE)),0) -> 100 | ... V3: =IF(AND(SUM(VLOOKUP($A3,'20Trips'!$A$3:$F$22,2,FALSE),VLOOKUP(V$1,'20Trips'!$A$3:$F$22,2,FALSE))<='20Trips'!$AC$38,$A3<>V$1,feasible_mat!V3=1),(VLOOKUP(V$1,'20Trips'!$A$3:$I$22,8,FALSE))-(VLOOKUP($A3,'20Trips'!$A$3:$I$22,9,FALSE)),0) -> 345
A4: AB2 | B4: 0 | C4: =IF(AND(SUM(VLOOKUP($A4,'20Trips'!$A$3:$F$22,2,FALSE),VLOOKUP(C$1,'20Trips'!$A$3:$F$22,2,FALSE))<='20Trips'!$AC$38,$A4<>C$1,feasible_mat!C4=1),(VLOOKUP(C$1,'20Trips'!$A$3:$I$22,8,FALSE))-(VLOOKUP($A4,'20Trips'!$A$3:$I$22,9,FALSE)),0) -> 0 | D4: =IF(AND(SUM(VLOOKUP($A4,'20Trips'!$A$3:$F$22,2,FALSE),VLOOKUP(D$1,'20Trips'!$A$3:$F$22,2,FALSE))<='20Trips'!$AC$38,$A4<>D$1,feasible_mat!D4=1),(VLOOKUP(D$1,'20Trips'!$A$3:$I$22,8,FALSE))-(VLOOKUP($A4,'20Trips'!$A$3:$I$22,9,FALSE)),0) -> 0 | E4: =IF(AND(SUM(VLOOKUP($A4,'20Trips'!$A$3:$F$22,2,FALSE),VLOOKUP(E$1,'20Trips'!$A$3:$F$22,2,FALSE))<='20Trips'!$AC$38,$A4<>E$1,feasible_mat!E4=1),(VLOOKUP(E$1,'20Trips'!$A$3:$I$22,8,FALSE))-(VLOOKUP($A4,'20Trips'!$A$3:$I$22,9,FALSE)),0) -> 0 | F4: =IF(AND(SUM(VLOOKUP($A4,'20Trips'!$A$3:$F$22,2,FALSE),VLOOKUP(F$1,'20Trips'!$A$3:$F$22,2,FALSE))<='20Trips'!$AC$38,$A4<>F$1,feasible_mat!F4=1),(VLOOKUP(F$1,'20Trips'!$A$3:$I$22,8,FALSE))-(VLOOKUP($A4,'20Trips'!$A$3:$I$22,9,FALSE)),0) -> 45 | G4: =IF(AND(SUM(VLOOKUP($A4,'20Trips'!$A$3:$F$22,2,FALSE),VLOOKUP(G$1,'20Trips'!$A$3:$F$22,2,FALSE))<='20Trips'!$AC$38,$A4<>G$1,feasible_mat!G4=1),(VLOOKUP(G$1,'20Trips'!$A$3:$I$22,8,FALSE))-(VLOOKUP($A4,'20Trips'!$A$3:$I$22,9,FALSE)),0) -> 105 | H4: =IF(AND(SUM(VLOOKUP($A4,'20Trips'!$A$3:$F$22,2,FALSE),VLOOKUP(H$1,'20Trips'!$A$3:$F$22,2,FALSE))<='20Trips'!$AC$38,$A4<>H$1,feasible_mat!H4=1),(VLOOKUP(H$1,'20Trips'!$A$3:$I$22,8,FALSE))-(VLOOKUP($A4,'20Trips'!$A$3:$I$22,9,FALSE)),0) -> 0 | I4: =IF(AND(SUM(VLOOKUP($A4,'20Trips'!$A$3:$F$22,2,FALSE),VLOOKUP(I$1,'20Trips'!$A$3:$F$22,2,FALSE))<='20Trips'!$AC$38,$A4<>I$1,feasible_mat!I4=1),(VLOOKUP(I$1,'20Trips'!$A$3:$I$22,8,FALSE))-(VLOOKUP($A4,'20Trips'!$A$3:$I$22,9,FALSE)),0) -> 0 | J4: =IF(AND(SUM(VLOOKUP($A4,'20Trips'!$A$3:$F$22,2,FALSE),VLOOKUP(J$1,'20Trips'!$A$3:$F$22,2,FALSE))<='20Trips'!$AC$38,$A4<>J$1,feasible_mat!J4=1),(VLOOKUP(J$1,'20Trips'!$A$3:$I$22,8,FALSE))-(VLOOKUP($A4,'20Trips'!$A$3:$I$22,9,FALSE)),0) -> 0 | ... V4: =IF(AND(SUM(VLOOKUP($A4,'20Trips'!$A$3:$F$22,2,FALSE),VLOOKUP(V$1,'20Trips'!$A$3:$F$22,2,FALSE))<='20Trips'!$AC$38,$A4<>V$1,feasible_mat!V4=1),(VLOOKUP(V$1,'20Trips'!$A$3:$I$22,8,FALSE))-(VLOOKUP($A4,'20Trips'!$A$3:$I$22,9,FALSE)),0) -> 165 | Z4: IF(AND(SUM(VLOOKUP($A11,test!$A$3:$F$32,2,FALSE),VLOOKUP(AE$1,test!$A$3:$F$32,2,FALSE))<=test!$K$16,$A11<>AE$1,feasible_mat!AE11=1),(VLOOKUP(AE$1,test!$A$3:$I$32,8,FALSE))-(VLOOKUP($A11,test!$A$3:$I$32,9,FALSE)),0)
A5: AB3 | B5: 0 | C5: =IF(AND(SUM(VLOOKUP($A5,'20Trips'!$A$3:$F$22,2,FALSE),VLOOKUP(C$1,'20Trips'!$A$3:$F$22,2,FALSE))<='20Trips'!$AC$38,$A5<>C$1,feasible_mat!C5=1),(VLOOKUP(C$1,'20Trips'!$A$3:$I$22,8,FALSE))-(VLOOKUP($A5,'20Trips'!$A$3:$I$22,9,FALSE)),0) -> 0 | D5: =IF(AND(SUM(VLOOKUP($A5,'20Trips'!$A$3:$F$22,2,FALSE),VLOOKUP(D$1,'20Trips'!$A$3:$F$22,2,FALSE))<='20Trips'!$AC$38,$A5<>D$1,feasible_mat!D5=1),(VLOOKUP(D$1,'20Trips'!$A$3:$I$22,8,FALSE))-(VLOOKUP($A5,'20Trips'!$A$3:$I$22,9,FALSE)),0) -> 0 | E5: =IF(AND(SUM(VLOOKUP($A5,'20Trips'!$A$3:$F$22,2,FALSE),VLOOKUP(E$1,'20Trips'!$A$3:$F$22,2,FALSE))<='20Trips'!$AC$38,$A5<>E$1,feasible_mat!E5=1),(VLOOKUP(E$1,'20Trips'!$A$3:$I$22,8,FALSE))-(VLOOKUP($A5,'20Trips'!$A$3:$I$22,9,FALSE)),0) -> 0 | F5: =IF(AND(SUM(VLOOKUP($A5,'20Trips'!$A$3:$F$22,2,FALSE),VLOOKUP(F$1,'20Trips'!$A$3:$F$22,2,FALSE))<='20Trips'!$AC$38,$A5<>F$1,feasible_mat!F5=1),(VLOOKUP(F$1,'20Trips'!$A$3:$I$22,8,FALSE))-(VLOOKUP($A5,'20Trips'!$A$3:$I$22,9,FALSE)),0) -> 0 | G5: =IF(AND(SUM(VLOOKUP($A5,'20Trips'!$A$3:$F$22,2,FALSE),VLOOKUP(G$1,'20Trips'!$A$3:$F$22,2,FALSE))<='20Trips'!$AC$38,$A5<>G$1,feasible_mat!G5=1),(VLOOKUP(G$1,'20Trips'!$A$3:$I$22,8,FALSE))-(VLOOKUP($A5,'20Trips'!$A$3:$I$22,9,FALSE)),0) -> 15 | H5: =IF(AND(SUM(VLOOKUP($A5,'20Trips'!$A$3:$F$22,2,FALSE),VLOOKUP(H$1,'20Trips'!$A$3:$F$22,2,FALSE))<='20Trips'!$AC$38,$A5<>H$1,feasible_mat!H5=1),(VLOOKUP(H$1,'20Trips'!$A$3:$I$22,8,FALSE))-(VLOOKUP($A5,'20Trips'!$A$3:$I$22,9,FALSE)),0) -> 0 | I5: =IF(AND(SUM(VLOOKUP($A5,'20Trips'!$A$3:$F$22,2,FALSE),VLOOKUP(I$1,'20Trips'!$A$3:$F$22,2,FALSE))<='20Trips'!$AC$38,$A5<>I$1,feasible_mat!I5=1),(VLOOKUP(I$1,'20Trips'!$A$3:$I$22,8,FALSE))-(VLOOKUP($A5,'20Trips'!$A$3:$I$22,9,FALSE)),0) -> 0 | J5: =IF(AND(SUM(VLOOKUP($A5,'20Trips'!$A$3:$F$22,2,FALSE),VLOOKUP(J$1,'20Trips'!$A$3:$F$22,2,FALSE))<='20Trips'!$AC$38,$A5<>J$1,feasible_mat!J5=1),(VLOOKUP(J$1,'20Trips'!$A$3:$I$22,8,FALSE))-(VLOOKUP($A5,'20Trips'!$A$3:$I$22,9,FALSE)),0) -> 0 | ... V5: =IF(AND(SUM(VLOOKUP($A5,'20Trips'!$A$3:$F$22,2,FALSE),VLOOKUP(V$1,'20Trips'!$A$3:$F$22,2,FALSE))<='20Trips'!$AC$38,$A5<>V$1,feasible_mat!V5=1),(VLOOKUP(V$1,'20Trips'!$A$3:$I$22,8,FALSE))-(VLOOKUP($A5,'20Trips'!$A$3:$I$22,9,FALSE)),0) -> 75
A6: AB4 | B6: 0 | C6: =IF(AND(SUM(VLOOKUP($A6,'20Trips'!$A$3:$F$22,2,FALSE),VLOOKUP(C$1,'20Trips'!$A$3:$F$22,2,FALSE))<='20Trips'!$AC$38,$A6<>C$1,feasible_mat!C6=1),(VLOOKUP(C$1,'20Trips'!$A$3:$I$22,8,FALSE))-(VLOOKUP($A6,'20Trips'!$A$3:$I$22,9,FALSE)),0) -> 0 | D6: =IF(AND(SUM(VLOOKUP($A6,'20Trips'!$A$3:$F$22,2,FALSE),VLOOKUP(D$1,'20Trips'!$A$3:$F$22,2,FALSE))<='20Trips'!$AC$38,$A6<>D$1,feasible_mat!D6=1),(VLOOKUP(D$1,'20Trips'!$A$3:$I$22,8,FALSE))-(VLOOKUP($A6,'20Trips'!$A$3:$I$22,9,FALSE)),0) -> 0 | E6: =IF(AND(SUM(VLOOKUP($A6,'20Trips'!$A$3:$F$22,2,FALSE),VLOOKUP(E$1,'20Trips'!$A$3:$F$22,2,FALSE))<='20Trips'!$AC$38,$A6<>E$1,feasible_mat!E6=1),(VLOOKUP(E$1,'20Trips'!$A$3:$I$22,8,FALSE))-(VLOOKUP($A6,'20Trips'!$A$3:$I$22,9,FALSE)),0) -> 0 | F6: =IF(AND(SUM(VLOOKUP($A6,'20Trips'!$A$3:$F$22,2,FALSE),VLOOKUP(F$1,'20Trips'!$A$3:$F$22,2,FALSE))<='20Trips'!$AC$38,$A6<>F$1,feasible_mat!F6=1),(VLOOKUP(F$1,'20Trips'!$A$3:$I$22,8,FALSE))-(VLOOKUP($A6,'20Trips'!$A$3:$I$22,9,FALSE)),0) -> 0 | G6: =IF(AND(SUM(VLOOKUP($A6,'20Trips'!$A$3:$F$22,2,FALSE),VLOOKUP(G$1,'20Trips'!$A$3:$F$22,2,FALSE))<='20Trips'!$AC$38,$A6<>G$1,feasible_mat!G6=1),(VLOOKUP(G$1,'20Trips'!$A$3:$I$22,8,FALSE))-(VLOOKUP($A6,'20Trips'!$A$3:$I$22,9,FALSE)),0) -> 0 | H6: =IF(AND(SUM(VLOOKUP($A6,'20Trips'!$A$3:$F$22,2,FALSE),VLOOKUP(H$1,'20Trips'!$A$3:$F$22,2,FALSE))<='20Trips'!$AC$38,$A6<>H$1,feasible_mat!H6=1),(VLOOKUP(H$1,'20Trips'!$A$3:$I$22,8,FALSE))-(VLOOKUP($A6,'20Trips'!$A$3:$I$22,9,FALSE)),0) -> 0 | I6: =IF(AND(SUM(VLOOKUP($A6,'20Trips'!$A$3:$F$22,2,FALSE),VLOOKUP(I$1,'20Trips'!$A$3:$F$22,2,FALSE))<='20Trips'!$AC$38,$A6<>I$1,feasible_mat!I6=1),(VLOOKUP(I$1,'20Trips'!$A$3:$I$22,8,FALSE))-(VLOOKUP($A6,'20Trips'!$A$3:$I$22,9,FALSE)),0) -> 0 | J6: =IF(AND(SUM(VLOOKUP($A6,'20Trips'!$A$3:$F$22,2,FALSE),VLOOKUP(J$1,'20Trips'!$A$3:$F$22,2,FALSE))<='20Trips'!$AC$38,$A6<>J$1,feasible_mat!J6=1),(VLOOKUP(J$1,'20Trips'!$A$3:$I$22,8,FALSE))-(VLOOKUP($A6,'20Trips'!$A$3:$I$22,9,FALSE)),0) -> 0 | ... V6: =IF(AND(SUM(VLOOKUP($A6,'20Trips'!$A$3:$F$22,2,FALSE),VLOOKUP(V$1,'20Trips'!$A$3:$F$22,2,FALSE))<='20Trips'!$AC$38,$A6<>V$1,feasible_mat!V6=1),(VLOOKUP(V$1,'20Trips'!$A$3:$I$22,8,FALSE))-(VLOOKUP($A6,'20Trips'!$A$3:$I$22,9,FALSE)),0) -> 0 | Z6: =AND(SUM(VLOOKUP($A8,'20Trips'!$A$3:$F$22,2,FALSE),VLOOKUP(#REF!,'20Trips'!$A$3:$F$22,2,FALSE))<'20Trips'!$AC$38,$A8<>#REF!,feasible_mat!#REF!=1) -> #REF!
A7: AB5 | B7: 0 | C7: =IF(AND(SUM(VLOOKUP($A7,'20Trips'!$A$3:$F$22,2,FALSE),VLOOKUP(C$1,'20Trips'!$A$3:$F$22,2,FALSE))<='20Trips'!$AC$38,$A7<>C$1,feasible_mat!C7=1),(VLOOKUP(C$1,'20Trips'!$A$3:$I$22,8,FALSE))-(VLOOKUP($A7,'20Trips'!$A$3:$I$22,9,FALSE)),0) -> 0 | D7: =IF(AND(SUM(VLOOKUP($A7,'20Trips'!$A$3:$F$22,2,FALSE),VLOOKUP(D$1,'20Trips'!$A$3:$F$22,2,FALSE))<='20Trips'!$AC$38,$A7<>D$1,feasible_mat!D7=1),(VLOOKUP(D$1,'20Trips'!$A$3:$I$22,8,FALSE))-(VLOOKUP($A7,'20Trips'!$A$3:$I$22,9,FALSE)),0) -> 0 | E7: =IF(AND(SUM(VLOOKUP($A7,'20Trips'!$A$3:$F$22,2,FALSE),VLOOKUP(E$1,'20Trips'!$A$3:$F$22,2,FALSE))<='20Trips'!$AC$38,$A7<>E$1,feasible_mat!E7=1),(VLOOKUP(E$1,'20Trips'!$A$3:$I$22,8,FALSE))-(VLOOKUP($A7,'20Trips'!$A$3:$I$22,9,FALSE)),0) -> 0 | F7: =IF(AND(SUM(VLOOKUP($A7,'20Trips'!$A$3:$F$22,2,FALSE),VLOOKUP(F$1,'20Trips'!$A$3:$F$22,2,FALSE))<='20Trips'!$AC$38,$A7<>F$1,feasible_mat!F7=1),(VLOOKUP(F$1,'20Trips'!$A$3:$I$22,8,FALSE))-(VLOOKUP($A7,'20Trips'!$A$3:$I$22,9,FALSE)),0) -> 0 | G7: =IF(AND(SUM(VLOOKUP($A7,'20Trips'!$A$3:$F$22,2,FALSE),VLOOKUP(G$1,'20Trips'!$A$3:$F$22,2,FALSE))<='20Trips'!$AC$38,$A7<>G$1,feasible_mat!G7=1),(VLOOKUP(G$1,'20Trips'!$A$3:$I$22,8,FALSE))-(VLOOKUP($A7,'20Trips'!$A$3:$I$22,9,FALSE)),0) -> 0 | H7: =IF(AND(SUM(VLOOKUP($A7,'20Trips'!$A$3:$F$22,2,FALSE),VLOOKUP(H$1,'20Trips'!$A$3:$F$22,2,FALSE))<='20Trips'!$AC$38,$A7<>H$1,feasible_mat!H7=1),(VLOOKUP(H$1,'20Trips'!$A$3:$I$22,8,FALSE))-(VLOOKUP($A7,'20Trips'!$A$3:$I$22,9,FALSE)),0) -> 0 | I7: =IF(AND(SUM(VLOOKUP($A7,'20Trips'!$A$3:$F$22,2,FALSE),VLOOKUP(I$1,'20Trips'!$A$3:$F$22,2,FALSE))<='20Trips'!$AC$38,$A7<>I$1,feasible_mat!I7=1),(VLOOKUP(I$1,'20Trips'!$A$3:$I$22,8,FALSE))-(VLOOKUP($A7,'20Trips'!$A$3:$I$22,9,FALSE)),0) -> 0 | J7: =IF(AND(SUM(VLOOKUP($A7,'20Trips'!$A$3:$F$22,2,FALSE),VLOOKUP(J$1,'20Trips'!$A$3:$F$22,2,FALSE))<='20Trips'!$AC$38,$A7<>J$1,feasible_mat!J7=1),(VLOOKUP(J$1,'20Trips'!$A$3:$I$22,8,FALSE))-(VLOOKUP($A7,'20Trips'!$A$3:$I$22,9,FALSE)),0) -> 0 | ... V7: =IF(AND(SUM(VLOOKUP($A7,'20Trips'!$A$3:$F$22,2,FALSE),VLOOKUP(V$1,'20Trips'!$A$3:$F$22,2,FALSE))<='20Trips'!$AC$38,$A7<>V$1,feasible_mat!V7=1),(VLOOKUP(V$1,'20Trips'!$A$3:$I$22,8,FALSE))-(VLOOKUP($A7,'20Trips'!$A$3:$I$22,9,FALSE)),0) -> 0 | Z7: =VLOOKUP(#REF!,'20Trips'!$A$3:$F$22,2,FALSE) -> #REF!
