Workbook

Sheet main
A1: ID | B1: trip_id | C1: type | D1: duration | E1: dep_time | F1: arr_time | G1: dep_term | H1: arr_term
A2: 0 | B2: DEPOT | C2: depot | D2: 0 | E2: 0 | F2: 1440 | G2: - | H2: -
A3: 1 | B3: AB1 | C3: trip | D3: 135 | E3: 430 | F3: 565 | G3: Terminal A | H3: Terminal B
A4: 2 | B4: AB2 | C4: trip | D4: 135 | E4: 560 | F4: 695 | G4: Terminal A | H4: Terminal B
A5: 3 | B5: AB3 | C5: trip | D5: 135 | E5: 720 | F5: 855 | G5: Terminal A | H5: Terminal B
A6: 4 | B6: AB4 | C6: trip | D6: 135 | E6: 740 | F6: 875 | G6: Terminal A | H6: Terminal B
A7: 5 | B7: AB5 | C7: trip | D7: 135 | E7: 830 | F7: 965 | G7: Terminal A | H7: Terminal B
A8: 6 | B8: AB6 | C8: trip | D8: 135 | E8: 920 | F8: 1055 | G8: Terminal A | H8: Terminal B | J8: TMAX | K8: 1355
A9: 7 | B9: AB7 | C9: trip | D9: 135 | E9: 980 | F9: 1115 | G9: Terminal A | H9: Terminal B
A10: 8 | B10: AB8 | C10: trip | D10: 135 | E10: 1040 | F10: 1175 | G10: Terminal A | H10: Terminal B
A11: 9 | B11: AB9 | C11: trip | D11: 135 | E11: 1100 | F11: 1235 | G11: Terminal A | H11: Terminal B
A12: 10 | B12: AB10 | C12: trip | D12: 135 | E12: 1190 | F12: 1325 | G12: Terminal A | H12: Terminal B | K12: TMAX | L12: =MAX(F3:F102) -> 1355
A13: 11 | B13: AC1 | C13: trip | D13: 140 | E13: 555 | F13: 695 | G13: Terminal A | H13: Terminal C | K13: DMAX | L13: 350
A14: 12 | B14: AC2 | C14: trip | D14: 140 | E14: 568 | F14: 708 | G14: Terminal A | H14: Terminal C
A15: 13 | B15: AC3 | C15: trip | D15: 140 | E15: 600 | F15: 740 | G15: Terminal A | H15: Terminal C
A16: 14 | B16: AC4 | C16: trip | D16: 140 | E16: 675 | F16: 815 | G16: Terminal A | H16: Terminal C
A17: 15 | B17: AC5 | C17: trip | D17: 140 | E17: 755 | F17: 895 | G17: Terminal A | H17: Terminal C
A18: 16 | B18: AC6 | C18: trip | D18: 140 | E18: 795 | F18: 935 | G18: Terminal A | H18: Terminal C | L18: Terminal A | M18: Terminal B | N18: Terminal C | O18: Terminal D
A19: 17 | B19: AC7 | C19: trip | D19: 140 | E19: 920 | F19: 1060 | G19: Terminal A | H19: Terminal C | K19: Terminal A | L19: 0 | M19: 25 | N19: 30 | O19: 35
A20: 18 | B20: AC8 | C20: trip | D20: 140 | E20: 1000 | F20: 1140 | G20: Terminal A | H20: Terminal C | K20: Terminal B | L20: 25 | M20: 0 | N20: 28 | O20: 40
A21: 19 | B21: AC9 | C21: trip | D21: 140 | E21: 1155 | F21: 1295 | G21: Terminal A | H21: Terminal C | K21: Terminal C | L21: 30 | M21: 28 | N21: 0 | O21: 33
A22: 20 | B22: AC10 | C22: trip | D22: 140 | E22: 1215 | F22: 1355 | G22: Terminal A | H22: Terminal C | K22: Terminal D | L22: 35 | M22: 40 | N22: 33 | O22: 0
A23: 21 | B23: AD1 | C23: trip | D23: 140 | E23: 560 | F23: 700 | G23: Terminal A | H23: Terminal D
A24: 22 | B24: AD2 | C24: trip | D24: 140 | E24: 630 | F24: 770 | G24: Terminal A | H24: Terminal D
A25: 23 | B25: AD3 | C25: trip | D25: 135 | E25: 790 | F25: 925 | G25: Terminal A | H25: Terminal D | K25: Terminal | L25: Min_Layover | M25: Duration to CS1 | N25: Duration to CS1a | O25: Duration to CS2b | P25: Duration to CS3c | Q25: Duration to CS4d
A26: 24 | B26: AD4 | C26: trip | D26: 140 | E26: 970 | F26: 1110 | G26: Terminal A | H26: Terminal D | K26: Terminal A | L26: 15 | M26: 30 | N26: 10 | O26: 75 | P26: 75 | Q26: 75
A27: 25 | B27: AD5 | C27: trip | D27: 140 | E27: 1120 | F27: 1240 | G27: Terminal A | H27: Terminal D | K27: Terminal B | L27: 15 | M27: 30 | N27: 75 | O27: 10 | P27: 75 | Q27: 75
A28: 26 | B28: AD6 | C28: trip | D28: 140 | E28: 480 | F28: 620 | G28: Terminal A | H28: Terminal D | K28: Terminal C | L28: 15 | M28: 30 | N28: 75 | O28: 75 | P28: 10 | Q28: 75
A29: 27 | B29: AD7 | C29: trip | D29: 140 | E29: 500 | F29: 640 | G29: Terminal A | H29: Terminal D | K29: Terminal D | L29: 15 | M29: 30 | N29: 75 | O29: 75 | P29: 75 | Q29: 10
A30: 28 | B30: AD8 | C30: trip | D30: 135 | E30: 750 | F30: 885 | G30: Terminal A | H30: Terminal D
A31: 29 | B31: AD9 | C31: trip | D31: 140 | E31: 930 | F31: 1070 | G31: Terminal A | H31: Terminal D
A32: 30 | B32: AD10 | C32: trip | D32: 100 | E32: 1100 | F32: 1200 | G32: Terminal A | H32: Terminal D
A33: 31 | B33: BA1 | C33: trip | D33: 135 | E33: 540 | F33: 675 | G33: Terminal B | H33: Terminal A
A34: 32 | B34: BA2 | C34: trip | D34: 135 | E34: 630 | F34: 765 | G34: Terminal B | H34: Terminal A
A35: 33 | B35: BA3 | C35: trip | D35: 135 | E35: 720 | F35: 855 | G35: Terminal B | H35: Terminal A
A36: 34 | B36: BA4 | C36: trip | D36: 135 | E36: 810 | F36: 945 | G36: Terminal B | H36: Terminal A
A37: 35 | B37: BA5 | C37: trip | D37: 135 | E37: 900 | F37: 1035 | G37: Terminal B | H37: Terminal A
A38: 36 | B38: BA6 | C38: trip | D38: 135 | E38: 990 | F38: 1125 | G38: Terminal B | H38: Terminal A
A39: 37 | B39: BA7 | C39: trip | D39: 135 | E39: 1080 | F39: 1215 | G39: Terminal B | H39: Terminal A
A40: 38 | B40: BA8 | C40: trip | D40: 135 | E40: 1140 | F40: 1275 | G40: Terminal B | H40: Terminal A
A41: 39 | B41: BA9 | C41: trip | D41: 135 | E41: 440 | F41: 575 | G41: Terminal B | H41: Terminal A
... A105: 103 | B105: CS2b | C105: cs | D105: 50 | E105: 0 | F105: 1440 | G105: Terminal B | H105: Terminal B

Sheet gamma
B1: 0 | C1: 1 | D1: 2 | E1: 3 | F1: 4 | G1: 5 | H1: 6 | I1: 7 | J1: 8 | K1: 9 | L1: 10 | M1: 11 | N1: 12 | O1: 13 | P1: 14 | Q1: 15 | R1: 16 | S1: 17 | T1: 18 | U1: 19 | V1: 20 | W1: 21 | X1: 22 | Y1: 23 | Z1: 24 | AA1: 25 | AB1: 26 | AC1: 27 | AD1: 28 | AE1: 29 | AF1: 30 | AG1: 31 | AH1: 32 | AI1: 33 | AJ1: 34 | AK1: 35 | AL1: 36 | AM1: 37 | AN1: 38 | AO1: 39 | AP1: 40 | AQ1: 41 | AR1: 42 | AS1: 43 | AT1: 44 | AU1: 45 | AV1: 46 | AW1: 47 | AX1: 48 | AY1: 49 | AZ1: 50 | BA1: 51 | BB1: 52 | BC1: 53 | BD1: 54 | BE1: 55 | BF1: 56 | BG1: 57 | BH1: 58 | BI1: 59 | BJ1: 60 | BK1: 61 | BL1: 62 | BM1: 63 | BN1: 64 | BO1: 65 | BP1: 66 | BQ1: 67 | BR1: 68 | BS1: 69 | BT1: 70 | BU1: 71 | BV1: 72 | BW1: 73 | BX1: 74 | BY1: 75 | BZ1: 76 | CA1: 77 | CB1: 78 | CC1: 79 | CD1: 80 | CE1: 81 | CF1: 82 | CG1: 83 | CH1: 84 | CI1: 85 | CJ1: 86 | CK1: 87 | CL1: 88 | CM1: 89 | CN1: 90 | CO1: 91 | CP1: 92 | CQ1: 93 | CR1: 94 | CS1: 95 | CT1: 96 | CU1: 97 | CV1: 98 | CW1: 99 | CX1: 100
A2: 0 | B2: 0 | C2: 1 | D2: 1 | E2: 1 | F2: 1 | G2: 1 | H2: 1 | I2: 1 | J2: 1 | K2: 1 | L2: 1 | M2: 1 | N2: 1 | O2: 1 | P2: 1 | Q2: 1 | R2: 1 | S2: 1 | T2: 1 | U2: 1 | V2: 1 | W2: 1 | X2: 1 | Y2: 1 | Z2: 1 | AA2: 1 | AB2: 1 | AC2: 1 | AD2: 1 | AE2: 1 | AF2: 1 | AG2: 1 | AH2: 1 | AI2: 1 | AJ2: 1 | AK2: 1 | AL2: 1 | AM2: 1 | AN2: 1 | AO2: 1 | AP2: 1 | AQ2: 1 | AR2: 1 | AS2: 1 | AT2: 1 | AU2: 1 | AV2: 1 | AW2: 1 | AX2: 1 | AY2: 1 | AZ2: 1 | BA2: 1 | BB2: 1 | BC2: 1 | BD2: 1 | BE2: 1 | BF2: 1 | BG2: 1 | BH2: 1 | BI2: 1 | BJ2: 1 | BK2: 1 | BL2: 1 | BM2: 1 | BN2: 1 | BO2: 1 | BP2: 1 | BQ2: 1 | BR2: 1 | BS2: 1 | BT2: 1 | BU2: 1 | BV2: 1 | BW2: 1 | BX2: 1 | BY2: 1 | BZ2: 1 | CA2: 1 | CB2: 1 | CC2: 1 | CD2: 1 | CE2: 1 | CF2: 1 | CG2: 1 | CH2: 1 | CI2: 1 | CJ2: 1 | CK2: 1 | CL2: 1 | CM2: 1 | CN2: 1 | CO2: 1 | CP2: 1 | CQ2: 1 | CR2: 1 | CS2: 1 | CT2: 1 | CU2: 1 | CV2: 1 | CW2: 1 | CX2: 1
A3: 1 | B3: 1 | C3: =IF((AND(VLOOKUP(C$1,main!$A$3:$H$102,5,FALSE)-VLOOKUP($A3,main!$A$3:$H$102,6,FALSE)>=(VLOOKUP(VLOOKUP(C$1,main!$A$3:$H$102,8,FALSE),main!$K$26:$M$29,2,FALSE)+VLOOKUP(VLOOKUP(C$1,main!$A$3:$H$102,7,FALSE),main!$K$19:$O$22,MATCH(VLOOKUP($A3,main!$A$3:$H$102,8,FALSE),main!$K$18:$O$18,0))))),1,0) -> 0 | D3: =IF((AND(VLOOKUP(D$1,main!$A$3:$H$102,5,FALSE)-VLOOKUP($A3,main!$A$3:$H$102,6,FALSE)>=(VLOOKUP(VLOOKUP(D$1,main!$A$3:$H$102,8,FALSE),main!$K$26:$M$29,2,FALSE)+VLOOKUP(VLOOKUP(D$1,main!$A$3:$H$102,7,FALSE),main!$K$19:$O$22,MATCH(VLOOKUP($A3,main!$A$3:$H$102,8,FALSE),main!$K$18:$O$18,0))))),1,0) -> 0 | E3: =IF((AND(VLOOKUP(E$1,main!$A$3:$H$102,5,FALSE)-VLOOKUP($A3,main!$A$3:$H$102,6,FALSE)>=(VLOOKUP(VLOOKUP(E$1,main!$A$3:$H$102,8,FALSE),main!$K$26:$M$29,2,FALSE)+VLOOKUP(VLOOKUP(E$1,main!$A$3:$H$102,7,FALSE),main!$K$19:$O$22,MATCH(VLOOKUP($A3,main!$A$3:$H$102,8,FALSE),main!$K$18:$O$18,0))))),1,0) -> 1 | F3: =IF((AND(VLOOKUP(F$1,main!$A$3:$H$102,5,FALSE)-VLOOKUP($A3,main!$A$3:$H$102,6,FALSE)>=(VLOOKUP(VLOOKUP(F$1,main!$A$3:$H$102,8,FALSE),main!$K$26:$M$29,2,FALSE)+VLOOKUP(VLOOKUP(F$1,main!$A$3:$H$102,7,FALSE),main!$K$19:$O$22,MATCH(VLOOKUP($A3,main!$A$3:$H$102,8,FALSE),main!$K$18:$O$18,0))))),1,0) -> 1 | G3: =IF((AND(VLOOKUP(G$1,main!$A$3:$H$102,5,FALSE)-VLOOKUP($A3,main!$A$3:$H$102,6,FALSE)>=(VLOOKUP(VLOOKUP(G$1,main!$A$3:$H$102,8,FALSE),main!$K$26:$M$29,2,FALSE)+VLOOKUP(VLOOKUP(G$1,main!$A$3:$H$102,7,FALSE),main!$K$19:$O$22,MATCH(VLOOKUP($A3,main!$A$3:$H$102,8,FALSE),main!$K$18:$O$18,0))))),1,0) -> 1 | H3: =IF((AND(VLOOKUP(H$1,main!$A$3:$H$102,5,FALSE)-VLOOKUP($A3,main!$A$3:$H$102,6,FALSE)>=(VLOOKUP(VLOOKUP(H$1,main!$A$3:$H$102,8,FALSE),main!$K$26:$M$29,2,FALSE)+VLOOKUP(VLOOKUP(H$1,main!$A$3:$H$102,7,FALSE),main!$K$19:$O$22,MATCH(VLOOKUP($A3,main!$A$3:$H$102,8,FALSE),main!$K$18:$O$18,0))))),1,0) -> 1 | I3: =IF((AND(VLOOKUP(I$1,main!$A$3:$H$102,5,FALSE)-VLOOKUP($A3,main!$A$3:$H$102,6,FALSE)>=(VLOOKUP(VLOOKUP(I$1,main!$A$3:$H$102,8,FALSE),main!$K$26:$M$29,2,FALSE)+VLOOKUP(VLOOKUP(I$1,main!$A$3:$H$102,7,FALSE),main!$K$19:$O$22,MATCH(VLOOKUP($A3,main!$A$3:$H$102,8,FALSE),main!$K$18:$O$18,0))))),1,0) -> 1 | J3: =IF((AND(VLOOKUP(J$1,main!$A$3:$H$102,5,FALSE)-VLOOKUP($A3,main!$A$3:$H$102,6,FALSE)>=(VLOOKUP(VLOOKUP(J$1,main!$A$3:$H$102,8,FALSE),main!$K$26:$M$29,2,FALSE)+VLOOKUP(VLOOKUP(J$1,main!$A$3:$H$102,7,FALSE),main!$K$19:$O$22,MATCH(VLOOKUP($A3,main!$A$3:$H$102,8,FALSE),main!$K$18:$O$18,0))))),1,0) -> 1 | ... CX3: =IF((AND(VLOOKUP(CX$1,main!$A$3:$H$102,5,FALSE)-VLOOKUP($A3,main!$A$3:$H$102,6,FALSE)>=(VLOOKUP(VLOOKUP(CX$1,main!$A$3:$H$102,8,FALSE),main!$K$26:$M$29,2,FALSE)+VLOOKUP(VLOOKUP(CX$1,main!$A$3:$H$102,7,FALSE),main!$K$19:$O$22,MATCH(VLOOKUP($A3,main!$A$3:$H$102,8,FALSE),main!$K$18:$O$18,0))))),1,0) -> 1
A4: 2 | B4: 1 | C4: =IF((AND(VLOOKUP(C$1,main!$A$3:$H$102,5,FALSE)-VLOOKUP($A4,main!$A$3:$H$102,6,FALSE)>=(VLOOKUP(VLOOKUP(C$1,main!$A$3:$H$102,8,FALSE),main!$K$26:$M$29,2,FALSE)+VLOOKUP(VLOOKUP(C$1,main!$A$3:$H$102,7,FALSE),main!$K$19:$O$22,MATCH(VLOOKUP($A4,main!$A$3:$H$102,8,FALSE),main!$K$18:$O$18,0))))),1,0) -> 0 | D4: =IF((AND(VLOOKUP(D$1,main!$A$3:$H$102,5,FALSE)-VLOOKUP($A4,main!$A$3:$H$102,6,FALSE)>=(VLOOKUP(VLOOKUP(D$1,main!$A$3:$H$102,8,FALSE),main!$K$26:$M$29,2,FALSE)+VLOOKUP(VLOOKUP(D$1,main!$A$3:$H$102,7,FALSE),main!$K$19:$O$22,MATCH(VLOOKUP($A4,main!$A$3:$H$102,8,FALSE),main!$K$18:$O$18,0))))),1,0) -> 0 | E4: =IF((AND(VLOOKUP(E$1,main!$A$3:$H$102,5,FALSE)-VLOOKUP($A4,main!$A$3:$H$102,6,FALSE)>=(VLOOKUP(VLOOKUP(E$1,main!$A$3:$H$102,8,FALSE),main!$K$26:$M$29,2,FALSE)+VLOOKUP(VLOOKUP(E$1,main!$A$3:$H$102,7,FALSE),main!$K$19:$O$22,MATCH(VLOOKUP($A4,main!$A$3:$H$102,8,FALSE),main!$K$18:$O$18,0))))),1,0) -> 0 | F4: =IF((AND(VLOOKUP(F$1,main!$A$3:$H$102,5,FALSE)-VLOOKUP($A4,main!$A$3:$H$102,6,FALSE)>=(VLOOKUP(VLOOKUP(F$1,main!$A$3:$H$102,8,FALSE),main!$K$26:$M$29,2,FALSE)+VLOOKUP(VLOOKUP(F$1,main!$A$3:$H$102,7,FALSE),main!$K$19:$O$22,MATCH(VLOOKUP($A4,main!$A$3:$H$102,8,FALSE),main!$K$18:$O$18,0))))),1,0) -> 1 | G4: =IF((AND(VLOOKUP(G$1,main!$A$3:$H$102,5,FALSE)-VLOOKUP($A4,main!$A$3:$H$102,6,FALSE)>=(VLOOKUP(VLOOKUP(G$1,main!$A$3:$H$102,8,FALSE),main!$K$26:$M$29,2,FALSE)+VLOOKUP(VLOOKUP(G$1,main!$A$3:$H$102,7,FALSE),main!$K$19:$O$22,MATCH(VLOOKUP($A4,main!$A$3:$H$102,8,FALSE),main!$K$18:$O$18,0))))),1,0) -> 1 | H4: =IF((AND(VLOOKUP(H$1,main!$A$3:$H$102,5,FALSE)-VLOOKUP($A4,main!$A$3:$H$102,6,FALSE)>=(VLOOKUP(VLOOKUP(H$1,main!$A$3:$H$102,8,FALSE),main!$K$26:$M$29,2,FALSE)+VLOOKUP(VLOOKUP(H$1,main!$A$3:$H$102,7,FALSE),main!$K$19:$O$22,MATCH(VLOOKUP($A4,main!$A$3:$H$102,8,FALSE),main!$K$18:$O$18,0))))),1,0) -> 1 | I4: =IF((AND(VLOOKUP(I$1,main!$A$3:$H$102,5,FALSE)-VLOOKUP($A4,main!$A$3:$H$102,6,FALSE)>=(VLOOKUP(VLOOKUP(I$1,main!$A$3:$H$102,8,FALSE),main!$K$26:$M$29,2,FALSE)+VLOOKUP(VLOOKUP(I$1,main!$A$3:$H$102,7,FALSE),main!$K$19:$O$22,MATCH(VLOOKUP($A4,main!$A$3:$H$102,8,FALSE),main!$K$18:$O$18,0))))),1,0) -> 1 | J4: =IF((AND(VLOOKUP(J$1,main!$A$3:$H$102,5,FALSE)-VLOOKUP($A4,main!$A$3:$H$102,6,FALSE)>=(VLOOKUP(VLOOKUP(J$1,main!$A$3:$H$102,8,FALSE),main!$K$26:$M$29,2,FALSE)+VLOOKUP(VLOOKUP(J$1,main!$A$3:$H$102,7,FALSE),main!$K$19:$O$22,MATCH(VLOOKUP($A4,main!$A$3:$H$102,8,FALSE),main!$K$18:$O$18,0))))),1,0) -> 1 | ... CX4: =IF((AND(VLOOKUP(CX$1,main!$A$3:$H$102,5,FALSE)-VLOOKUP($A4,main!$A$3:$H$102,6,FALSE)>=(VLOOKUP(VLOOKUP(CX$1,main!$A$3:$H$102,8,FALSE),main!$K$26:$M$29,2,FALSE)+VLOOKUP(VLOOKUP(CX$1,main!$A$3:$H$102,7,FALSE),main!$K$19:$O$22,MATCH(VLOOKUP($A4,main!$A$3:$H$102,8,FALSE),main!$K$18:$O$18,0))))),1,0) -> 1
A5: 3 | B5: 1 | C5: =IF((AND(VLOOKUP(C$1,main!$A$3:$H$102,5,FALSE)-VLOOKUP($A5,main!$A$3:$H$102,6,FALSE)>=(VLOOKUP(VLOOKUP(C$1,main!$A$3:$H$102,8,FALSE),main!$K$26:$M$29,2,FALSE)+VLOOKUP(VLOOKUP(C$1,main!$A$3:$H$102,7,FALSE),main!$K$19:$O$22,MATCH(VLOOKUP($A5,main!$A$3:$H$102,8,FALSE),main!$K$18:$O$18,0))))),1,0) -> 0 | D5: =IF((AND(VLOOKUP(D$1,main!$A$3:$H$102,5,FALSE)-VLOOKUP($A5,main!$A$3:$H$102,6,FALSE)>=(VLOOKUP(VLOOKUP(D$1,main!$A$3:$H$102,8,FALSE),main!$K$26:$M$29,2,FALSE)+VLOOKUP(VLOOKUP(D$1,main!$A$3:$H$102,7,FALSE),main!$K$19:$O$22,MATCH(VLOOKUP($A5,main!$A$3:$H$102,8,FALSE),main!$K$18:$O$18,0))))),1,0) -> 0 | E5: =IF((AND(VLOOKUP(E$1,main!$A$3:$H$102,5,FALSE)-VLOOKUP($A5,main!$A$3:$H$102,6,FALSE)>=(VLOOKUP(VLOOKUP(E$1,main!$A$3:$H$102,8,FALSE),main!$K$26:$M$29,2,FALSE)+VLOOKUP(VLOOKUP(E$1,main!$A$3:$H$102,7,FALSE),main!$K$19:$O$22,MATCH(VLOOKUP($A5,main!$A$3:$H$102,8,FALSE),main!$K$18:$O$18,0))))),1,0) -> 0 | F5: =IF((AND(VLOOKUP(F$1,main!$A$3:$H$102,5,FALSE)-VLOOKUP($A5,main!$A$3:$H$102,6,FALSE)>=(VLOOKUP(VLOOKUP(F$1,main!$A$3:$H$102,8,FALSE),main!$K$26:$M$29,2,FALSE)+VLOOKUP(VLOOKUP(F$1,main!$A$3:$H$102,7,FALSE),main!$K$19:$O$22,MATCH(VLOOKUP($A5,main!$A$3:$H$102,8,FALSE),main!$K$18:$O$18,0))))),1,0) -> 0 | G5: =IF((AND(VLOOKUP(G$1,main!$A$3:$H$102,5,FALSE)-VLOOKUP($A5,main!$A$3:$H$102,6,FALSE)>=(VLOOKUP(VLOOKUP(G$1,main!$A$3:$H$102,8,FALSE),main!$K$26:$M$29,2,FALSE)+VLOOKUP(VLOOKUP(G$1,main!$A$3:$H$102,7,FALSE),main!$K$19:$O$22,MATCH(VLOOKUP($A5,main!$A$3:$H$102,8,FALSE),main!$K$18:$O$18,0))))),1,0) -> 0 | H5: =IF((AND(VLOOKUP(H$1,main!$A$3:$H$102,5,FALSE)-VLOOKUP($A5,main!$A$3:$H$102,6,FALSE)>=(VLOOKUP(VLOOKUP(H$1,main!$A$3:$H$102,8,FALSE),main!$K$26:$M$29,2,FALSE)+VLOOKUP(VLOOKUP(H$1,main!$A$3:$H$102,7,FALSE),main!$K$19:$O$22,MATCH(VLOOKUP($A5,main!$A$3:$H$102,8,FALSE),main!$K$18:$O$18,0))))),1,0) -> 1 | I5: =IF((AND(VLOOKUP(I$1,main!$A$3:$H$102,5,FALSE)-VLOOKUP($A5,main!$A$3:$H$102,6,FALSE)>=(VLOOKUP(VLOOKUP(I$1,main!$A$3:$H$102,8,FALSE),main!$K$26:$M$29,2,FALSE)+VLOOKUP(VLOOKUP(I$1,main!$A$3:$H$102,7,FALSE),main!$K$19:$O$22,MATCH(VLOOKUP($A5,main!$A$3:$H$102,8,FALSE),main!$K$18:$O$18,0))))),1,0) -> 1 | J5: =IF((AND(VLOOKUP(J$1,main!$A$3:$H$102,5,FALSE)-VLOOKUP($A5,main!$A$3:$H$102,6,FALSE)>=(VLOOKUP(VLOOKUP(J$1,main!$A$3:$H$102,8,FALSE),main!$K$26:$M$29,2,FALSE)+VLOOKUP(VLOOKUP(J$1,main!$A$3:$H$102,7,FALSE),main!$K$19:$O$22,MATCH(VLOOKUP($A5,main!$A$3:$H$102,8,FALSE),main!$K$18:$O$18,0))))),1,0) -> 1 | ... CX5: =IF((AND(VLOOKUP(CX$1,main!$A$3:$H$102,5,FALSE)-VLOOKUP($A5,main!$A$3:$H$102,6,FALSE)>=(VLOOKUP(VLOOKUP(CX$1,main!$A$3:$H$102,8,FALSE),main!$K$26:$M$29,2,FALSE)+VLOOKUP(VLOOKUP(CX$1,main!$A$3:$H$102,7,FALSE),main!$K$19:$O$22,MATCH(VLOOKUP($A5,main!$A$3:$H$102,8,FALSE),main!$K$18:$O$18,0))))),1,0) -> 1
A6: 4 | B6: 1 | C6: =IF((AND(VLOOKUP(C$1,main!$A$3:$H$102,5,FALSE)-VLOOKUP($A6,main!$A$3:$H$102,6,FALSE)>=(VLOOKUP(VLOOKUP(C$1,main!$A$3:$H$102,8,FALSE),main!$K$26:$M$29,2,FALSE)+VLOOKUP(VLOOKUP(C$1,main!$A$3:$H$102,7,FALSE),main!$K$19:$O$22,MATCH(VLOOKUP($A6,main!$A$3:$H$102,8,FALSE),main!$K$18:$O$18,0))))),1,0) -> 0 | D6: =IF((AND(VLOOKUP(D$1,main!$A$3:$H$102,5,FALSE)-VLOOKUP($A6,main!$A$3:$H$102,6,FALSE)>=(VLOOKUP(VLOOKUP(D$1,main!$A$3:$H$102,8,FALSE),main!$K$26:$M$29,2,FALSE)+VLOOKUP(VLOOKUP(D$1,main!$A$3:$H$102,7,FALSE),main!$K$19:$O$22,MATCH(VLOOKUP($A6,main!$A$3:$H$102,8,FALSE),main!$K$18:$O$18,0))))),1,0) -> 0 | E6: =IF((AND(VLOOKUP(E$1,main!$A$3:$H$102,5,FALSE)-VLOOKUP($A6,main!$A$3:$H$102,6,FALSE)>=(VLOOKUP(VLOOKUP(E$1,main!$A$3:$H$102,8,FALSE),main!$K$26:$M$29,2,FALSE)+VLOOKUP(VLOOKUP(E$1,main!$A$3:$H$102,7,FALSE),main!$K$19:$O$22,MATCH(VLOOKUP($A6,main!$A$3:$H$102,8,FALSE),main!$K$18:$O$18,0))))),1,0) -> 0 | F6: =IF((AND(VLOOKUP(F$1,main!$A$3:$H$102,5,FALSE)-VLOOKUP($A6,main!$A$3:$H$102,6,FALSE)>=(VLOOKUP(VLOOKUP(F$1,main!$A$3:$H$102,8,FALSE),main!$K$26:$M$29,2,FALSE)+VLOOKUP(VLOOKUP(F$1,main!$A$3:$H$102,7,FALSE),main!$K$19:$O$22,MATCH(VLOOKUP($A6,main!$A$3:$H$102,8,FALSE),main!$K$18:$O$18,0))))),1,0) -> 0 | G6: =IF((AND(VLOOKUP(G$1,main!$A$3:$H$102,5,FALSE)-VLOOKUP($A6,main!$A$3:$H$102,6,FALSE)>=(VLOOKUP(VLOOKUP(G$1,main!$A$3:$H$102,8,FALSE),main!$K$26:$M$29,2,FALSE)+VLOOKUP(VLOOKUP(G$1,main!$A$3:$H$102,7,FALSE),main!$K$19:$O$22,MATCH(VLOOKUP($A6,main!$A$3:$H$102,8,FALSE),main!$K$18:$O$18,0))))),1,0) -> 0 | H6: =IF((AND(VLOOKUP(H$1,main!$A$3:$H$102,5,FALSE)-VLOOKUP($A6,main!$A$3:$H$102,6,FALSE)>=(VLOOKUP(VLOOKUP(H$1,main!$A$3:$H$102,8,FALSE),main!$K$26:$M$29,2,FALSE)+VLOOKUP(VLOOKUP(H$1,main!$A$3:$H$102,7,FALSE),main!$K$19:$O$22,MATCH(VLOOKUP($A6,main!$A$3:$H$102,8,FALSE),main!$K$18:$O$18,0))))),1,0) -> 1 | I6: =IF((AND(VLOOKUP(I$1,main!$A$3:$H$102,5,FALSE)-VLOOKUP($A6,main!$A$3:$H$102,6,FALSE)>=(VLOOKUP(VLOOKUP(I$1,main!$A$3:$H$102,8,FALSE),main!$K$26:$M$29,2,FALSE)+VLOOKUP(VLOOKUP(I$1,main!$A$3:$H$102,7,FALSE),main!$K$19:$O$22,MATCH(VLOOKUP($A6,main!$A$3:$H$102,8,FALSE),main!$K$18:$O$18,0))))),1,0) -> 1 | J6: =IF((AND(VLOOKUP(J$1,main!$A$3:$H$102,5,FALSE)-VLOOKUP($A6,main!$A$3:$H$102,6,FALSE)>=(VLOOKUP(VLOOKUP(J$1,main!$A$3:$H$102,8,FALSE),main!$K$26:$M$29,2,FALSE)+VLOOKUP(VLOOKUP(J$1,main!$A$3:$H$102,7,FALSE),main!$K$19:$O$22,MATCH(VLOOKUP($A6,main!$A$3:$H$102,8,FALSE),main!$K$18:$O$18,0))))),1,0) -> 1 | ... CX6: =IF((AND(VLOOKUP(CX$1,main!$A$3:$H$102,5,FALSE)-VLOOKUP($A6,main!$A$3:$H$102,6,FALSE)>=(VLOOKUP(VLOOKUP(CX$1,main!$A$3:$H$102,8,FALSE),main!$K$26:$M$29,2,FALSE)+VLOOKUP(VLOOKUP(CX$1,main!$A$3:$H$102,7,FALSE),main!$K$19:$O$22,MATCH(VLOOKUP($A6,main!$A$3:$H$102,8,FALSE),main!$K$18:$O$18,0))))),1,0) -> 1
A7: 5 | B7: 1 | C7: =IF((AND(VLOOKUP(C$1,main!$A$3:$H$102,5,FALSE)-VLOOKUP($A7,main!$A$3:$H$102,6,FALSE)>=(VLOOKUP(VLOOKUP(C$1,main!$A$3:$H$102,8,FALSE),main!$K$26:$M$29,2,FALSE)+VLOOKUP(VLOOKUP(C$1,main!$A$3:$H$102,7,FALSE),main!$K$19:$O$22,MATCH(VLOOKUP($A7,main!$A$3:$H$102,8,FALSE),main!$K$18:$O$18,0))))),1,0) -> 0 | D7: =IF((AND(VLOOKUP(D$1,main!$A$3:$H$102,5,FALSE)-VLOOKUP($A7,main!$A$3:$H$102,6,FALSE)>=(VLOOKUP(VLOOKUP(D$1,main!$A$3:$H$102,8,FALSE),main!$K$26:$M$29,2,FALSE)+VLOOKUP(VLOOKUP(D$1,main!$A$3:$H$102,7,FALSE),main!$K$19:$O$22,MATCH(VLOOKUP($A7,main!$A$3:$H$102,8,FALSE),main!$K$18:$O$18,0))))),1,0) -> 0 | E7: =IF((AND(VLOOKUP(E$1,main!$A$3:$H$102,5,FALSE)-VLOOKUP($A7,main!$A$3:$H$102,6,FALSE)>=(VLOOKUP(VLOOKUP(E$1,main!$A$3:$H$102,8,FALSE),main!$K$26:$M$29,2,FALSE)+VLOOKUP(VLOOKUP(E$1,main!$A$3:$H$102,7,FALSE),main!$K$19:$O$22,MATCH(VLOOKUP($A7,main!$A$3:$H$102,8,FALSE),main!$K$18:$O$18,0))))),1,0) -> 0 | F7: =IF((AND(VLOOKUP(F$1,main!$A$3:$H$102,5,FALSE)-VLOOKUP($A7,main!$A$3:$H$102,6,FALSE)>=(VLOOKUP(VLOOKUP(F$1,main!$A$3:$H$102,8,FALSE),main!$K$26:$M$29,2,FALSE)+VLOOKUP(VLOOKUP(F$1,main!$A$3:$H$102,7,FALSE),main!$K$19:$O$22,MATCH(VLOOKUP($A7,main!$A$3:$H$102,8,FALSE),main!$K$18:$O$18,0))))),1,0) -> 0 | G7: =IF((AND(VLOOKUP(G$1,main!$A$3:$H$102,5,FALSE)-VLOOKUP($A7,main!$A$3:$H$102,6,FALSE)>=(VLOOKUP(VLOOKUP(G$1,main!$A$3:$H$102,8,FALSE),main!$K$26:$M$29,2,FALSE)+VLOOKUP(VLOOKUP(G$1,main!$A$3:$H$102,7,FALSE),main!$K$19:$O$22,MATCH(VLOOKUP($A7,main!$A$3:$H$102,8,FALSE),main!$K$18:$O$18,0))))),1,0) -> 0 | H7: =IF((AND(VLOOKUP(H$1,main!$A$3:$H$102,5,FALSE)-VLOOKUP($A7,main!$A$3:$H$102,6,FALSE)>=(VLOOKUP(VLOOKUP(H$1,main!$A$3:$H$102,8,FALSE),main!$K$26:$M$29,2,FALSE)+VLOOKUP(VLOOKUP(H$1,main!$A$3:$H$102,7,FALSE),main!$K$19:$O$22,MATCH(VLOOKUP($A7,main!$A$3:$H$102,8,FALSE),main!$K$18:$O$18,0))))),1,0) -> 0 | I7: =IF((AND(VLOOKUP(I$1,main!$A$3:$H$102,5,FALSE)-VLOOKUP($A7,main!$A$3:$H$102,6,FALSE)>=(VLOOKUP(VLOOKUP(I$1,main!$A$3:$H$102,8,FALSE),main!$K$26:$M$29,2,FALSE)+VLOOKUP(VLOOKUP(I$1,main!$A$3:$H$102,7,FALSE),main!$K$19:$O$22,MATCH(VLOOKUP($A7,main!$A$3:$H$102,8,FALSE),main!$K$18:$O$18,0))))),1,0) -> 0 | J7: =IF((AND(VLOOKUP(J$1,main!$A$3:$H$102,5,FALSE)-VLOOKUP($A7,main!$A$3:$H$102,6,FALSE)>=(VLOOKUP(VLOOKUP(J$1,main!$A$3:$H$102,8,FALSE),main!$K$26:$M$29,2,FALSE)+VLOOKUP(VLOOKUP(J$1,main!$A$3:$H$102,7,FALSE),main!$K$19:$O$22,MATCH(VLOOKUP($A7,main!$A$3:$H$102,8,FALSE),main!$K$18:$O$18,0))))),1,0) -> 1 | ... CX7: =IF((AND(VLOOKUP(CX$1,main!$A$3:$H$102,5,FALSE)-VLOOKUP($A7,main!$A$3:$H$102,6,FALSE)>=(VLOOKUP(VLOOKUP(CX$1,main!$A$3:$H$102,8,FALSE),main!$K$26:$M$29,2,FALSE)+VLOOKUP(VLOOKUP(CX$1,main!$A$3:$H$102,7,FALSE),main!$K$19:$O$22,MATCH(VLOOKUP($A7,main!$A$3:$H$102,8,FALSE),main!$K$18:$O$18,0))))),1,0) -> 0
A8: 6 | B8: 1 | C8: =IF((AND(VLOOKUP(C$1,main!$A$3:$H$102,5,FALSE)-VLOOKUP($A8,main!$A$3:$H$102,6,FALSE)>=(VLOOKUP(VLOOKUP(C$1,main!$A$3:$H$102,8,FALSE),main!$K$26:$M$29,2,FALSE)+VLOOKUP(VLOOKUP(C$1,main!$A$3:$H$102,7,FALSE),main!$K$19:$O$22,MATCH(VLOOKUP($A8,main!$A$3:$H$102,8,FALSE),main!$K$18:$O$18,0))))),1,0) -> 0 | D8: =IF((AND(VLOOKUP(D$1,main!$A$3:$H$102,5,FALSE)-VLOOKUP($A8,main!$A$3:$H$102,6,FALSE)>=(VLOOKUP(VLOOKUP(D$1,main!$A$3:$H$102,8,FALSE),main!$K$26:$M$29,2,FALSE)+VLOOKUP(VLOOKUP(D$1,main!$A$3:$H$102,7,FALSE),main!$K$19:$O$22,MATCH(VLOOKUP($A8,main!$A$3:$H$102,8,FALSE),main!$K$18:$O$18,0))))),1,0) -> 0 | E8: =IF((AND(VLOOKUP(E$1,main!$A$3:$H$102,5,FALSE)-VLOOKUP($A8,main!$A$3:$H$102,6,FALSE)>=(VLOOKUP(VLOOKUP(E$1,main!$A$3:$H$102,8,FALSE),main!$K$26:$M$29,2,FALSE)+VLOOKUP(VLOOKUP(E$1,main!$A$3:$H$102,7,FALSE),main!$K$19:$O$22,MATCH(VLOOKUP($A8,main!$A$3:$H$102,8,FALSE),main!$K$18:$O$18,0))))),1,0) -> 0 | F8: =IF((AND(VLOOKUP(F$1,main!$A$3:$H$102,5,FALSE)-VLOOKUP($A8,main!$A$3:$H$102,6,FALSE)>=(VLOOKUP(VLOOKUP(F$1,main!$A$3:$H$102,8,FALSE),main!$K$26:$M$29,2,FALSE)+VLOOKUP(VLOOKUP(F$1,main!$A$3:$H$102,7,FALSE),main!$K$19:$O$22,MATCH(VLOOKUP($A8,main!$A$3:$H$102,8,FALSE),main!$K$18:$O$18,0))))),1,0) -> 0 | G8: =IF((AND(VLOOKUP(G$1,main!$A$3:$H$102,5,FALSE)-VLOOKUP($A8,main!$A$3:$H$102,6,FALSE)>=(VLOOKUP(VLOOKUP(G$1,main!$A$3:$H$102,8,FALSE),main!$K$26:$M$29,2,FALSE)+VLOOKUP(VLOOKUP(G$1,main!$A$3:$H$102,7,FALSE),main!$K$19:$O$22,MATCH(VLOOKUP($A8,main!$A$3:$H$102,8,FALSE),main!$K$18:$O$18,0))))),1,0) -> 0 | H8: =IF((AND(VLOOKUP(H$1,main!$A$3:$H$102,5,FALSE)-VLOOKUP($A8,main!$A$3:$H$102,6,FALSE)>=(VLOOKUP(VLOOKUP(H$1,main!$A$3:$H$102,8,FALSE),main!$K$26:$M$29,2,FALSE)+VLOOKUP(VLOOKUP(H$1,main!$A$3:$H$102,7,FALSE),main!$K$19:$O$22,MATCH(VLOOKUP($A8,main!$A$3:$H$102,8,FALSE),main!$K$18:$O$18,0))))),1,0) -> 0 | I8: =IF((AND(VLOOKUP(I$1,main!$A$3:$H$102,5,FALSE)-VLOOKUP($A8,main!$A$3:$H$102,6,FALSE)>=(VLOOKUP(VLOOKUP(I$1,main!$A$3:$H$102,8,FALSE),main!$K$26:$M$29,2,FALSE)+VLOOKUP(VLOOKUP(I$1,main!$A$3:$H$102,7,FALSE),main!$K$19:$O$22,MATCH(VLOOKUP($A8,main!$A$3:$H$102,8,FALSE),main!$K$18:$O$18,0))))),1,0) -> 0 | J8: =IF((AND(VLOOKUP(J$1,main!$A$3:$H$102,5,FALSE)-VLOOKUP($A8,main!$A$3:$H$102,6,FALSE)>=(VLOOKUP(VLOOKUP(J$1,main!$A$3:$H$102,8,FALSE),main!$K$26:$M$29,2,FALSE)+VLOOKUP(VLOOKUP(J$1,main!$A$3:$H$102,7,FALSE),main!$K$19:$O$22,MATCH(VLOOKUP($A8,main!$A$3:$H$102,8,FALSE),main!$K$18:$O$18,0))))),1,0) -> 0 | ... CX8: =IF((AND(VLOOKUP(CX$1,main!$A$3:$H$102,5,FALSE)-VLOOKUP($A8,main!$A$3:$H$102,6,FALSE)>=(VLOOKUP(VLOOKUP(CX$1,main!$A$3:$H$102,8,FALSE),main!$K$26:$M$29,2,FALSE)+VLOOKUP(VLOOKUP(CX$1,main!$A$3:$H$102,7,FALSE),main!$K$19:$O$22,MATCH(VLOOKUP($A8,main!$A$3:$H$102,8,FALSE),main!$K$18:$O$18,0))))),1,0) -> 0
A9: 7 | B9: 1 | C9: =IF((AND(VLOOKUP(C$1,main!$A$3:$H$102,5,FALSE)-VLOOKUP($A9,main!$A$3:$H$102,6,FALSE)>=(VLOOKUP(VLOOKUP(C$1,main!$A$3:$H$102,8,FALSE),main!$K$26:$M$29,2,FALSE)+VLOOKUP(VLOOKUP(C$1,main!$A$3:$H$102,7,FALSE),main!$K$19:$O$22,MATCH(VLOOKUP($A9,main!$A$3:$H$102,8,FALSE),main!$K$18:$O$18,0))))),1,0) -> 0 | D9: =IF((AND(VLOOKUP(D$1,main!$A$3:$H$102,5,FALSE)-VLOOKUP($A9,main!$A$3:$H$102,6,FALSE)>=(VLOOKUP(VLOOKUP(D$1,main!$A$3:$H$102,8,FALSE),main!$K$26:$M$29,2,FALSE)+VLOOKUP(VLOOKUP(D$1,main!$A$3:$H$102,7,FALSE),main!$K$19:$O$22,MATCH(VLOOKUP($A9,main!$A$3:$H$102,8,FALSE),main!$K$18:$O$18,0))))),1,0) -> 0 | E9: =IF((AND(VLOOKUP(E$1,main!$A$3:$H$102,5,FALSE)-VLOOKUP($A9,main!$A$3:$H$102,6,FALSE)>=(VLOOKUP(VLOOKUP(E$1,main!$A$3:$H$102,8,FALSE),main!$K$26:$M$29,2,FALSE)+VLOOKUP(VLOOKUP(E$1,main!$A$3:$H$102,7,FALSE),main!$K$19:$O$22,MATCH(VLOOKUP($A9,main!$A$3:$H$102,8,FALSE),main!$K$18:$O$18,0))))),1,0) -> 0 | F9: =IF((AND(VLOOKUP(F$1,main!$A$3:$H$102,5,FALSE)-VLOOKUP($A9,main!$A$3:$H$102,6,FALSE)>=(VLOOKUP(VLOOKUP(F$1,main!$A$3:$H$102,8,FALSE),main!$K$26:$M$29,2,FALSE)+VLOOKUP(VLOOKUP(F$1,main!$A$3:$H$102,7,FALSE),main!$K$19:$O$22,MATCH(VLOOKUP($A9,main!$A$3:$H$102,8,FALSE),main!$K$18:$O$18,0))))),1,0) -> 0 | G9: =IF((AND(VLOOKUP(G$1,main!$A$3:$H$102,5,FALSE)-VLOOKUP($A9,main!$A$3:$H$102,6,FALSE)>=(VLOOKUP(VLOOKUP(G$1,main!$A$3:$H$102,8,FALSE),main!$K$26:$M$29,2,FALSE)+VLOOKUP(VLOOKUP(G$1,main!$A$3:$H$102,7,FALSE),main!$K$19:$O$22,MATCH(VLOOKUP($A9,main!$A$3:$H$102,8,FALSE),main!$K$18:$O$18,0))))),1,0) -> 0 | H9: =IF((AND(VLOOKUP(H$1,main!$A$3:$H$102,5,FALSE)-VLOOKUP($A9,main!$A$3:$H$102,6,FALSE)>=(VLOOKUP(VLOOKUP(H$1,main!$A$3:$H$102,8,FALSE),main!$K$26:$M$29,2,FALSE)+VLOOKUP(VLOOKUP(H$1,main!$A$3:$H$102,7,FALSE),main!$K$19:$O$22,MATCH(VLOOKUP($A9,main!$A$3:$H$102,8,FALSE),main!$K$18:$O$18,0))))),1,0) -> 0 | I9: =IF((AND(VLOOKUP(I$1,main!$A$3:$H$102,5,FALSE)-VLOOKUP($A9,main!$A$3:$H$102,6,FALSE)>=(VLOOKUP(VLOOKUP(I$1,main!$A$3:$H$102,8,FALSE),main!$K$26:$M$29,2,FALSE)+VLOOKUP(VLOOKUP(I$1,main!$A$3:$H$102,7,FALSE),main!$K$19:$O$22,MATCH(VLOOKUP($A9,main!$A$3:$H$102,8,FALSE),main!$K$18:$O$18,0))))),1,0) -> 0 | J9: =IF((AND(VLOOKUP(J$1,main!$A$3:$H$102,5,FALSE)-VLOOKUP($A9,main!$A$3:$H$102,6,FALSE)>=(VLOOKUP(VLOOKUP(J$1,main!$A$3:$H$102,8,FALSE),main!$K$26:$M$29,2,FALSE)+VLOOKUP(VLOOKUP(J$1,main!$A$3:$H$102,7,FALSE),main!$K$19:$O$22,MATCH(VLOOKUP($A9,main!$A$3:$H$102,8,FALSE),main!$K$18:$O$18,0))))),1,0) -> 0 | ... CX9: =IF((AND(VLOOKUP(CX$1,main!$A$3:$H$102,5,FALSE)-VLOOKUP($A9,main!$A$3:$H$102,6,FALSE)>=(VLOOKUP(VLOOKUP(CX$1,main!$A$3:$H$102,8,FALSE),main!$K$26:$M$29,2,FALSE)+VLOOKUP(VLOOKUP(CX$1,main!$A$3:$H$102,7,FALSE),main!$K$19:$O$22,MATCH(VLOOKUP($A9,main!$A$3:$H$102,8,FALSE),main!$K$18:$O$18,0))))),1,0) -> 0
A10: 8 | B10: 1 | C10: =IF((AND(VLOOKUP(C$1,main!$A$3:$H$102,5,FALSE)-VLOOKUP($A10,main!$A$3:$H$102,6,FALSE)>=(VLOOKUP(VLOOKUP(C$1,main!$A$3:$H$102,8,FALSE),main!$K$26:$M$29,2,FALSE)+VLOOKUP(VLOOKUP(C$1,main!$A$3:$H$102,7,FALSE),main!$K$19:$O$22,MATCH(VLOOKUP($A10,main!$A$3:$H$102,8,FALSE),main!$K$18:$O$18,0))))),1,0) -> 0 | D10: =IF((AND(VLOOKUP(D$1,main!$A$3:$H$102,5,FALSE)-VLOOKUP($A10,main!$A$3:$H$102,6,FALSE)>=(VLOOKUP(VLOOKUP(D$1,main!$A$3:$H$102,8,FALSE),main!$K$26:$M$29,2,FALSE)+VLOOKUP(VLOOKUP(D$1,main!$A$3:$H$102,7,FALSE),main!$K$19:$O$22,MATCH(VLOOKUP($A10,main!$A$3:$H$102,8,FALSE),main!$K$18:$O$18,0))))),1,0) -> 0 | E10: =IF((AND(VLOOKUP(E$1,main!$A$3:$H$102,5,FALSE)-VLOOKUP($A10,main!$A$3:$H$102,6,FALSE)>=(VLOOKUP(VLOOKUP(E$1,main!$A$3:$H$102,8,FALSE),main!$K$26:$M$29,2,FALSE)+VLOOKUP(VLOOKUP(E$1,main!$A$3:$H$102,7,FALSE),main!$K$19:$O$22,MATCH(VLOOKUP($A10,main!$A$3:$H$102,8,FALSE),main!$K$18:$O$18,0))))),1,0) -> 0 | F10: =IF((AND(VLOOKUP(F$1,main!$A$3:$H$102,5,FALSE)-VLOOKUP($A10,main!$A$3:$H$102,6,FALSE)>=(VLOOKUP(VLOOKUP(F$1,main!$A$3:$H$102,8,FALSE),main!$K$26:$M$29,2,FALSE)+VLOOKUP(VLOOKUP(F$1,main!$A$3:$H$102,7,FALSE),main!$K$19:$O$22,MATCH(VLOOKUP($A10,main!$A$3:$H$102,8,FALSE),main!$K$18:$O$18,0))))),1,0) -> 0 | G10: =IF((AND(VLOOKUP(G$1,main!$A$3:$H$102,5,FALSE)-VLOOKUP($A10,main!$A$3:$H$102,6,FALSE)>=(VLOOKUP(VLOOKUP(G$1,main!$A$3:$H$102,8,FALSE),main!$K$26:$M$29,2,FALSE)+VLOOKUP(VLOOKUP(G$1,main!$A$3:$H$102,7,FALSE),main!$K$19:$O$22,MATCH(VLOOKUP($A10,main!$A$3:$H$102,8,FALSE),main!$K$18:$O$18,0))))),1,0) -> 0 | H10: =IF((AND(VLOOKUP(H$1,main!$A$3:$H$102,5,FALSE)-VLOOKUP($A10,main!$A$3:$H$102,6,FALSE)>=(VLOOKUP(VLOOKUP(H$1,main!$A$3:$H$102,8,FALSE),main!$K$26:$M$29,2,FALSE)+VLOOKUP(VLOOKUP(H$1,main!$A$3:$H$102,7,FALSE),main!$K$19:$O$22,MATCH(VLOOKUP($A10,main!$A$3:$H$102,8,FALSE),main!$K$18:$O$18,0))))),1,0) -> 0 | I10: =IF((AND(VLOOKUP(I$1,main!$A$3:$H$102,5,FALSE)-VLOOKUP($A10,main!$A$3:$H$102,6,FALSE)>=(VLOOKUP(VLOOKUP(I$1,main!$A$3:$H$102,8,FALSE),main!$K$26:$M$29,2,FALSE)+VLOOKUP(VLOOKUP(I$1,main!$A$3:$H$102,7,FALSE),main!$K$19:$O$22,MATCH(VLOOKUP($A10,main!$A$3:$H$102,8,FALSE),main!$K$18:$O$18,0))))),1,0) -> 0 | J10: =IF((AND(VLOOKUP(J$1,main!$A$3:$H$102,5,FALSE)-VLOOKUP($A10,main!$A$3:$H$102,6,FALSE)>=(VLOOKUP(VLOOKUP(J$1,main!$A$3:$H$102,8,FALSE),main!$K$26:$M$29,2,FALSE)+VLOOKUP(VLOOKUP(J$1,main!$A$3:$H$102,7,FALSE),main!$K$19:$O$22,MATCH(VLOOKUP($A10,main!$A$3:$H$102,8,FALSE),main!$K$18:$O$18,0))))),1,0) -> 0 | ... CX10: =IF((AND(VLOOKUP(CX$1,main!$A$3:$H$102,5,FALSE)-VLOOKUP($A10,main!$A$3:$H$102,6,FALSE)>=(VLOOKUP(VLOOKUP(CX$1,main!$A$3:$H$102,8,FALSE),main!$K$26:$M$29,2,FALSE)+VLOOKUP(VLOOKUP(CX$1,main!$A$3:$H$102,7,FALSE),main!$K$19:$O$22,MATCH(VLOOKUP($A10,main!$A$3:$H$102,8,FALSE),main!$K$18:$O$18,0))))),1,0) -> 0
A11: 9 | B11: 1 | C11: =IF((AND(VLOOKUP(C$1,main!$A$3:$H$102,5,FALSE)-VLOOKUP($A11,main!$A$3:$H$102,6,FALSE)>=(VLOOKUP(VLOOKUP(C$1,main!$A$3:$H$102,8,FALSE),main!$K$26:$M$29,2,FALSE)+VLOOKUP(VLOOKUP(C$1,main!$A$3:$H$102,7,FALSE),main!$K$19:$O$22,MATCH(VLOOKUP($A11,main!$A$3:$H$102,8,FALSE),main!$K$18:$O$18,0))))),1,0) -> 0 | D11: =IF((AND(VLOOKUP(D$1,main!$A$3:$H$102,5,FALSE)-VLOOKUP($A11,main!$A$3:$H$102,6,FALSE)>=(VLOOKUP(VLOOKUP(D$1,main!$A$3:$H$102,8,FALSE),main!$K$26:$M$29,2,FALSE)+VLOOKUP(VLOOKUP(D$1,main!$A$3:$H$102,7,FALSE),main!$K$19:$O$22,MATCH(VLOOKUP($A11,main!$A$3:$H$102,8,FALSE),main!$K$18:$O$18,0))))),1,0) -> 0 | E11: =IF((AND(VLOOKUP(E$1,main!$A$3:$H$102,5,FALSE)-VLOOKUP($A11,main!$A$3:$H$102,6,FALSE)>=(VLOOKUP(VLOOKUP(E$1,main!$A$3:$H$102,8,FALSE),main!$K$26:$M$29,2,FALSE)+VLOOKUP(VLOOKUP(E$1,main!$A$3:$H$102,7,FALSE),main!$K$19:$O$22,MATCH(VLOOKUP($A11,main!$A$3:$H$102,8,FALSE),main!$K$18:$O$18,0))))),1,0) -> 0 | F11: =IF((AND(VLOOKUP(F$1,main!$A$3:$H$102,5,FALSE)-VLOOKUP($A11,main!$A$3:$H$102,6,FALSE)>=(VLOOKUP(VLOOKUP(F$1,main!$A$3:$H$102,8,FALSE),main!$K$26:$M$29,2,FALSE)+VLOOKUP(VLOOKUP(F$1,main!$A$3:$H$102,7,FALSE),main!$K$19:$O$22,MATCH(VLOOKUP($A11,main!$A$3:$H$102,8,FALSE),main!$K$18:$O$18,0))))),1,0) -> 0 | G11: =IF((AND(VLOOKUP(G$1,main!$A$3:$H$102,5,FALSE)-VLOOKUP($A11,main!$A$3:$H$102,6,FALSE)>=(VLOOKUP(VLOOKUP(G$1,main!$A$3:$H$102,8,FALSE),main!$K$26:$M$29,2,FALSE)+VLOOKUP(VLOOKUP(G$1,main!$A$3:$H$102,7,FALSE),main!$K$19:$O$22,MATCH(VLOOKUP($A11,main!$A$3:$H$102,8,FALSE),main!$K$18:$O$18,0))))),1,0) -> 0 | H11: =IF((AND(VLOOKUP(H$1,main!$A$3:$H$102,5,FALSE)-VLOOKUP($A11,main!$A$3:$H$102,6,FALSE)>=(VLOOKUP(VLOOKUP(H$1,main!$A$3:$H$102,8,FALSE),main!$K$26:$M$29,2,FALSE)+VLOOKUP(VLOOKUP(H$1,main!$A$3:$H$102,7,FALSE),main!$K$19:$O$22,MATCH(VLOOKUP($A11,main!$A$3:$H$102,8,FALSE),main!$K$18:$O$18,0))))),1,0) -> 0 | I11: =IF((AND(VLOOKUP(I$1,main!$A$3:$H$102,5,FALSE)-VLOOKUP($A11,main!$A$3:$H$102,6,FALSE)>=(VLOOKUP(VLOOKUP(I$1,main!$A$3:$H$102,8,FALSE),main!$K$26:$M$29,2,FALSE)+VLOOKUP(VLOOKUP(I$1,main!$A$3:$H$102,7,FALSE),main!$K$19:$O$22,MATCH(VLOOKUP($A11,main!$A$3:$H$102,8,FALSE),main!$K$18:$O$18,0))))),1,0) -> 0 | J11: =IF((AND(VLOOKUP(J$1,main!$A$3:$H$102,5,FALSE)-VLOOKUP($A11,main!$A$3:$H$102,6,FALSE)>=(VLOOKUP(VLOOKUP(J$1,main!$A$3:$H$102,8,FALSE),main!$K$26:$M$29,2,FALSE)+VLOOKUP(VLOOKUP(J$1,main!$A$3:$H$102,7,FALSE),main!$K$19:$O$22,MATCH(VLOOKUP($A11,main!$A$3:$H$102,8,FALSE),main!$K$18:$O$18,0))))),1,0) -> 0 | ... CX11: =IF((AND(VLOOKUP(CX$1,main!$A$3:$H$102,5,FALSE)-VLOOKUP($A11,main!$A$3:$H$102,6,FALSE)>=(VLOOKUP(VLOOKUP(CX$1,main!$A$3:$H$102,8,FALSE),main!$K$26:$M$29,2,FALSE)+VLOOKUP(VLOOKUP(CX$1,main!$A$3:$H$102,7,FALSE),main!$K$19:$O$22,MATCH(VLOOKUP($A11,main!$A$3:$H$102,8,FALSE),main!$K$18:$O$18,0))))),1,0) -> 0
A12: 10 | B12: 1 | C12: =IF((AND(VLOOKUP(C$1,main!$A$3:$H$102,5,FALSE)-VLOOKUP($A12,main!$A$3:$H$102,6,FALSE)>=(VLOOKUP(VLOOKUP(C$1,main!$A$3:$H$102,8,FALSE),main!$K$26:$M$29,2,FALSE)+VLOOKUP(VLOOKUP(C$1,main!$A$3:$H$102,7,FALSE),main!$K$19:$O$22,MATCH(VLOOKUP($A12,main!$A$3:$H$102,8,FALSE),main!$K$18:$O$18,0))))),1,0) -> 0 | D12: =IF((AND(VLOOKUP(D$1,main!$A$3:$H$102,5,FALSE)-VLOOKUP($A12,main!$A$3:$H$102,6,FALSE)>=(VLOOKUP(VLOOKUP(D$1,main!$A$3:$H$102,8,FALSE),main!$K$26:$M$29,2,FALSE)+VLOOKUP(VLOOKUP(D$1,main!$A$3:$H$102,7,FALSE),main!$K$19:$O$22,MATCH(VLOOKUP($A12,main!$A$3:$H$102,8,FALSE),main!$K$18:$O$18,0))))),1,0) -> 0 | E12: =IF((AND(VLOOKUP(E$1,main!$A$3:$H$102,5,FALSE)-VLOOKUP($A12,main!$A$3:$H$102,6,FALSE)>=(VLOOKUP(VLOOKUP(E$1,main!$A$3:$H$102,8,FALSE),main!$K$26:$M$29,2,FALSE)+VLOOKUP(VLOOKUP(E$1,main!$A$3:$H$102,7,FALSE),main!$K$19:$O$22,MATCH(VLOOKUP($A12,main!$A$3:$H$102,8,FALSE),main!$K$18:$O$18,0))))),1,0) -> 0 | F12: =IF((AND(VLOOKUP(F$1,main!$A$3:$H$102,5,FALSE)-VLOOKUP($A12,main!$A$3:$H$102,6,FALSE)>=(VLOOKUP(VLOOKUP(F$1,main!$A$3:$H$102,8,FALSE),main!$K$26:$M$29,2,FALSE)+VLOOKUP(VLOOKUP(F$1,main!$A$3:$H$102,7,FALSE),main!$K$19:$O$22,MATCH(VLOOKUP($A12,main!$A$3:$H$102,8,FALSE),main!$K$18:$O$18,0))))),1,0) -> 0 | G12: =IF((AND(VLOOKUP(G$1,main!$A$3:$H$102,5,FALSE)-VLOOKUP($A12,main!$A$3:$H$102,6,FALSE)>=(VLOOKUP(VLOOKUP(G$1,main!$A$3:$H$102,8,FALSE),main!$K$26:$M$29,2,FALSE)+VLOOKUP(VLOOKUP(G$1,main!$A$3:$H$102,7,FALSE),main!$K$19:$O$22,MATCH(VLOOKUP($A12,main!$A$3:$H$102,8,FALSE),main!$K$18:$O$18,0))))),1,0) -> 0 | H12: =IF((AND(VLOOKUP(H$1,main!$A$3:$H$102,5,FALSE)-VLOOKUP($A12,main!$A$3:$H$102,6,FALSE)>=(VLOOKUP(VLOOKUP(H$1,main!$A$3:$H$102,8,FALSE),main!$K$26:$M$29,2,FALSE)+VLOOKUP(VLOOKUP(H$1,main!$A$3:$H$102,7,FALSE),main!$K$19:$O$22,MATCH(VLOOKUP($A12,main!$A$3:$H$102,8,FALSE),main!$K$18:$O$18,0))))),1,0) -> 0 | I12: =IF((AND(VLOOKUP(I$1,main!$A$3:$H$102,5,FALSE)-VLOOKUP($A12,main!$A$3:$H$102,6,FALSE)>=(VLOOKUP(VLOOKUP(I$1,main!$A$3:$H$102,8,FALSE),main!$K$26:$M$29,2,FALSE)+VLOOKUP(VLOOKUP(I$1,main!$A$3:$H$102,7,FALSE),main!$K$19:$O$22,MATCH(VLOOKUP($A12,main!$A$3:$H$102,8,FALSE),main!$K$18:$O$18,0))))),1,0) -> 0 | J12: =IF((AND(VLOOKUP(J$1,main!$A$3:$H$102,5,FALSE)-VLOOKUP($A12,main!$A$3:$H$102,6,FALSE)>=(VLOOKUP(VLOOKUP(J$1,main!$A$3:$H$102,8,FALSE),main!$K$26:$M$29,2,FALSE)+VLOOKUP(VLOOKUP(J$1,main!$A$3:$H$102,7,FALSE),main!$K$19:$O$22,MATCH(VLOOKUP($A12,main!$A$3:$H$102,8,FALSE),main!$K$18:$O$18,0))))),1,0) -> 0 | ... CX12: =IF((AND(VLOOKUP(CX$1,main!$A$3:$H$102,5,FALSE)-VLOOKUP($A12,main!$A$3:$H$102,6,FALSE)>=(VLOOKUP(VLOOKUP(CX$1,main!$A$3:$H$102,8,FALSE),main!$K$26:$M$29,2,FALSE)+VLOOKUP(VLOOKUP(CX$1,main!$A$3:$H$102,7,FALSE),main!$K$19:$O$22,MATCH(VLOOKUP($A12,main!$A$3:$H$102,8,FALSE),main!$K$18:$O$18,0))))),1,0) -> 0
A13: 11 | B13: 1 | C13: =IF((AND(VLOOKUP(C$1,main!$A$3:$H$102,5,FALSE)-VLOOKUP($A13,main!$A$3:$H$102,6,FALSE)>=(VLOOKUP(VLOOKUP(C$1,main!$A$3:$H$102,8,FALSE),main!$K$26:$M$29,2,FALSE)+VLOOKUP(VLOOKUP(C$1,main!$A$3:$H$102,7,FALSE),main!$K$19:$O$22,MATCH(VLOOKUP($A13,main!$A$3:$H$102,8,FALSE),main!$K$18:$O$18,0))))),1,0) -> 0 | D13: =IF((AND(VLOOKUP(D$1,main!$A$3:$H$102,5,FALSE)-VLOOKUP($A13,main!$A$3:$H$102,6,FALSE)>=(VLOOKUP(VLOOKUP(D$1,main!$A$3:$H$102,8,FALSE),main!$K$26:$M$29,2,FALSE)+VLOOKUP(VLOOKUP(D$1,main!$A$3:$H$102,7,FALSE),main!$K$19:$O$22,MATCH(VLOOKUP($A13,main!$A$3:$H$102,8,FALSE),main!$K$18:$O$18,0))))),1,0) -> 0 | E13: =IF((AND(VLOOKUP(E$1,main!$A$3:$H$102,5,FALSE)-VLOOKUP($A13,main!$A$3:$H$102,6,FALSE)>=(VLOOKUP(VLOOKUP(E$1,main!$A$3:$H$102,8,FALSE),main!$K$26:$M$29,2,FALSE)+VLOOKUP(VLOOKUP(E$1,main!$A$3:$H$102,7,FALSE),main!$K$19:$O$22,MATCH(VLOOKUP($A13,main!$A$3:$H$102,8,FALSE),main!$K$18:$O$18,0))))),1,0) -> 0 | F13: =IF((AND(VLOOKUP(F$1,main!$A$3:$H$102,5,FALSE)-VLOOKUP($A13,main!$A$3:$H$102,6,FALSE)>=(VLOOKUP(VLOOKUP(F$1,main!$A$3:$H$102,8,FALSE),main!$K$26:$M$29,2,FALSE)+VLOOKUP(VLOOKUP(F$1,main!$A$3:$H$102,7,FALSE),main!$K$19:$O$22,MATCH(VLOOKUP($A13,main!$A$3:$H$102,8,FALSE),main!$K$18:$O$18,0))))),1,0) -> 1 | G13: =IF((AND(VLOOKUP(G$1,main!$A$3:$H$102,5,FALSE)-VLOOKUP($A13,main!$A$3:$H$102,6,FALSE)>=(VLOOKUP(VLOOKUP(G$1,main!$A$3:$H$102,8,FALSE),main!$K$26:$M$29,2,FALSE)+VLOOKUP(VLOOKUP(G$1,main!$A$3:$H$102,7,FALSE),main!$K$19:$O$22,MATCH(VLOOKUP($A13,main!$A$3:$H$102,8,FALSE),main!$K$18:$O$18,0))))),1,0) -> 1 | H13: =IF((AND(VLOOKUP(H$1,main!$A$3:$H$102,5,FALSE)-VLOOKUP($A13,main!$A$3:$H$102,6,FALSE)>=(VLOOKUP(VLOOKUP(H$1,main!$A$3:$H$102,8,FALSE),main!$K$26:$M$29,2,FALSE)+VLOOKUP(VLOOKUP(H$1,main!$A$3:$H$102,7,FALSE),main!$K$19:$O$22,MATCH(VLOOKUP($A13,main!$A$3:$H$102,8,FALSE),main!$K$18:$O$18,0))))),1,0) -> 1 | I13: =IF((AND(VLOOKUP(I$1,main!$A$3:$H$102,5,FALSE)-VLOOKUP($A13,main!$A$3:$H$102,6,FALSE)>=(VLOOKUP(VLOOKUP(I$1,main!$A$3:$H$102,8,FALSE),main!$K$26:$M$29,2,FALSE)+VLOOKUP(VLOOKUP(I$1,main!$A$3:$H$102,7,FALSE),main!$K$19:$O$22,MATCH(VLOOKUP($A13,main!$A$3:$H$102,8,FALSE),main!$K$18:$O$18,0))))),1,0) -> 1 | J13: =IF((AND(VLOOKUP(J$1,main!$A$3:$H$102,5,FALSE)-VLOOKUP($A13,main!$A$3:$H$102,6,FALSE)>=(VLOOKUP(VLOOKUP(J$1,main!$A$3:$H$102,8,FALSE),main!$K$26:$M$29,2,FALSE)+VLOOKUP(VLOOKUP(J$1,main!$A$3:$H$102,7,FALSE),main!$K$19:$O$22,MATCH(VLOOKUP($A13,main!$A$3:$H$102,8,FALSE),main!$K$18:$O$18,0))))),1,0) -> 1 | ... CX13: =IF((AND(VLOOKUP(CX$1,main!$A$3:$H$102,5,FALSE)-VLOOKUP($A13,main!$A$3:$H$102,6,FALSE)>=(VLOOKUP(VLOOKUP(CX$1,main!$A$3:$H$102,8,FALSE),main!$K$26:$M$29,2,FALSE)+VLOOKUP(VLOOKUP(CX$1,main!$A$3:$H$102,7,FALSE),main!$K$19:$O$22,MATCH(VLOOKUP($A13,main!$A$3:$H$102,8,FALSE),main!$K$18:$O$18,0))))),1,0) -> 1
A14: 12 | B14: 1 | C14: =IF((AND(VLOOKUP(C$1,main!$A$3:$H$102,5,FALSE)-VLOOKUP($A14,main!$A$3:$H$102,6,FALSE)>=(VLOOKUP(VLOOKUP(C$1,main!$A$3:$H$102,8,FALSE),main!$K$26:$M$29,2,FALSE)+VLOOKUP(VLOOKUP(C$1,main!$A$3:$H$102,7,FALSE),main!$K$19:$O$22,MATCH(VLOOKUP($A14,main!$A$3:$H$102,8,FALSE),main!$K$18:$O$18,0))))),1,0) -> 0 | D14: =IF((AND(VLOOKUP(D$1,main!$A$3:$H$102,5,FALSE)-VLOOKUP($A14,main!$A$3:$H$102,6,FALSE)>=(VLOOKUP(VLOOKUP(D$1,main!$A$3:$H$102,8,FALSE),main!$K$26:$M$29,2,FALSE)+VLOOKUP(VLOOKUP(D$1,main!$A$3:$H$102,7,FALSE),main!$K$19:$O$22,MATCH(VLOOKUP($A14,main!$A$3:$H$102,8,FALSE),main!$K$18:$O$18,0))))),1,0) -> 0 | E14: =IF((AND(VLOOKUP(E$1,main!$A$3:$H$102,5,FALSE)-VLOOKUP($A14,main!$A$3:$H$102,6,FALSE)>=(VLOOKUP(VLOOKUP(E$1,main!$A$3:$H$102,8,FALSE),main!$K$26:$M$29,2,FALSE)+VLOOKUP(VLOOKUP(E$1,main!$A$3:$H$102,7,FALSE),main!$K$19:$O$22,MATCH(VLOOKUP($A14,main!$A$3:$H$102,8,FALSE),main!$K$18:$O$18,0))))),1,0) -> 0 | F14: =IF((AND(VLOOKUP(F$1,main!$A$3:$H$102,5,FALSE)-VLOOKUP($A14,main!$A$3:$H$102,6,FALSE)>=(VLOOKUP(VLOOKUP(F$1,main!$A$3:$H$102,8,FALSE),main!$K$26:$M$29,2,FALSE)+VLOOKUP(VLOOKUP(F$1,main!$A$3:$H$102,7,FALSE),main!$K$19:$O$22,MATCH(VLOOKUP($A14,main!$A$3:$H$102,8,FALSE),main!$K$18:$O$18,0))))),1,0) -> 0 | G14: =IF((AND(VLOOKUP(G$1,main!$A$3:$H$102,5,FALSE)-VLOOKUP($A14,main!$A$3:$H$102,6,FALSE)>=(VLOOKUP(VLOOKUP(G$1,main!$A$3:$H$102,8,FALSE),main!$K$26:$M$29,2,FALSE)+VLOOKUP(VLOOKUP(G$1,main!$A$3:$H$102,7,FALSE),main!$K$19:$O$22,MATCH(VLOOKUP($A14,main!$A$3:$H$102,8,FALSE),main!$K$18:$O$18,0))))),1,0) -> 1 | H14: =IF((AND(VLOOKUP(H$1,main!$A$3:$H$102,5,FALSE)-VLOOKUP($A14,main!$A$3:$H$102,6,FALSE)>=(VLOOKUP(VLOOKUP(H$1,main!$A$3:$H$102,8,FALSE),main!$K$26:$M$29,2,FALSE)+VLOOKUP(VLOOKUP(H$1,main!$A$3:$H$102,7,FALSE),main!$K$19:$O$22,MATCH(VLOOKUP($A14,main!$A$3:$H$102,8,FALSE),main!$K$18:$O$18,0))))),1,0) -> 1 | I14: =IF((AND(VLOOKUP(I$1,main!$A$3:$H$102,5,FALSE)-VLOOKUP($A14,main!$A$3:$H$102,6,FALSE)>=(VLOOKUP(VLOOKUP(I$1,main!$A$3:$H$102,8,FALSE),main!$K$26:$M$29,2,FALSE)+VLOOKUP(VLOOKUP(I$1,main!$A$3:$H$102,7,FALSE),main!$K$19:$O$22,MATCH(VLOOKUP($A14,main!$A$3:$H$102,8,FALSE),main!$K$18:$O$18,0))))),1,0) -> 1 | J14: =IF((AND(VLOOKUP(J$1,main!$A$3:$H$102,5,FALSE)-VLOOKUP($A14,main!$A$3:$H$102,6,FALSE)>=(VLOOKUP(VLOOKUP(J$1,main!$A$3:$H$102,8,FALSE),main!$K$26:$M$29,2,FALSE)+VLOOKUP(VLOOKUP(J$1,main!$A$3:$H$102,7,FALSE),main!$K$19:$O$22,MATCH(VLOOKUP($A14,main!$A$3:$H$102,8,FALSE),main!$K$18:$O$18,0))))),1,0) -> 1 | ... CX14: =IF((AND(VLOOKUP(CX$1,main!$A$3:$H$102,5,FALSE)-VLOOKUP($A14,main!$A$3:$H$102,6,FALSE)>=(VLOOKUP(VLOOKUP(CX$1,main!$A$3:$H$102,8,FALSE),main!$K$26:$M$29,2,FALSE)+VLOOKUP(VLOOKUP(CX$1,main!$A$3:$H$102,7,FALSE),main!$K$19:$O$22,MATCH(VLOOKUP($A14,main!$A$3:$H$102,8,FALSE),main!$K$18:$O$18,0))))),1,0) -> 1
... A102: 100 | B102: 1 | C102: =IF((AND(VLOOKUP(C$1,main!$A$3:$H$102,5,FALSE)-VLOOKUP($A102,main!$A$3:$H$102,6,FALSE)>=(VLOOKUP(VLOOKUP(C$1,main!$A$3:$H$102,8,FALSE),main!$K$26:$M$29,2,FALSE)+VLOOKUP(VLOOKUP(C$1,main!$A$3:$H$102,7,FALSE),main!$K$19:$O$22,MATCH(VLOOKUP($A102,main!$A$3:$H$102,8,FALSE),main!$K$18:$O$18,0))))),1,0) -> 0 | D102: =IF((AND(VLOOKUP(D$1,main!$A$3:$H$102,5,FALSE)-VLOOKUP($A102,main!$A$3:$H$102,6,FALSE)>=(VLOOKUP(VLOOKUP(D$1,main!$A$3:$H$102,8,FALSE),main!$K$26:$M$29,2,FALSE)+VLOOKUP(VLOOKUP(D$1,main!$A$3:$H$102,7,FALSE),main!$K$19:$O$22,MATCH(VLOOKUP($A102,main!$A$3:$H$102,8,FALSE),main!$K$18:$O$18,0))))),1,0) -> 0 | E102: =IF((AND(VLOOKUP(E$1,main!$A$3:$H$102,5,FALSE)-VLOOKUP($A102,main!$A$3:$H$102,6,FALSE)>=(VLOOKUP(VLOOKUP(E$1,main!$A$3:$H$102,8,FALSE),main!$K$26:$M$29,2,FALSE)+VLOOKUP(VLOOKUP(E$1,main!$A$3:$H$102,7,FALSE),main!$K$19:$O$22,MATCH(VLOOKUP($A102,main!$A$3:$H$102,8,FALSE),main!$K$18:$O$18,0))))),1,0) -> 0 | F102: =IF((AND(VLOOKUP(F$1,main!$A$3:$H$102,5,FALSE)-VLOOKUP($A102,main!$A$3:$H$102,6,FALSE)>=(VLOOKUP(VLOOKUP(F$1,main!$A$3:$H$102,8,FALSE),main!$K$26:$M$29,2,FALSE)+VLOOKUP(VLOOKUP(F$1,main!$A$3:$H$102,7,FALSE),main!$K$19:$O$22,MATCH(VLOOKUP($A102,main!$A$3:$H$102,8,FALSE),main!$K$18:$O$18,0))))),1,0) -> 0 | G102: =IF((AND(VLOOKUP(G$1,main!$A$3:$H$102,5,FALSE)-VLOOKUP($A102,main!$A$3:$H$102,6,FALSE)>=(VLOOKUP(VLOOKUP(G$1,main!$A$3:$H$102,8,FALSE),main!$K$26:$M$29,2,FALSE)+VLOOKUP(VLOOKUP(G$1,main!$A$3:$H$102,7,FALSE),main!$K$19:$O$22,MATCH(VLOOKUP($A102,main!$A$3:$H$102,8,FALSE),main!$K$18:$O$18,0))))),1,0) -> 0 | H102: =IF((AND(VLOOKUP(H$1,main!$A$3:$H$102,5,FALSE)-VLOOKUP($A102,main!$A$3:$H$102,6,FALSE)>=(VLOOKUP(VLOOKUP(H$1,main!$A$3:$H$102,8,FALSE),main!$K$26:$M$29,2,FALSE)+VLOOKUP(VLOOKUP(H$1,main!$A$3:$H$102,7,FALSE),main!$K$19:$O$22,MATCH(VLOOKUP($A102,main!$A$3:$H$102,8,FALSE),main!$K$18:$O$18,0))))),1,0) -> 0 | I102: =IF((AND(VLOOKUP(I$1,main!$A$3:$H$102,5,FALSE)-VLOOKUP($A102,main!$A$3:$H$102,6,FALSE)>=(VLOOKUP(VLOOKUP(I$1,main!$A$3:$H$102,8,FALSE),main!$K$26:$M$29,2,FALSE)+VLOOKUP(VLOOKUP(I$1,main!$A$3:$H$102,7,FALSE),main!$K$19:$O$22,MATCH(VLOOKUP($A102,main!$A$3:$H$102,8,FALSE),main!$K$18:$O$18,0))))),1,0) -> 0 | J102: =IF((AND(VLOOKUP(J$1,main!$A$3:$H$102,5,FALSE)-VLOOKUP($A102,main!$A$3:$H$102,6,FALSE)>=(VLOOKUP(VLOOKUP(J$1,main!$A$3:$H$102,8,FALSE),main!$K$26:$M$29,2,FALSE)+VLOOKUP(VLOOKUP(J$1,main!$A$3:$H$102,7,FALSE),main!$K$19:$O$22,MATCH(VLOOKUP($A102,main!$A$3:$H$102,8,FALSE),main!$K$18:$O$18,0))))),1,0) -> 0 | ... CX102: =IF((AND(VLOOKUP(CX$1,main!$A$3:$H$102,5,FALSE)-VLOOKUP($A102,main!$A$3:$H$102,6,FALSE)>=(VLOOKUP(VLOOKUP(CX$1,main!$A$3:$H$102,8,FALSE),main!$K$26:$M$29,2,FALSE)+VLOOKUP(VLOOKUP(CX$1,main!$A$3:$H$102,7,FALSE),main!$K$19:$O$22,MATCH(VLOOKUP($A102,main!$A$3:$H$102,8,FALSE),main!$K$18:$O$18,0))))),1,0) -> 0

Sheet delta
B1: 0 | C1: 1 | D1: 2 | E1: 3 | F1: 4 | G1: 5 | H1: 6 | I1: 7 | J1: 8 | K1: 9 | L1: 10 | M1: 11 | N1: 12 | O1: 13 | P1: 14 | Q1: 15 | R1: 16 | S1: 17 | T1: 18 | U1: 19 | V1: 20 | W1: 21 | X1: 22 | Y1: 23 | Z1: 24 | AA1: 25 | AB1: 26 | AC1: 27 | AD1: 28 | AE1: 29 | AF1: 30 | AG1: 31 | AH1: 32 | AI1: 33 | AJ1: 34 | AK1: 35 | AL1: 36 | AM1: 37 | AN1: 38 | AO1: 39 | AP1: 40 | AQ1: 41 | AR1: 42 | AS1: 43 | AT1: 44 | AU1: 45 | AV1: 46 | AW1: 47 | AX1: 48 | AY1: 49 | AZ1: 50 | BA1: 51 | BB1: 52 | BC1: 53 | BD1: 54 | BE1: 55 | BF1: 56 | BG1: 57 | BH1: 58 | BI1: 59 | BJ1: 60 | BK1: 61 | BL1: 62 | BM1: 63 | BN1: 64 | BO1: 65 | BP1: 66 | BQ1: 67 | BR1: 68 | BS1: 69 | BT1: 70 | BU1: 71 | BV1: 72 | BW1: 73 | BX1: 74 | BY1: 75 | BZ1: 76 | CA1: 77 | CB1: 78 | CC1: 79 | CD1: 80 | CE1: 81 | CF1: 82 | CG1: 83 | CH1: 84 | CI1: 85 | CJ1: 86 | CK1: 87 | CL1: 88 | CM1: 89 | CN1: 90 | CO1: 91 | CP1: 92 | CQ1: 93 | CR1: 94 | CS1: 95 | CT1: 96 | CU1: 97 | CV1: 98 | CW1: 99 | CX1: 100 | CY1: 101 | CZ1: 102 | DA1: 103
A2: 0 | B2: 0 | C2: 0 | D2: 0 | E2: 0 | F2: 0 | G2: 0 | H2: 0 | I2: 0 | J2: 0 | K2: 0 | L2: 0 | M2: 0 | N2: 0 | O2: 0 | P2: 0 | Q2: 0 | R2: 0 | S2: 0 | T2: 0 | U2: 0 | V2: 0 | W2: 0 | X2: 0 | Y2: 0 | Z2: 0 | AA2: 0 | AB2: 0 | AC2: 0 | AD2: 0 | AE2: 0 | AF2: 0 | AG2: 0 | AH2: 0 | AI2: 0 | AJ2: 0 | AK2: 0 | AL2: 0 | AM2: 0 | AN2: 0 | AO2: 0 | AP2: 0 | AQ2: 0 | AR2: 0 | AS2: 0 | AT2: 0 | AU2: 0 | AV2: 0 | AW2: 0 | AX2: 0 | AY2: 0 | AZ2: 0 | BA2: 0 | BB2: 0 | BC2: 0 | BD2: 0 | BE2: 0 | BF2: 0 | BG2: 0 | BH2: 0 | BI2: 0 | BJ2: 0 | BK2: 0 | BL2: 0 | BM2: 0 | BN2: 0 | BO2: 0 | BP2: 0 | BQ2: 0 | BR2: 0 | BS2: 0 | BT2: 0 | BU2: 0 | BV2: 0 | BW2: 0 | BX2: 0 | BY2: 0 | BZ2: 0 | CA2: 0 | CB2: 0 | CC2: 0 | CD2: 0 | CE2: 0 | CF2: 0 | CG2: 0 | CH2: 0 | CI2: 0 | CJ2: 0 | CK2: 0 | CL2: 0 | CM2: 0 | CN2: 0 | CO2: 0 | CP2: 0 | CQ2: 0 | CR2: 0 | CS2: 0 | CT2: 0 | CU2: 0 | CV2: 0 | CW2: 0 | CX2: 0 | CY2: 0 | CZ2: 0 | DA2: 0
A3: 1 | B3: 0 | C3: =IF((gamma!C3),IF(VLOOKUP(C$1,main!$A$3:$H$102,7,FALSE)=VLOOKUP($A3,main!$A$3:$H$102,8,FALSE),VLOOKUP(C$1,main!$A$3:$H$102,4,FALSE),VLOOKUP(C$1,main!$A$3:$H$102,4,FALSE)+VLOOKUP($A3,main!$A$3:$H$102,4,FALSE)+(VLOOKUP(VLOOKUP(C$1,main!$A$3:$H$102,8,FALSE),main!$K$19:$O$22,MATCH(VLOOKUP($A3,main!$A$3:$H$102,7,FALSE),main!$K$18:$O$18,0),0))),0) -> 0 | D3: =IF((gamma!D3),IF(VLOOKUP(D$1,main!$A$3:$H$102,7,FALSE)=VLOOKUP($A3,main!$A$3:$H$102,8,FALSE),VLOOKUP(D$1,main!$A$3:$H$102,4,FALSE),VLOOKUP(D$1,main!$A$3:$H$102,4,FALSE)+VLOOKUP($A3,main!$A$3:$H$102,4,FALSE)+(VLOOKUP(VLOOKUP(D$1,main!$A$3:$H$102,8,FALSE),main!$K$19:$O$22,MATCH(VLOOKUP($A3,main!$A$3:$H$102,7,FALSE),main!$K$18:$O$18,0),0))),0) -> 0 | E3: =IF((gamma!E3),IF(VLOOKUP(E$1,main!$A$3:$H$102,7,FALSE)=VLOOKUP($A3,main!$A$3:$H$102,8,FALSE),VLOOKUP(E$1,main!$A$3:$H$102,4,FALSE),VLOOKUP(E$1,main!$A$3:$H$102,4,FALSE)+VLOOKUP($A3,main!$A$3:$H$102,4,FALSE)+(VLOOKUP(VLOOKUP(E$1,main!$A$3:$H$102,8,FALSE),main!$K$19:$O$22,MATCH(VLOOKUP($A3,main!$A$3:$H$102,7,FALSE),main!$K$18:$O$18,0),0))),0) -> 295 | F3: =IF((gamma!F3),IF(VLOOKUP(F$1,main!$A$3:$H$102,7,FALSE)=VLOOKUP($A3,main!$A$3:$H$102,8,FALSE),VLOOKUP(F$1,main!$A$3:$H$102,4,FALSE),VLOOKUP(F$1,main!$A$3:$H$102,4,FALSE)+VLOOKUP($A3,main!$A$3:$H$102,4,FALSE)+(VLOOKUP(VLOOKUP(F$1,main!$A$3:$H$102,8,FALSE),main!$K$19:$O$22,MATCH(VLOOKUP($A3,main!$A$3:$H$102,7,FALSE),main!$K$18:$O$18,0),0))),0) -> 295 | G3: =IF((gamma!G3),IF(VLOOKUP(G$1,main!$A$3:$H$102,7,FALSE)=VLOOKUP($A3,main!$A$3:$H$102,8,FALSE),VLOOKUP(G$1,main!$A$3:$H$102,4,FALSE),VLOOKUP(G$1,main!$A$3:$H$102,4,FALSE)+VLOOKUP($A3,main!$A$3:$H$102,4,FALSE)+(VLOOKUP(VLOOKUP(G$1,main!$A$3:$H$102,8,FALSE),main!$K$19:$O$22,MATCH(VLOOKUP($A3,main!$A$3:$H$102,7,FALSE),main!$K$18:$O$18,0),0))),0) -> 295 | H3: =IF((gamma!H3),IF(VLOOKUP(H$1,main!$A$3:$H$102,7,FALSE)=VLOOKUP($A3,main!$A$3:$H$102,8,FALSE),VLOOKUP(H$1,main!$A$3:$H$102,4,FALSE),VLOOKUP(H$1,main!$A$3:$H$102,4,FALSE)+VLOOKUP($A3,main!$A$3:$H$102,4,FALSE)+(VLOOKUP(VLOOKUP(H$1,main!$A$3:$H$102,8,FALSE),main!$K$19:$O$22,MATCH(VLOOKUP($A3,main!$A$3:$H$102,7,FALSE),main!$K$18:$O$18,0),0))),0) -> 295 | I3: =IF((gamma!I3),IF(VLOOKUP(I$1,main!$A$3:$H$102,7,FALSE)=VLOOKUP($A3,main!$A$3:$H$102,8,FALSE),VLOOKUP(I$1,main!$A$3:$H$102,4,FALSE),VLOOKUP(I$1,main!$A$3:$H$102,4,FALSE)+VLOOKUP($A3,main!$A$3:$H$102,4,FALSE)+(VLOOKUP(VLOOKUP(I$1,main!$A$3:$H$102,8,FALSE),main!$K$19:$O$22,MATCH(VLOOKUP($A3,main!$A$3:$H$102,7,FALSE),main!$K$18:$O$18,0),0))),0) -> 295 | J3: =IF((gamma!J3),IF(VLOOKUP(J$1,main!$A$3:$H$102,7,FALSE)=VLOOKUP($A3,main!$A$3:$H$102,8,FALSE),VLOOKUP(J$1,main!$A$3:$H$102,4,FALSE),VLOOKUP(J$1,main!$A$3:$H$102,4,FALSE)+VLOOKUP($A3,main!$A$3:$H$102,4,FALSE)+(VLOOKUP(VLOOKUP(J$1,main!$A$3:$H$102,8,FALSE),main!$K$19:$O$22,MATCH(VLOOKUP($A3,main!$A$3:$H$102,7,FALSE),main!$K$18:$O$18,0),0))),0) -> 295 | ... CX3: =IF((gamma!CX3),IF(VLOOKUP(CX$1,main!$A$3:$H$102,7,FALSE)=VLOOKUP($A3,main!$A$3:$H$102,8,FALSE),VLOOKUP(CX$1,main!$A$3:$H$102,4,FALSE),VLOOKUP(CX$1,main!$A$3:$H$102,4,FALSE)+VLOOKUP($A3,main!$A$3:$H$102,4,FALSE)+(VLOOKUP(VLOOKUP(CX$1,main!$A$3:$H$102,8,FALSE),main!$K$19:$O$22,MATCH(VLOOKUP($A3,main!$A$3:$H$102,7,FALSE),main!$K$18:$O$18,0),0))),0) -> 250 | CY3: 0 | CZ3: 0 | DA3: 0
A4: 2 | B4: 0 | C4: =IF((gamma!C4),IF(VLOOKUP(C$1,main!$A$3:$H$102,7,FALSE)=VLOOKUP($A4,main!$A$3:$H$102,8,FALSE),VLOOKUP(C$1,main!$A$3:$H$102,4,FALSE),VLOOKUP(C$1,main!$A$3:$H$102,4,FALSE)+VLOOKUP($A4,main!$A$3:$H$102,4,FALSE)+(VLOOKUP(VLOOKUP(C$1,main!$A$3:$H$102,8,FALSE),main!$K$19:$O$22,MATCH(VLOOKUP($A4,main!$A$3:$H$102,7,FALSE),main!$K$18:$O$18,0),0))),0) -> 0 | D4: =IF((gamma!D4),IF(VLOOKUP(D$1,main!$A$3:$H$102,7,FALSE)=VLOOKUP($A4,main!$A$3:$H$102,8,FALSE),VLOOKUP(D$1,main!$A$3:$H$102,4,FALSE),VLOOKUP(D$1,main!$A$3:$H$102,4,FALSE)+VLOOKUP($A4,main!$A$3:$H$102,4,FALSE)+(VLOOKUP(VLOOKUP(D$1,main!$A$3:$H$102,8,FALSE),main!$K$19:$O$22,MATCH(VLOOKUP($A4,main!$A$3:$H$102,7,FALSE),main!$K$18:$O$18,0),0))),0) -> 0 | E4: =IF((gamma!E4),IF(VLOOKUP(E$1,main!$A$3:$H$102,7,FALSE)=VLOOKUP($A4,main!$A$3:$H$102,8,FALSE),VLOOKUP(E$1,main!$A$3:$H$102,4,FALSE),VLOOKUP(E$1,main!$A$3:$H$102,4,FALSE)+VLOOKUP($A4,main!$A$3:$H$102,4,FALSE)+(VLOOKUP(VLOOKUP(E$1,main!$A$3:$H$102,8,FALSE),main!$K$19:$O$22,MATCH(VLOOKUP($A4,main!$A$3:$H$102,7,FALSE),main!$K$18:$O$18,0),0))),0) -> 0 | F4: =IF((gamma!F4),IF(VLOOKUP(F$1,main!$A$3:$H$102,7,FALSE)=VLOOKUP($A4,main!$A$3:$H$102,8,FALSE),VLOOKUP(F$1,main!$A$3:$H$102,4,FALSE),VLOOKUP(F$1,main!$A$3:$H$102,4,FALSE)+VLOOKUP($A4,main!$A$3:$H$102,4,FALSE)+(VLOOKUP(VLOOKUP(F$1,main!$A$3:$H$102,8,FALSE),main!$K$19:$O$22,MATCH(VLOOKUP($A4,main!$A$3:$H$102,7,FALSE),main!$K$18:$O$18,0),0))),0) -> 295 | G4: =IF((gamma!G4),IF(VLOOKUP(G$1,main!$A$3:$H$102,7,FALSE)=VLOOKUP($A4,main!$A$3:$H$102,8,FALSE),VLOOKUP(G$1,main!$A$3:$H$102,4,FALSE),VLOOKUP(G$1,main!$A$3:$H$102,4,FALSE)+VLOOKUP($A4,main!$A$3:$H$102,4,FALSE)+(VLOOKUP(VLOOKUP(G$1,main!$A$3:$H$102,8,FALSE),main!$K$19:$O$22,MATCH(VLOOKUP($A4,main!$A$3:$H$102,7,FALSE),main!$K$18:$O$18,0),0))),0) -> 295 | H4: =IF((gamma!H4),IF(VLOOKUP(H$1,main!$A$3:$H$102,7,FALSE)=VLOOKUP($A4,main!$A$3:$H$102,8,FALSE),VLOOKUP(H$1,main!$A$3:$H$102,4,FALSE),VLOOKUP(H$1,main!$A$3:$H$102,4,FALSE)+VLOOKUP($A4,main!$A$3:$H$102,4,FALSE)+(VLOOKUP(VLOOKUP(H$1,main!$A$3:$H$102,8,FALSE),main!$K$19:$O$22,MATCH(VLOOKUP($A4,main!$A$3:$H$102,7,FALSE),main!$K$18:$O$18,0),0))),0) -> 295 | I4: =IF((gamma!I4),IF(VLOOKUP(I$1,main!$A$3:$H$102,7,FALSE)=VLOOKUP($A4,main!$A$3:$H$102,8,FALSE),VLOOKUP(I$1,main!$A$3:$H$102,4,FALSE),VLOOKUP(I$1,main!$A$3:$H$102,4,FALSE)+VLOOKUP($A4,main!$A$3:$H$102,4,FALSE)+(VLOOKUP(VLOOKUP(I$1,main!$A$3:$H$102,8,FALSE),main!$K$19:$O$22,MATCH(VLOOKUP($A4,main!$A$3:$H$102,7,FALSE),main!$K$18:$O$18,0),0))),0) -> 295 | J4: =IF((gamma!J4),IF(VLOOKUP(J$1,main!$A$3:$H$102,7,FALSE)=VLOOKUP($A4,main!$A$3:$H$102,8,FALSE),VLOOKUP(J$1,main!$A$3:$H$102,4,FALSE),VLOOKUP(J$1,main!$A$3:$H$102,4,FALSE)+VLOOKUP($A4,main!$A$3:$H$102,4,FALSE)+(VLOOKUP(VLOOKUP(J$1,main!$A$3:$H$102,8,FALSE),main!$K$19:$O$22,MATCH(VLOOKUP($A4,main!$A$3:$H$102,7,FALSE),main!$K$18:$O$18,0),0))),0) -> 295 | ... CX4: =IF((gamma!CX4),IF(VLOOKUP(CX$1,main!$A$3:$H$102,7,FALSE)=VLOOKUP($A4,main!$A$3:$H$102,8,FALSE),VLOOKUP(CX$1,main!$A$3:$H$102,4,FALSE),VLOOKUP(CX$1,main!$A$3:$H$102,4,FALSE)+VLOOKUP($A4,main!$A$3:$H$102,4,FALSE)+(VLOOKUP(VLOOKUP(CX$1,main!$A$3:$H$102,8,FALSE),main!$K$19:$O$22,MATCH(VLOOKUP($A4,main!$A$3:$H$102,7,FALSE),main!$K$18:$O$18,0),0))),0) -> 250 | CY4: 0 | CZ4: 0 | DA4: 0
A5: 3 | B5: 0 | C5: =IF((gamma!C5),IF(VLOOKUP(C$1,main!$A$3:$H$102,7,FALSE)=VLOOKUP($A5,main!$A$3:$H$102,8,FALSE),VLOOKUP(C$1,main!$A$3:$H$102,4,FALSE),VLOOKUP(C$1,main!$A$3:$H$102,4,FALSE)+VLOOKUP($A5,main!$A$3:$H$102,4,FALSE)+(VLOOKUP(VLOOKUP(C$1,main!$A$3:$H$102,8,FALSE),main!$K$19:$O$22,MATCH(VLOOKUP($A5,main!$A$3:$H$102,7,FALSE),main!$K$18:$O$18,0),0))),0) -> 0 | D5: =IF((gamma!D5),IF(VLOOKUP(D$1,main!$A$3:$H$102,7,FALSE)=VLOOKUP($A5,main!$A$3:$H$102,8,FALSE),VLOOKUP(D$1,main!$A$3:$H$102,4,FALSE),VLOOKUP(D$1,main!$A$3:$H$102,4,FALSE)+VLOOKUP($A5,main!$A$3:$H$102,4,FALSE)+(VLOOKUP(VLOOKUP(D$1,main!$A$3:$H$102,8,FALSE),main!$K$19:$O$22,MATCH(VLOOKUP($A5,main!$A$3:$H$102,7,FALSE),main!$K$18:$O$18,0),0))),0) -> 0 | E5: =IF((gamma!E5),IF(VLOOKUP(E$1,main!$A$3:$H$102,7,FALSE)=VLOOKUP($A5,main!$A$3:$H$102,8,FALSE),VLOOKUP(E$1,main!$A$3:$H$102,4,FALSE),VLOOKUP(E$1,main!$A$3:$H$102,4,FALSE)+VLOOKUP($A5,main!$A$3:$H$102,4,FALSE)+(VLOOKUP(VLOOKUP(E$1,main!$A$3:$H$102,8,FALSE),main!$K$19:$O$22,MATCH(VLOOKUP($A5,main!$A$3:$H$102,7,FALSE),main!$K$18:$O$18,0),0))),0) -> 0 | F5: =IF((gamma!F5),IF(VLOOKUP(F$1,main!$A$3:$H$102,7,FALSE)=VLOOKUP($A5,main!$A$3:$H$102,8,FALSE),VLOOKUP(F$1,main!$A$3:$H$102,4,FALSE),VLOOKUP(F$1,main!$A$3:$H$102,4,FALSE)+VLOOKUP($A5,main!$A$3:$H$102,4,FALSE)+(VLOOKUP(VLOOKUP(F$1,main!$A$3:$H$102,8,FALSE),main!$K$19:$O$22,MATCH(VLOOKUP($A5,main!$A$3:$H$102,7,FALSE),main!$K$18:$O$18,0),0))),0) -> 0 | G5: =IF((gamma!G5),IF(VLOOKUP(G$1,main!$A$3:$H$102,7,FALSE)=VLOOKUP($A5,main!$A$3:$H$102,8,FALSE),VLOOKUP(G$1,main!$A$3:$H$102,4,FALSE),VLOOKUP(G$1,main!$A$3:$H$102,4,FALSE)+VLOOKUP($A5,main!$A$3:$H$102,4,FALSE)+(VLOOKUP(VLOOKUP(G$1,main!$A$3:$H$102,8,FALSE),main!$K$19:$O$22,MATCH(VLOOKUP($A5,main!$A$3:$H$102,7,FALSE),main!$K$18:$O$18,0),0))),0) -> 0 | H5: =IF((gamma!H5),IF(VLOOKUP(H$1,main!$A$3:$H$102,7,FALSE)=VLOOKUP($A5,main!$A$3:$H$102,8,FALSE),VLOOKUP(H$1,main!$A$3:$H$102,4,FALSE),VLOOKUP(H$1,main!$A$3:$H$102,4,FALSE)+VLOOKUP($A5,main!$A$3:$H$102,4,FALSE)+(VLOOKUP(VLOOKUP(H$1,main!$A$3:$H$102,8,FALSE),main!$K$19:$O$22,MATCH(VLOOKUP($A5,main!$A$3:$H$102,7,FALSE),main!$K$18:$O$18,0),0))),0) -> 295 | I5: =IF((gamma!I5),IF(VLOOKUP(I$1,main!$A$3:$H$102,7,FALSE)=VLOOKUP($A5,main!$A$3:$H$102,8,FALSE),VLOOKUP(I$1,main!$A$3:$H$102,4,FALSE),VLOOKUP(I$1,main!$A$3:$H$102,4,FALSE)+VLOOKUP($A5,main!$A$3:$H$102,4,FALSE)+(VLOOKUP(VLOOKUP(I$1,main!$A$3:$H$102,8,FALSE),main!$K$19:$O$22,MATCH(VLOOKUP($A5,main!$A$3:$H$102,7,FALSE),main!$K$18:$O$18,0),0))),0) -> 295 | J5: =IF((gamma!J5),IF(VLOOKUP(J$1,main!$A$3:$H$102,7,FALSE)=VLOOKUP($A5,main!$A$3:$H$102,8,FALSE),VLOOKUP(J$1,main!$A$3:$H$102,4,FALSE),VLOOKUP(J$1,main!$A$3:$H$102,4,FALSE)+VLOOKUP($A5,main!$A$3:$H$102,4,FALSE)+(VLOOKUP(VLOOKUP(J$1,main!$A$3:$H$102,8,FALSE),main!$K$19:$O$22,MATCH(VLOOKUP($A5,main!$A$3:$H$102,7,FALSE),main!$K$18:$O$18,0),0))),0) -> 295 | ... CX5: =IF((gamma!CX5),IF(VLOOKUP(CX$1,main!$A$3:$H$102,7,FALSE)=VLOOKUP($A5,main!$A$3:$H$102,8,FALSE),VLOOKUP(CX$1,main!$A$3:$H$102,4,FALSE),VLOOKUP(CX$1,main!$A$3:$H$102,4,FALSE)+VLOOKUP($A5,main!$A$3:$H$102,4,FALSE)+(VLOOKUP(VLOOKUP(CX$1,main!$A$3:$H$102,8,FALSE),main!$K$19:$O$22,MATCH(VLOOKUP($A5,main!$A$3:$H$102,7,FALSE),main!$K$18:$O$18,0),0))),0) -> 250 | CY5: 0 | CZ5: 0 | DA5: 0
A6: 4 | B6: 0 | C6: =IF((gamma!C6),IF(VLOOKUP(C$1,main!$A$3:$H$102,7,FALSE)=VLOOKUP($A6,main!$A$3:$H$102,8,FALSE),VLOOKUP(C$1,main!$A$3:$H$102,4,FALSE),VLOOKUP(C$1,main!$A$3:$H$102,4,FALSE)+VLOOKUP($A6,main!$A$3:$H$102,4,FALSE)+(VLOOKUP(VLOOKUP(C$1,main!$A$3:$H$102,8,FALSE),main!$K$19:$O$22,MATCH(VLOOKUP($A6,main!$A$3:$H$102,7,FALSE),main!$K$18:$O$18,0),0))),0) -> 0 | D6: =IF((gamma!D6),IF(VLOOKUP(D$1,main!$A$3:$H$102,7,FALSE)=VLOOKUP($A6,main!$A$3:$H$102,8,FALSE),VLOOKUP(D$1,main!$A$3:$H$102,4,FALSE),VLOOKUP(D$1,main!$A$3:$H$102,4,FALSE)+VLOOKUP($A6,main!$A$3:$H$102,4,FALSE)+(VLOOKUP(VLOOKUP(D$1,main!$A$3:$H$102,8,FALSE),main!$K$19:$O$22,MATCH(VLOOKUP($A6,main!$A$3:$H$102,7,FALSE),main!$K$18:$O$18,0),0))),0) -> 0 | E6: =IF((gamma!E6),IF(VLOOKUP(E$1,main!$A$3:$H$102,7,FALSE)=VLOOKUP($A6,main!$A$3:$H$102,8,FALSE),VLOOKUP(E$1,main!$A$3:$H$102,4,FALSE),VLOOKUP(E$1,main!$A$3:$H$102,4,FALSE)+VLOOKUP($A6,main!$A$3:$H$102,4,FALSE)+(VLOOKUP(VLOOKUP(E$1,main!$A$3:$H$102,8,FALSE),main!$K$19:$O$22,MATCH(VLOOKUP($A6,main!$A$3:$H$102,7,FALSE),main!$K$18:$O$18,0),0))),0) -> 0 | F6: =IF((gamma!F6),IF(VLOOKUP(F$1,main!$A$3:$H$102,7,FALSE)=VLOOKUP($A6,main!$A$3:$H$102,8,FALSE),VLOOKUP(F$1,main!$A$3:$H$102,4,FALSE),VLOOKUP(F$1,main!$A$3:$H$102,4,FALSE)+VLOOKUP($A6,main!$A$3:$H$102,4,FALSE)+(VLOOKUP(VLOOKUP(F$1,main!$A$3:$H$102,8,FALSE),main!$K$19:$O$22,MATCH(VLOOKUP($A6,main!$A$3:$H$102,7,FALSE),main!$K$18:$O$18,0),0))),0) -> 0 | G6: =IF((gamma!G6),IF(VLOOKUP(G$1,main!$A$3:$H$102,7,FALSE)=VLOOKUP($A6,main!$A$3:$H$102,8,FALSE),VLOOKUP(G$1,main!$A$3:$H$102,4,FALSE),VLOOKUP(G$1,main!$A$3:$H$102,4,FALSE)+VLOOKUP($A6,main!$A$3:$H$102,4,FALSE)+(VLOOKUP(VLOOKUP(G$1,main!$A$3:$H$102,8,FALSE),main!$K$19:$O$22,MATCH(VLOOKUP($A6,main!$A$3:$H$102,7,FALSE),main!$K$18:$O$18,0),0))),0) -> 0 | H6: =IF((gamma!H6),IF(VLOOKUP(H$1,main!$A$3:$H$102,7,FALSE)=VLOOKUP($A6,main!$A$3:$H$102,8,FALSE),VLOOKUP(H$1,main!$A$3:$H$102,4,FALSE),VLOOKUP(H$1,main!$A$3:$H$102,4,FALSE)+VLOOKUP($A6,main!$A$3:$H$102,4,FALSE)+(VLOOKUP(VLOOKUP(H$1,main!$A$3:$H$102,8,FALSE),main!$K$19:$O$22,MATCH(VLOOKUP($A6,main!$A$3:$H$102,7,FALSE),main!$K$18:$O$18,0),0))),0) -> 295 | I6: =IF((gamma!I6),IF(VLOOKUP(I$1,main!$A$3:$H$102,7,FALSE)=VLOOKUP($A6,main!$A$3:$H$102,8,FALSE),VLOOKUP(I$1,main!$A$3:$H$102,4,FALSE),VLOOKUP(I$1,main!$A$3:$H$102,4,FALSE)+VLOOKUP($A6,main!$A$3:$H$102,4,FALSE)+(VLOOKUP(VLOOKUP(I$1,main!$A$3:$H$102,8,FALSE),main!$K$19:$O$22,MATCH(VLOOKUP($A6,main!$A$3:$H$102,7,FALSE),main!$K$18:$O$18,0),0))),0) -> 295 | J6: =IF((gamma!J6),IF(VLOOKUP(J$1,main!$A$3:$H$102,7,FALSE)=VLOOKUP($A6,main!$A$3:$H$102,8,FALSE),VLOOKUP(J$1,main!$A$3:$H$102,4,FALSE),VLOOKUP(J$1,main!$A$3:$H$102,4,FALSE)+VLOOKUP($A6,main!$A$3:$H$102,4,FALSE)+(VLOOKUP(VLOOKUP(J$1,main!$A$3:$H$102,8,FALSE),main!$K$19:$O$22,MATCH(VLOOKUP($A6,main!$A$3:$H$102,7,FALSE),main!$K$18:$O$18,0),0))),0) -> 295 | ... CX6: =IF((gamma!CX6),IF(VLOOKUP(CX$1,main!$A$3:$H$102,7,FALSE)=VLOOKUP($A6,main!$A$3:$H$102,8,FALSE),VLOOKUP(CX$1,main!$A$3:$H$102,4,FALSE),VLOOKUP(CX$1,main!$A$3:$H$102,4,FALSE)+VLOOKUP($A6,main!$A$3:$H$102,4,FALSE)+(VLOOKUP(VLOOKUP(CX$1,main!$A$3:$H$102,8,FALSE),main!$K$19:$O$22,MATCH(VLOOKUP($A6,main!$A$3:$H$102,7,FALSE),main!$K$18:$O$18,0),0))),0) -> 250 | CY6: 0 | CZ6: 0 | DA6: 0
A7: 5 | B7: 0 | C7: =IF((gamma!C7),IF(VLOOKUP(C$1,main!$A$3:$H$102,7,FALSE)=VLOOKUP($A7,main!$A$3:$H$102,8,FALSE),VLOOKUP(C$1,main!$A$3:$H$102,4,FALSE),VLOOKUP(C$1,main!$A$3:$H$102,4,FALSE)+VLOOKUP($A7,main!$A$3:$H$102,4,FALSE)+(VLOOKUP(VLOOKUP(C$1,main!$A$3:$H$102,8,FALSE),main!$K$19:$O$22,MATCH(VLOOKUP($A7,main!$A$3:$H$102,7,FALSE),main!$K$18:$O$18,0),0))),0) -> 0 | D7: =IF((gamma!D7),IF(VLOOKUP(D$1,main!$A$3:$H$102,7,FALSE)=VLOOKUP($A7,main!$A$3:$H$102,8,FALSE),VLOOKUP(D$1,main!$A$3:$H$102,4,FALSE),VLOOKUP(D$1,main!$A$3:$H$102,4,FALSE)+VLOOKUP($A7,main!$A$3:$H$102,4,FALSE)+(VLOOKUP(VLOOKUP(D$1,main!$A$3:$H$102,8,FALSE),main!$K$19:$O$22,MATCH(VLOOKUP($A7,main!$A$3:$H$102,7,FALSE),main!$K$18:$O$18,0),0))),0) -> 0 | E7: =IF((gamma!E7),IF(VLOOKUP(E$1,main!$A$3:$H$102,7,FALSE)=VLOOKUP($A7,main!$A$3:$H$102,8,FALSE),VLOOKUP(E$1,main!$A$3:$H$102,4,FALSE),VLOOKUP(E$1,main!$A$3:$H$102,4,FALSE)+VLOOKUP($A7,main!$A$3:$H$102,4,FALSE)+(VLOOKUP(VLOOKUP(E$1,main!$A$3:$H$102,8,FALSE),main!$K$19:$O$22,MATCH(VLOOKUP($A7,main!$A$3:$H$102,7,FALSE),main!$K$18:$O$18,0),0))),0) -> 0 | F7: =IF((gamma!F7),IF(VLOOKUP(F$1,main!$A$3:$H$102,7,FALSE)=VLOOKUP($A7,main!$A$3:$H$102,8,FALSE),VLOOKUP(F$1,main!$A$3:$H$102,4,FALSE),VLOOKUP(F$1,main!$A$3:$H$102,4,FALSE)+VLOOKUP($A7,main!$A$3:$H$102,4,FALSE)+(VLOOKUP(VLOOKUP(F$1,main!$A$3:$H$102,8,FALSE),main!$K$19:$O$22,MATCH(VLOOKUP($A7,main!$A$3:$H$102,7,FALSE),main!$K$18:$O$18,0),0))),0) -> 0 | G7: =IF((gamma!G7),IF(VLOOKUP(G$1,main!$A$3:$H$102,7,FALSE)=VLOOKUP($A7,main!$A$3:$H$102,8,FALSE),VLOOKUP(G$1,main!$A$3:$H$102,4,FALSE),VLOOKUP(G$1,main!$A$3:$H$102,4,FALSE)+VLOOKUP($A7,main!$A$3:$H$102,4,FALSE)+(VLOOKUP(VLOOKUP(G$1,main!$A$3:$H$102,8,FALSE),main!$K$19:$O$22,MATCH(VLOOKUP($A7,main!$A$3:$H$102,7,FALSE),main!$K$18:$O$18,0),0))),0) -> 0 | H7: =IF((gamma!H7),IF(VLOOKUP(H$1,main!$A$3:$H$102,7,FALSE)=VLOOKUP($A7,main!$A$3:$H$102,8,FALSE),VLOOKUP(H$1,main!$A$3:$H$102,4,FALSE),VLOOKUP(H$1,main!$A$3:$H$102,4,FALSE)+VLOOKUP($A7,main!$A$3:$H$102,4,FALSE)+(VLOOKUP(VLOOKUP(H$1,main!$A$3:$H$102,8,FALSE),main!$K$19:$O$22,MATCH(VLOOKUP($A7,main!$A$3:$H$102,7,FALSE),main!$K$18:$O$18,0),0))),0) -> 0 | I7: =IF((gamma!I7),IF(VLOOKUP(I$1,main!$A$3:$H$102,7,FALSE)=VLOOKUP($A7,main!$A$3:$H$102,8,FALSE),VLOOKUP(I$1,main!$A$3:$H$102,4,FALSE),VLOOKUP(I$1,main!$A$3:$H$102,4,FALSE)+VLOOKUP($A7,main!$A$3:$H$102,4,FALSE)+(VLOOKUP(VLOOKUP(I$1,main!$A$3:$H$102,8,FALSE),main!$K$19:$O$22,MATCH(VLOOKUP($A7,main!$A$3:$H$102,7,FALSE),main!$K$18:$O$18,0),0))),0) -> 0 | J7: =IF((gamma!J7),IF(VLOOKUP(J$1,main!$A$3:$H$102,7,FALSE)=VLOOKUP($A7,main!$A$3:$H$102,8,FALSE),VLOOKUP(J$1,main!$A$3:$H$102,4,FALSE),VLOOKUP(J$1,main!$A$3:$H$102,4,FALSE)+VLOOKUP($A7,main!$A$3:$H$102,4,FALSE)+(VLOOKUP(VLOOKUP(J$1,main!$A$3:$H$102,8,FALSE),main!$K$19:$O$22,MATCH(VLOOKUP($A7,main!$A$3:$H$102,7,FALSE),main!$K$18:$O$18,0),0))),0) -> 295 | ... CX7: =IF((gamma!CX7),IF(VLOOKUP(CX$1,main!$A$3:$H$102,7,FALSE)=VLOOKUP($A7,main!$A$3:$H$102,8,FALSE),VLOOKUP(CX$1,main!$A$3:$H$102,4,FALSE),VLOOKUP(CX$1,main!$A$3:$H$102,4,FALSE)+VLOOKUP($A7,main!$A$3:$H$102,4,FALSE)+(VLOOKUP(VLOOKUP(CX$1,main!$A$3:$H$102,8,FALSE),main!$K$19:$O$22,MATCH(VLOOKUP($A7,main!$A$3:$H$102,7,FALSE),main!$K$18:$O$18,0),0))),0) -> 0 | CY7: 0 | CZ7: 0 | DA7: 0
A8: 6 | B8: 0 | C8: =IF((gamma!C8),IF(VLOOKUP(C$1,main!$A$3:$H$102,7,FALSE)=VLOOKUP($A8,main!$A$3:$H$102,8,FALSE),VLOOKUP(C$1,main!$A$3:$H$102,4,FALSE),VLOOKUP(C$1,main!$A$3:$H$102,4,FALSE)+VLOOKUP($A8,main!$A$3:$H$102,4,FALSE)+(VLOOKUP(VLOOKUP(C$1,main!$A$3:$H$102,8,FALSE),main!$K$19:$O$22,MATCH(VLOOKUP($A8,main!$A$3:$H$102,7,FALSE),main!$K$18:$O$18,0),0))),0) -> 0 | D8: =IF((gamma!D8),IF(VLOOKUP(D$1,main!$A$3:$H$102,7,FALSE)=VLOOKUP($A8,main!$A$3:$H$102,8,FALSE),VLOOKUP(D$1,main!$A$3:$H$102,4,FALSE),VLOOKUP(D$1,main!$A$3:$H$102,4,FALSE)+VLOOKUP($A8,main!$A$3:$H$102,4,FALSE)+(VLOOKUP(VLOOKUP(D$1,main!$A$3:$H$102,8,FALSE),main!$K$19:$O$22,MATCH(VLOOKUP($A8,main!$A$3:$H$102,7,FALSE),main!$K$18:$O$18,0),0))),0) -> 0 | E8: =IF((gamma!E8),IF(VLOOKUP(E$1,main!$A$3:$H$102,7,FALSE)=VLOOKUP($A8,main!$A$3:$H$102,8,FALSE),VLOOKUP(E$1,main!$A$3:$H$102,4,FALSE),VLOOKUP(E$1,main!$A$3:$H$102,4,FALSE)+VLOOKUP($A8,main!$A$3:$H$102,4,FALSE)+(VLOOKUP(VLOOKUP(E$1,main!$A$3:$H$102,8,FALSE),main!$K$19:$O$22,MATCH(VLOOKUP($A8,main!$A$3:$H$102,7,FALSE),main!$K$18:$O$18,0),0))),0) -> 0 | F8: =IF((gamma!F8),IF(VLOOKUP(F$1,main!$A$3:$H$102,7,FALSE)=VLOOKUP($A8,main!$A$3:$H$102,8,FALSE),VLOOKUP(F$1,main!$A$3:$H$102,4,FALSE),VLOOKUP(F$1,main!$A$3:$H$102,4,FALSE)+VLOOKUP($A8,main!$A$3:$H$102,4,FALSE)+(VLOOKUP(VLOOKUP(F$1,main!$A$3:$H$102,8,FALSE),main!$K$19:$O$22,MATCH(VLOOKUP($A8,main!$A$3:$H$102,7,FALSE),main!$K$18:$O$18,0),0))),0) -> 0 | G8: =IF((gamma!G8),IF(VLOOKUP(G$1,main!$A$3:$H$102,7,FALSE)=VLOOKUP($A8,main!$A$3:$H$102,8,FALSE),VLOOKUP(G$1,main!$A$3:$H$102,4,FALSE),VLOOKUP(G$1,main!$A$3:$H$102,4,FALSE)+VLOOKUP($A8,main!$A$3:$H$102,4,FALSE)+(VLOOKUP(VLOOKUP(G$1,main!$A$3:$H$102,8,FALSE),main!$K$19:$O$22,MATCH(VLOOKUP($A8,main!$A$3:$H$102,7,FALSE),main!$K$18:$O$18,0),0))),0) -> 0 | H8: =IF((gamma!H8),IF(VLOOKUP(H$1,main!$A$3:$H$102,7,FALSE)=VLOOKUP($A8,main!$A$3:$H$102,8,FALSE),VLOOKUP(H$1,main!$A$3:$H$102,4,FALSE),VLOOKUP(H$1,main!$A$3:$H$102,4,FALSE)+VLOOKUP($A8,main!$A$3:$H$102,4,FALSE)+(VLOOKUP(VLOOKUP(H$1,main!$A$3:$H$102,8,FALSE),main!$K$19:$O$22,MATCH(VLOOKUP($A8,main!$A$3:$H$102,7,FALSE),main!$K$18:$O$18,0),0))),0) -> 0 | I8: =IF((gamma!I8),IF(VLOOKUP(I$1,main!$A$3:$H$102,7,FALSE)=VLOOKUP($A8,main!$A$3:$H$102,8,FALSE),VLOOKUP(I$1,main!$A$3:$H$102,4,FALSE),VLOOKUP(I$1,main!$A$3:$H$102,4,FALSE)+VLOOKUP($A8,main!$A$3:$H$102,4,FALSE)+(VLOOKUP(VLOOKUP(I$1,main!$A$3:$H$102,8,FALSE),main!$K$19:$O$22,MATCH(VLOOKUP($A8,main!$A$3:$H$102,7,FALSE),main!$K$18:$O$18,0),0))),0) -> 0 | J8: =IF((gamma!J8),IF(VLOOKUP(J$1,main!$A$3:$H$102,7,FALSE)=VLOOKUP($A8,main!$A$3:$H$102,8,FALSE),VLOOKUP(J$1,main!$A$3:$H$102,4,FALSE),VLOOKUP(J$1,main!$A$3:$H$102,4,FALSE)+VLOOKUP($A8,main!$A$3:$H$102,4,FALSE)+(VLOOKUP(VLOOKUP(J$1,main!$A$3:$H$102,8,FALSE),main!$K$19:$O$22,MATCH(VLOOKUP($A8,main!$A$3:$H$102,7,FALSE),main!$K$18:$O$18,0),0))),0) -> 0 | ... CX8: =IF((gamma!CX8),IF(VLOOKUP(CX$1,main!$A$3:$H$102,7,FALSE)=VLOOKUP($A8,main!$A$3:$H$102,8,FALSE),VLOOKUP(CX$1,main!$A$3:$H$102,4,FALSE),VLOOKUP(CX$1,main!$A$3:$H$102,4,FALSE)+VLOOKUP($A8,main!$A$3:$H$102,4,FALSE)+(VLOOKUP(VLOOKUP(CX$1,main!$A$3:$H$102,8,FALSE),main!$K$19:$O$22,MATCH(VLOOKUP($A8,main!$A$3:$H$102,7,FALSE),main!$K$18:$O$18,0),0))),0) -> 0 | CY8: 0 | CZ8: 0 | DA8: 0
A9: 7 | B9: 0 | C9: =IF((gamma!C9),IF(VLOOKUP(C$1,main!$A$3:$H$102,7,FALSE)=VLOOKUP($A9,main!$A$3:$H$102,8,FALSE),VLOOKUP(C$1,main!$A$3:$H$102,4,FALSE),VLOOKUP(C$1,main!$A$3:$H$102,4,FALSE)+VLOOKUP($A9,main!$A$3:$H$102,4,FALSE)+(VLOOKUP(VLOOKUP(C$1,main!$A$3:$H$102,8,FALSE),main!$K$19:$O$22,MATCH(VLOOKUP($A9,main!$A$3:$H$102,7,FALSE),main!$K$18:$O$18,0),0))),0) -> 0 | D9: =IF((gamma!D9),IF(VLOOKUP(D$1,main!$A$3:$H$102,7,FALSE)=VLOOKUP($A9,main!$A$3:$H$102,8,FALSE),VLOOKUP(D$1,main!$A$3:$H$102,4,FALSE),VLOOKUP(D$1,main!$A$3:$H$102,4,FALSE)+VLOOKUP($A9,main!$A$3:$H$102,4,FALSE)+(VLOOKUP(VLOOKUP(D$1,main!$A$3:$H$102,8,FALSE),main!$K$19:$O$22,MATCH(VLOOKUP($A9,main!$A$3:$H$102,7,FALSE),main!$K$18:$O$18,0),0))),0) -> 0 | E9: =IF((gamma!E9),IF(VLOOKUP(E$1,main!$A$3:$H$102,7,FALSE)=VLOOKUP($A9,main!$A$3:$H$102,8,FALSE),VLOOKUP(E$1,main!$A$3:$H$102,4,FALSE),VLOOKUP(E$1,main!$A$3:$H$102,4,FALSE)+VLOOKUP($A9,main!$A$3:$H$102,4,FALSE)+(VLOOKUP(VLOOKUP(E$1,main!$A$3:$H$102,8,FALSE),main!$K$19:$O$22,MATCH(VLOOKUP($A9,main!$A$3:$H$102,7,FALSE),main!$K$18:$O$18,0),0))),0) -> 0 | F9: =IF((gamma!F9),IF(VLOOKUP(F$1,main!$A$3:$H$102,7,FALSE)=VLOOKUP($A9,main!$A$3:$H$102,8,FALSE),VLOOKUP(F$1,main!$A$3:$H$102,4,FALSE),VLOOKUP(F$1,main!$A$3:$H$102,4,FALSE)+VLOOKUP($A9,main!$A$3:$H$102,4,FALSE)+(VLOOKUP(VLOOKUP(F$1,main!$A$3:$H$102,8,FALSE),main!$K$19:$O$22,MATCH(VLOOKUP($A9,main!$A$3:$H$102,7,FALSE),main!$K$18:$O$18,0),0))),0) -> 0 | G9: =IF((gamma!G9),IF(VLOOKUP(G$1,main!$A$3:$H$102,7,FALSE)=VLOOKUP($A9,main!$A$3:$H$102,8,FALSE),VLOOKUP(G$1,main!$A$3:$H$102,4,FALSE),VLOOKUP(G$1,main!$A$3:$H$102,4,FALSE)+VLOOKUP($A9,main!$A$3:$H$102,4,FALSE)+(VLOOKUP(VLOOKUP(G$1,main!$A$3:$H$102,8,FALSE),main!$K$19:$O$22,MATCH(VLOOKUP($A9,main!$A$3:$H$102,7,FALSE),main!$K$18:$O$18,0),0))),0) -> 0 | H9: =IF((gamma!H9),IF(VLOOKUP(H$1,main!$A$3:$H$102,7,FALSE)=VLOOKUP($A9,main!$A$3:$H$102,8,FALSE),VLOOKUP(H$1,main!$A$3:$H$102,4,FALSE),VLOOKUP(H$1,main!$A$3:$H$102,4,FALSE)+VLOOKUP($A9,main!$A$3:$H$102,4,FALSE)+(VLOOKUP(VLOOKUP(H$1,main!$A$3:$H$102,8,FALSE),main!$K$19:$O$22,MATCH(VLOOKUP($A9,main!$A$3:$H$102,7,FALSE),main!$K$18:$O$18,0),0))),0) -> 0 | I9: =IF((gamma!I9),IF(VLOOKUP(I$1,main!$A$3:$H$102,7,FALSE)=VLOOKUP($A9,main!$A$3:$H$102,8,FALSE),VLOOKUP(I$1,main!$A$3:$H$102,4,FALSE),VLOOKUP(I$1,main!$A$3:$H$102,4,FALSE)+VLOOKUP($A9,main!$A$3:$H$102,4,FALSE)+(VLOOKUP(VLOOKUP(I$1,main!$A$3:$H$102,8,FALSE),main!$K$19:$O$22,MATCH(VLOOKUP($A9,main!$A$3:$H$102,7,FALSE),main!$K$18:$O$18,0),0))),0) -> 0 | J9: =IF((gamma!J9),IF(VLOOKUP(J$1,main!$A$3:$H$102,7,FALSE)=VLOOKUP($A9,main!$A$3:$H$102,8,FALSE),VLOOKUP(J$1,main!$A$3:$H$102,4,FALSE),VLOOKUP(J$1,main!$A$3:$H$102,4,FALSE)+VLOOKUP($A9,main!$A$3:$H$102,4,FALSE)+(VLOOKUP(VLOOKUP(J$1,main!$A$3:$H$102,8,FALSE),main!$K$19:$O$22,MATCH(VLOOKUP($A9,main!$A$3:$H$102,7,FALSE),main!$K$18:$O$18,0),0))),0) -> 0 | ... CX9: =IF((gamma!CX9),IF(VLOOKUP(CX$1,main!$A$3:$H$102,7,FALSE)=VLOOKUP($A9,main!$A$3:$H$102,8,FALSE),VLOOKUP(CX$1,main!$A$3:$H$102,4,FALSE),VLOOKUP(CX$1,main!$A$3:$H$102,4,FALSE)+VLOOKUP($A9,main!$A$3:$H$102,4,FALSE)+(VLOOKUP(VLOOKUP(CX$1,main!$A$3:$H$102,8,FALSE),main!$K$19:$O$22,MATCH(VLOOKUP($A9,main!$A$3:$H$102,7,FALSE),main!$K$18:$O$18,0),0))),0) -> 0 | CY9: 0 | CZ9: 0 | DA9: 0
A10: 8 | B10: 0 | C10: =IF((gamma!C10),IF(VLOOKUP(C$1,main!$A$3:$H$102,7,FALSE)=VLOOKUP($A10,main!$A$3:$H$102,8,FALSE),VLOOKUP(C$1,main!$A$3:$H$102,4,FALSE),VLOOKUP(C$1,main!$A$3:$H$102,4,FALSE)+VLOOKUP($A10,main!$A$3:$H$102,4,FALSE)+(VLOOKUP(VLOOKUP(C$1,main!$A$3:$H$102,8,FALSE),main!$K$19:$O$22,MATCH(VLOOKUP($A10,main!$A$3:$H$102,7,FALSE),main!$K$18:$O$18,0),0))),0) -> 0 | D10: =IF((gamma!D10),IF(VLOOKUP(D$1,main!$A$3:$H$102,7,FALSE)=VLOOKUP($A10,main!$A$3:$H$102,8,FALSE),VLOOKUP(D$1,main!$A$3:$H$102,4,FALSE),VLOOKUP(D$1,main!$A$3:$H$102,4,FALSE)+VLOOKUP($A10,main!$A$3:$H$102,4,FALSE)+(VLOOKUP(VLOOKUP(D$1,main!$A$3:$H$102,8,FALSE),main!$K$19:$O$22,MATCH(VLOOKUP($A10,main!$A$3:$H$102,7,FALSE),main!$K$18:$O$18,0),0))),0) -> 0 | E10: =IF((gamma!E10),IF(VLOOKUP(E$1,main!$A$3:$H$102,7,FALSE)=VLOOKUP($A10,main!$A$3:$H$102,8,FALSE),VLOOKUP(E$1,main!$A$3:$H$102,4,FALSE),VLOOKUP(E$1,main!$A$3:$H$102,4,FALSE)+VLOOKUP($A10,main!$A$3:$H$102,4,FALSE)+(VLOOKUP(VLOOKUP(E$1,main!$A$3:$H$102,8,FALSE),main!$K$19:$O$22,MATCH(VLOOKUP($A10,main!$A$3:$H$102,7,FALSE),main!$K$18:$O$18,0),0))),0) -> 0 | F10: =IF((gamma!F10),IF(VLOOKUP(F$1,main!$A$3:$H$102,7,FALSE)=VLOOKUP($A10,main!$A$3:$H$102,8,FALSE),VLOOKUP(F$1,main!$A$3:$H$102,4,FALSE),VLOOKUP(F$1,main!$A$3:$H$102,4,FALSE)+VLOOKUP($A10,main!$A$3:$H$102,4,FALSE)+(VLOOKUP(VLOOKUP(F$1,main!$A$3:$H$102,8,FALSE),main!$K$19:$O$22,MATCH(VLOOKUP($A10,main!$A$3:$H$102,7,FALSE),main!$K$18:$O$18,0),0))),0) -> 0 | G10: =IF((gamma!G10),IF(VLOOKUP(G$1,main!$A$3:$H$102,7,FALSE)=VLOOKUP($A10,main!$A$3:$H$102,8,FALSE),VLOOKUP(G$1,main!$A$3:$H$102,4,FALSE),VLOOKUP(G$1,main!$A$3:$H$102,4,FALSE)+VLOOKUP($A10,main!$A$3:$H$102,4,FALSE)+(VLOOKUP(VLOOKUP(G$1,main!$A$3:$H$102,8,FALSE),main!$K$19:$O$22,MATCH(VLOOKUP($A10,main!$A$3:$H$102,7,FALSE),main!$K$18:$O$18,0),0))),0) -> 0 | H10: =IF((gamma!H10),IF(VLOOKUP(H$1,main!$A$3:$H$102,7,FALSE)=VLOOKUP($A10,main!$A$3:$H$102,8,FALSE),VLOOKUP(H$1,main!$A$3:$H$102,4,FALSE),VLOOKUP(H$1,main!$A$3:$H$102,4,FALSE)+VLOOKUP($A10,main!$A$3:$H$102,4,FALSE)+(VLOOKUP(VLOOKUP(H$1,main!$A$3:$H$102,8,FALSE),main!$K$19:$O$22,MATCH(VLOOKUP($A10,main!$A$3:$H$102,7,FALSE),main!$K$18:$O$18,0),0))),0) -> 0 | I10: =IF((gamma!I10),IF(VLOOKUP(I$1,main!$A$3:$H$102,7,FALSE)=VLOOKUP($A10,main!$A$3:$H$102,8,FALSE),VLOOKUP(I$1,main!$A$3:$H$102,4,FALSE),VLOOKUP(I$1,main!$A$3:$H$102,4,FALSE)+VLOOKUP($A10,main!$A$3:$H$102,4,FALSE)+(VLOOKUP(VLOOKUP(I$1,main!$A$3:$H$102,8,FALSE),main!$K$19:$O$22,MATCH(VLOOKUP($A10,main!$A$3:$H$102,7,FALSE),main!$K$18:$O$18,0),0))),0) -> 0 | J10: =IF((gamma!J10),IF(VLOOKUP(J$1,main!$A$3:$H$102,7,FALSE)=VLOOKUP($A10,main!$A$3:$H$102,8,FALSE),VLOOKUP(J$1,main!$A$3:$H$102,4,FALSE),VLOOKUP(J$1,main!$A$3:$H$102,4,FALSE)+VLOOKUP($A10,main!$A$3:$H$102,4,FALSE)+(VLOOKUP(VLOOKUP(J$1,main!$A$3:$H$102,8,FALSE),main!$K$19:$O$22,MATCH(VLOOKUP($A10,main!$A$3:$H$102,7,FALSE),main!$K$18:$O$18,0),0))),0) -> 0 | ... CX10: =IF((gamma!CX10),IF(VLOOKUP(CX$1,main!$A$3:$H$102,7,FALSE)=VLOOKUP($A10,main!$A$3:$H$102,8,FALSE),VLOOKUP(CX$1,main!$A$3:$H$102,4,FALSE),VLOOKUP(CX$1,main!$A$3:$H$102,4,FALSE)+VLOOKUP($A10,main!$A$3:$H$102,4,FALSE)+(VLOOKUP(VLOOKUP(CX$1,main!$A$3:$H$102,8,FALSE),main!$K$19:$O$22,MATCH(VLOOKUP($A10,main!$A$3:$H$102,7,FALSE),main!$K$18:$O$18,0),0))),0) -> 0 | CY10: 0 | CZ10: 0 | DA10: 0
A11: 9 | B11: 0 | C11: =IF((gamma!C11),IF(VLOOKUP(C$1,main!$A$3:$H$102,7,FALSE)=VLOOKUP($A11,main!$A$3:$H$102,8,FALSE),VLOOKUP(C$1,main!$A$3:$H$102,4,FALSE),VLOOKUP(C$1,main!$A$3:$H$102,4,FALSE)+VLOOKUP($A11,main!$A$3:$H$102,4,FALSE)+(VLOOKUP(VLOOKUP(C$1,main!$A$3:$H$102,8,FALSE),main!$K$19:$O$22,MATCH(VLOOKUP($A11,main!$A$3:$H$102,7,FALSE),main!$K$18:$O$18,0),0))),0) -> 0 | D11: =IF((gamma!D11),IF(VLOOKUP(D$1,main!$A$3:$H$102,7,FALSE)=VLOOKUP($A11,main!$A$3:$H$102,8,FALSE),VLOOKUP(D$1,main!$A$3:$H$102,4,FALSE),VLOOKUP(D$1,main!$A$3:$H$102,4,FALSE)+VLOOKUP($A11,main!$A$3:$H$102,4,FALSE)+(VLOOKUP(VLOOKUP(D$1,main!$A$3:$H$102,8,FALSE),main!$K$19:$O$22,MATCH(VLOOKUP($A11,main!$A$3:$H$102,7,FALSE),main!$K$18:$O$18,0),0))),0) -> 0 | E11: =IF((gamma!E11),IF(VLOOKUP(E$1,main!$A$3:$H$102,7,FALSE)=VLOOKUP($A11,main!$A$3:$H$102,8,FALSE),VLOOKUP(E$1,main!$A$3:$H$102,4,FALSE),VLOOKUP(E$1,main!$A$3:$H$102,4,FALSE)+VLOOKUP($A11,main!$A$3:$H$102,4,FALSE)+(VLOOKUP(VLOOKUP(E$1,main!$A$3:$H$102,8,FALSE),main!$K$19:$O$22,MATCH(VLOOKUP($A11,main!$A$3:$H$102,7,FALSE),main!$K$18:$O$18,0),0))),0) -> 0 | F11: =IF((gamma!F11),IF(VLOOKUP(F$1,main!$A$3:$H$102,7,FALSE)=VLOOKUP($A11,main!$A$3:$H$102,8,FALSE),VLOOKUP(F$1,main!$A$3:$H$102,4,FALSE),VLOOKUP(F$1,main!$A$3:$H$102,4,FALSE)+VLOOKUP($A11,main!$A$3:$H$102,4,FALSE)+(VLOOKUP(VLOOKUP(F$1,main!$A$3:$H$102,8,FALSE),main!$K$19:$O$22,MATCH(VLOOKUP($A11,main!$A$3:$H$102,7,FALSE),main!$K$18:$O$18,0),0))),0) -> 0 | G11: =IF((gamma!G11),IF(VLOOKUP(G$1,main!$A$3:$H$102,7,FALSE)=VLOOKUP($A11,main!$A$3:$H$102,8,FALSE),VLOOKUP(G$1,main!$A$3:$H$102,4,FALSE),VLOOKUP(G$1,main!$A$3:$H$102,4,FALSE)+VLOOKUP($A11,main!$A$3:$H$102,4,FALSE)+(VLOOKUP(VLOOKUP(G$1,main!$A$3:$H$102,8,FALSE),main!$K$19:$O$22,MATCH(VLOOKUP($A11,main!$A$3:$H$102,7,FALSE),main!$K$18:$O$18,0),0))),0) -> 0 | H11: =IF((gamma!H11),IF(VLOOKUP(H$1,main!$A$3:$H$102,7,FALSE)=VLOOKUP($A11,main!$A$3:$H$102,8,FALSE),VLOOKUP(H$1,main!$A$3:$H$102,4,FALSE),VLOOKUP(H$1,main!$A$3:$H$102,4,FALSE)+VLOOKUP($A11,main!$A$3:$H$102,4,FALSE)+(VLOOKUP(VLOOKUP(H$1,main!$A$3:$H$102,8,FALSE),main!$K$19:$O$22,MATCH(VLOOKUP($A11,main!$A$3:$H$102,7,FALSE),main!$K$18:$O$18,0),0))),0) -> 0 | I11: =IF((gamma!I11),IF(VLOOKUP(I$1,main!$A$3:$H$102,7,FALSE)=VLOOKUP($A11,main!$A$3:$H$102,8,FALSE),VLOOKUP(I$1,main!$A$3:$H$102,4,FALSE),VLOOKUP(I$1,main!$A$3:$H$102,4,FALSE)+VLOOKUP($A11,main!$A$3:$H$102,4,FALSE)+(VLOOKUP(VLOOKUP(I$1,main!$A$3:$H$102,8,FALSE),main!$K$19:$O$22,MATCH(VLOOKUP($A11,main!$A$3:$H$102,7,FALSE),main!$K$18:$O$18,0),0))),0) -> 0 | J11: =IF((gamma!J11),IF(VLOOKUP(J$1,main!$A$3:$H$102,7,FALSE)=VLOOKUP($A11,main!$A$3:$H$102,8,FALSE),VLOOKUP(J$1,main!$A$3:$H$102,4,FALSE),VLOOKUP(J$1,main!$A$3:$H$102,4,FALSE)+VLOOKUP($A11,main!$A$3:$H$102,4,FALSE)+(VLOOKUP(VLOOKUP(J$1,main!$A$3:$H$102,8,FALSE),main!$K$19:$O$22,MATCH(VLOOKUP($A11,main!$A$3:$H$102,7,FALSE),main!$K$18:$O$18,0),0))),0) -> 0 | ... CX11: =IF((gamma!CX11),IF(VLOOKUP(CX$1,main!$A$3:$H$102,7,FALSE)=VLOOKUP($A11,main!$A$3:$H$102,8,FALSE),VLOOKUP(CX$1,main!$A$3:$H$102,4,FALSE),VLOOKUP(CX$1,main!$A$3:$H$102,4,FALSE)+VLOOKUP($A11,main!$A$3:$H$102,4,FALSE)+(VLOOKUP(VLOOKUP(CX$1,main!$A$3:$H$102,8,FALSE),main!$K$19:$O$22,MATCH(VLOOKUP($A11,main!$A$3:$H$102,7,FALSE),main!$K$18:$O$18,0),0))),0) -> 0 | CY11: 0 | CZ11: 0 | DA11: 0
A12: 10 | B12: 0 | C12: =IF((gamma!C12),IF(VLOOKUP(C$1,main!$A$3:$H$102,7,FALSE)=VLOOKUP($A12,main!$A$3:$H$102,8,FALSE),VLOOKUP(C$1,main!$A$3:$H$102,4,FALSE),VLOOKUP(C$1,main!$A$3:$H$102,4,FALSE)+VLOOKUP($A12,main!$A$3:$H$102,4,FALSE)+(VLOOKUP(VLOOKUP(C$1,main!$A$3:$H$102,8,FALSE),main!$K$19:$O$22,MATCH(VLOOKUP($A12,main!$A$3:$H$102,7,FALSE),main!$K$18:$O$18,0),0))),0) -> 0 | D12: =IF((gamma!D12),IF(VLOOKUP(D$1,main!$A$3:$H$102,7,FALSE)=VLOOKUP($A12,main!$A$3:$H$102,8,FALSE),VLOOKUP(D$1,main!$A$3:$H$102,4,FALSE),VLOOKUP(D$1,main!$A$3:$H$102,4,FALSE)+VLOOKUP($A12,main!$A$3:$H$102,4,FALSE)+(VLOOKUP(VLOOKUP(D$1,main!$A$3:$H$102,8,FALSE),main!$K$19:$O$22,MATCH(VLOOKUP($A12,main!$A$3:$H$102,7,FALSE),main!$K$18:$O$18,0),0))),0) -> 0 | E12: =IF((gamma!E12),IF(VLOOKUP(E$1,main!$A$3:$H$102,7,FALSE)=VLOOKUP($A12,main!$A$3:$H$102,8,FALSE),VLOOKUP(E$1,main!$A$3:$H$102,4,FALSE),VLOOKUP(E$1,main!$A$3:$H$102,4,FALSE)+VLOOKUP($A12,main!$A$3:$H$102,4,FALSE)+(VLOOKUP(VLOOKUP(E$1,main!$A$3:$H$102,8,FALSE),main!$K$19:$O$22,MATCH(VLOOKUP($A12,main!$A$3:$H$102,7,FALSE),main!$K$18:$O$18,0),0))),0) -> 0 | F12: =IF((gamma!F12),IF(VLOOKUP(F$1,main!$A$3:$H$102,7,FALSE)=VLOOKUP($A12,main!$A$3:$H$102,8,FALSE),VLOOKUP(F$1,main!$A$3:$H$102,4,FALSE),VLOOKUP(F$1,main!$A$3:$H$102,4,FALSE)+VLOOKUP($A12,main!$A$3:$H$102,4,FALSE)+(VLOOKUP(VLOOKUP(F$1,main!$A$3:$H$102,8,FALSE),main!$K$19:$O$22,MATCH(VLOOKUP($A12,main!$A$3:$H$102,7,FALSE),main!$K$18:$O$18,0),0))),0) -> 0 | G12: =IF((gamma!G12),IF(VLOOKUP(G$1,main!$A$3:$H$102,7,FALSE)=VLOOKUP($A12,main!$A$3:$H$102,8,FALSE),VLOOKUP(G$1,main!$A$3:$H$102,4,FALSE),VLOOKUP(G$1,main!$A$3:$H$102,4,FALSE)+VLOOKUP($A12,main!$A$3:$H$102,4,FALSE)+(VLOOKUP(VLOOKUP(G$1,main!$A$3:$H$102,8,FALSE),main!$K$19:$O$22,MATCH(VLOOKUP($A12,main!$A$3:$H$102,7,FALSE),main!$K$18:$O$18,0),0))),0) -> 0 | H12: =IF((gamma!H12),IF(VLOOKUP(H$1,main!$A$3:$H$102,7,FALSE)=VLOOKUP($A12,main!$A$3:$H$102,8,FALSE),VLOOKUP(H$1,main!$A$3:$H$102,4,FALSE),VLOOKUP(H$1,main!$A$3:$H$102,4,FALSE)+VLOOKUP($A12,main!$A$3:$H$102,4,FALSE)+(VLOOKUP(VLOOKUP(H$1,main!$A$3:$H$102,8,FALSE),main!$K$19:$O$22,MATCH(VLOOKUP($A12,main!$A$3:$H$102,7,FALSE),main!$K$18:$O$18,0),0))),0) -> 0 | I12: =IF((gamma!I12),IF(VLOOKUP(I$1,main!$A$3:$H$102,7,FALSE)=VLOOKUP($A12,main!$A$3:$H$102,8,FALSE),VLOOKUP(I$1,main!$A$3:$H$102,4,FALSE),VLOOKUP(I$1,main!$A$3:$H$102,4,FALSE)+VLOOKUP($A12,main!$A$3:$H$102,4,FALSE)+(VLOOKUP(VLOOKUP(I$1,main!$A$3:$H$102,8,FALSE),main!$K$19:$O$22,MATCH(VLOOKUP($A12,main!$A$3:$H$102,7,FALSE),main!$K$18:$O$18,0),0))),0) -> 0 | J12: =IF((gamma!J12),IF(VLOOKUP(J$1,main!$A$3:$H$102,7,FALSE)=VLOOKUP($A12,main!$A$3:$H$102,8,FALSE),VLOOKUP(J$1,main!$A$3:$H$102,4,FALSE),VLOOKUP(J$1,main!$A$3:$H$102,4,FALSE)+VLOOKUP($A12,main!$A$3:$H$102,4,FALSE)+(VLOOKUP(VLOOKUP(J$1,main!$A$3:$H$102,8,FALSE),main!$K$19:$O$22,MATCH(VLOOKUP($A12,main!$A$3:$H$102,7,FALSE),main!$K$18:$O$18,0),0))),0) -> 0 | ... CX12: =IF((gamma!CX12),IF(VLOOKUP(CX$1,main!$A$3:$H$102,7,FALSE)=VLOOKUP($A12,main!$A$3:$H$102,8,FALSE),VLOOKUP(CX$1,main!$A$3:$H$102,4,FALSE),VLOOKUP(CX$1,main!$A$3:$H$102,4,FALSE)+VLOOKUP($A12,main!$A$3:$H$102,4,FALSE)+(VLOOKUP(VLOOKUP(CX$1,main!$A$3:$H$102,8,FALSE),main!$K$19:$O$22,MATCH(VLOOKUP($A12,main!$A$3:$H$102,7,FALSE),main!$K$18:$O$18,0),0))),0) -> 0 | CY12: 0 | CZ12: 0 | DA12: 0
A13: 11 | B13: 0 | C13: =IF((gamma!C13),IF(VLOOKUP(C$1,main!$A$3:$H$102,7,FALSE)=VLOOKUP($A13,main!$A$3:$H$102,8,FALSE),VLOOKUP(C$1,main!$A$3:$H$102,4,FALSE),VLOOKUP(C$1,main!$A$3:$H$102,4,FALSE)+VLOOKUP($A13,main!$A$3:$H$102,4,FALSE)+(VLOOKUP(VLOOKUP(C$1,main!$A$3:$H$102,8,FALSE),main!$K$19:$O$22,MATCH(VLOOKUP($A13,main!$A$3:$H$102,7,FALSE),main!$K$18:$O$18,0),0))),0) -> 0 | D13: =IF((gamma!D13),IF(VLOOKUP(D$1,main!$A$3:$H$102,7,FALSE)=VLOOKUP($A13,main!$A$3:$H$102,8,FALSE),VLOOKUP(D$1,main!$A$3:$H$102,4,FALSE),VLOOKUP(D$1,main!$A$3:$H$102,4,FALSE)+VLOOKUP($A13,main!$A$3:$H$102,4,FALSE)+(VLOOKUP(VLOOKUP(D$1,main!$A$3:$H$102,8,FALSE),main!$K$19:$O$22,MATCH(VLOOKUP($A13,main!$A$3:$H$102,7,FALSE),main!$K$18:$O$18,0),0))),0) -> 0 | E13: =IF((gamma!E13),IF(VLOOKUP(E$1,main!$A$3:$H$102,7,FALSE)=VLOOKUP($A13,main!$A$3:$H$102,8,FALSE),VLOOKUP(E$1,main!$A$3:$H$102,4,FALSE),VLOOKUP(E$1,main!$A$3:$H$102,4,FALSE)+VLOOKUP($A13,main!$A$3:$H$102,4,FALSE)+(VLOOKUP(VLOOKUP(E$1,main!$A$3:$H$102,8,FALSE),main!$K$19:$O$22,MATCH(VLOOKUP($A13,main!$A$3:$H$102,7,FALSE),main!$K$18:$O$18,0),0))),0) -> 0 | F13: =IF((gamma!F13),IF(VLOOKUP(F$1,main!$A$3:$H$102,7,FALSE)=VLOOKUP($A13,main!$A$3:$H$102,8,FALSE),VLOOKUP(F$1,main!$A$3:$H$102,4,FALSE),VLOOKUP(F$1,main!$A$3:$H$102,4,FALSE)+VLOOKUP($A13,main!$A$3:$H$102,4,FALSE)+(VLOOKUP(VLOOKUP(F$1,main!$A$3:$H$102,8,FALSE),main!$K$19:$O$22,MATCH(VLOOKUP($A13,main!$A$3:$H$102,7,FALSE),main!$K$18:$O$18,0),0))),0) -> 300 | G13: =IF((gamma!G13),IF(VLOOKUP(G$1,main!$A$3:$H$102,7,FALSE)=VLOOKUP($A13,main!$A$3:$H$102,8,FALSE),VLOOKUP(G$1,main!$A$3:$H$102,4,FALSE),VLOOKUP(G$1,main!$A$3:$H$102,4,FALSE)+VLOOKUP($A13,main!$A$3:$H$102,4,FALSE)+(VLOOKUP(VLOOKUP(G$1,main!$A$3:$H$102,8,FALSE),main!$K$19:$O$22,MATCH(VLOOKUP($A13,main!$A$3:$H$102,7,FALSE),main!$K$18:$O$18,0),0))),0) -> 300 | H13: =IF((gamma!H13),IF(VLOOKUP(H$1,main!$A$3:$H$102,7,FALSE)=VLOOKUP($A13,main!$A$3:$H$102,8,FALSE),VLOOKUP(H$1,main!$A$3:$H$102,4,FALSE),VLOOKUP(H$1,main!$A$3:$H$102,4,FALSE)+VLOOKUP($A13,main!$A$3:$H$102,4,FALSE)+(VLOOKUP(VLOOKUP(H$1,main!$A$3:$H$102,8,FALSE),main!$K$19:$O$22,MATCH(VLOOKUP($A13,main!$A$3:$H$102,7,FALSE),main!$K$18:$O$18,0),0))),0) -> 300 | I13: =IF((gamma!I13),IF(VLOOKUP(I$1,main!$A$3:$H$102,7,FALSE)=VLOOKUP($A13,main!$A$3:$H$102,8,FALSE),VLOOKUP(I$1,main!$A$3:$H$102,4,FALSE),VLOOKUP(I$1,main!$A$3:$H$102,4,FALSE)+VLOOKUP($A13,main!$A$3:$H$102,4,FALSE)+(VLOOKUP(VLOOKUP(I$1,main!$A$3:$H$102,8,FALSE),main!$K$19:$O$22,MATCH(VLOOKUP($A13,main!$A$3:$H$102,7,FALSE),main!$K$18:$O$18,0),0))),0) -> 300 | J13: =IF((gamma!J13),IF(VLOOKUP(J$1,main!$A$3:$H$102,7,FALSE)=VLOOKUP($A13,main!$A$3:$H$102,8,FALSE),VLOOKUP(J$1,main!$A$3:$H$102,4,FALSE),VLOOKUP(J$1,main!$A$3:$H$102,4,FALSE)+VLOOKUP($A13,main!$A$3:$H$102,4,FALSE)+(VLOOKUP(VLOOKUP(J$1,main!$A$3:$H$102,8,FALSE),main!$K$19:$O$22,MATCH(VLOOKUP($A13,main!$A$3:$H$102,7,FALSE),main!$K$18:$O$18,0),0))),0) -> 300 | ... CX13: =IF((gamma!CX13),IF(VLOOKUP(CX$1,main!$A$3:$H$102,7,FALSE)=VLOOKUP($A13,main!$A$3:$H$102,8,FALSE),VLOOKUP(CX$1,main!$A$3:$H$102,4,FALSE),VLOOKUP(CX$1,main!$A$3:$H$102,4,FALSE)+VLOOKUP($A13,main!$A$3:$H$102,4,FALSE)+(VLOOKUP(VLOOKUP(CX$1,main!$A$3:$H$102,8,FALSE),main!$K$19:$O$22,MATCH(VLOOKUP($A13,main!$A$3:$H$102,7,FALSE),main!$K$18:$O$18,0),0))),0) -> 255 | CY13: 0 | CZ13: 0 | DA13: 0
A14: 12 | B14: 0 | C14: =IF((gamma!C14),IF(VLOOKUP(C$1,main!$A$3:$H$102,7,FALSE)=VLOOKUP($A14,main!$A$3:$H$102,8,FALSE),VLOOKUP(C$1,main!$A$3:$H$102,4,FALSE),VLOOKUP(C$1,main!$A$3:$H$102,4,FALSE)+VLOOKUP($A14,main!$A$3:$H$102,4,FALSE)+(VLOOKUP(VLOOKUP(C$1,main!$A$3:$H$102,8,FALSE),main!$K$19:$O$22,MATCH(VLOOKUP($A14,main!$A$3:$H$102,7,FALSE),main!$K$18:$O$18,0),0))),0) -> 0 | D14: =IF((gamma!D14),IF(VLOOKUP(D$1,main!$A$3:$H$102,7,FALSE)=VLOOKUP($A14,main!$A$3:$H$102,8,FALSE),VLOOKUP(D$1,main!$A$3:$H$102,4,FALSE),VLOOKUP(D$1,main!$A$3:$H$102,4,FALSE)+VLOOKUP($A14,main!$A$3:$H$102,4,FALSE)+(VLOOKUP(VLOOKUP(D$1,main!$A$3:$H$102,8,FALSE),main!$K$19:$O$22,MATCH(VLOOKUP($A14,main!$A$3:$H$102,7,FALSE),main!$K$18:$O$18,0),0))),0) -> 0 | E14: =IF((gamma!E14),IF(VLOOKUP(E$1,main!$A$3:$H$102,7,FALSE)=VLOOKUP($A14,main!$A$3:$H$102,8,FALSE),VLOOKUP(E$1,main!$A$3:$H$102,4,FALSE),VLOOKUP(E$1,main!$A$3:$H$102,4,FALSE)+VLOOKUP($A14,main!$A$3:$H$102,4,FALSE)+(VLOOKUP(VLOOKUP(E$1,main!$A$3:$H$102,8,FALSE),main!$K$19:$O$22,MATCH(VLOOKUP($A14,main!$A$3:$H$102,7,FALSE),main!$K$18:$O$18,0),0))),0) -> 0 | F14: =IF((gamma!F14),IF(VLOOKUP(F$1,main!$A$3:$H$102,7,FALSE)=VLOOKUP($A14,main!$A$3:$H$102,8,FALSE),VLOOKUP(F$1,main!$A$3:$H$102,4,FALSE),VLOOKUP(F$1,main!$A$3:$H$102,4,FALSE)+VLOOKUP($A14,main!$A$3:$H$102,4,FALSE)+(VLOOKUP(VLOOKUP(F$1,main!$A$3:$H$102,8,FALSE),main!$K$19:$O$22,MATCH(VLOOKUP($A14,main!$A$3:$H$102,7,FALSE),main!$K$18:$O$18,0),0))),0) -> 0 | G14: =IF((gamma!G14),IF(VLOOKUP(G$1,main!$A$3:$H$102,7,FALSE)=VLOOKUP($A14,main!$A$3:$H$102,8,FALSE),VLOOKUP(G$1,main!$A$3:$H$102,4,FALSE),VLOOKUP(G$1,main!$A$3:$H$102,4,FALSE)+VLOOKUP($A14,main!$A$3:$H$102,4,FALSE)+(VLOOKUP(VLOOKUP(G$1,main!$A$3:$H$102,8,FALSE),main!$K$19:$O$22,MATCH(VLOOKUP($A14,main!$A$3:$H$102,7,FALSE),main!$K$18:$O$18,0),0))),0) -> 300 | H14: =IF((gamma!H14),IF(VLOOKUP(H$1,main!$A$3:$H$102,7,FALSE)=VLOOKUP($A14,main!$A$3:$H$102,8,FALSE),VLOOKUP(H$1,main!$A$3:$H$102,4,FALSE),VLOOKUP(H$1,main!$A$3:$H$102,4,FALSE)+VLOOKUP($A14,main!$A$3:$H$102,4,FALSE)+(VLOOKUP(VLOOKUP(H$1,main!$A$3:$H$102,8,FALSE),main!$K$19:$O$22,MATCH(VLOOKUP($A14,main!$A$3:$H$102,7,FALSE),main!$K$18:$O$18,0),0))),0) -> 300 | I14: =IF((gamma!I14),IF(VLOOKUP(I$1,main!$A$3:$H$102,7,FALSE)=VLOOKUP($A14,main!$A$3:$H$102,8,FALSE),VLOOKUP(I$1,main!$A$3:$H$102,4,FALSE),VLOOKUP(I$1,main!$A$3:$H$102,4,FALSE)+VLOOKUP($A14,main!$A$3:$H$102,4,FALSE)+(VLOOKUP(VLOOKUP(I$1,main!$A$3:$H$102,8,FALSE),main!$K$19:$O$22,MATCH(VLOOKUP($A14,main!$A$3:$H$102,7,FALSE),main!$K$18:$O$18,0),0))),0) -> 300 | J14: =IF((gamma!J14),IF(VLOOKUP(J$1,main!$A$3:$H$102,7,FALSE)=VLOOKUP($A14,main!$A$3:$H$102,8,FALSE),VLOOKUP(J$1,main!$A$3:$H$102,4,FALSE),VLOOKUP(J$1,main!$A$3:$H$102,4,FALSE)+VLOOKUP($A14,main!$A$3:$H$102,4,FALSE)+(VLOOKUP(VLOOKUP(J$1,main!$A$3:$H$102,8,FALSE),main!$K$19:$O$22,MATCH(VLOOKUP($A14,main!$A$3:$H$102,7,FALSE),main!$K$18:$O$18,0),0))),0) -> 300 | ... CX14: =IF((gamma!CX14),IF(VLOOKUP(CX$1,main!$A$3:$H$102,7,FALSE)=VLOOKUP($A14,main!$A$3:$H$102,8,FALSE),VLOOKUP(CX$1,main!$A$3:$H$102,4,FALSE),VLOOKUP(CX$1,main!$A$3:$H$102,4,FALSE)+VLOOKUP($A14,main!$A$3:$H$102,4,FALSE)+(VLOOKUP(VLOOKUP(CX$1,main!$A$3:$H$102,8,FALSE),main!$K$19:$O$22,MATCH(VLOOKUP($A14,main!$A$3:$H$102,7,FALSE),main!$K$18:$O$18,0),0))),0) -> 255 | CY14: 0 | CZ14: 0 | DA14: 0
... A102: 100 | B102: 0 | C102: =IF((gamma!C102),IF(VLOOKUP(C$1,main!$A$3:$H$102,7,FALSE)=VLOOKUP($A102,main!$A$3:$H$102,8,FALSE),VLOOKUP(C$1,main!$A$3:$H$102,4,FALSE),VLOOKUP(C$1,main!$A$3:$H$102,4,FALSE)+VLOOKUP($A102,main!$A$3:$H$102,4,FALSE)+(VLOOKUP(VLOOKUP(C$1,main!$A$3:$H$102,8,FALSE),main!$K$19:$O$22,MATCH(VLOOKUP($A102,main!$A$3:$H$102,7,FALSE),main!$K$18:$O$18,0),0))),0) -> 0 | D102: =IF((gamma!D102),IF(VLOOKUP(D$1,main!$A$3:$H$102,7,FALSE)=VLOOKUP($A102,main!$A$3:$H$102,8,FALSE),VLOOKUP(D$1,main!$A$3:$H$102,4,FALSE),VLOOKUP(D$1,main!$A$3:$H$102,4,FALSE)+VLOOKUP($A102,main!$A$3:$H$102,4,FALSE)+(VLOOKUP(VLOOKUP(D$1,main!$A$3:$H$102,8,FALSE),main!$K$19:$O$22,MATCH(VLOOKUP($A102,main!$A$3:$H$102,7,FALSE),main!$K$18:$O$18,0),0))),0) -> 0 | E102: =IF((gamma!E102),IF(VLOOKUP(E$1,main!$A$3:$H$102,7,FALSE)=VLOOKUP($A102,main!$A$3:$H$102,8,FALSE),VLOOKUP(E$1,main!$A$3:$H$102,4,FALSE),VLOOKUP(E$1,main!$A$3:$H$102,4,FALSE)+VLOOKUP($A102,main!$A$3:$H$102,4,FALSE)+(VLOOKUP(VLOOKUP(E$1,main!$A$3:$H$102,8,FALSE),main!$K$19:$O$22,MATCH(VLOOKUP($A102,main!$A$3:$H$102,7,FALSE),main!$K$18:$O$18,0),0))),0) -> 0 | F102: =IF((gamma!F102),IF(VLOOKUP(F$1,main!$A$3:$H$102,7,FALSE)=VLOOKUP($A102,main!$A$3:$H$102,8,FALSE),VLOOKUP(F$1,main!$A$3:$H$102,4,FALSE),VLOOKUP(F$1,main!$A$3:$H$102,4,FALSE)+VLOOKUP($A102,main!$A$3:$H$102,4,FALSE)+(VLOOKUP(VLOOKUP(F$1,main!$A$3:$H$102,8,FALSE),main!$K$19:$O$22,MATCH(VLOOKUP($A102,main!$A$3:$H$102,7,FALSE),main!$K$18:$O$18,0),0))),0) -> 0 | G102: =IF((gamma!G102),IF(VLOOKUP(G$1,main!$A$3:$H$102,7,FALSE)=VLOOKUP($A102,main!$A$3:$H$102,8,FALSE),VLOOKUP(G$1,main!$A$3:$H$102,4,FALSE),VLOOKUP(G$1,main!$A$3:$H$102,4,FALSE)+VLOOKUP($A102,main!$A$3:$H$102,4,FALSE)+(VLOOKUP(VLOOKUP(G$1,main!$A$3:$H$102,8,FALSE),main!$K$19:$O$22,MATCH(VLOOKUP($A102,main!$A$3:$H$102,7,FALSE),main!$K$18:$O$18,0),0))),0) -> 0 | H102: =IF((gamma!H102),IF(VLOOKUP(H$1,main!$A$3:$H$102,7,FALSE)=VLOOKUP($A102,main!$A$3:$H$102,8,FALSE),VLOOKUP(H$1,main!$A$3:$H$102,4,FALSE),VLOOKUP(H$1,main!$A$3:$H$102,4,FALSE)+VLOOKUP($A102,main!$A$3:$H$102,4,FALSE)+(VLOOKUP(VLOOKUP(H$1,main!$A$3:$H$102,8,FALSE),main!$K$19:$O$22,MATCH(VLOOKUP($A102,main!$A$3:$H$102,7,FALSE),main!$K$18:$O$18,0),0))),0) -> 0 | I102: =IF((gamma!I102),IF(VLOOKUP(I$1,main!$A$3:$H$102,7,FALSE)=VLOOKUP($A102,main!$A$3:$H$102,8,FALSE),VLOOKUP(I$1,main!$A$3:$H$102,4,FALSE),VLOOKUP(I$1,main!$A$3:$H$102,4,FALSE)+VLOOKUP($A102,main!$A$3:$H$102,4,FALSE)+(VLOOKUP(VLOOKUP(I$1,main!$A$3:$H$102,8,FALSE),main!$K$19:$O$22,MATCH(VLOOKUP($A102,main!$A$3:$H$102,7,FALSE),main!$K$18:$O$18,0),0))),0) -> 0 | J102: =IF((gamma!J102),IF(VLOOKUP(J$1,main!$A$3:$H$102,7,FALSE)=VLOOKUP($A102,main!$A$3:$H$102,8,FALSE),VLOOKUP(J$1,main!$A$3:$H$102,4,FALSE),VLOOKUP(J$1,main!$A$3:$H$102,4,FALSE)+VLOOKUP($A102,main!$A$3:$H$102,4,FALSE)+(VLOOKUP(VLOOKUP(J$1,main!$A$3:$H$102,8,FALSE),main!$K$19:$O$22,MATCH(VLOOKUP($A102,main!$A$3:$H$102,7,FALSE),main!$K$18:$O$18,0),0))),0) -> 0 | ... CX102: =IF((gamma!CX102),IF(VLOOKUP(CX$1,main!$A$3:$H$102,7,FALSE)=VLOOKUP($A102,main!$A$3:$H$102,8,FALSE),VLOOKUP(CX$1,main!$A$3:$H$102,4,FALSE),VLOOKUP(CX$1,main!$A$3:$H$102,4,FALSE)+VLOOKUP($A102,main!$A$3:$H$102,4,FALSE)+(VLOOKUP(VLOOKUP(CX$1,main!$A$3:$H$102,8,FALSE),main!$K$19:$O$22,MATCH(VLOOKUP($A102,main!$A$3:$H$102,7,FALSE),main!$K$18:$O$18,0),0))),0) -> 0 | CY102: 0 | CZ102: 0 | DA102: 0
A103: =A102+1 -> 101 | B103: 0 | C103: 0 | D103: 0 | E103: 0 | F103: 0 | G103: 0 | H103: 0 | I103: 0 | J103: 0 | K103: 0 | L103: 0 | M103: 0 | N103: 0 | O103: 0 | P103: 0 | Q103: 0 | R103: 0 | S103: 0 | T103: 0 | U103: 0 | V103: 0 | W103: 0 | X103: 0 | Y103: 0 | Z103: 0 | AA103: 0 | AB103: 0 | AC103: 0 | AD103: 0 | AE103: 0 | AF103: 0 | AG103: 0 | AH103: 0 | AI103: 0 | AJ103: 0 | AK103: 0 | AL103: 0 | AM103: 0 | AN103: 0 | AO103: 0 | AP103: 0 | AQ103: 0 | AR103: 0 | AS103: 0 | AT103: 0 | AU103: 0 | AV103: 0 | AW103: 0 | AX103: 0 | AY103: 0 | AZ103: 0 | BA103: 0 | BB103: 0 | BC103: 0 | BD103: 0 | BE103: 0 | BF103: 0 | BG103: 0 | BH103: 0 | BI103: 0 | BJ103: 0 | BK103: 0 | BL103: 0 | BM103: 0 | BN103: 0 | BO103: 0 | BP103: 0 | BQ103: 0 | BR103: 0 | BS103: 0 | BT103: 0 | BU103: 0 | BV103: 0 | BW103: 0 | BX103: 0 | BY103: 0 | BZ103: 0 | CA103: 0 | CB103: 0 | CC103: 0 | CD103: 0 | CE103: 0 | CF103: 0 | CG103: 0 | CH103: 0 | CI103: 0 | CJ103: 0 | CK103: 0 | CL103: 0 | CM103: 0 | CN103: 0 | CO103: 0 | CP103: 0 | CQ103: 0 | CR103: 0 | CS103: 0 | CT103: 0 | CU103: 0 | CV103: 0 | CW103: 0 | CX103: 0 | CY103: 0 | CZ103: 0 | DA103: 0
A104: =A103+1 -> 102 | B104: 0 | C104: 0 | D104: 0 | E104: 0 | F104: 0 | G104: 0 | H104: 0 | I104: 0 | J104: 0 | K104: 0 | L104: 0 | M104: 0 | N104: 0 | O104: 0 | P104: 0 | Q104: 0 | R104: 0 | S104: 0 | T104: 0 | U104: 0 | V104: 0 | W104: 0 | X104: 0 | Y104: 0 | Z104: 0 | AA104: 0 | AB104: 0 | AC104: 0 | AD104: 0 | AE104: 0 | AF104: 0 | AG104: 0 | AH104: 0 | AI104: 0 | AJ104: 0 | AK104: 0 | AL104: 0 | AM104: 0 | AN104: 0 | AO104: 0 | AP104: 0 | AQ104: 0 | AR104: 0 | AS104: 0 | AT104: 0 | AU104: 0 | AV104: 0 | AW104: 0 | AX104: 0 | AY104: 0 | AZ104: 0 | BA104: 0 | BB104: 0 | BC104: 0 | BD104: 0 | BE104: 0 | BF104: 0 | BG104: 0 | BH104: 0 | BI104: 0 | BJ104: 0 | BK104: 0 | BL104: 0 | BM104: 0 | BN104: 0 | BO104: 0 | BP104: 0 | BQ104: 0 | BR104: 0 | BS104: 0 | BT104: 0 | BU104: 0 | BV104: 0 | BW104: 0 | BX104: 0 | BY104: 0 | BZ104: 0 | CA104: 0 | CB104: 0 | CC104: 0 | CD104: 0 | CE104: 0 | CF104: 0 | CG104: 0 | CH104: 0 | CI104: 0 | CJ104: 0 | CK104: 0 | CL104: 0 | CM104: 0 | CN104: 0 | CO104: 0 | CP104: 0 | CQ104: 0 | CR104: 0 | CS104: 0 | CT104: 0 | CU104: 0 | CV104: 0 | CW104: 0 | CX104: 0 | CY104: 0 | CZ104: 0 | DA104: 0
A105: =A104+1 -> 103 | B105: 0 | C105: 0 | D105: 0 | E105: 0 | F105: 0 | G105: 0 | H105: 0 | I105: 0 | J105: 0 | K105: 0 | L105: 0 | M105: 0 | N105: 0 | O105: 0 | P105: 0 | Q105: 0 | R105: 0 | S105: 0 | T105: 0 | U105: 0 | V105: 0 | W105: 0 | X105: 0 | Y105: 0 | Z105: 0 | AA105: 0 | AB105: 0 | AC105: 0 | AD105: 0 | AE105: 0 | AF105: 0 | AG105: 0 | AH105: 0 | AI105: 0 | AJ105: 0 | AK105: 0 | AL105: 0 | AM105: 0 | AN105: 0 | AO105: 0 | AP105: 0 | AQ105: 0 | AR105: 0 | AS105: 0 | AT105: 0 | AU105: 0 | AV105: 0 | AW105: 0 | AX105: 0 | AY105: 0 | AZ105: 0 | BA105: 0 | BB105: 0 | BC105: 0 | BD105: 0 | BE105: 0 | BF105: 0 | BG105: 0 | BH105: 0 | BI105: 0 | BJ105: 0 | BK105: 0 | BL105: 0 | BM105: 0 | BN105: 0 | BO105: 0 | BP105: 0 | BQ105: 0 | BR105: 0 | BS105: 0 | BT105: 0 | BU105: 0 | BV105: 0 | BW105: 0 | BX105: 0 | BY105: 0 | BZ105: 0 | CA105: 0 | CB105: 0 | CC105: 0 | CD105: 0 | CE105: 0 | CF105: 0 | CG105: 0 | CH105: 0 | CI105: 0 | CJ105: 0 | CK105: 0 | CL105: 0 | CM105: 0 | CN105: 0 | CO105: 0 | CP105: 0 | CQ105: 0 | CR105: 0 | CS105: 0 | CT105: 0 | CU105: 0 | CV105: 0 | CW105: 0 | CX105: 0 | CY105: 0 | CZ105: 0 | DA105: 0
F113: =IF((gamma!E33),IF(VLOOKUP(E$1,main!$A$3:$H$102,7,FALSE)=VLOOKUP($A33,main!$A$3:$H$102,8,FALSE),VLOOKUP(E$1,main!$A$3:$H$102,4,FALSE),VLOOKUP(E$1,main!$A$3:$H$102,4,FALSE)+VLOOKUP($A33,main!$A$3:$H$102,4,FALSE)+(VLOOKUP(VLOOKUP(E$1,main!$A$3:$H$102,8,FALSE),main!$K$19:$O$22,MATCH(VLOOKUP($A33,main!$A$3:$H$102,7,FALSE),main!$K$18:$O$18,0),0))),0) -> 135
F115: =(gamma!E33) -> 1
F116: =VLOOKUP(E$1,main!$A$3:$H$102,7,FALSE)=VLOOKUP($A33,main!$A$3:$H$102,8,FALSE) -> TRUE | G116: =VLOOKUP(E$1,main!$A$3:$H$102,7,FALSE) -> Terminal A
G117: =VLOOKUP($A33,main!$A$3:$H$102,8,FALSE) -> Terminal A
F118: =VLOOKUP(E$1,main!$A$3:$H$102,4,FALSE) -> 135
F119: =VLOOKUP(E$1,main!$A$3:$H$102,4,FALSE)+VLOOKUP($A33,main!$A$3:$H$102,4,FALSE)+(VLOOKUP(VLOOKUP(E$1,main!$A$3:$H$102,8,FALSE),main!$K$19:$O$22,MATCH(VLOOKUP($A33,main!$A$3:$H$102,7,FALSE),main!$K$18:$O$18,0),0)) -> 270 | G119: =VLOOKUP(E$1,main!$A$3:$H$102,4,FALSE) -> 135
G120: =VLOOKUP($A33,main!$A$3:$H$102,4,FALSE) -> 135
G121: =(VLOOKUP(VLOOKUP(E$1,main!$A$3:$H$102,8,FALSE),main!$K$19:$O$22,MATCH(VLOOKUP($A33,main!$A$3:$H$102,7,FALSE),main!$K$18:$O$18,0))) -> 0 | H121: =VLOOKUP(E$1,main!$A$3:$H$102,8,FALSE) -> Terminal B
H122: =MATCH(VLOOKUP($A33,main!$A$3:$H$102,7,FALSE),main!$K$18:$O$18,0) -> 3

Sheet phi
B1: 0 | C1: 1 | D1: 2 | E1: 3 | F1: 4 | G1: 5 | H1: 6 | I1: 7 | J1: 8 | K1: 9 | L1: 10 | M1: 11 | N1: 12 | O1: 13 | P1: 14 | Q1: 15 | R1: 16 | S1: 17 | T1: 18 | U1: 19 | V1: 20 | W1: 21 | X1: 22 | Y1: 23 | Z1: 24 | AA1: 25 | AB1: 26 | AC1: 27 | AD1: 28 | AE1: 29 | AF1: 30 | AG1: 31 | AH1: 32 | AI1: 33 | AJ1: 34 | AK1: 35 | AL1: 36 | AM1: 37 | AN1: 38 | AO1: 39 | AP1: 40 | AQ1: 41 | AR1: 42 | AS1: 43 | AT1: 44 | AU1: 45 | AV1: 46 | AW1: 47 | AX1: 48 | AY1: 49 | AZ1: 50 | BA1: 51 | BB1: 52 | BC1: 53 | BD1: 54 | BE1: 55 | BF1: 56 | BG1: 57 | BH1: 58 | BI1: 59 | BJ1: 60 | BK1: 61 | BL1: 62 | BM1: 63 | BN1: 64 | BO1: 65 | BP1: 66 | BQ1: 67 | BR1: 68 | BS1: 69 | BT1: 70 | BU1: 71 | BV1: 72 | BW1: 73 | BX1: 74 | BY1: 75 | BZ1: 76 | CA1: 77 | CB1: 78 | CC1: 79 | CD1: 80 | CE1: 81 | CF1: 82 | CG1: 83 | CH1: 84 | CI1: 85 | CJ1: 86 | CK1: 87 | CL1: 88 | CM1: 89 | CN1: 90 | CO1: 91 | CP1: 92 | CQ1: 93 | CR1: 94 | CS1: 95 | CT1: 96 | CU1: 97 | CV1: 98 | CW1: 99 | CX1: 100
A2: 0 | B2: 0 | C2: 0 | D2: 0 | E2: 0 | F2: 0 | G2: 0 | H2: 0 | I2: 0 | J2: 0 | K2: 0 | L2: 0 | M2: 0 | N2: 0 | O2: 0 | P2: 0 | Q2: 0 | R2: 0 | S2: 0 | T2: 0 | U2: 0 | V2: 0 | W2: 0 | X2: 0 | Y2: 0 | Z2: 0 | AA2: 0 | AB2: 0 | AC2: 0 | AD2: 0 | AE2: 0 | AF2: 0 | AG2: 0 | AH2: 0 | AI2: 0 | AJ2: 0 | AK2: 0 | AL2: 0 | AM2: 0 | AN2: 0 | AO2: 0 | AP2: 0 | AQ2: 0 | AR2: 0 | AS2: 0 | AT2: 0 | AU2: 0 | AV2: 0 | AW2: 0 | AX2: 0 | AY2: 0 | AZ2: 0 | BA2: 0 | BB2: 0 | BC2: 0 | BD2: 0 | BE2: 0 | BF2: 0 | BG2: 0 | BH2: 0 | BI2: 0 | BJ2: 0 | BK2: 0 | BL2: 0 | BM2: 0 | BN2: 0 | BO2: 0 | BP2: 0 | BQ2: 0 | BR2: 0 | BS2: 0 | BT2: 0 | BU2: 0 | BV2: 0 | BW2: 0 | BX2: 0 | BY2: 0 | BZ2: 0 | CA2: 0 | CB2: 0 | CC2: 0 | CD2: 0 | CE2: 0 | CF2: 0 | CG2: 0 | CH2: 0 | CI2: 0 | CJ2: 0 | CK2: 0 | CL2: 0 | CM2: 0 | CN2: 0 | CO2: 0 | CP2: 0 | CQ2: 0 | CR2: 0 | CS2: 0 | CT2: 0 | CU2: 0 | CV2: 0 | CW2: 0 | CX2: 0
A3: 1 | B3: 0 | C3: =IF(VLOOKUP(C$1,main!$A$3:$H$102,5,FALSE)-VLOOKUP($A3,main!$A$3:$H$102,6,FALSE)>=main!$D$103+VLOOKUP(VLOOKUP(C$1,main!$A$3:$I$102,7,FALSE),main!$K$26:$Q$29,3,FALSE),1,0) -> 0 | D3: =IF(VLOOKUP(D$1,main!$A$3:$H$102,5,FALSE)-VLOOKUP($A3,main!$A$3:$H$102,6,FALSE)>=main!$D$103+VLOOKUP(VLOOKUP(D$1,main!$A$3:$I$102,7,FALSE),main!$K$26:$Q$29,3,FALSE),1,0) -> 0 | E3: =IF(VLOOKUP(E$1,main!$A$3:$H$102,5,FALSE)-VLOOKUP($A3,main!$A$3:$H$102,6,FALSE)>=main!$D$103+VLOOKUP(VLOOKUP(E$1,main!$A$3:$I$102,7,FALSE),main!$K$26:$Q$29,3,FALSE),1,0) -> 1 | F3: =IF(VLOOKUP(F$1,main!$A$3:$H$102,5,FALSE)-VLOOKUP($A3,main!$A$3:$H$102,6,FALSE)>=main!$D$103+VLOOKUP(VLOOKUP(F$1,main!$A$3:$I$102,7,FALSE),main!$K$26:$Q$29,3,FALSE),1,0) -> 1 | G3: =IF(VLOOKUP(G$1,main!$A$3:$H$102,5,FALSE)-VLOOKUP($A3,main!$A$3:$H$102,6,FALSE)>=main!$D$103+VLOOKUP(VLOOKUP(G$1,main!$A$3:$I$102,7,FALSE),main!$K$26:$Q$29,3,FALSE),1,0) -> 1 | H3: =IF(VLOOKUP(H$1,main!$A$3:$H$102,5,FALSE)-VLOOKUP($A3,main!$A$3:$H$102,6,FALSE)>=main!$D$103+VLOOKUP(VLOOKUP(H$1,main!$A$3:$I$102,7,FALSE),main!$K$26:$Q$29,3,FALSE),1,0) -> 1 | I3: =IF(VLOOKUP(I$1,main!$A$3:$H$102,5,FALSE)-VLOOKUP($A3,main!$A$3:$H$102,6,FALSE)>=main!$D$103+VLOOKUP(VLOOKUP(I$1,main!$A$3:$I$102,7,FALSE),main!$K$26:$Q$29,3,FALSE),1,0) -> 1 | J3: =IF(VLOOKUP(J$1,main!$A$3:$H$102,5,FALSE)-VLOOKUP($A3,main!$A$3:$H$102,6,FALSE)>=main!$D$103+VLOOKUP(VLOOKUP(J$1,main!$A$3:$I$102,7,FALSE),main!$K$26:$Q$29,3,FALSE),1,0) -> 1 | ... CX3: =IF(VLOOKUP(CX$1,main!$A$3:$H$102,5,FALSE)-VLOOKUP($A3,main!$A$3:$H$102,6,FALSE)>=main!$D$103+VLOOKUP(VLOOKUP(CX$1,main!$A$3:$I$102,7,FALSE),main!$K$26:$Q$29,3,FALSE),1,0) -> 1 | CZ3: =IF(VLOOKUP(C$1,main!$A$3:$H$102,5,FALSE)-VLOOKUP($A3,main!$A$3:$H$102,6,FALSE)>=main!$D$103+VLOOKUP(VLOOKUP(C$1,main!$A$3:$I$102,7,FALSE),main!$K$26:$Q$29,3,FALSE),1,0) -> 0
A4: 2 | B4: 0 | C4: =IF(VLOOKUP(C$1,main!$A$3:$H$102,5,FALSE)-VLOOKUP($A4,main!$A$3:$H$102,6,FALSE)>=main!$D$103+VLOOKUP(VLOOKUP(C$1,main!$A$3:$I$102,7,FALSE),main!$K$26:$Q$29,3,FALSE),1,0) -> 0 | D4: =IF(VLOOKUP(D$1,main!$A$3:$H$102,5,FALSE)-VLOOKUP($A4,main!$A$3:$H$102,6,FALSE)>=main!$D$103+VLOOKUP(VLOOKUP(D$1,main!$A$3:$I$102,7,FALSE),main!$K$26:$Q$29,3,FALSE),1,0) -> 0 | E4: =IF(VLOOKUP(E$1,main!$A$3:$H$102,5,FALSE)-VLOOKUP($A4,main!$A$3:$H$102,6,FALSE)>=main!$D$103+VLOOKUP(VLOOKUP(E$1,main!$A$3:$I$102,7,FALSE),main!$K$26:$Q$29,3,FALSE),1,0) -> 0 | F4: =IF(VLOOKUP(F$1,main!$A$3:$H$102,5,FALSE)-VLOOKUP($A4,main!$A$3:$H$102,6,FALSE)>=main!$D$103+VLOOKUP(VLOOKUP(F$1,main!$A$3:$I$102,7,FALSE),main!$K$26:$Q$29,3,FALSE),1,0) -> 0 | G4: =IF(VLOOKUP(G$1,main!$A$3:$H$102,5,FALSE)-VLOOKUP($A4,main!$A$3:$H$102,6,FALSE)>=main!$D$103+VLOOKUP(VLOOKUP(G$1,main!$A$3:$I$102,7,FALSE),main!$K$26:$Q$29,3,FALSE),1,0) -> 1 | H4: =IF(VLOOKUP(H$1,main!$A$3:$H$102,5,FALSE)-VLOOKUP($A4,main!$A$3:$H$102,6,FALSE)>=main!$D$103+VLOOKUP(VLOOKUP(H$1,main!$A$3:$I$102,7,FALSE),main!$K$26:$Q$29,3,FALSE),1,0) -> 1 | I4: =IF(VLOOKUP(I$1,main!$A$3:$H$102,5,FALSE)-VLOOKUP($A4,main!$A$3:$H$102,6,FALSE)>=main!$D$103+VLOOKUP(VLOOKUP(I$1,main!$A$3:$I$102,7,FALSE),main!$K$26:$Q$29,3,FALSE),1,0) -> 1 | J4: =IF(VLOOKUP(J$1,main!$A$3:$H$102,5,FALSE)-VLOOKUP($A4,main!$A$3:$H$102,6,FALSE)>=main!$D$103+VLOOKUP(VLOOKUP(J$1,main!$A$3:$I$102,7,FALSE),main!$K$26:$Q$29,3,FALSE),1,0) -> 1 | ... CX4: =IF(VLOOKUP(CX$1,main!$A$3:$H$102,5,FALSE)-VLOOKUP($A4,main!$A$3:$H$102,6,FALSE)>=main!$D$103+VLOOKUP(VLOOKUP(CX$1,main!$A$3:$I$102,7,FALSE),main!$K$26:$Q$29,3,FALSE),1,0) -> 1 | CZ4: =VLOOKUP(C$1,main!$A$3:$H$102,5,FALSE) -> 430
A5: 3 | B5: 0 | C5: =IF(VLOOKUP(C$1,main!$A$3:$H$102,5,FALSE)-VLOOKUP($A5,main!$A$3:$H$102,6,FALSE)>=main!$D$103+VLOOKUP(VLOOKUP(C$1,main!$A$3:$I$102,7,FALSE),main!$K$26:$Q$29,3,FALSE),1,0) -> 0 | D5: =IF(VLOOKUP(D$1,main!$A$3:$H$102,5,FALSE)-VLOOKUP($A5,main!$A$3:$H$102,6,FALSE)>=main!$D$103+VLOOKUP(VLOOKUP(D$1,main!$A$3:$I$102,7,FALSE),main!$K$26:$Q$29,3,FALSE),1,0) -> 0 | E5: =IF(VLOOKUP(E$1,main!$A$3:$H$102,5,FALSE)-VLOOKUP($A5,main!$A$3:$H$102,6,FALSE)>=main!$D$103+VLOOKUP(VLOOKUP(E$1,main!$A$3:$I$102,7,FALSE),main!$K$26:$Q$29,3,FALSE),1,0) -> 0 | F5: =IF(VLOOKUP(F$1,main!$A$3:$H$102,5,FALSE)-VLOOKUP($A5,main!$A$3:$H$102,6,FALSE)>=main!$D$103+VLOOKUP(VLOOKUP(F$1,main!$A$3:$I$102,7,FALSE),main!$K$26:$Q$29,3,FALSE),1,0) -> 0 | G5: =IF(VLOOKUP(G$1,main!$A$3:$H$102,5,FALSE)-VLOOKUP($A5,main!$A$3:$H$102,6,FALSE)>=main!$D$103+VLOOKUP(VLOOKUP(G$1,main!$A$3:$I$102,7,FALSE),main!$K$26:$Q$29,3,FALSE),1,0) -> 0 | H5: =IF(VLOOKUP(H$1,main!$A$3:$H$102,5,FALSE)-VLOOKUP($A5,main!$A$3:$H$102,6,FALSE)>=main!$D$103+VLOOKUP(VLOOKUP(H$1,main!$A$3:$I$102,7,FALSE),main!$K$26:$Q$29,3,FALSE),1,0) -> 0 | I5: =IF(VLOOKUP(I$1,main!$A$3:$H$102,5,FALSE)-VLOOKUP($A5,main!$A$3:$H$102,6,FALSE)>=main!$D$103+VLOOKUP(VLOOKUP(I$1,main!$A$3:$I$102,7,FALSE),main!$K$26:$Q$29,3,FALSE),1,0) -> 1 | J5: =IF(VLOOKUP(J$1,main!$A$3:$H$102,5,FALSE)-VLOOKUP($A5,main!$A$3:$H$102,6,FALSE)>=main!$D$103+VLOOKUP(VLOOKUP(J$1,main!$A$3:$I$102,7,FALSE),main!$K$26:$Q$29,3,FALSE),1,0) -> 1 | ... CX5: =IF(VLOOKUP(CX$1,main!$A$3:$H$102,5,FALSE)-VLOOKUP($A5,main!$A$3:$H$102,6,FALSE)>=main!$D$103+VLOOKUP(VLOOKUP(CX$1,main!$A$3:$I$102,7,FALSE),main!$K$26:$Q$29,3,FALSE),1,0) -> 1 | CZ5: =VLOOKUP($A3,main!$A$3:$H$102,6,FALSE) -> 565
A6: 4 | B6: 0 | C6: =IF(VLOOKUP(C$1,main!$A$3:$H$102,5,FALSE)-VLOOKUP($A6,main!$A$3:$H$102,6,FALSE)>=main!$D$103+VLOOKUP(VLOOKUP(C$1,main!$A$3:$I$102,7,FALSE),main!$K$26:$Q$29,3,FALSE),1,0) -> 0 | D6: =IF(VLOOKUP(D$1,main!$A$3:$H$102,5,FALSE)-VLOOKUP($A6,main!$A$3:$H$102,6,FALSE)>=main!$D$103+VLOOKUP(VLOOKUP(D$1,main!$A$3:$I$102,7,FALSE),main!$K$26:$Q$29,3,FALSE),1,0) -> 0 | E6: =IF(VLOOKUP(E$1,main!$A$3:$H$102,5,FALSE)-VLOOKUP($A6,main!$A$3:$H$102,6,FALSE)>=main!$D$103+VLOOKUP(VLOOKUP(E$1,main!$A$3:$I$102,7,FALSE),main!$K$26:$Q$29,3,FALSE),1,0) -> 0 | F6: =IF(VLOOKUP(F$1,main!$A$3:$H$102,5,FALSE)-VLOOKUP($A6,main!$A$3:$H$102,6,FALSE)>=main!$D$103+VLOOKUP(VLOOKUP(F$1,main!$A$3:$I$102,7,FALSE),main!$K$26:$Q$29,3,FALSE),1,0) -> 0 | G6: =IF(VLOOKUP(G$1,main!$A$3:$H$102,5,FALSE)-VLOOKUP($A6,main!$A$3:$H$102,6,FALSE)>=main!$D$103+VLOOKUP(VLOOKUP(G$1,main!$A$3:$I$102,7,FALSE),main!$K$26:$Q$29,3,FALSE),1,0) -> 0 | H6: =IF(VLOOKUP(H$1,main!$A$3:$H$102,5,FALSE)-VLOOKUP($A6,main!$A$3:$H$102,6,FALSE)>=main!$D$103+VLOOKUP(VLOOKUP(H$1,main!$A$3:$I$102,7,FALSE),main!$K$26:$Q$29,3,FALSE),1,0) -> 0 | I6: =IF(VLOOKUP(I$1,main!$A$3:$H$102,5,FALSE)-VLOOKUP($A6,main!$A$3:$H$102,6,FALSE)>=main!$D$103+VLOOKUP(VLOOKUP(I$1,main!$A$3:$I$102,7,FALSE),main!$K$26:$Q$29,3,FALSE),1,0) -> 1 | J6: =IF(VLOOKUP(J$1,main!$A$3:$H$102,5,FALSE)-VLOOKUP($A6,main!$A$3:$H$102,6,FALSE)>=main!$D$103+VLOOKUP(VLOOKUP(J$1,main!$A$3:$I$102,7,FALSE),main!$K$26:$Q$29,3,FALSE),1,0) -> 1 | ... CX6: =IF(VLOOKUP(CX$1,main!$A$3:$H$102,5,FALSE)-VLOOKUP($A6,main!$A$3:$H$102,6,FALSE)>=main!$D$103+VLOOKUP(VLOOKUP(CX$1,main!$A$3:$I$102,7,FALSE),main!$K$26:$Q$29,3,FALSE),1,0) -> 1 | CZ6: =main!$D$103 -> 50
A7: 5 | B7: 0 | C7: =IF(VLOOKUP(C$1,main!$A$3:$H$102,5,FALSE)-VLOOKUP($A7,main!$A$3:$H$102,6,FALSE)>=main!$D$103+VLOOKUP(VLOOKUP(C$1,main!$A$3:$I$102,7,FALSE),main!$K$26:$Q$29,3,FALSE),1,0) -> 0 | D7: =IF(VLOOKUP(D$1,main!$A$3:$H$102,5,FALSE)-VLOOKUP($A7,main!$A$3:$H$102,6,FALSE)>=main!$D$103+VLOOKUP(VLOOKUP(D$1,main!$A$3:$I$102,7,FALSE),main!$K$26:$Q$29,3,FALSE),1,0) -> 0 | E7: =IF(VLOOKUP(E$1,main!$A$3:$H$102,5,FALSE)-VLOOKUP($A7,main!$A$3:$H$102,6,FALSE)>=main!$D$103+VLOOKUP(VLOOKUP(E$1,main!$A$3:$I$102,7,FALSE),main!$K$26:$Q$29,3,FALSE),1,0) -> 0 | F7: =IF(VLOOKUP(F$1,main!$A$3:$H$102,5,FALSE)-VLOOKUP($A7,main!$A$3:$H$102,6,FALSE)>=main!$D$103+VLOOKUP(VLOOKUP(F$1,main!$A$3:$I$102,7,FALSE),main!$K$26:$Q$29,3,FALSE),1,0) -> 0 | G7: =IF(VLOOKUP(G$1,main!$A$3:$H$102,5,FALSE)-VLOOKUP($A7,main!$A$3:$H$102,6,FALSE)>=main!$D$103+VLOOKUP(VLOOKUP(G$1,main!$A$3:$I$102,7,FALSE),main!$K$26:$Q$29,3,FALSE),1,0) -> 0 | H7: =IF(VLOOKUP(H$1,main!$A$3:$H$102,5,FALSE)-VLOOKUP($A7,main!$A$3:$H$102,6,FALSE)>=main!$D$103+VLOOKUP(VLOOKUP(H$1,main!$A$3:$I$102,7,FALSE),main!$K$26:$Q$29,3,FALSE),1,0) -> 0 | I7: =IF(VLOOKUP(I$1,main!$A$3:$H$102,5,FALSE)-VLOOKUP($A7,main!$A$3:$H$102,6,FALSE)>=main!$D$103+VLOOKUP(VLOOKUP(I$1,main!$A$3:$I$102,7,FALSE),main!$K$26:$Q$29,3,FALSE),1,0) -> 0 | J7: =IF(VLOOKUP(J$1,main!$A$3:$H$102,5,FALSE)-VLOOKUP($A7,main!$A$3:$H$102,6,FALSE)>=main!$D$103+VLOOKUP(VLOOKUP(J$1,main!$A$3:$I$102,7,FALSE),main!$K$26:$Q$29,3,FALSE),1,0) -> 0 | ... CX7: =IF(VLOOKUP(CX$1,main!$A$3:$H$102,5,FALSE)-VLOOKUP($A7,main!$A$3:$H$102,6,FALSE)>=main!$D$103+VLOOKUP(VLOOKUP(CX$1,main!$A$3:$I$102,7,FALSE),main!$K$26:$Q$29,3,FALSE),1,0) -> 0 | CZ7: =VLOOKUP(VLOOKUP(C$1,main!$A$3:$I$102,7,FALSE),main!$K$26:$Q$29,3,FALSE) -> 30
A8: 6 | B8: 0 | C8: =IF(VLOOKUP(C$1,main!$A$3:$H$102,5,FALSE)-VLOOKUP($A8,main!$A$3:$H$102,6,FALSE)>=main!$D$103+VLOOKUP(VLOOKUP(C$1,main!$A$3:$I$102,7,FALSE),main!$K$26:$Q$29,3,FALSE),1,0) -> 0 | D8: =IF(VLOOKUP(D$1,main!$A$3:$H$102,5,FALSE)-VLOOKUP($A8,main!$A$3:$H$102,6,FALSE)>=main!$D$103+VLOOKUP(VLOOKUP(D$1,main!$A$3:$I$102,7,FALSE),main!$K$26:$Q$29,3,FALSE),1,0) -> 0 | E8: =IF(VLOOKUP(E$1,main!$A$3:$H$102,5,FALSE)-VLOOKUP($A8,main!$A$3:$H$102,6,FALSE)>=main!$D$103+VLOOKUP(VLOOKUP(E$1,main!$A$3:$I$102,7,FALSE),main!$K$26:$Q$29,3,FALSE),1,0) -> 0 | F8: =IF(VLOOKUP(F$1,main!$A$3:$H$102,5,FALSE)-VLOOKUP($A8,main!$A$3:$H$102,6,FALSE)>=main!$D$103+VLOOKUP(VLOOKUP(F$1,main!$A$3:$I$102,7,FALSE),main!$K$26:$Q$29,3,FALSE),1,0) -> 0 | G8: =IF(VLOOKUP(G$1,main!$A$3:$H$102,5,FALSE)-VLOOKUP($A8,main!$A$3:$H$102,6,FALSE)>=main!$D$103+VLOOKUP(VLOOKUP(G$1,main!$A$3:$I$102,7,FALSE),main!$K$26:$Q$29,3,FALSE),1,0) -> 0 | H8: =IF(VLOOKUP(H$1,main!$A$3:$H$102,5,FALSE)-VLOOKUP($A8,main!$A$3:$H$102,6,FALSE)>=main!$D$103+VLOOKUP(VLOOKUP(H$1,main!$A$3:$I$102,7,FALSE),main!$K$26:$Q$29,3,FALSE),1,0) -> 0 | I8: =IF(VLOOKUP(I$1,main!$A$3:$H$102,5,FALSE)-VLOOKUP($A8,main!$A$3:$H$102,6,FALSE)>=main!$D$103+VLOOKUP(VLOOKUP(I$1,main!$A$3:$I$102,7,FALSE),main!$K$26:$Q$29,3,FALSE),1,0) -> 0 | J8: =IF(VLOOKUP(J$1,main!$A$3:$H$102,5,FALSE)-VLOOKUP($A8,main!$A$3:$H$102,6,FALSE)>=main!$D$103+VLOOKUP(VLOOKUP(J$1,main!$A$3:$I$102,7,FALSE),main!$K$26:$Q$29,3,FALSE),1,0) -> 0 | ... CX8: =IF(VLOOKUP(CX$1,main!$A$3:$H$102,5,FALSE)-VLOOKUP($A8,main!$A$3:$H$102,6,FALSE)>=main!$D$103+VLOOKUP(VLOOKUP(CX$1,main!$A$3:$I$102,7,FALSE),main!$K$26:$Q$29,3,FALSE),1,0) -> 0
A9: 7 | B9: 0 | C9: =IF(VLOOKUP(C$1,main!$A$3:$H$102,5,FALSE)-VLOOKUP($A9,main!$A$3:$H$102,6,FALSE)>=main!$D$103+VLOOKUP(VLOOKUP(C$1,main!$A$3:$I$102,7,FALSE),main!$K$26:$Q$29,3,FALSE),1,0) -> 0 | D9: =IF(VLOOKUP(D$1,main!$A$3:$H$102,5,FALSE)-VLOOKUP($A9,main!$A$3:$H$102,6,FALSE)>=main!$D$103+VLOOKUP(VLOOKUP(D$1,main!$A$3:$I$102,7,FALSE),main!$K$26:$Q$29,3,FALSE),1,0) -> 0 | E9: =IF(VLOOKUP(E$1,main!$A$3:$H$102,5,FALSE)-VLOOKUP($A9,main!$A$3:$H$102,6,FALSE)>=main!$D$103+VLOOKUP(VLOOKUP(E$1,main!$A$3:$I$102,7,FALSE),main!$K$26:$Q$29,3,FALSE),1,0) -> 0 | F9: =IF(VLOOKUP(F$1,main!$A$3:$H$102,5,FALSE)-VLOOKUP($A9,main!$A$3:$H$102,6,FALSE)>=main!$D$103+VLOOKUP(VLOOKUP(F$1,main!$A$3:$I$102,7,FALSE),main!$K$26:$Q$29,3,FALSE),1,0) -> 0 | G9: =IF(VLOOKUP(G$1,main!$A$3:$H$102,5,FALSE)-VLOOKUP($A9,main!$A$3:$H$102,6,FALSE)>=main!$D$103+VLOOKUP(VLOOKUP(G$1,main!$A$3:$I$102,7,FALSE),main!$K$26:$Q$29,3,FALSE),1,0) -> 0 | H9: =IF(VLOOKUP(H$1,main!$A$3:$H$102,5,FALSE)-VLOOKUP($A9,main!$A$3:$H$102,6,FALSE)>=main!$D$103+VLOOKUP(VLOOKUP(H$1,main!$A$3:$I$102,7,FALSE),main!$K$26:$Q$29,3,FALSE),1,0) -> 0 | I9: =IF(VLOOKUP(I$1,main!$A$3:$H$102,5,FALSE)-VLOOKUP($A9,main!$A$3:$H$102,6,FALSE)>=main!$D$103+VLOOKUP(VLOOKUP(I$1,main!$A$3:$I$102,7,FALSE),main!$K$26:$Q$29,3,FALSE),1,0) -> 0 | J9: =IF(VLOOKUP(J$1,main!$A$3:$H$102,5,FALSE)-VLOOKUP($A9,main!$A$3:$H$102,6,FALSE)>=main!$D$103+VLOOKUP(VLOOKUP(J$1,main!$A$3:$I$102,7,FALSE),main!$K$26:$Q$29,3,FALSE),1,0) -> 0 | ... CX9: =IF(VLOOKUP(CX$1,main!$A$3:$H$102,5,FALSE)-VLOOKUP($A9,main!$A$3:$H$102,6,FALSE)>=main!$D$103+VLOOKUP(VLOOKUP(CX$1,main!$A$3:$I$102,7,FALSE),main!$K$26:$Q$29,3,FALSE),1,0) -> 0
A10: 8 | B10: 0 | C10: =IF(VLOOKUP(C$1,main!$A$3:$H$102,5,FALSE)-VLOOKUP($A10,main!$A$3:$H$102,6,FALSE)>=main!$D$103+VLOOKUP(VLOOKUP(C$1,main!$A$3:$I$102,7,FALSE),main!$K$26:$Q$29,3,FALSE),1,0) -> 0 | D10: =IF(VLOOKUP(D$1,main!$A$3:$H$102,5,FALSE)-VLOOKUP($A10,main!$A$3:$H$102,6,FALSE)>=main!$D$103+VLOOKUP(VLOOKUP(D$1,main!$A$3:$I$102,7,FALSE),main!$K$26:$Q$29,3,FALSE),1,0) -> 0 | E10: =IF(VLOOKUP(E$1,main!$A$3:$H$102,5,FALSE)-VLOOKUP($A10,main!$A$3:$H$102,6,FALSE)>=main!$D$103+VLOOKUP(VLOOKUP(E$1,main!$A$3:$I$102,7,FALSE),main!$K$26:$Q$29,3,FALSE),1,0) -> 0 | F10: =IF(VLOOKUP(F$1,main!$A$3:$H$102,5,FALSE)-VLOOKUP($A10,main!$A$3:$H$102,6,FALSE)>=main!$D$103+VLOOKUP(VLOOKUP(F$1,main!$A$3:$I$102,7,FALSE),main!$K$26:$Q$29,3,FALSE),1,0) -> 0 | G10: =IF(VLOOKUP(G$1,main!$A$3:$H$102,5,FALSE)-VLOOKUP($A10,main!$A$3:$H$102,6,FALSE)>=main!$D$103+VLOOKUP(VLOOKUP(G$1,main!$A$3:$I$102,7,FALSE),main!$K$26:$Q$29,3,FALSE),1,0) -> 0 | H10: =IF(VLOOKUP(H$1,main!$A$3:$H$102,5,FALSE)-VLOOKUP($A10,main!$A$3:$H$102,6,FALSE)>=main!$D$103+VLOOKUP(VLOOKUP(H$1,main!$A$3:$I$102,7,FALSE),main!$K$26:$Q$29,3,FALSE),1,0) -> 0 | I10: =IF(VLOOKUP(I$1,main!$A$3:$H$102,5,FALSE)-VLOOKUP($A10,main!$A$3:$H$102,6,FALSE)>=main!$D$103+VLOOKUP(VLOOKUP(I$1,main!$A$3:$I$102,7,FALSE),main!$K$26:$Q$29,3,FALSE),1,0) -> 0 | J10: =IF(VLOOKUP(J$1,main!$A$3:$H$102,5,FALSE)-VLOOKUP($A10,main!$A$3:$H$102,6,FALSE)>=main!$D$103+VLOOKUP(VLOOKUP(J$1,main!$A$3:$I$102,7,FALSE),main!$K$26:$Q$29,3,FALSE),1,0) -> 0 | ... CX10: =IF(VLOOKUP(CX$1,main!$A$3:$H$102,5,FALSE)-VLOOKUP($A10,main!$A$3:$H$102,6,FALSE)>=main!$D$103+VLOOKUP(VLOOKUP(CX$1,main!$A$3:$I$102,7,FALSE),main!$K$26:$Q$29,3,FALSE),1,0) -> 0
A11: 9 | B11: 0 | C11: =IF(VLOOKUP(C$1,main!$A$3:$H$102,5,FALSE)-VLOOKUP($A11,main!$A$3:$H$102,6,FALSE)>=main!$D$103+VLOOKUP(VLOOKUP(C$1,main!$A$3:$I$102,7,FALSE),main!$K$26:$Q$29,3,FALSE),1,0) -> 0 | D11: =IF(VLOOKUP(D$1,main!$A$3:$H$102,5,FALSE)-VLOOKUP($A11,main!$A$3:$H$102,6,FALSE)>=main!$D$103+VLOOKUP(VLOOKUP(D$1,main!$A$3:$I$102,7,FALSE),main!$K$26:$Q$29,3,FALSE),1,0) -> 0 | E11: =IF(VLOOKUP(E$1,main!$A$3:$H$102,5,FALSE)-VLOOKUP($A11,main!$A$3:$H$102,6,FALSE)>=main!$D$103+VLOOKUP(VLOOKUP(E$1,main!$A$3:$I$102,7,FALSE),main!$K$26:$Q$29,3,FALSE),1,0) -> 0 | F11: =IF(VLOOKUP(F$1,main!$A$3:$H$102,5,FALSE)-VLOOKUP($A11,main!$A$3:$H$102,6,FALSE)>=main!$D$103+VLOOKUP(VLOOKUP(F$1,main!$A$3:$I$102,7,FALSE),main!$K$26:$Q$29,3,FALSE),1,0) -> 0 | G11: =IF(VLOOKUP(G$1,main!$A$3:$H$102,5,FALSE)-VLOOKUP($A11,main!$A$3:$H$102,6,FALSE)>=main!$D$103+VLOOKUP(VLOOKUP(G$1,main!$A$3:$I$102,7,FALSE),main!$K$26:$Q$29,3,FALSE),1,0) -> 0 | H11: =IF(VLOOKUP(H$1,main!$A$3:$H$102,5,FALSE)-VLOOKUP($A11,main!$A$3:$H$102,6,FALSE)>=main!$D$103+VLOOKUP(VLOOKUP(H$1,main!$A$3:$I$102,7,FALSE),main!$K$26:$Q$29,3,FALSE),1,0) -> 0 | I11: =IF(VLOOKUP(I$1,main!$A$3:$H$102,5,FALSE)-VLOOKUP($A11,main!$A$3:$H$102,6,FALSE)>=main!$D$103+VLOOKUP(VLOOKUP(I$1,main!$A$3:$I$102,7,FALSE),main!$K$26:$Q$29,3,FALSE),1,0) -> 0 | J11: =IF(VLOOKUP(J$1,main!$A$3:$H$102,5,FALSE)-VLOOKUP($A11,main!$A$3:$H$102,6,FALSE)>=main!$D$103+VLOOKUP(VLOOKUP(J$1,main!$A$3:$I$102,7,FALSE),main!$K$26:$Q$29,3,FALSE),1,0) -> 0 | ... CX11: =IF(VLOOKUP(CX$1,main!$A$3:$H$102,5,FALSE)-VLOOKUP($A11,main!$A$3:$H$102,6,FALSE)>=main!$D$103+VLOOKUP(VLOOKUP(CX$1,main!$A$3:$I$102,7,FALSE),main!$K$26:$Q$29,3,FALSE),1,0) -> 0 | CZ11: =IF(VLOOKUP(CX$1,main!$A$3:$H$102,5,FALSE)-VLOOKUP($A3,main!$A$3:$H$102,6,FALSE)>=main!$D$103+VLOOKUP(VLOOKUP(CX$1,main!$A$3:$I$102,7,FALSE),main!$K$26:$Q$29,3,FALSE),1,0) -> 1
A12: 10 | B12: 0 | C12: =IF(VLOOKUP(C$1,main!$A$3:$H$102,5,FALSE)-VLOOKUP($A12,main!$A$3:$H$102,6,FALSE)>=main!$D$103+VLOOKUP(VLOOKUP(C$1,main!$A$3:$I$102,7,FALSE),main!$K$26:$Q$29,3,FALSE),1,0) -> 0 | D12: =IF(VLOOKUP(D$1,main!$A$3:$H$102,5,FALSE)-VLOOKUP($A12,main!$A$3:$H$102,6,FALSE)>=main!$D$103+VLOOKUP(VLOOKUP(D$1,main!$A$3:$I$102,7,FALSE),main!$K$26:$Q$29,3,FALSE),1,0) -> 0 | E12: =IF(VLOOKUP(E$1,main!$A$3:$H$102,5,FALSE)-VLOOKUP($A12,main!$A$3:$H$102,6,FALSE)>=main!$D$103+VLOOKUP(VLOOKUP(E$1,main!$A$3:$I$102,7,FALSE),main!$K$26:$Q$29,3,FALSE),1,0) -> 0 | F12: =IF(VLOOKUP(F$1,main!$A$3:$H$102,5,FALSE)-VLOOKUP($A12,main!$A$3:$H$102,6,FALSE)>=main!$D$103+VLOOKUP(VLOOKUP(F$1,main!$A$3:$I$102,7,FALSE),main!$K$26:$Q$29,3,FALSE),1,0) -> 0 | G12: =IF(VLOOKUP(G$1,main!$A$3:$H$102,5,FALSE)-VLOOKUP($A12,main!$A$3:$H$102,6,FALSE)>=main!$D$103+VLOOKUP(VLOOKUP(G$1,main!$A$3:$I$102,7,FALSE),main!$K$26:$Q$29,3,FALSE),1,0) -> 0 | H12: =IF(VLOOKUP(H$1,main!$A$3:$H$102,5,FALSE)-VLOOKUP($A12,main!$A$3:$H$102,6,FALSE)>=main!$D$103+VLOOKUP(VLOOKUP(H$1,main!$A$3:$I$102,7,FALSE),main!$K$26:$Q$29,3,FALSE),1,0) -> 0 | I12: =IF(VLOOKUP(I$1,main!$A$3:$H$102,5,FALSE)-VLOOKUP($A12,main!$A$3:$H$102,6,FALSE)>=main!$D$103+VLOOKUP(VLOOKUP(I$1,main!$A$3:$I$102,7,FALSE),main!$K$26:$Q$29,3,FALSE),1,0) -> 0 | J12: =IF(VLOOKUP(J$1,main!$A$3:$H$102,5,FALSE)-VLOOKUP($A12,main!$A$3:$H$102,6,FALSE)>=main!$D$103+VLOOKUP(VLOOKUP(J$1,main!$A$3:$I$102,7,FALSE),main!$K$26:$Q$29,3,FALSE),1,0) -> 0 | ... CX12: =IF(VLOOKUP(CX$1,main!$A$3:$H$102,5,FALSE)-VLOOKUP($A12,main!$A$3:$H$102,6,FALSE)>=main!$D$103+VLOOKUP(VLOOKUP(CX$1,main!$A$3:$I$102,7,FALSE),main!$K$26:$Q$29,3,FALSE),1,0) -> 0 | CZ12: =VLOOKUP(CX$1,main!$A$3:$H$102,5,FALSE) -> 1005
A13: 11 | B13: 0 | C13: =IF(VLOOKUP(C$1,main!$A$3:$H$102,5,FALSE)-VLOOKUP($A13,main!$A$3:$H$102,6,FALSE)>=main!$D$103+VLOOKUP(VLOOKUP(C$1,main!$A$3:$I$102,7,FALSE),main!$K$26:$Q$29,3,FALSE),1,0) -> 0 | D13: =IF(VLOOKUP(D$1,main!$A$3:$H$102,5,FALSE)-VLOOKUP($A13,main!$A$3:$H$102,6,FALSE)>=main!$D$103+VLOOKUP(VLOOKUP(D$1,main!$A$3:$I$102,7,FALSE),main!$K$26:$Q$29,3,FALSE),1,0) -> 0 | E13: =IF(VLOOKUP(E$1,main!$A$3:$H$102,5,FALSE)-VLOOKUP($A13,main!$A$3:$H$102,6,FALSE)>=main!$D$103+VLOOKUP(VLOOKUP(E$1,main!$A$3:$I$102,7,FALSE),main!$K$26:$Q$29,3,FALSE),1,0) -> 0 | F13: =IF(VLOOKUP(F$1,main!$A$3:$H$102,5,FALSE)-VLOOKUP($A13,main!$A$3:$H$102,6,FALSE)>=main!$D$103+VLOOKUP(VLOOKUP(F$1,main!$A$3:$I$102,7,FALSE),main!$K$26:$Q$29,3,FALSE),1,0) -> 0 | G13: =IF(VLOOKUP(G$1,main!$A$3:$H$102,5,FALSE)-VLOOKUP($A13,main!$A$3:$H$102,6,FALSE)>=main!$D$103+VLOOKUP(VLOOKUP(G$1,main!$A$3:$I$102,7,FALSE),main!$K$26:$Q$29,3,FALSE),1,0) -> 1 | H13: =IF(VLOOKUP(H$1,main!$A$3:$H$102,5,FALSE)-VLOOKUP($A13,main!$A$3:$H$102,6,FALSE)>=main!$D$103+VLOOKUP(VLOOKUP(H$1,main!$A$3:$I$102,7,FALSE),main!$K$26:$Q$29,3,FALSE),1,0) -> 1 | I13: =IF(VLOOKUP(I$1,main!$A$3:$H$102,5,FALSE)-VLOOKUP($A13,main!$A$3:$H$102,6,FALSE)>=main!$D$103+VLOOKUP(VLOOKUP(I$1,main!$A$3:$I$102,7,FALSE),main!$K$26:$Q$29,3,FALSE),1,0) -> 1 | J13: =IF(VLOOKUP(J$1,main!$A$3:$H$102,5,FALSE)-VLOOKUP($A13,main!$A$3:$H$102,6,FALSE)>=main!$D$103+VLOOKUP(VLOOKUP(J$1,main!$A$3:$I$102,7,FALSE),main!$K$26:$Q$29,3,FALSE),1,0) -> 1 | ... CX13: =IF(VLOOKUP(CX$1,main!$A$3:$H$102,5,FALSE)-VLOOKUP($A13,main!$A$3:$H$102,6,FALSE)>=main!$D$103+VLOOKUP(VLOOKUP(CX$1,main!$A$3:$I$102,7,FALSE),main!$K$26:$Q$29,3,FALSE),1,0) -> 1 | CZ13: =VLOOKUP($A3,main!$A$3:$H$102,6,FALSE) -> 565
A14: 12 | B14: 0 | C14: =IF(VLOOKUP(C$1,main!$A$3:$H$102,5,FALSE)-VLOOKUP($A14,main!$A$3:$H$102,6,FALSE)>=main!$D$103+VLOOKUP(VLOOKUP(C$1,main!$A$3:$I$102,7,FALSE),main!$K$26:$Q$29,3,FALSE),1,0) -> 0 | D14: =IF(VLOOKUP(D$1,main!$A$3:$H$102,5,FALSE)-VLOOKUP($A14,main!$A$3:$H$102,6,FALSE)>=main!$D$103+VLOOKUP(VLOOKUP(D$1,main!$A$3:$I$102,7,FALSE),main!$K$26:$Q$29,3,FALSE),1,0) -> 0 | E14: =IF(VLOOKUP(E$1,main!$A$3:$H$102,5,FALSE)-VLOOKUP($A14,main!$A$3:$H$102,6,FALSE)>=main!$D$103+VLOOKUP(VLOOKUP(E$1,main!$A$3:$I$102,7,FALSE),main!$K$26:$Q$29,3,FALSE),1,0) -> 0 | F14: =IF(VLOOKUP(F$1,main!$A$3:$H$102,5,FALSE)-VLOOKUP($A14,main!$A$3:$H$102,6,FALSE)>=main!$D$103+VLOOKUP(VLOOKUP(F$1,main!$A$3:$I$102,7,FALSE),main!$K$26:$Q$29,3,FALSE),1,0) -> 0 | G14: =IF(VLOOKUP(G$1,main!$A$3:$H$102,5,FALSE)-VLOOKUP($A14,main!$A$3:$H$102,6,FALSE)>=main!$D$103+VLOOKUP(VLOOKUP(G$1,main!$A$3:$I$102,7,FALSE),main!$K$26:$Q$29,3,FALSE),1,0) -> 1 | H14: =IF(VLOOKUP(H$1,main!$A$3:$H$102,5,FALSE)-VLOOKUP($A14,main!$A$3:$H$102,6,FALSE)>=main!$D$103+VLOOKUP(VLOOKUP(H$1,main!$A$3:$I$102,7,FALSE),main!$K$26:$Q$29,3,FALSE),1,0) -> 1 | I14: =IF(VLOOKUP(I$1,main!$A$3:$H$102,5,FALSE)-VLOOKUP($A14,main!$A$3:$H$102,6,FALSE)>=main!$D$103+VLOOKUP(VLOOKUP(I$1,main!$A$3:$I$102,7,FALSE),main!$K$26:$Q$29,3,FALSE),1,0) -> 1 | J14: =IF(VLOOKUP(J$1,main!$A$3:$H$102,5,FALSE)-VLOOKUP($A14,main!$A$3:$H$102,6,FALSE)>=main!$D$103+VLOOKUP(VLOOKUP(J$1,main!$A$3:$I$102,7,FALSE),main!$K$26:$Q$29,3,FALSE),1,0) -> 1 | ... CX14: =IF(VLOOKUP(CX$1,main!$A$3:$H$102,5,FALSE)-VLOOKUP($A14,main!$A$3:$H$102,6,FALSE)>=main!$D$103+VLOOKUP(VLOOKUP(CX$1,main!$A$3:$I$102,7,FALSE),main!$K$26:$Q$29,3,FALSE),1,0) -> 1 | CZ14: =main!$D$103 -> 50
A15: 13 | B15: 0 | C15: =IF(VLOOKUP(C$1,main!$A$3:$H$102,5,FALSE)-VLOOKUP($A15,main!$A$3:$H$102,6,FALSE)>=main!$D$103+VLOOKUP(VLOOKUP(C$1,main!$A$3:$I$102,7,FALSE),main!$K$26:$Q$29,3,FALSE),1,0) -> 0 | D15: =IF(VLOOKUP(D$1,main!$A$3:$H$102,5,FALSE)-VLOOKUP($A15,main!$A$3:$H$102,6,FALSE)>=main!$D$103+VLOOKUP(VLOOKUP(D$1,main!$A$3:$I$102,7,FALSE),main!$K$26:$Q$29,3,FALSE),1,0) -> 0 | E15: =IF(VLOOKUP(E$1,main!$A$3:$H$102,5,FALSE)-VLOOKUP($A15,main!$A$3:$H$102,6,FALSE)>=main!$D$103+VLOOKUP(VLOOKUP(E$1,main!$A$3:$I$102,7,FALSE),main!$K$26:$Q$29,3,FALSE),1,0) -> 0 | F15: =IF(VLOOKUP(F$1,main!$A$3:$H$102,5,FALSE)-VLOOKUP($A15,main!$A$3:$H$102,6,FALSE)>=main!$D$103+VLOOKUP(VLOOKUP(F$1,main!$A$3:$I$102,7,FALSE),main!$K$26:$Q$29,3,FALSE),1,0) -> 0 | G15: =IF(VLOOKUP(G$1,main!$A$3:$H$102,5,FALSE)-VLOOKUP($A15,main!$A$3:$H$102,6,FALSE)>=main!$D$103+VLOOKUP(VLOOKUP(G$1,main!$A$3:$I$102,7,FALSE),main!$K$26:$Q$29,3,FALSE),1,0) -> 1 | H15: =IF(VLOOKUP(H$1,main!$A$3:$H$102,5,FALSE)-VLOOKUP($A15,main!$A$3:$H$102,6,FALSE)>=main!$D$103+VLOOKUP(VLOOKUP(H$1,main!$A$3:$I$102,7,FALSE),main!$K$26:$Q$29,3,FALSE),1,0) -> 1 | I15: =IF(VLOOKUP(I$1,main!$A$3:$H$102,5,FALSE)-VLOOKUP($A15,main!$A$3:$H$102,6,FALSE)>=main!$D$103+VLOOKUP(VLOOKUP(I$1,main!$A$3:$I$102,7,FALSE),main!$K$26:$Q$29,3,FALSE),1,0) -> 1 | J15: =IF(VLOOKUP(J$1,main!$A$3:$H$102,5,FALSE)-VLOOKUP($A15,main!$A$3:$H$102,6,FALSE)>=main!$D$103+VLOOKUP(VLOOKUP(J$1,main!$A$3:$I$102,7,FALSE),main!$K$26:$Q$29,3,FALSE),1,0) -> 1 | ... CX15: =IF(VLOOKUP(CX$1,main!$A$3:$H$102,5,FALSE)-VLOOKUP($A15,main!$A$3:$H$102,6,FALSE)>=main!$D$103+VLOOKUP(VLOOKUP(CX$1,main!$A$3:$I$102,7,FALSE),main!$K$26:$Q$29,3,FALSE),1,0) -> 1 | CZ15: =VLOOKUP(VLOOKUP(CX$1,main!$A$3:$I$102,7,FALSE),main!$K$26:$Q$29,3,FALSE) -> 30
A16: 14 | B16: 0 | C16: =IF(VLOOKUP(C$1,main!$A$3:$H$102,5,FALSE)-VLOOKUP($A16,main!$A$3:$H$102,6,FALSE)>=main!$D$103+VLOOKUP(VLOOKUP(C$1,main!$A$3:$I$102,7,FALSE),main!$K$26:$Q$29,3,FALSE),1,0) -> 0 | D16: =IF(VLOOKUP(D$1,main!$A$3:$H$102,5,FALSE)-VLOOKUP($A16,main!$A$3:$H$102,6,FALSE)>=main!$D$103+VLOOKUP(VLOOKUP(D$1,main!$A$3:$I$102,7,FALSE),main!$K$26:$Q$29,3,FALSE),1,0) -> 0 | E16: =IF(VLOOKUP(E$1,main!$A$3:$H$102,5,FALSE)-VLOOKUP($A16,main!$A$3:$H$102,6,FALSE)>=main!$D$103+VLOOKUP(VLOOKUP(E$1,main!$A$3:$I$102,7,FALSE),main!$K$26:$Q$29,3,FALSE),1,0) -> 0 | F16: =IF(VLOOKUP(F$1,main!$A$3:$H$102,5,FALSE)-VLOOKUP($A16,main!$A$3:$H$102,6,FALSE)>=main!$D$103+VLOOKUP(VLOOKUP(F$1,main!$A$3:$I$102,7,FALSE),main!$K$26:$Q$29,3,FALSE),1,0) -> 0 | G16: =IF(VLOOKUP(G$1,main!$A$3:$H$102,5,FALSE)-VLOOKUP($A16,main!$A$3:$H$102,6,FALSE)>=main!$D$103+VLOOKUP(VLOOKUP(G$1,main!$A$3:$I$102,7,FALSE),main!$K$26:$Q$29,3,FALSE),1,0) -> 0 | H16: =IF(VLOOKUP(H$1,main!$A$3:$H$102,5,FALSE)-VLOOKUP($A16,main!$A$3:$H$102,6,FALSE)>=main!$D$103+VLOOKUP(VLOOKUP(H$1,main!$A$3:$I$102,7,FALSE),main!$K$26:$Q$29,3,FALSE),1,0) -> 1 | I16: =IF(VLOOKUP(I$1,main!$A$3:$H$102,5,FALSE)-VLOOKUP($A16,main!$A$3:$H$102,6,FALSE)>=main!$D$103+VLOOKUP(VLOOKUP(I$1,main!$A$3:$I$102,7,FALSE),main!$K$26:$Q$29,3,FALSE),1,0) -> 1 | J16: =IF(VLOOKUP(J$1,main!$A$3:$H$102,5,FALSE)-VLOOKUP($A16,main!$A$3:$H$102,6,FALSE)>=main!$D$103+VLOOKUP(VLOOKUP(J$1,main!$A$3:$I$102,7,FALSE),main!$K$26:$Q$29,3,FALSE),1,0) -> 1 | ... CX16: =IF(VLOOKUP(CX$1,main!$A$3:$H$102,5,FALSE)-VLOOKUP($A16,main!$A$3:$H$102,6,FALSE)>=main!$D$103+VLOOKUP(VLOOKUP(CX$1,main!$A$3:$I$102,7,FALSE),main!$K$26:$Q$29,3,FALSE),1,0) -> 1
A17: 15 | B17: 0 | C17: =IF(VLOOKUP(C$1,main!$A$3:$H$102,5,FALSE)-VLOOKUP($A17,main!$A$3:$H$102,6,FALSE)>=main!$D$103+VLOOKUP(VLOOKUP(C$1,main!$A$3:$I$102,7,FALSE),main!$K$26:$Q$29,3,FALSE),1,0) -> 0 | D17: =IF(VLOOKUP(D$1,main!$A$3:$H$102,5,FALSE)-VLOOKUP($A17,main!$A$3:$H$102,6,FALSE)>=main!$D$103+VLOOKUP(VLOOKUP(D$1,main!$A$3:$I$102,7,FALSE),main!$K$26:$Q$29,3,FALSE),1,0) -> 0 | E17: =IF(VLOOKUP(E$1,main!$A$3:$H$102,5,FALSE)-VLOOKUP($A17,main!$A$3:$H$102,6,FALSE)>=main!$D$103+VLOOKUP(VLOOKUP(E$1,main!$A$3:$I$102,7,FALSE),main!$K$26:$Q$29,3,FALSE),1,0) -> 0 | F17: =IF(VLOOKUP(F$1,main!$A$3:$H$102,5,FALSE)-VLOOKUP($A17,main!$A$3:$H$102,6,FALSE)>=main!$D$103+VLOOKUP(VLOOKUP(F$1,main!$A$3:$I$102,7,FALSE),main!$K$26:$Q$29,3,FALSE),1,0) -> 0 | G17: =IF(VLOOKUP(G$1,main!$A$3:$H$102,5,FALSE)-VLOOKUP($A17,main!$A$3:$H$102,6,FALSE)>=main!$D$103+VLOOKUP(VLOOKUP(G$1,main!$A$3:$I$102,7,FALSE),main!$K$26:$Q$29,3,FALSE),1,0) -> 0 | H17: =IF(VLOOKUP(H$1,main!$A$3:$H$102,5,FALSE)-VLOOKUP($A17,main!$A$3:$H$102,6,FALSE)>=main!$D$103+VLOOKUP(VLOOKUP(H$1,main!$A$3:$I$102,7,FALSE),main!$K$26:$Q$29,3,FALSE),1,0) -> 0 | I17: =IF(VLOOKUP(I$1,main!$A$3:$H$102,5,FALSE)-VLOOKUP($A17,main!$A$3:$H$102,6,FALSE)>=main!$D$103+VLOOKUP(VLOOKUP(I$1,main!$A$3:$I$102,7,FALSE),main!$K$26:$Q$29,3,FALSE),1,0) -> 1 | J17: =IF(VLOOKUP(J$1,main!$A$3:$H$102,5,FALSE)-VLOOKUP($A17,main!$A$3:$H$102,6,FALSE)>=main!$D$103+VLOOKUP(VLOOKUP(J$1,main!$A$3:$I$102,7,FALSE),main!$K$26:$Q$29,3,FALSE),1,0) -> 1 | ... CX17: =IF(VLOOKUP(CX$1,main!$A$3:$H$102,5,FALSE)-VLOOKUP($A17,main!$A$3:$H$102,6,FALSE)>=main!$D$103+VLOOKUP(VLOOKUP(CX$1,main!$A$3:$I$102,7,FALSE),main!$K$26:$Q$29,3,FALSE),1,0) -> 1 | CZ17: =IF(VLOOKUP(CW$1,main!$A$3:$H$102,5,FALSE)-VLOOKUP($A13,main!$A$3:$H$102,6,FALSE)>=main!$D$103+VLOOKUP(VLOOKUP(CW$1,main!$A$3:$I$102,7,FALSE),main!$K$26:$Q$29,3,FALSE),1,0) -> 1
A18: 16 | B18: 0 | C18: =IF(VLOOKUP(C$1,main!$A$3:$H$102,5,FALSE)-VLOOKUP($A18,main!$A$3:$H$102,6,FALSE)>=main!$D$103+VLOOKUP(VLOOKUP(C$1,main!$A$3:$I$102,7,FALSE),main!$K$26:$Q$29,3,FALSE),1,0) -> 0 | D18: =IF(VLOOKUP(D$1,main!$A$3:$H$102,5,FALSE)-VLOOKUP($A18,main!$A$3:$H$102,6,FALSE)>=main!$D$103+VLOOKUP(VLOOKUP(D$1,main!$A$3:$I$102,7,FALSE),main!$K$26:$Q$29,3,FALSE),1,0) -> 0 | E18: =IF(VLOOKUP(E$1,main!$A$3:$H$102,5,FALSE)-VLOOKUP($A18,main!$A$3:$H$102,6,FALSE)>=main!$D$103+VLOOKUP(VLOOKUP(E$1,main!$A$3:$I$102,7,FALSE),main!$K$26:$Q$29,3,FALSE),1,0) -> 0 | F18: =IF(VLOOKUP(F$1,main!$A$3:$H$102,5,FALSE)-VLOOKUP($A18,main!$A$3:$H$102,6,FALSE)>=main!$D$103+VLOOKUP(VLOOKUP(F$1,main!$A$3:$I$102,7,FALSE),main!$K$26:$Q$29,3,FALSE),1,0) -> 0 | G18: =IF(VLOOKUP(G$1,main!$A$3:$H$102,5,FALSE)-VLOOKUP($A18,main!$A$3:$H$102,6,FALSE)>=main!$D$103+VLOOKUP(VLOOKUP(G$1,main!$A$3:$I$102,7,FALSE),main!$K$26:$Q$29,3,FALSE),1,0) -> 0 | H18: =IF(VLOOKUP(H$1,main!$A$3:$H$102,5,FALSE)-VLOOKUP($A18,main!$A$3:$H$102,6,FALSE)>=main!$D$103+VLOOKUP(VLOOKUP(H$1,main!$A$3:$I$102,7,FALSE),main!$K$26:$Q$29,3,FALSE),1,0) -> 0 | I18: =IF(VLOOKUP(I$1,main!$A$3:$H$102,5,FALSE)-VLOOKUP($A18,main!$A$3:$H$102,6,FALSE)>=main!$D$103+VLOOKUP(VLOOKUP(I$1,main!$A$3:$I$102,7,FALSE),main!$K$26:$Q$29,3,FALSE),1,0) -> 0 | J18: =IF(VLOOKUP(J$1,main!$A$3:$H$102,5,FALSE)-VLOOKUP($A18,main!$A$3:$H$102,6,FALSE)>=main!$D$103+VLOOKUP(VLOOKUP(J$1,main!$A$3:$I$102,7,FALSE),main!$K$26:$Q$29,3,FALSE),1,0) -> 1 | ... CX18: =IF(VLOOKUP(CX$1,main!$A$3:$H$102,5,FALSE)-VLOOKUP($A18,main!$A$3:$H$102,6,FALSE)>=main!$D$103+VLOOKUP(VLOOKUP(CX$1,main!$A$3:$I$102,7,FALSE),main!$K$26:$Q$29,3,FALSE),1,0) -> 0 | CZ18: =VLOOKUP(CW$1,main!$A$3:$H$102,5,FALSE) -> 965
A19: 17 | B19: 0 | C19: =IF(VLOOKUP(C$1,main!$A$3:$H$102,5,FALSE)-VLOOKUP($A19,main!$A$3:$H$102,6,FALSE)>=main!$D$103+VLOOKUP(VLOOKUP(C$1,main!$A$3:$I$102,7,FALSE),main!$K$26:$Q$29,3,FALSE),1,0) -> 0 | D19: =IF(VLOOKUP(D$1,main!$A$3:$H$102,5,FALSE)-VLOOKUP($A19,main!$A$3:$H$102,6,FALSE)>=main!$D$103+VLOOKUP(VLOOKUP(D$1,main!$A$3:$I$102,7,FALSE),main!$K$26:$Q$29,3,FALSE),1,0) -> 0 | E19: =IF(VLOOKUP(E$1,main!$A$3:$H$102,5,FALSE)-VLOOKUP($A19,main!$A$3:$H$102,6,FALSE)>=main!$D$103+VLOOKUP(VLOOKUP(E$1,main!$A$3:$I$102,7,FALSE),main!$K$26:$Q$29,3,FALSE),1,0) -> 0 | F19: =IF(VLOOKUP(F$1,main!$A$3:$H$102,5,FALSE)-VLOOKUP($A19,main!$A$3:$H$102,6,FALSE)>=main!$D$103+VLOOKUP(VLOOKUP(F$1,main!$A$3:$I$102,7,FALSE),main!$K$26:$Q$29,3,FALSE),1,0) -> 0 | G19: =IF(VLOOKUP(G$1,main!$A$3:$H$102,5,FALSE)-VLOOKUP($A19,main!$A$3:$H$102,6,FALSE)>=main!$D$103+VLOOKUP(VLOOKUP(G$1,main!$A$3:$I$102,7,FALSE),main!$K$26:$Q$29,3,FALSE),1,0) -> 0 | H19: =IF(VLOOKUP(H$1,main!$A$3:$H$102,5,FALSE)-VLOOKUP($A19,main!$A$3:$H$102,6,FALSE)>=main!$D$103+VLOOKUP(VLOOKUP(H$1,main!$A$3:$I$102,7,FALSE),main!$K$26:$Q$29,3,FALSE),1,0) -> 0 | I19: =IF(VLOOKUP(I$1,main!$A$3:$H$102,5,FALSE)-VLOOKUP($A19,main!$A$3:$H$102,6,FALSE)>=main!$D$103+VLOOKUP(VLOOKUP(I$1,main!$A$3:$I$102,7,FALSE),main!$K$26:$Q$29,3,FALSE),1,0) -> 0 | J19: =IF(VLOOKUP(J$1,main!$A$3:$H$102,5,FALSE)-VLOOKUP($A19,main!$A$3:$H$102,6,FALSE)>=main!$D$103+VLOOKUP(VLOOKUP(J$1,main!$A$3:$I$102,7,FALSE),main!$K$26:$Q$29,3,FALSE),1,0) -> 0 | ... CX19: =IF(VLOOKUP(CX$1,main!$A$3:$H$102,5,FALSE)-VLOOKUP($A19,main!$A$3:$H$102,6,FALSE)>=main!$D$103+VLOOKUP(VLOOKUP(CX$1,main!$A$3:$I$102,7,FALSE),main!$K$26:$Q$29,3,FALSE),1,0) -> 0 | CZ19: =VLOOKUP($A13,main!$A$3:$H$102,6,FALSE) -> 695
A20: 18 | B20: 0 | C20: =IF(VLOOKUP(C$1,main!$A$3:$H$102,5,FALSE)-VLOOKUP($A20,main!$A$3:$H$102,6,FALSE)>=main!$D$103+VLOOKUP(VLOOKUP(C$1,main!$A$3:$I$102,7,FALSE),main!$K$26:$Q$29,3,FALSE),1,0) -> 0 | D20: =IF(VLOOKUP(D$1,main!$A$3:$H$102,5,FALSE)-VLOOKUP($A20,main!$A$3:$H$102,6,FALSE)>=main!$D$103+VLOOKUP(VLOOKUP(D$1,main!$A$3:$I$102,7,FALSE),main!$K$26:$Q$29,3,FALSE),1,0) -> 0 | E20: =IF(VLOOKUP(E$1,main!$A$3:$H$102,5,FALSE)-VLOOKUP($A20,main!$A$3:$H$102,6,FALSE)>=main!$D$103+VLOOKUP(VLOOKUP(E$1,main!$A$3:$I$102,7,FALSE),main!$K$26:$Q$29,3,FALSE),1,0) -> 0 | F20: =IF(VLOOKUP(F$1,main!$A$3:$H$102,5,FALSE)-VLOOKUP($A20,main!$A$3:$H$102,6,FALSE)>=main!$D$103+VLOOKUP(VLOOKUP(F$1,main!$A$3:$I$102,7,FALSE),main!$K$26:$Q$29,3,FALSE),1,0) -> 0 | G20: =IF(VLOOKUP(G$1,main!$A$3:$H$102,5,FALSE)-VLOOKUP($A20,main!$A$3:$H$102,6,FALSE)>=main!$D$103+VLOOKUP(VLOOKUP(G$1,main!$A$3:$I$102,7,FALSE),main!$K$26:$Q$29,3,FALSE),1,0) -> 0 | H20: =IF(VLOOKUP(H$1,main!$A$3:$H$102,5,FALSE)-VLOOKUP($A20,main!$A$3:$H$102,6,FALSE)>=main!$D$103+VLOOKUP(VLOOKUP(H$1,main!$A$3:$I$102,7,FALSE),main!$K$26:$Q$29,3,FALSE),1,0) -> 0 | I20: =IF(VLOOKUP(I$1,main!$A$3:$H$102,5,FALSE)-VLOOKUP($A20,main!$A$3:$H$102,6,FALSE)>=main!$D$103+VLOOKUP(VLOOKUP(I$1,main!$A$3:$I$102,7,FALSE),main!$K$26:$Q$29,3,FALSE),1,0) -> 0 | J20: =IF(VLOOKUP(J$1,main!$A$3:$H$102,5,FALSE)-VLOOKUP($A20,main!$A$3:$H$102,6,FALSE)>=main!$D$103+VLOOKUP(VLOOKUP(J$1,main!$A$3:$I$102,7,FALSE),main!$K$26:$Q$29,3,FALSE),1,0) -> 0 | ... CX20: =IF(VLOOKUP(CX$1,main!$A$3:$H$102,5,FALSE)-VLOOKUP($A20,main!$A$3:$H$102,6,FALSE)>=main!$D$103+VLOOKUP(VLOOKUP(CX$1,main!$A$3:$I$102,7,FALSE),main!$K$26:$Q$29,3,FALSE),1,0) -> 0 | CZ20: =main!$D$103+VLOOKUP(VLOOKUP(CW$1,main!$A$3:$I$102,7,FALSE),main!$K$26:$Q$29,3,FALSE) -> 80
A21: 19 | B21: 0 | C21: =IF(VLOOKUP(C$1,main!$A$3:$H$102,5,FALSE)-VLOOKUP($A21,main!$A$3:$H$102,6,FALSE)>=main!$D$103+VLOOKUP(VLOOKUP(C$1,main!$A$3:$I$102,7,FALSE),main!$K$26:$Q$29,3,FALSE),1,0) -> 0 | D21: =IF(VLOOKUP(D$1,main!$A$3:$H$102,5,FALSE)-VLOOKUP($A21,main!$A$3:$H$102,6,FALSE)>=main!$D$103+VLOOKUP(VLOOKUP(D$1,main!$A$3:$I$102,7,FALSE),main!$K$26:$Q$29,3,FALSE),1,0) -> 0 | E21: =IF(VLOOKUP(E$1,main!$A$3:$H$102,5,FALSE)-VLOOKUP($A21,main!$A$3:$H$102,6,FALSE)>=main!$D$103+VLOOKUP(VLOOKUP(E$1,main!$A$3:$I$102,7,FALSE),main!$K$26:$Q$29,3,FALSE),1,0) -> 0 | F21: =IF(VLOOKUP(F$1,main!$A$3:$H$102,5,FALSE)-VLOOKUP($A21,main!$A$3:$H$102,6,FALSE)>=main!$D$103+VLOOKUP(VLOOKUP(F$1,main!$A$3:$I$102,7,FALSE),main!$K$26:$Q$29,3,FALSE),1,0) -> 0 | G21: =IF(VLOOKUP(G$1,main!$A$3:$H$102,5,FALSE)-VLOOKUP($A21,main!$A$3:$H$102,6,FALSE)>=main!$D$103+VLOOKUP(VLOOKUP(G$1,main!$A$3:$I$102,7,FALSE),main!$K$26:$Q$29,3,FALSE),1,0) -> 0 | H21: =IF(VLOOKUP(H$1,main!$A$3:$H$102,5,FALSE)-VLOOKUP($A21,main!$A$3:$H$102,6,FALSE)>=main!$D$103+VLOOKUP(VLOOKUP(H$1,main!$A$3:$I$102,7,FALSE),main!$K$26:$Q$29,3,FALSE),1,0) -> 0 | I21: =IF(VLOOKUP(I$1,main!$A$3:$H$102,5,FALSE)-VLOOKUP($A21,main!$A$3:$H$102,6,FALSE)>=main!$D$103+VLOOKUP(VLOOKUP(I$1,main!$A$3:$I$102,7,FALSE),main!$K$26:$Q$29,3,FALSE),1,0) -> 0 | J21: =IF(VLOOKUP(J$1,main!$A$3:$H$102,5,FALSE)-VLOOKUP($A21,main!$A$3:$H$102,6,FALSE)>=main!$D$103+VLOOKUP(VLOOKUP(J$1,main!$A$3:$I$102,7,FALSE),main!$K$26:$Q$29,3,FALSE),1,0) -> 0 | ... CX21: =IF(VLOOKUP(CX$1,main!$A$3:$H$102,5,FALSE)-VLOOKUP($A21,main!$A$3:$H$102,6,FALSE)>=main!$D$103+VLOOKUP(VLOOKUP(CX$1,main!$A$3:$I$102,7,FALSE),main!$K$26:$Q$29,3,FALSE),1,0) -> 0
A22: 20 | B22: 0 | C22: =IF(VLOOKUP(C$1,main!$A$3:$H$102,5,FALSE)-VLOOKUP($A22,main!$A$3:$H$102,6,FALSE)>=main!$D$103+VLOOKUP(VLOOKUP(C$1,main!$A$3:$I$102,7,FALSE),main!$K$26:$Q$29,3,FALSE),1,0) -> 0 | D22: =IF(VLOOKUP(D$1,main!$A$3:$H$102,5,FALSE)-VLOOKUP($A22,main!$A$3:$H$102,6,FALSE)>=main!$D$103+VLOOKUP(VLOOKUP(D$1,main!$A$3:$I$102,7,FALSE),main!$K$26:$Q$29,3,FALSE),1,0) -> 0 | E22: =IF(VLOOKUP(E$1,main!$A$3:$H$102,5,FALSE)-VLOOKUP($A22,main!$A$3:$H$102,6,FALSE)>=main!$D$103+VLOOKUP(VLOOKUP(E$1,main!$A$3:$I$102,7,FALSE),main!$K$26:$Q$29,3,FALSE),1,0) -> 0 | F22: =IF(VLOOKUP(F$1,main!$A$3:$H$102,5,FALSE)-VLOOKUP($A22,main!$A$3:$H$102,6,FALSE)>=main!$D$103+VLOOKUP(VLOOKUP(F$1,main!$A$3:$I$102,7,FALSE),main!$K$26:$Q$29,3,FALSE),1,0) -> 0 | G22: =IF(VLOOKUP(G$1,main!$A$3:$H$102,5,FALSE)-VLOOKUP($A22,main!$A$3:$H$102,6,FALSE)>=main!$D$103+VLOOKUP(VLOOKUP(G$1,main!$A$3:$I$102,7,FALSE),main!$K$26:$Q$29,3,FALSE),1,0) -> 0 | H22: =IF(VLOOKUP(H$1,main!$A$3:$H$102,5,FALSE)-VLOOKUP($A22,main!$A$3:$H$102,6,FALSE)>=main!$D$103+VLOOKUP(VLOOKUP(H$1,main!$A$3:$I$102,7,FALSE),main!$K$26:$Q$29,3,FALSE),1,0) -> 0 | I22: =IF(VLOOKUP(I$1,main!$A$3:$H$102,5,FALSE)-VLOOKUP($A22,main!$A$3:$H$102,6,FALSE)>=main!$D$103+VLOOKUP(VLOOKUP(I$1,main!$A$3:$I$102,7,FALSE),main!$K$26:$Q$29,3,FALSE),1,0) -> 0 | J22: =IF(VLOOKUP(J$1,main!$A$3:$H$102,5,FALSE)-VLOOKUP($A22,main!$A$3:$H$102,6,FALSE)>=main!$D$103+VLOOKUP(VLOOKUP(J$1,main!$A$3:$I$102,7,FALSE),main!$K$26:$Q$29,3,FALSE),1,0) -> 0 | ... CX22: =IF(VLOOKUP(CX$1,main!$A$3:$H$102,5,FALSE)-VLOOKUP($A22,main!$A$3:$H$102,6,FALSE)>=main!$D$103+VLOOKUP(VLOOKUP(CX$1,main!$A$3:$I$102,7,FALSE),main!$K$26:$Q$29,3,FALSE),1,0) -> 0
A23: 21 | B23: 0 | C23: =IF(VLOOKUP(C$1,main!$A$3:$H$102,5,FALSE)-VLOOKUP($A23,main!$A$3:$H$102,6,FALSE)>=main!$D$103+VLOOKUP(VLOOKUP(C$1,main!$A$3:$I$102,7,FALSE),main!$K$26:$Q$29,3,FALSE),1,0) -> 0 | D23: =IF(VLOOKUP(D$1,main!$A$3:$H$102,5,FALSE)-VLOOKUP($A23,main!$A$3:$H$102,6,FALSE)>=main!$D$103+VLOOKUP(VLOOKUP(D$1,main!$A$3:$I$102,7,FALSE),main!$K$26:$Q$29,3,FALSE),1,0) -> 0 | E23: =IF(VLOOKUP(E$1,main!$A$3:$H$102,5,FALSE)-VLOOKUP($A23,main!$A$3:$H$102,6,FALSE)>=main!$D$103+VLOOKUP(VLOOKUP(E$1,main!$A$3:$I$102,7,FALSE),main!$K$26:$Q$29,3,FALSE),1,0) -> 0 | F23: =IF(VLOOKUP(F$1,main!$A$3:$H$102,5,FALSE)-VLOOKUP($A23,main!$A$3:$H$102,6,FALSE)>=main!$D$103+VLOOKUP(VLOOKUP(F$1,main!$A$3:$I$102,7,FALSE),main!$K$26:$Q$29,3,FALSE),1,0) -> 0 | G23: =IF(VLOOKUP(G$1,main!$A$3:$H$102,5,FALSE)-VLOOKUP($A23,main!$A$3:$H$102,6,FALSE)>=main!$D$103+VLOOKUP(VLOOKUP(G$1,main!$A$3:$I$102,7,FALSE),main!$K$26:$Q$29,3,FALSE),1,0) -> 1 | H23: =IF(VLOOKUP(H$1,main!$A$3:$H$102,5,FALSE)-VLOOKUP($A23,main!$A$3:$H$102,6,FALSE)>=main!$D$103+VLOOKUP(VLOOKUP(H$1,main!$A$3:$I$102,7,FALSE),main!$K$26:$Q$29,3,FALSE),1,0) -> 1 | I23: =IF(VLOOKUP(I$1,main!$A$3:$H$102,5,FALSE)-VLOOKUP($A23,main!$A$3:$H$102,6,FALSE)>=main!$D$103+VLOOKUP(VLOOKUP(I$1,main!$A$3:$I$102,7,FALSE),main!$K$26:$Q$29,3,FALSE),1,0) -> 1 | J23: =IF(VLOOKUP(J$1,main!$A$3:$H$102,5,FALSE)-VLOOKUP($A23,main!$A$3:$H$102,6,FALSE)>=main!$D$103+VLOOKUP(VLOOKUP(J$1,main!$A$3:$I$102,7,FALSE),main!$K$26:$Q$29,3,FALSE),1,0) -> 1 | ... CX23: =IF(VLOOKUP(CX$1,main!$A$3:$H$102,5,FALSE)-VLOOKUP($A23,main!$A$3:$H$102,6,FALSE)>=main!$D$103+VLOOKUP(VLOOKUP(CX$1,main!$A$3:$I$102,7,FALSE),main!$K$26:$Q$29,3,FALSE),1,0) -> 1 | CZ23: =IF(VLOOKUP(CX$1,main!$A$3:$H$102,5,FALSE)-VLOOKUP($A25,main!$A$3:$H$102,6,FALSE)>=main!$D$103+VLOOKUP(VLOOKUP(CX$1,main!$A$3:$I$102,7,FALSE),main!$K$26:$Q$29,3,FALSE),1,0) -> 1
A24: 22 | B24: 0 | C24: =IF(VLOOKUP(C$1,main!$A$3:$H$102,5,FALSE)-VLOOKUP($A24,main!$A$3:$H$102,6,FALSE)>=main!$D$103+VLOOKUP(VLOOKUP(C$1,main!$A$3:$I$102,7,FALSE),main!$K$26:$Q$29,3,FALSE),1,0) -> 0 | D24: =IF(VLOOKUP(D$1,main!$A$3:$H$102,5,FALSE)-VLOOKUP($A24,main!$A$3:$H$102,6,FALSE)>=main!$D$103+VLOOKUP(VLOOKUP(D$1,main!$A$3:$I$102,7,FALSE),main!$K$26:$Q$29,3,FALSE),1,0) -> 0 | E24: =IF(VLOOKUP(E$1,main!$A$3:$H$102,5,FALSE)-VLOOKUP($A24,main!$A$3:$H$102,6,FALSE)>=main!$D$103+VLOOKUP(VLOOKUP(E$1,main!$A$3:$I$102,7,FALSE),main!$K$26:$Q$29,3,FALSE),1,0) -> 0 | F24: =IF(VLOOKUP(F$1,main!$A$3:$H$102,5,FALSE)-VLOOKUP($A24,main!$A$3:$H$102,6,FALSE)>=main!$D$103+VLOOKUP(VLOOKUP(F$1,main!$A$3:$I$102,7,FALSE),main!$K$26:$Q$29,3,FALSE),1,0) -> 0 | G24: =IF(VLOOKUP(G$1,main!$A$3:$H$102,5,FALSE)-VLOOKUP($A24,main!$A$3:$H$102,6,FALSE)>=main!$D$103+VLOOKUP(VLOOKUP(G$1,main!$A$3:$I$102,7,FALSE),main!$K$26:$Q$29,3,FALSE),1,0) -> 0 | H24: =IF(VLOOKUP(H$1,main!$A$3:$H$102,5,FALSE)-VLOOKUP($A24,main!$A$3:$H$102,6,FALSE)>=main!$D$103+VLOOKUP(VLOOKUP(H$1,main!$A$3:$I$102,7,FALSE),main!$K$26:$Q$29,3,FALSE),1,0) -> 1 | I24: =IF(VLOOKUP(I$1,main!$A$3:$H$102,5,FALSE)-VLOOKUP($A24,main!$A$3:$H$102,6,FALSE)>=main!$D$103+VLOOKUP(VLOOKUP(I$1,main!$A$3:$I$102,7,FALSE),main!$K$26:$Q$29,3,FALSE),1,0) -> 1 | J24: =IF(VLOOKUP(J$1,main!$A$3:$H$102,5,FALSE)-VLOOKUP($A24,main!$A$3:$H$102,6,FALSE)>=main!$D$103+VLOOKUP(VLOOKUP(J$1,main!$A$3:$I$102,7,FALSE),main!$K$26:$Q$29,3,FALSE),1,0) -> 1 | ... CX24: =IF(VLOOKUP(CX$1,main!$A$3:$H$102,5,FALSE)-VLOOKUP($A24,main!$A$3:$H$102,6,FALSE)>=main!$D$103+VLOOKUP(VLOOKUP(CX$1,main!$A$3:$I$102,7,FALSE),main!$K$26:$Q$29,3,FALSE),1,0) -> 1 | CZ24: =VLOOKUP(CX$1,main!$A$3:$H$102,5,FALSE) -> 1005
A25: 23 | B25: 0 | C25: =IF(VLOOKUP(C$1,main!$A$3:$H$102,5,FALSE)-VLOOKUP($A25,main!$A$3:$H$102,6,FALSE)>=main!$D$103+VLOOKUP(VLOOKUP(C$1,main!$A$3:$I$102,7,FALSE),main!$K$26:$Q$29,3,FALSE),1,0) -> 0 | D25: =IF(VLOOKUP(D$1,main!$A$3:$H$102,5,FALSE)-VLOOKUP($A25,main!$A$3:$H$102,6,FALSE)>=main!$D$103+VLOOKUP(VLOOKUP(D$1,main!$A$3:$I$102,7,FALSE),main!$K$26:$Q$29,3,FALSE),1,0) -> 0 | E25: =IF(VLOOKUP(E$1,main!$A$3:$H$102,5,FALSE)-VLOOKUP($A25,main!$A$3:$H$102,6,FALSE)>=main!$D$103+VLOOKUP(VLOOKUP(E$1,main!$A$3:$I$102,7,FALSE),main!$K$26:$Q$29,3,FALSE),1,0) -> 0 | F25: =IF(VLOOKUP(F$1,main!$A$3:$H$102,5,FALSE)-VLOOKUP($A25,main!$A$3:$H$102,6,FALSE)>=main!$D$103+VLOOKUP(VLOOKUP(F$1,main!$A$3:$I$102,7,FALSE),main!$K$26:$Q$29,3,FALSE),1,0) -> 0 | G25: =IF(VLOOKUP(G$1,main!$A$3:$H$102,5,FALSE)-VLOOKUP($A25,main!$A$3:$H$102,6,FALSE)>=main!$D$103+VLOOKUP(VLOOKUP(G$1,main!$A$3:$I$102,7,FALSE),main!$K$26:$Q$29,3,FALSE),1,0) -> 0 | H25: =IF(VLOOKUP(H$1,main!$A$3:$H$102,5,FALSE)-VLOOKUP($A25,main!$A$3:$H$102,6,FALSE)>=main!$D$103+VLOOKUP(VLOOKUP(H$1,main!$A$3:$I$102,7,FALSE),main!$K$26:$Q$29,3,FALSE),1,0) -> 0 | I25: =IF(VLOOKUP(I$1,main!$A$3:$H$102,5,FALSE)-VLOOKUP($A25,main!$A$3:$H$102,6,FALSE)>=main!$D$103+VLOOKUP(VLOOKUP(I$1,main!$A$3:$I$102,7,FALSE),main!$K$26:$Q$29,3,FALSE),1,0) -> 0 | J25: =IF(VLOOKUP(J$1,main!$A$3:$H$102,5,FALSE)-VLOOKUP($A25,main!$A$3:$H$102,6,FALSE)>=main!$D$103+VLOOKUP(VLOOKUP(J$1,main!$A$3:$I$102,7,FALSE),main!$K$26:$Q$29,3,FALSE),1,0) -> 1 | ... CX25: =IF(VLOOKUP(CX$1,main!$A$3:$H$102,5,FALSE)-VLOOKUP($A25,main!$A$3:$H$102,6,FALSE)>=main!$D$103+VLOOKUP(VLOOKUP(CX$1,main!$A$3:$I$102,7,FALSE),main!$K$26:$Q$29,3,FALSE),1,0) -> 1 | CZ25: =VLOOKUP($A25,main!$A$3:$H$102,6,FALSE) -> 925
A26: 24 | B26: 0 | C26: =IF(VLOOKUP(C$1,main!$A$3:$H$102,5,FALSE)-VLOOKUP($A26,main!$A$3:$H$102,6,FALSE)>=main!$D$103+VLOOKUP(VLOOKUP(C$1,main!$A$3:$I$102,7,FALSE),main!$K$26:$Q$29,3,FALSE),1,0) -> 0 | D26: =IF(VLOOKUP(D$1,main!$A$3:$H$102,5,FALSE)-VLOOKUP($A26,main!$A$3:$H$102,6,FALSE)>=main!$D$103+VLOOKUP(VLOOKUP(D$1,main!$A$3:$I$102,7,FALSE),main!$K$26:$Q$29,3,FALSE),1,0) -> 0 | E26: =IF(VLOOKUP(E$1,main!$A$3:$H$102,5,FALSE)-VLOOKUP($A26,main!$A$3:$H$102,6,FALSE)>=main!$D$103+VLOOKUP(VLOOKUP(E$1,main!$A$3:$I$102,7,FALSE),main!$K$26:$Q$29,3,FALSE),1,0) -> 0 | F26: =IF(VLOOKUP(F$1,main!$A$3:$H$102,5,FALSE)-VLOOKUP($A26,main!$A$3:$H$102,6,FALSE)>=main!$D$103+VLOOKUP(VLOOKUP(F$1,main!$A$3:$I$102,7,FALSE),main!$K$26:$Q$29,3,FALSE),1,0) -> 0 | G26: =IF(VLOOKUP(G$1,main!$A$3:$H$102,5,FALSE)-VLOOKUP($A26,main!$A$3:$H$102,6,FALSE)>=main!$D$103+VLOOKUP(VLOOKUP(G$1,main!$A$3:$I$102,7,FALSE),main!$K$26:$Q$29,3,FALSE),1,0) -> 0 | H26: =IF(VLOOKUP(H$1,main!$A$3:$H$102,5,FALSE)-VLOOKUP($A26,main!$A$3:$H$102,6,FALSE)>=main!$D$103+VLOOKUP(VLOOKUP(H$1,main!$A$3:$I$102,7,FALSE),main!$K$26:$Q$29,3,FALSE),1,0) -> 0 | I26: =IF(VLOOKUP(I$1,main!$A$3:$H$102,5,FALSE)-VLOOKUP($A26,main!$A$3:$H$102,6,FALSE)>=main!$D$103+VLOOKUP(VLOOKUP(I$1,main!$A$3:$I$102,7,FALSE),main!$K$26:$Q$29,3,FALSE),1,0) -> 0 | J26: =IF(VLOOKUP(J$1,main!$A$3:$H$102,5,FALSE)-VLOOKUP($A26,main!$A$3:$H$102,6,FALSE)>=main!$D$103+VLOOKUP(VLOOKUP(J$1,main!$A$3:$I$102,7,FALSE),main!$K$26:$Q$29,3,FALSE),1,0) -> 0 | ... CX26: =IF(VLOOKUP(CX$1,main!$A$3:$H$102,5,FALSE)-VLOOKUP($A26,main!$A$3:$H$102,6,FALSE)>=main!$D$103+VLOOKUP(VLOOKUP(CX$1,main!$A$3:$I$102,7,FALSE),main!$K$26:$Q$29,3,FALSE),1,0) -> 0 | CZ26: =main!$D$103 -> 50
A27: 25 | B27: 0 | C27: =IF(VLOOKUP(C$1,main!$A$3:$H$102,5,FALSE)-VLOOKUP($A27,main!$A$3:$H$102,6,FALSE)>=main!$D$103+VLOOKUP(VLOOKUP(C$1,main!$A$3:$I$102,7,FALSE),main!$K$26:$Q$29,3,FALSE),1,0) -> 0 | D27: =IF(VLOOKUP(D$1,main!$A$3:$H$102,5,FALSE)-VLOOKUP($A27,main!$A$3:$H$102,6,FALSE)>=main!$D$103+VLOOKUP(VLOOKUP(D$1,main!$A$3:$I$102,7,FALSE),main!$K$26:$Q$29,3,FALSE),1,0) -> 0 | E27: =IF(VLOOKUP(E$1,main!$A$3:$H$102,5,FALSE)-VLOOKUP($A27,main!$A$3:$H$102,6,FALSE)>=main!$D$103+VLOOKUP(VLOOKUP(E$1,main!$A$3:$I$102,7,FALSE),main!$K$26:$Q$29,3,FALSE),1,0) -> 0 | F27: =IF(VLOOKUP(F$1,main!$A$3:$H$102,5,FALSE)-VLOOKUP($A27,main!$A$3:$H$102,6,FALSE)>=main!$D$103+VLOOKUP(VLOOKUP(F$1,main!$A$3:$I$102,7,FALSE),main!$K$26:$Q$29,3,FALSE),1,0) -> 0 | G27: =IF(VLOOKUP(G$1,main!$A$3:$H$102,5,FALSE)-VLOOKUP($A27,main!$A$3:$H$102,6,FALSE)>=main!$D$103+VLOOKUP(VLOOKUP(G$1,main!$A$3:$I$102,7,FALSE),main!$K$26:$Q$29,3,FALSE),1,0) -> 0 | H27: =IF(VLOOKUP(H$1,main!$A$3:$H$102,5,FALSE)-VLOOKUP($A27,main!$A$3:$H$102,6,FALSE)>=main!$D$103+VLOOKUP(VLOOKUP(H$1,main!$A$3:$I$102,7,FALSE),main!$K$26:$Q$29,3,FALSE),1,0) -> 0 | I27: =IF(VLOOKUP(I$1,main!$A$3:$H$102,5,FALSE)-VLOOKUP($A27,main!$A$3:$H$102,6,FALSE)>=main!$D$103+VLOOKUP(VLOOKUP(I$1,main!$A$3:$I$102,7,FALSE),main!$K$26:$Q$29,3,FALSE),1,0) -> 0 | J27: =IF(VLOOKUP(J$1,main!$A$3:$H$102,5,FALSE)-VLOOKUP($A27,main!$A$3:$H$102,6,FALSE)>=main!$D$103+VLOOKUP(VLOOKUP(J$1,main!$A$3:$I$102,7,FALSE),main!$K$26:$Q$29,3,FALSE),1,0) -> 0 | ... CX27: =IF(VLOOKUP(CX$1,main!$A$3:$H$102,5,FALSE)-VLOOKUP($A27,main!$A$3:$H$102,6,FALSE)>=main!$D$103+VLOOKUP(VLOOKUP(CX$1,main!$A$3:$I$102,7,FALSE),main!$K$26:$Q$29,3,FALSE),1,0) -> 0
A28: 26 | B28: 0 | C28: =IF(VLOOKUP(C$1,main!$A$3:$H$102,5,FALSE)-VLOOKUP($A28,main!$A$3:$H$102,6,FALSE)>=main!$D$103+VLOOKUP(VLOOKUP(C$1,main!$A$3:$I$102,7,FALSE),main!$K$26:$Q$29,3,FALSE),1,0) -> 0 | D28: =IF(VLOOKUP(D$1,main!$A$3:$H$102,5,FALSE)-VLOOKUP($A28,main!$A$3:$H$102,6,FALSE)>=main!$D$103+VLOOKUP(VLOOKUP(D$1,main!$A$3:$I$102,7,FALSE),main!$K$26:$Q$29,3,FALSE),1,0) -> 0 | E28: =IF(VLOOKUP(E$1,main!$A$3:$H$102,5,FALSE)-VLOOKUP($A28,main!$A$3:$H$102,6,FALSE)>=main!$D$103+VLOOKUP(VLOOKUP(E$1,main!$A$3:$I$102,7,FALSE),main!$K$26:$Q$29,3,FALSE),1,0) -> 1 | F28: =IF(VLOOKUP(F$1,main!$A$3:$H$102,5,FALSE)-VLOOKUP($A28,main!$A$3:$H$102,6,FALSE)>=main!$D$103+VLOOKUP(VLOOKUP(F$1,main!$A$3:$I$102,7,FALSE),main!$K$26:$Q$29,3,FALSE),1,0) -> 1 | G28: =IF(VLOOKUP(G$1,main!$A$3:$H$102,5,FALSE)-VLOOKUP($A28,main!$A$3:$H$102,6,FALSE)>=main!$D$103+VLOOKUP(VLOOKUP(G$1,main!$A$3:$I$102,7,FALSE),main!$K$26:$Q$29,3,FALSE),1,0) -> 1 | H28: =IF(VLOOKUP(H$1,main!$A$3:$H$102,5,FALSE)-VLOOKUP($A28,main!$A$3:$H$102,6,FALSE)>=main!$D$103+VLOOKUP(VLOOKUP(H$1,main!$A$3:$I$102,7,FALSE),main!$K$26:$Q$29,3,FALSE),1,0) -> 1 | I28: =IF(VLOOKUP(I$1,main!$A$3:$H$102,5,FALSE)-VLOOKUP($A28,main!$A$3:$H$102,6,FALSE)>=main!$D$103+VLOOKUP(VLOOKUP(I$1,main!$A$3:$I$102,7,FALSE),main!$K$26:$Q$29,3,FALSE),1,0) -> 1 | J28: =IF(VLOOKUP(J$1,main!$A$3:$H$102,5,FALSE)-VLOOKUP($A28,main!$A$3:$H$102,6,FALSE)>=main!$D$103+VLOOKUP(VLOOKUP(J$1,main!$A$3:$I$102,7,FALSE),main!$K$26:$Q$29,3,FALSE),1,0) -> 1 | ... CX28: =IF(VLOOKUP(CX$1,main!$A$3:$H$102,5,FALSE)-VLOOKUP($A28,main!$A$3:$H$102,6,FALSE)>=main!$D$103+VLOOKUP(VLOOKUP(CX$1,main!$A$3:$I$102,7,FALSE),main!$K$26:$Q$29,3,FALSE),1,0) -> 1
A29: 27 | B29: 0 | C29: =IF(VLOOKUP(C$1,main!$A$3:$H$102,5,FALSE)-VLOOKUP($A29,main!$A$3:$H$102,6,FALSE)>=main!$D$103+VLOOKUP(VLOOKUP(C$1,main!$A$3:$I$102,7,FALSE),main!$K$26:$Q$29,3,FALSE),1,0) -> 0 | D29: =IF(VLOOKUP(D$1,main!$A$3:$H$102,5,FALSE)-VLOOKUP($A29,main!$A$3:$H$102,6,FALSE)>=main!$D$103+VLOOKUP(VLOOKUP(D$1,main!$A$3:$I$102,7,FALSE),main!$K$26:$Q$29,3,FALSE),1,0) -> 0 | E29: =IF(VLOOKUP(E$1,main!$A$3:$H$102,5,FALSE)-VLOOKUP($A29,main!$A$3:$H$102,6,FALSE)>=main!$D$103+VLOOKUP(VLOOKUP(E$1,main!$A$3:$I$102,7,FALSE),main!$K$26:$Q$29,3,FALSE),1,0) -> 1 | F29: =IF(VLOOKUP(F$1,main!$A$3:$H$102,5,FALSE)-VLOOKUP($A29,main!$A$3:$H$102,6,FALSE)>=main!$D$103+VLOOKUP(VLOOKUP(F$1,main!$A$3:$I$102,7,FALSE),main!$K$26:$Q$29,3,FALSE),1,0) -> 1 | G29: =IF(VLOOKUP(G$1,main!$A$3:$H$102,5,FALSE)-VLOOKUP($A29,main!$A$3:$H$102,6,FALSE)>=main!$D$103+VLOOKUP(VLOOKUP(G$1,main!$A$3:$I$102,7,FALSE),main!$K$26:$Q$29,3,FALSE),1,0) -> 1 | H29: =IF(VLOOKUP(H$1,main!$A$3:$H$102,5,FALSE)-VLOOKUP($A29,main!$A$3:$H$102,6,FALSE)>=main!$D$103+VLOOKUP(VLOOKUP(H$1,main!$A$3:$I$102,7,FALSE),main!$K$26:$Q$29,3,FALSE),1,0) -> 1 | I29: =IF(VLOOKUP(I$1,main!$A$3:$H$102,5,FALSE)-VLOOKUP($A29,main!$A$3:$H$102,6,FALSE)>=main!$D$103+VLOOKUP(VLOOKUP(I$1,main!$A$3:$I$102,7,FALSE),main!$K$26:$Q$29,3,FALSE),1,0) -> 1 | J29: =IF(VLOOKUP(J$1,main!$A$3:$H$102,5,FALSE)-VLOOKUP($A29,main!$A$3:$H$102,6,FALSE)>=main!$D$103+VLOOKUP(VLOOKUP(J$1,main!$A$3:$I$102,7,FALSE),main!$K$26:$Q$29,3,FALSE),1,0) -> 1 | ... CX29: =IF(VLOOKUP(CX$1,main!$A$3:$H$102,5,FALSE)-VLOOKUP($A29,main!$A$3:$H$102,6,FALSE)>=main!$D$103+VLOOKUP(VLOOKUP(CX$1,main!$A$3:$I$102,7,FALSE),main!$K$26:$Q$29,3,FALSE),1,0) -> 1
A30: 28 | B30: 0 | C30: =IF(VLOOKUP(C$1,main!$A$3:$H$102,5,FALSE)-VLOOKUP($A30,main!$A$3:$H$102,6,FALSE)>=main!$D$103+VLOOKUP(VLOOKUP(C$1,main!$A$3:$I$102,7,FALSE),main!$K$26:$Q$29,3,FALSE),1,0) -> 0 | D30: =IF(VLOOKUP(D$1,main!$A$3:$H$102,5,FALSE)-VLOOKUP($A30,main!$A$3:$H$102,6,FALSE)>=main!$D$103+VLOOKUP(VLOOKUP(D$1,main!$A$3:$I$102,7,FALSE),main!$K$26:$Q$29,3,FALSE),1,0) -> 0 | E30: =IF(VLOOKUP(E$1,main!$A$3:$H$102,5,FALSE)-VLOOKUP($A30,main!$A$3:$H$102,6,FALSE)>=main!$D$103+VLOOKUP(VLOOKUP(E$1,main!$A$3:$I$102,7,FALSE),main!$K$26:$Q$29,3,FALSE),1,0) -> 0 | F30: =IF(VLOOKUP(F$1,main!$A$3:$H$102,5,FALSE)-VLOOKUP($A30,main!$A$3:$H$102,6,FALSE)>=main!$D$103+VLOOKUP(VLOOKUP(F$1,main!$A$3:$I$102,7,FALSE),main!$K$26:$Q$29,3,FALSE),1,0) -> 0 | G30: =IF(VLOOKUP(G$1,main!$A$3:$H$102,5,FALSE)-VLOOKUP($A30,main!$A$3:$H$102,6,FALSE)>=main!$D$103+VLOOKUP(VLOOKUP(G$1,main!$A$3:$I$102,7,FALSE),main!$K$26:$Q$29,3,FALSE),1,0) -> 0 | H30: =IF(VLOOKUP(H$1,main!$A$3:$H$102,5,FALSE)-VLOOKUP($A30,main!$A$3:$H$102,6,FALSE)>=main!$D$103+VLOOKUP(VLOOKUP(H$1,main!$A$3:$I$102,7,FALSE),main!$K$26:$Q$29,3,FALSE),1,0) -> 0 | I30: =IF(VLOOKUP(I$1,main!$A$3:$H$102,5,FALSE)-VLOOKUP($A30,main!$A$3:$H$102,6,FALSE)>=main!$D$103+VLOOKUP(VLOOKUP(I$1,main!$A$3:$I$102,7,FALSE),main!$K$26:$Q$29,3,FALSE),1,0) -> 1 | J30: =IF(VLOOKUP(J$1,main!$A$3:$H$102,5,FALSE)-VLOOKUP($A30,main!$A$3:$H$102,6,FALSE)>=main!$D$103+VLOOKUP(VLOOKUP(J$1,main!$A$3:$I$102,7,FALSE),main!$K$26:$Q$29,3,FALSE),1,0) -> 1 | ... CX30: =IF(VLOOKUP(CX$1,main!$A$3:$H$102,5,FALSE)-VLOOKUP($A30,main!$A$3:$H$102,6,FALSE)>=main!$D$103+VLOOKUP(VLOOKUP(CX$1,main!$A$3:$I$102,7,FALSE),main!$K$26:$Q$29,3,FALSE),1,0) -> 1
A31: 29 | B31: 0 | C31: =IF(VLOOKUP(C$1,main!$A$3:$H$102,5,FALSE)-VLOOKUP($A31,main!$A$3:$H$102,6,FALSE)>=main!$D$103+VLOOKUP(VLOOKUP(C$1,main!$A$3:$I$102,7,FALSE),main!$K$26:$Q$29,3,FALSE),1,0) -> 0 | D31: =IF(VLOOKUP(D$1,main!$A$3:$H$102,5,FALSE)-VLOOKUP($A31,main!$A$3:$H$102,6,FALSE)>=main!$D$103+VLOOKUP(VLOOKUP(D$1,main!$A$3:$I$102,7,FALSE),main!$K$26:$Q$29,3,FALSE),1,0) -> 0 | E31: =IF(VLOOKUP(E$1,main!$A$3:$H$102,5,FALSE)-VLOOKUP($A31,main!$A$3:$H$102,6,FALSE)>=main!$D$103+VLOOKUP(VLOOKUP(E$1,main!$A$3:$I$102,7,FALSE),main!$K$26:$Q$29,3,FALSE),1,0) -> 0 | F31: =IF(VLOOKUP(F$1,main!$A$3:$H$102,5,FALSE)-VLOOKUP($A31,main!$A$3:$H$102,6,FALSE)>=main!$D$103+VLOOKUP(VLOOKUP(F$1,main!$A$3:$I$102,7,FALSE),main!$K$26:$Q$29,3,FALSE),1,0) -> 0 | G31: =IF(VLOOKUP(G$1,main!$A$3:$H$102,5,FALSE)-VLOOKUP($A31,main!$A$3:$H$102,6,FALSE)>=main!$D$103+VLOOKUP(VLOOKUP(G$1,main!$A$3:$I$102,7,FALSE),main!$K$26:$Q$29,3,FALSE),1,0) -> 0 | H31: =IF(VLOOKUP(H$1,main!$A$3:$H$102,5,FALSE)-VLOOKUP($A31,main!$A$3:$H$102,6,FALSE)>=main!$D$103+VLOOKUP(VLOOKUP(H$1,main!$A$3:$I$102,7,FALSE),main!$K$26:$Q$29,3,FALSE),1,0) -> 0 | I31: =IF(VLOOKUP(I$1,main!$A$3:$H$102,5,FALSE)-VLOOKUP($A31,main!$A$3:$H$102,6,FALSE)>=main!$D$103+VLOOKUP(VLOOKUP(I$1,main!$A$3:$I$102,7,FALSE),main!$K$26:$Q$29,3,FALSE),1,0) -> 0 | J31: =IF(VLOOKUP(J$1,main!$A$3:$H$102,5,FALSE)-VLOOKUP($A31,main!$A$3:$H$102,6,FALSE)>=main!$D$103+VLOOKUP(VLOOKUP(J$1,main!$A$3:$I$102,7,FALSE),main!$K$26:$Q$29,3,FALSE),1,0) -> 0 | ... CX31: =IF(VLOOKUP(CX$1,main!$A$3:$H$102,5,FALSE)-VLOOKUP($A31,main!$A$3:$H$102,6,FALSE)>=main!$D$103+VLOOKUP(VLOOKUP(CX$1,main!$A$3:$I$102,7,FALSE),main!$K$26:$Q$29,3,FALSE),1,0) -> 0
A32: 30 | B32: 0 | C32: =IF(VLOOKUP(C$1,main!$A$3:$H$102,5,FALSE)-VLOOKUP($A32,main!$A$3:$H$102,6,FALSE)>=main!$D$103+VLOOKUP(VLOOKUP(C$1,main!$A$3:$I$102,7,FALSE),main!$K$26:$Q$29,3,FALSE),1,0) -> 0 | D32: =IF(VLOOKUP(D$1,main!$A$3:$H$102,5,FALSE)-VLOOKUP($A32,main!$A$3:$H$102,6,FALSE)>=main!$D$103+VLOOKUP(VLOOKUP(D$1,main!$A$3:$I$102,7,FALSE),main!$K$26:$Q$29,3,FALSE),1,0) -> 0 | E32: =IF(VLOOKUP(E$1,main!$A$3:$H$102,5,FALSE)-VLOOKUP($A32,main!$A$3:$H$102,6,FALSE)>=main!$D$103+VLOOKUP(VLOOKUP(E$1,main!$A$3:$I$102,7,FALSE),main!$K$26:$Q$29,3,FALSE),1,0) -> 0 | F32: =IF(VLOOKUP(F$1,main!$A$3:$H$102,5,FALSE)-VLOOKUP($A32,main!$A$3:$H$102,6,FALSE)>=main!$D$103+VLOOKUP(VLOOKUP(F$1,main!$A$3:$I$102,7,FALSE),main!$K$26:$Q$29,3,FALSE),1,0) -> 0 | G32: =IF(VLOOKUP(G$1,main!$A$3:$H$102,5,FALSE)-VLOOKUP($A32,main!$A$3:$H$102,6,FALSE)>=main!$D$103+VLOOKUP(VLOOKUP(G$1,main!$A$3:$I$102,7,FALSE),main!$K$26:$Q$29,3,FALSE),1,0) -> 0 | H32: =IF(VLOOKUP(H$1,main!$A$3:$H$102,5,FALSE)-VLOOKUP($A32,main!$A$3:$H$102,6,FALSE)>=main!$D$103+VLOOKUP(VLOOKUP(H$1,main!$A$3:$I$102,7,FALSE),main!$K$26:$Q$29,3,FALSE),1,0) -> 0 | I32: =IF(VLOOKUP(I$1,main!$A$3:$H$102,5,FALSE)-VLOOKUP($A32,main!$A$3:$H$102,6,FALSE)>=main!$D$103+VLOOKUP(VLOOKUP(I$1,main!$A$3:$I$102,7,FALSE),main!$K$26:$Q$29,3,FALSE),1,0) -> 0 | J32: =IF(VLOOKUP(J$1,main!$A$3:$H$102,5,FALSE)-VLOOKUP($A32,main!$A$3:$H$102,6,FALSE)>=main!$D$103+VLOOKUP(VLOOKUP(J$1,main!$A$3:$I$102,7,FALSE),main!$K$26:$Q$29,3,FALSE),1,0) -> 0 | ... CX32: =IF(VLOOKUP(CX$1,main!$A$3:$H$102,5,FALSE)-VLOOKUP($A32,main!$A$3:$H$102,6,FALSE)>=main!$D$103+VLOOKUP(VLOOKUP(CX$1,main!$A$3:$I$102,7,FALSE),main!$K$26:$Q$29,3,FALSE),1,0) -> 0
A33: 31 | B33: 0 | C33: =IF(VLOOKUP(C$1,main!$A$3:$H$102,5,FALSE)-VLOOKUP($A33,main!$A$3:$H$102,6,FALSE)>=main!$D$103+VLOOKUP(VLOOKUP(C$1,main!$A$3:$I$102,7,FALSE),main!$K$26:$Q$29,3,FALSE),1,0) -> 0 | D33: =IF(VLOOKUP(D$1,main!$A$3:$H$102,5,FALSE)-VLOOKUP($A33,main!$A$3:$H$102,6,FALSE)>=main!$D$103+VLOOKUP(VLOOKUP(D$1,main!$A$3:$I$102,7,FALSE),main!$K$26:$Q$29,3,FALSE),1,0) -> 0 | E33: =IF(VLOOKUP(E$1,main!$A$3:$H$102,5,FALSE)-VLOOKUP($A33,main!$A$3:$H$102,6,FALSE)>=main!$D$103+VLOOKUP(VLOOKUP(E$1,main!$A$3:$I$102,7,FALSE),main!$K$26:$Q$29,3,FALSE),1,0) -> 0 | F33: =IF(VLOOKUP(F$1,main!$A$3:$H$102,5,FALSE)-VLOOKUP($A33,main!$A$3:$H$102,6,FALSE)>=main!$D$103+VLOOKUP(VLOOKUP(F$1,main!$A$3:$I$102,7,FALSE),main!$K$26:$Q$29,3,FALSE),1,0) -> 0 | G33: =IF(VLOOKUP(G$1,main!$A$3:$H$102,5,FALSE)-VLOOKUP($A33,main!$A$3:$H$102,6,FALSE)>=main!$D$103+VLOOKUP(VLOOKUP(G$1,main!$A$3:$I$102,7,FALSE),main!$K$26:$Q$29,3,FALSE),1,0) -> 1 | H33: =IF(VLOOKUP(H$1,main!$A$3:$H$102,5,FALSE)-VLOOKUP($A33,main!$A$3:$H$102,6,FALSE)>=main!$D$103+VLOOKUP(VLOOKUP(H$1,main!$A$3:$I$102,7,FALSE),main!$K$26:$Q$29,3,FALSE),1,0) -> 1 | I33: =IF(VLOOKUP(I$1,main!$A$3:$H$102,5,FALSE)-VLOOKUP($A33,main!$A$3:$H$102,6,FALSE)>=main!$D$103+VLOOKUP(VLOOKUP(I$1,main!$A$3:$I$102,7,FALSE),main!$K$26:$Q$29,3,FALSE),1,0) -> 1 | J33: =IF(VLOOKUP(J$1,main!$A$3:$H$102,5,FALSE)-VLOOKUP($A33,main!$A$3:$H$102,6,FALSE)>=main!$D$103+VLOOKUP(VLOOKUP(J$1,main!$A$3:$I$102,7,FALSE),main!$K$26:$Q$29,3,FALSE),1,0) -> 1 | ... CX33: =IF(VLOOKUP(CX$1,main!$A$3:$H$102,5,FALSE)-VLOOKUP($A33,main!$A$3:$H$102,6,FALSE)>=main!$D$103+VLOOKUP(VLOOKUP(CX$1,main!$A$3:$I$102,7,FALSE),main!$K$26:$Q$29,3,FALSE),1,0) -> 1
A34: 32 | B34: 0 | C34: =IF(VLOOKUP(C$1,main!$A$3:$H$102,5,FALSE)-VLOOKUP($A34,main!$A$3:$H$102,6,FALSE)>=main!$D$103+VLOOKUP(VLOOKUP(C$1,main!$A$3:$I$102,7,FALSE),main!$K$26:$Q$29,3,FALSE),1,0) -> 0 | D34: =IF(VLOOKUP(D$1,main!$A$3:$H$102,5,FALSE)-VLOOKUP($A34,main!$A$3:$H$102,6,FALSE)>=main!$D$103+VLOOKUP(VLOOKUP(D$1,main!$A$3:$I$102,7,FALSE),main!$K$26:$Q$29,3,FALSE),1,0) -> 0 | E34: =IF(VLOOKUP(E$1,main!$A$3:$H$102,5,FALSE)-VLOOKUP($A34,main!$A$3:$H$102,6,FALSE)>=main!$D$103+VLOOKUP(VLOOKUP(E$1,main!$A$3:$I$102,7,FALSE),main!$K$26:$Q$29,3,FALSE),1,0) -> 0 | F34: =IF(VLOOKUP(F$1,main!$A$3:$H$102,5,FALSE)-VLOOKUP($A34,main!$A$3:$H$102,6,FALSE)>=main!$D$103+VLOOKUP(VLOOKUP(F$1,main!$A$3:$I$102,7,FALSE),main!$K$26:$Q$29,3,FALSE),1,0) -> 0 | G34: =IF(VLOOKUP(G$1,main!$A$3:$H$102,5,FALSE)-VLOOKUP($A34,main!$A$3:$H$102,6,FALSE)>=main!$D$103+VLOOKUP(VLOOKUP(G$1,main!$A$3:$I$102,7,FALSE),main!$K$26:$Q$29,3,FALSE),1,0) -> 0 | H34: =IF(VLOOKUP(H$1,main!$A$3:$H$102,5,FALSE)-VLOOKUP($A34,main!$A$3:$H$102,6,FALSE)>=main!$D$103+VLOOKUP(VLOOKUP(H$1,main!$A$3:$I$102,7,FALSE),main!$K$26:$Q$29,3,FALSE),1,0) -> 1 | I34: =IF(VLOOKUP(I$1,main!$A$3:$H$102,5,FALSE)-VLOOKUP($A34,main!$A$3:$H$102,6,FALSE)>=main!$D$103+VLOOKUP(VLOOKUP(I$1,main!$A$3:$I$102,7,FALSE),main!$K$26:$Q$29,3,FALSE),1,0) -> 1 | J34: =IF(VLOOKUP(J$1,main!$A$3:$H$102,5,FALSE)-VLOOKUP($A34,main!$A$3:$H$102,6,FALSE)>=main!$D$103+VLOOKUP(VLOOKUP(J$1,main!$A$3:$I$102,7,FALSE),main!$K$26:$Q$29,3,FALSE),1,0) -> 1 | ... CX34: =IF(VLOOKUP(CX$1,main!$A$3:$H$102,5,FALSE)-VLOOKUP($A34,main!$A$3:$H$102,6,FALSE)>=main!$D$103+VLOOKUP(VLOOKUP(CX$1,main!$A$3:$I$102,7,FALSE),main!$K$26:$Q$29,3,FALSE),1,0) -> 1
A35: 33 | B35: 0 | C35: =IF(VLOOKUP(C$1,main!$A$3:$H$102,5,FALSE)-VLOOKUP($A35,main!$A$3:$H$102,6,FALSE)>=main!$D$103+VLOOKUP(VLOOKUP(C$1,main!$A$3:$I$102,7,FALSE),main!$K$26:$Q$29,3,FALSE),1,0) -> 0 | D35: =IF(VLOOKUP(D$1,main!$A$3:$H$102,5,FALSE)-VLOOKUP($A35,main!$A$3:$H$102,6,FALSE)>=main!$D$103+VLOOKUP(VLOOKUP(D$1,main!$A$3:$I$102,7,FALSE),main!$K$26:$Q$29,3,FALSE),1,0) -> 0 | E35: =IF(VLOOKUP(E$1,main!$A$3:$H$102,5,FALSE)-VLOOKUP($A35,main!$A$3:$H$102,6,FALSE)>=main!$D$103+VLOOKUP(VLOOKUP(E$1,main!$A$3:$I$102,7,FALSE),main!$K$26:$Q$29,3,FALSE),1,0) -> 0 | F35: =IF(VLOOKUP(F$1,main!$A$3:$H$102,5,FALSE)-VLOOKUP($A35,main!$A$3:$H$102,6,FALSE)>=main!$D$103+VLOOKUP(VLOOKUP(F$1,main!$A$3:$I$102,7,FALSE),main!$K$26:$Q$29,3,FALSE),1,0) -> 0 | G35: =IF(VLOOKUP(G$1,main!$A$3:$H$102,5,FALSE)-VLOOKUP($A35,main!$A$3:$H$102,6,FALSE)>=main!$D$103+VLOOKUP(VLOOKUP(G$1,main!$A$3:$I$102,7,FALSE),main!$K$26:$Q$29,3,FALSE),1,0) -> 0 | H35: =IF(VLOOKUP(H$1,main!$A$3:$H$102,5,FALSE)-VLOOKUP($A35,main!$A$3:$H$102,6,FALSE)>=main!$D$103+VLOOKUP(VLOOKUP(H$1,main!$A$3:$I$102,7,FALSE),main!$K$26:$Q$29,3,FALSE),1,0) -> 0 | I35: =IF(VLOOKUP(I$1,main!$A$3:$H$102,5,FALSE)-VLOOKUP($A35,main!$A$3:$H$102,6,FALSE)>=main!$D$103+VLOOKUP(VLOOKUP(I$1,main!$A$3:$I$102,7,FALSE),main!$K$26:$Q$29,3,FALSE),1,0) -> 1 | J35: =IF(VLOOKUP(J$1,main!$A$3:$H$102,5,FALSE)-VLOOKUP($A35,main!$A$3:$H$102,6,FALSE)>=main!$D$103+VLOOKUP(VLOOKUP(J$1,main!$A$3:$I$102,7,FALSE),main!$K$26:$Q$29,3,FALSE),1,0) -> 1 | ... CX35: =IF(VLOOKUP(CX$1,main!$A$3:$H$102,5,FALSE)-VLOOKUP($A35,main!$A$3:$H$102,6,FALSE)>=main!$D$103+VLOOKUP(VLOOKUP(CX$1,main!$A$3:$I$102,7,FALSE),main!$K$26:$Q$29,3,FALSE),1,0) -> 1
A36: 34 | B36: 0 | C36: =IF(VLOOKUP(C$1,main!$A$3:$H$102,5,FALSE)-VLOOKUP($A36,main!$A$3:$H$102,6,FALSE)>=main!$D$103+VLOOKUP(VLOOKUP(C$1,main!$A$3:$I$102,7,FALSE),main!$K$26:$Q$29,3,FALSE),1,0) -> 0 | D36: =IF(VLOOKUP(D$1,main!$A$3:$H$102,5,FALSE)-VLOOKUP($A36,main!$A$3:$H$102,6,FALSE)>=main!$D$103+VLOOKUP(VLOOKUP(D$1,main!$A$3:$I$102,7,FALSE),main!$K$26:$Q$29,3,FALSE),1,0) -> 0 | E36: =IF(VLOOKUP(E$1,main!$A$3:$H$102,5,FALSE)-VLOOKUP($A36,main!$A$3:$H$102,6,FALSE)>=main!$D$103+VLOOKUP(VLOOKUP(E$1,main!$A$3:$I$102,7,FALSE),main!$K$26:$Q$29,3,FALSE),1,0) -> 0 | F36: =IF(VLOOKUP(F$1,main!$A$3:$H$102,5,FALSE)-VLOOKUP($A36,main!$A$3:$H$102,6,FALSE)>=main!$D$103+VLOOKUP(VLOOKUP(F$1,main!$A$3:$I$102,7,FALSE),main!$K$26:$Q$29,3,FALSE),1,0) -> 0 | G36: =IF(VLOOKUP(G$1,main!$A$3:$H$102,5,FALSE)-VLOOKUP($A36,main!$A$3:$H$102,6,FALSE)>=main!$D$103+VLOOKUP(VLOOKUP(G$1,main!$A$3:$I$102,7,FALSE),main!$K$26:$Q$29,3,FALSE),1,0) -> 0 | H36: =IF(VLOOKUP(H$1,main!$A$3:$H$102,5,FALSE)-VLOOKUP($A36,main!$A$3:$H$102,6,FALSE)>=main!$D$103+VLOOKUP(VLOOKUP(H$1,main!$A$3:$I$102,7,FALSE),main!$K$26:$Q$29,3,FALSE),1,0) -> 0 | I36: =IF(VLOOKUP(I$1,main!$A$3:$H$102,5,FALSE)-VLOOKUP($A36,main!$A$3:$H$102,6,FALSE)>=main!$D$103+VLOOKUP(VLOOKUP(I$1,main!$A$3:$I$102,7,FALSE),main!$K$26:$Q$29,3,FALSE),1,0) -> 0 | J36: =IF(VLOOKUP(J$1,main!$A$3:$H$102,5,FALSE)-VLOOKUP($A36,main!$A$3:$H$102,6,FALSE)>=main!$D$103+VLOOKUP(VLOOKUP(J$1,main!$A$3:$I$102,7,FALSE),main!$K$26:$Q$29,3,FALSE),1,0) -> 1 | ... CX36: =IF(VLOOKUP(CX$1,main!$A$3:$H$102,5,FALSE)-VLOOKUP($A36,main!$A$3:$H$102,6,FALSE)>=main!$D$103+VLOOKUP(VLOOKUP(CX$1,main!$A$3:$I$102,7,FALSE),main!$K$26:$Q$29,3,FALSE),1,0) -> 0
A37: 35 | B37: 0 | C37: =IF(VLOOKUP(C$1,main!$A$3:$H$102,5,FALSE)-VLOOKUP($A37,main!$A$3:$H$102,6,FALSE)>=main!$D$103+VLOOKUP(VLOOKUP(C$1,main!$A$3:$I$102,7,FALSE),main!$K$26:$Q$29,3,FALSE),1,0) -> 0 | D37: =IF(VLOOKUP(D$1,main!$A$3:$H$102,5,FALSE)-VLOOKUP($A37,main!$A$3:$H$102,6,FALSE)>=main!$D$103+VLOOKUP(VLOOKUP(D$1,main!$A$3:$I$102,7,FALSE),main!$K$26:$Q$29,3,FALSE),1,0) -> 0 | E37: =IF(VLOOKUP(E$1,main!$A$3:$H$102,5,FALSE)-VLOOKUP($A37,main!$A$3:$H$102,6,FALSE)>=main!$D$103+VLOOKUP(VLOOKUP(E$1,main!$A$3:$I$102,7,FALSE),main!$K$26:$Q$29,3,FALSE),1,0) -> 0 | F37: =IF(VLOOKUP(F$1,main!$A$3:$H$102,5,FALSE)-VLOOKUP($A37,main!$A$3:$H$102,6,FALSE)>=main!$D$103+VLOOKUP(VLOOKUP(F$1,main!$A$3:$I$102,7,FALSE),main!$K$26:$Q$29,3,FALSE),1,0) -> 0 | G37: =IF(VLOOKUP(G$1,main!$A$3:$H$102,5,FALSE)-VLOOKUP($A37,main!$A$3:$H$102,6,FALSE)>=main!$D$103+VLOOKUP(VLOOKUP(G$1,main!$A$3:$I$102,7,FALSE),main!$K$26:$Q$29,3,FALSE),1,0) -> 0 | H37: =IF(VLOOKUP(H$1,main!$A$3:$H$102,5,FALSE)-VLOOKUP($A37,main!$A$3:$H$102,6,FALSE)>=main!$D$103+VLOOKUP(VLOOKUP(H$1,main!$A$3:$I$102,7,FALSE),main!$K$26:$Q$29,3,FALSE),1,0) -> 0 | I37: =IF(VLOOKUP(I$1,main!$A$3:$H$102,5,FALSE)-VLOOKUP($A37,main!$A$3:$H$102,6,FALSE)>=main!$D$103+VLOOKUP(VLOOKUP(I$1,main!$A$3:$I$102,7,FALSE),main!$K$26:$Q$29,3,FALSE),1,0) -> 0 | J37: =IF(VLOOKUP(J$1,main!$A$3:$H$102,5,FALSE)-VLOOKUP($A37,main!$A$3:$H$102,6,FALSE)>=main!$D$103+VLOOKUP(VLOOKUP(J$1,main!$A$3:$I$102,7,FALSE),main!$K$26:$Q$29,3,FALSE),1,0) -> 0 | ... CX37: =IF(VLOOKUP(CX$1,main!$A$3:$H$102,5,FALSE)-VLOOKUP($A37,main!$A$3:$H$102,6,FALSE)>=main!$D$103+VLOOKUP(VLOOKUP(CX$1,main!$A$3:$I$102,7,FALSE),main!$K$26:$Q$29,3,FALSE),1,0) -> 0
A38: 36 | B38: 0 | C38: =IF(VLOOKUP(C$1,main!$A$3:$H$102,5,FALSE)-VLOOKUP($A38,main!$A$3:$H$102,6,FALSE)>=main!$D$103+VLOOKUP(VLOOKUP(C$1,main!$A$3:$I$102,7,FALSE),main!$K$26:$Q$29,3,FALSE),1,0) -> 0 | D38: =IF(VLOOKUP(D$1,main!$A$3:$H$102,5,FALSE)-VLOOKUP($A38,main!$A$3:$H$102,6,FALSE)>=main!$D$103+VLOOKUP(VLOOKUP(D$1,main!$A$3:$I$102,7,FALSE),main!$K$26:$Q$29,3,FALSE),1,0) -> 0 | E38: =IF(VLOOKUP(E$1,main!$A$3:$H$102,5,FALSE)-VLOOKUP($A38,main!$A$3:$H$102,6,FALSE)>=main!$D$103+VLOOKUP(VLOOKUP(E$1,main!$A$3:$I$102,7,FALSE),main!$K$26:$Q$29,3,FALSE),1,0) -> 0 | F38: =IF(VLOOKUP(F$1,main!$A$3:$H$102,5,FALSE)-VLOOKUP($A38,main!$A$3:$H$102,6,FALSE)>=main!$D$103+VLOOKUP(VLOOKUP(F$1,main!$A$3:$I$102,7,FALSE),main!$K$26:$Q$29,3,FALSE),1,0) -> 0 | G38: =IF(VLOOKUP(G$1,main!$A$3:$H$102,5,FALSE)-VLOOKUP($A38,main!$A$3:$H$102,6,FALSE)>=main!$D$103+VLOOKUP(VLOOKUP(G$1,main!$A$3:$I$102,7,FALSE),main!$K$26:$Q$29,3,FALSE),1,0) -> 0 | H38: =IF(VLOOKUP(H$1,main!$A$3:$H$102,5,FALSE)-VLOOKUP($A38,main!$A$3:$H$102,6,FALSE)>=main!$D$103+VLOOKUP(VLOOKUP(H$1,main!$A$3:$I$102,7,FALSE),main!$K$26:$Q$29,3,FALSE),1,0) -> 0 | I38: =IF(VLOOKUP(I$1,main!$A$3:$H$102,5,FALSE)-VLOOKUP($A38,main!$A$3:$H$102,6,FALSE)>=main!$D$103+VLOOKUP(VLOOKUP(I$1,main!$A$3:$I$102,7,FALSE),main!$K$26:$Q$29,3,FALSE),1,0) -> 0 | J38: =IF(VLOOKUP(J$1,main!$A$3:$H$102,5,FALSE)-VLOOKUP($A38,main!$A$3:$H$102,6,FALSE)>=main!$D$103+VLOOKUP(VLOOKUP(J$1,main!$A$3:$I$102,7,FALSE),main!$K$26:$Q$29,3,FALSE),1,0) -> 0 | ... CX38: =IF(VLOOKUP(CX$1,main!$A$3:$H$102,5,FALSE)-VLOOKUP($A38,main!$A$3:$H$102,6,FALSE)>=main!$D$103+VLOOKUP(VLOOKUP(CX$1,main!$A$3:$I$102,7,FALSE),main!$K$26:$Q$29,3,FALSE),1,0) -> 0
... A102: 100 | B102: 0 | C102: =IF(VLOOKUP(C$1,main!$A$3:$H$102,5,FALSE)-VLOOKUP($A102,main!$A$3:$H$102,6,FALSE)>=main!$D$103+VLOOKUP(VLOOKUP(C$1,main!$A$3:$I$102,7,FALSE),main!$K$26:$Q$29,3,FALSE),1,0) -> 0 | D102: =IF(VLOOKUP(D$1,main!$A$3:$H$102,5,FALSE)-VLOOKUP($A102,main!$A$3:$H$102,6,FALSE)>=main!$D$103+VLOOKUP(VLOOKUP(D$1,main!$A$3:$I$102,7,FALSE),main!$K$26:$Q$29,3,FALSE),1,0) -> 0 | E102: =IF(VLOOKUP(E$1,main!$A$3:$H$102,5,FALSE)-VLOOKUP($A102,main!$A$3:$H$102,6,FALSE)>=main!$D$103+VLOOKUP(VLOOKUP(E$1,main!$A$3:$I$102,7,FALSE),main!$K$26:$Q$29,3,FALSE),1,0) -> 0 | F102: =IF(VLOOKUP(F$1,main!$A$3:$H$102,5,FALSE)-VLOOKUP($A102,main!$A$3:$H$102,6,FALSE)>=main!$D$103+VLOOKUP(VLOOKUP(F$1,main!$A$3:$I$102,7,FALSE),main!$K$26:$Q$29,3,FALSE),1,0) -> 0 | G102: =IF(VLOOKUP(G$1,main!$A$3:$H$102,5,FALSE)-VLOOKUP($A102,main!$A$3:$H$102,6,FALSE)>=main!$D$103+VLOOKUP(VLOOKUP(G$1,main!$A$3:$I$102,7,FALSE),main!$K$26:$Q$29,3,FALSE),1,0) -> 0 | H102: =IF(VLOOKUP(H$1,main!$A$3:$H$102,5,FALSE)-VLOOKUP($A102,main!$A$3:$H$102,6,FALSE)>=main!$D$103+VLOOKUP(VLOOKUP(H$1,main!$A$3:$I$102,7,FALSE),main!$K$26:$Q$29,3,FALSE),1,0) -> 0 | I102: =IF(VLOOKUP(I$1,main!$A$3:$H$102,5,FALSE)-VLOOKUP($A102,main!$A$3:$H$102,6,FALSE)>=main!$D$103+VLOOKUP(VLOOKUP(I$1,main!$A$3:$I$102,7,FALSE),main!$K$26:$Q$29,3,FALSE),1,0) -> 0 | J102: =IF(VLOOKUP(J$1,main!$A$3:$H$102,5,FALSE)-VLOOKUP($A102,main!$A$3:$H$102,6,FALSE)>=main!$D$103+VLOOKUP(VLOOKUP(J$1,main!$A$3:$I$102,7,FALSE),main!$K$26:$Q$29,3,FALSE),1,0) -> 0 | ... CX102: =IF(VLOOKUP(CX$1,main!$A$3:$H$102,5,FALSE)-VLOOKUP($A102,main!$A$3:$H$102,6,FALSE)>=main!$D$103+VLOOKUP(VLOOKUP(CX$1,main!$A$3:$I$102,7,FALSE),main!$K$26:$Q$29,3,FALSE),1,0) -> 0
A103: 0 | B103: 0 | C103: 0 | D103: 0 | E103: 0 | F103: 0 | G103: 0 | H103: 0 | I103: 0 | J103: 0 | K103: 0 | L103: 0 | M103: 0 | N103: 0 | O103: 0 | P103: 0 | Q103: 0 | R103: 0 | S103: 0 | T103: 0 | U103: 0 | V103: 0 | W103: 0 | X103: 0 | Y103: 0 | Z103: 0 | AA103: 0 | AB103: 0 | AC103: 0 | AD103: 0 | AE103: 0 | AF103: 0 | AG103: 0 | AH103: 0 | AI103: 0 | AJ103: 0 | AK103: 0 | AL103: 0 | AM103: 0 | AN103: 0 | AO103: 0 | AP103: 0 | AQ103: 0 | AR103: 0 | AS103: 0 | AT103: 0 | AU103: 0 | AV103: 0 | AW103: 0 | AX103: 0 | AY103: 0 | AZ103: 0 | BA103: 0 | BB103: 0 | BC103: 0 | BD103: 0 | BE103: 0 | BF103: 0 | BG103: 0 | BH103: 0 | BI103: 0 | BJ103: 0 | BK103: 0 | BL103: 0 | BM103: 0 | BN103: 0 | BO103: 0 | BP103: 0 | BQ103: 0 | BR103: 0 | BS103: 0 | BT103: 0 | BU103: 0 | BV103: 0 | BW103: 0 | BX103: 0 | BY103: 0 | BZ103: 0 | CA103: 0 | CB103: 0 | CC103: 0 | CD103: 0 | CE103: 0 | CF103: 0 | CG103: 0 | CH103: 0 | CI103: 0 | CJ103: 0 | CK103: 0 | CL103: 0 | CM103: 0 | CN103: 0 | CO103: 0 | CP103: 0 | CQ103: 0 | CR103: 0 | CS103: 0 | CT103: 0 | CU103: 0 | CV103: 0 | CW103: 0 | CX103: 0
A104: 1 | B104: 0 | C104: =IF(AND(VLOOKUP(C$1,main!$A$3:$H$102,7,FALSE)=main!$G$104,VLOOKUP(C$1,main!$A$3:$H$102,5,FALSE)-VLOOKUP($A104,main!$A$3:$H$102,6,FALSE)>=main!$D$103+VLOOKUP(VLOOKUP(C$1,main!$A$3:$I$102,7,FALSE),main!$K$26:$Q$29,4,FALSE)),1,0) -> 0 | D104: =IF(AND(VLOOKUP(D$1,main!$A$3:$H$102,7,FALSE)=main!$G$104,VLOOKUP(D$1,main!$A$3:$H$102,5,FALSE)-VLOOKUP($A104,main!$A$3:$H$102,6,FALSE)>=main!$D$103+VLOOKUP(VLOOKUP(D$1,main!$A$3:$I$102,7,FALSE),main!$K$26:$Q$29,4,FALSE)),1,0) -> 0 | E104: =IF(AND(VLOOKUP(E$1,main!$A$3:$H$102,7,FALSE)=main!$G$104,VLOOKUP(E$1,main!$A$3:$H$102,5,FALSE)-VLOOKUP($A104,main!$A$3:$H$102,6,FALSE)>=main!$D$103+VLOOKUP(VLOOKUP(E$1,main!$A$3:$I$102,7,FALSE),main!$K$26:$Q$29,4,FALSE)),1,0) -> 1 | F104: =IF(AND(VLOOKUP(F$1,main!$A$3:$H$102,7,FALSE)=main!$G$104,VLOOKUP(F$1,main!$A$3:$H$102,5,FALSE)-VLOOKUP($A104,main!$A$3:$H$102,6,FALSE)>=main!$D$103+VLOOKUP(VLOOKUP(F$1,main!$A$3:$I$102,7,FALSE),main!$K$26:$Q$29,4,FALSE)),1,0) -> 1 | G104: =IF(AND(VLOOKUP(G$1,main!$A$3:$H$102,7,FALSE)=main!$G$104,VLOOKUP(G$1,main!$A$3:$H$102,5,FALSE)-VLOOKUP($A104,main!$A$3:$H$102,6,FALSE)>=main!$D$103+VLOOKUP(VLOOKUP(G$1,main!$A$3:$I$102,7,FALSE),main!$K$26:$Q$29,4,FALSE)),1,0) -> 1 | H104: =IF(AND(VLOOKUP(H$1,main!$A$3:$H$102,7,FALSE)=main!$G$104,VLOOKUP(H$1,main!$A$3:$H$102,5,FALSE)-VLOOKUP($A104,main!$A$3:$H$102,6,FALSE)>=main!$D$103+VLOOKUP(VLOOKUP(H$1,main!$A$3:$I$102,7,FALSE),main!$K$26:$Q$29,4,FALSE)),1,0) -> 1 | I104: =IF(AND(VLOOKUP(I$1,main!$A$3:$H$102,7,FALSE)=main!$G$104,VLOOKUP(I$1,main!$A$3:$H$102,5,FALSE)-VLOOKUP($A104,main!$A$3:$H$102,6,FALSE)>=main!$D$103+VLOOKUP(VLOOKUP(I$1,main!$A$3:$I$102,7,FALSE),main!$K$26:$Q$29,4,FALSE)),1,0) -> 1 | J104: =IF(AND(VLOOKUP(J$1,main!$A$3:$H$102,7,FALSE)=main!$G$104,VLOOKUP(J$1,main!$A$3:$H$102,5,FALSE)-VLOOKUP($A104,main!$A$3:$H$102,6,FALSE)>=main!$D$103+VLOOKUP(VLOOKUP(J$1,main!$A$3:$I$102,7,FALSE),main!$K$26:$Q$29,4,FALSE)),1,0) -> 1 | ... CX104: =IF(AND(VLOOKUP(CX$1,main!$A$3:$H$102,7,FALSE)=main!$G$104,VLOOKUP(CX$1,main!$A$3:$H$102,5,FALSE)-VLOOKUP($A104,main!$A$3:$H$102,6,FALSE)>=main!$D$103+VLOOKUP(VLOOKUP(CX$1,main!$A$3:$I$102,7,FALSE),main!$K$26:$Q$29,4,FALSE)),1,0) -> 0
A105: 2 | B105: 0 | C105: =IF(AND(VLOOKUP(C$1,main!$A$3:$H$102,7,FALSE)=main!$G$104,VLOOKUP(C$1,main!$A$3:$H$102,5,FALSE)-VLOOKUP($A105,main!$A$3:$H$102,6,FALSE)>=main!$D$103+VLOOKUP(VLOOKUP(C$1,main!$A$3:$I$102,7,FALSE),main!$K$26:$Q$29,4,FALSE)),1,0) -> 0 | D105: =IF(AND(VLOOKUP(D$1,main!$A$3:$H$102,7,FALSE)=main!$G$104,VLOOKUP(D$1,main!$A$3:$H$102,5,FALSE)-VLOOKUP($A105,main!$A$3:$H$102,6,FALSE)>=main!$D$103+VLOOKUP(VLOOKUP(D$1,main!$A$3:$I$102,7,FALSE),main!$K$26:$Q$29,4,FALSE)),1,0) -> 0 | E105: =IF(AND(VLOOKUP(E$1,main!$A$3:$H$102,7,FALSE)=main!$G$104,VLOOKUP(E$1,main!$A$3:$H$102,5,FALSE)-VLOOKUP($A105,main!$A$3:$H$102,6,FALSE)>=main!$D$103+VLOOKUP(VLOOKUP(E$1,main!$A$3:$I$102,7,FALSE),main!$K$26:$Q$29,4,FALSE)),1,0) -> 0 | F105: =IF(AND(VLOOKUP(F$1,main!$A$3:$H$102,7,FALSE)=main!$G$104,VLOOKUP(F$1,main!$A$3:$H$102,5,FALSE)-VLOOKUP($A105,main!$A$3:$H$102,6,FALSE)>=main!$D$103+VLOOKUP(VLOOKUP(F$1,main!$A$3:$I$102,7,FALSE),main!$K$26:$Q$29,4,FALSE)),1,0) -> 0 | G105: =IF(AND(VLOOKUP(G$1,main!$A$3:$H$102,7,FALSE)=main!$G$104,VLOOKUP(G$1,main!$A$3:$H$102,5,FALSE)-VLOOKUP($A105,main!$A$3:$H$102,6,FALSE)>=main!$D$103+VLOOKUP(VLOOKUP(G$1,main!$A$3:$I$102,7,FALSE),main!$K$26:$Q$29,4,FALSE)),1,0) -> 1 | H105: =IF(AND(VLOOKUP(H$1,main!$A$3:$H$102,7,FALSE)=main!$G$104,VLOOKUP(H$1,main!$A$3:$H$102,5,FALSE)-VLOOKUP($A105,main!$A$3:$H$102,6,FALSE)>=main!$D$103+VLOOKUP(VLOOKUP(H$1,main!$A$3:$I$102,7,FALSE),main!$K$26:$Q$29,4,FALSE)),1,0) -> 1 | I105: =IF(AND(VLOOKUP(I$1,main!$A$3:$H$102,7,FALSE)=main!$G$104,VLOOKUP(I$1,main!$A$3:$H$102,5,FALSE)-VLOOKUP($A105,main!$A$3:$H$102,6,FALSE)>=main!$D$103+VLOOKUP(VLOOKUP(I$1,main!$A$3:$I$102,7,FALSE),main!$K$26:$Q$29,4,FALSE)),1,0) -> 1 | J105: =IF(AND(VLOOKUP(J$1,main!$A$3:$H$102,7,FALSE)=main!$G$104,VLOOKUP(J$1,main!$A$3:$H$102,5,FALSE)-VLOOKUP($A105,main!$A$3:$H$102,6,FALSE)>=main!$D$103+VLOOKUP(VLOOKUP(J$1,main!$A$3:$I$102,7,FALSE),main!$K$26:$Q$29,4,FALSE)),1,0) -> 1 | ... CX105: =IF(AND(VLOOKUP(CX$1,main!$A$3:$H$102,7,FALSE)=main!$G$104,VLOOKUP(CX$1,main!$A$3:$H$102,5,FALSE)-VLOOKUP($A105,main!$A$3:$H$102,6,FALSE)>=main!$D$103+VLOOKUP(VLOOKUP(CX$1,main!$A$3:$I$102,7,FALSE),main!$K$26:$Q$29,4,FALSE)),1,0) -> 0
A106: 3 | B106: 0 | C106: =IF(AND(VLOOKUP(C$1,main!$A$3:$H$102,7,FALSE)=main!$G$104,VLOOKUP(C$1,main!$A$3:$H$102,5,FALSE)-VLOOKUP($A106,main!$A$3:$H$102,6,FALSE)>=main!$D$103+VLOOKUP(VLOOKUP(C$1,main!$A$3:$I$102,7,FALSE),main!$K$26:$Q$29,4,FALSE)),1,0) -> 0 | D106: =IF(AND(VLOOKUP(D$1,main!$A$3:$H$102,7,FALSE)=main!$G$104,VLOOKUP(D$1,main!$A$3:$H$102,5,FALSE)-VLOOKUP($A106,main!$A$3:$H$102,6,FALSE)>=main!$D$103+VLOOKUP(VLOOKUP(D$1,main!$A$3:$I$102,7,FALSE),main!$K$26:$Q$29,4,FALSE)),1,0) -> 0 | E106: =IF(AND(VLOOKUP(E$1,main!$A$3:$H$102,7,FALSE)=main!$G$104,VLOOKUP(E$1,main!$A$3:$H$102,5,FALSE)-VLOOKUP($A106,main!$A$3:$H$102,6,FALSE)>=main!$D$103+VLOOKUP(VLOOKUP(E$1,main!$A$3:$I$102,7,FALSE),main!$K$26:$Q$29,4,FALSE)),1,0) -> 0 | F106: =IF(AND(VLOOKUP(F$1,main!$A$3:$H$102,7,FALSE)=main!$G$104,VLOOKUP(F$1,main!$A$3:$H$102,5,FALSE)-VLOOKUP($A106,main!$A$3:$H$102,6,FALSE)>=main!$D$103+VLOOKUP(VLOOKUP(F$1,main!$A$3:$I$102,7,FALSE),main!$K$26:$Q$29,4,FALSE)),1,0) -> 0 | G106: =IF(AND(VLOOKUP(G$1,main!$A$3:$H$102,7,FALSE)=main!$G$104,VLOOKUP(G$1,main!$A$3:$H$102,5,FALSE)-VLOOKUP($A106,main!$A$3:$H$102,6,FALSE)>=main!$D$103+VLOOKUP(VLOOKUP(G$1,main!$A$3:$I$102,7,FALSE),main!$K$26:$Q$29,4,FALSE)),1,0) -> 0 | H106: =IF(AND(VLOOKUP(H$1,main!$A$3:$H$102,7,FALSE)=main!$G$104,VLOOKUP(H$1,main!$A$3:$H$102,5,FALSE)-VLOOKUP($A106,main!$A$3:$H$102,6,FALSE)>=main!$D$103+VLOOKUP(VLOOKUP(H$1,main!$A$3:$I$102,7,FALSE),main!$K$26:$Q$29,4,FALSE)),1,0) -> 1 | I106: =IF(AND(VLOOKUP(I$1,main!$A$3:$H$102,7,FALSE)=main!$G$104,VLOOKUP(I$1,main!$A$3:$H$102,5,FALSE)-VLOOKUP($A106,main!$A$3:$H$102,6,FALSE)>=main!$D$103+VLOOKUP(VLOOKUP(I$1,main!$A$3:$I$102,7,FALSE),main!$K$26:$Q$29,4,FALSE)),1,0) -> 1 | J106: =IF(AND(VLOOKUP(J$1,main!$A$3:$H$102,7,FALSE)=main!$G$104,VLOOKUP(J$1,main!$A$3:$H$102,5,FALSE)-VLOOKUP($A106,main!$A$3:$H$102,6,FALSE)>=main!$D$103+VLOOKUP(VLOOKUP(J$1,main!$A$3:$I$102,7,FALSE),main!$K$26:$Q$29,4,FALSE)),1,0) -> 1 | ... CX106: =IF(AND(VLOOKUP(CX$1,main!$A$3:$H$102,7,FALSE)=main!$G$104,VLOOKUP(CX$1,main!$A$3:$H$102,5,FALSE)-VLOOKUP($A106,main!$A$3:$H$102,6,FALSE)>=main!$D$103+VLOOKUP(VLOOKUP(CX$1,main!$A$3:$I$102,7,FALSE),main!$K$26:$Q$29,4,FALSE)),1,0) -> 0
A107: 4 | B107: 0 | C107: =IF(AND(VLOOKUP(C$1,main!$A$3:$H$102,7,FALSE)=main!$G$104,VLOOKUP(C$1,main!$A$3:$H$102,5,FALSE)-VLOOKUP($A107,main!$A$3:$H$102,6,FALSE)>=main!$D$103+VLOOKUP(VLOOKUP(C$1,main!$A$3:$I$102,7,FALSE),main!$K$26:$Q$29,4,FALSE)),1,0) -> 0 | D107: =IF(AND(VLOOKUP(D$1,main!$A$3:$H$102,7,FALSE)=main!$G$104,VLOOKUP(D$1,main!$A$3:$H$102,5,FALSE)-VLOOKUP($A107,main!$A$3:$H$102,6,FALSE)>=main!$D$103+VLOOKUP(VLOOKUP(D$1,main!$A$3:$I$102,7,FALSE),main!$K$26:$Q$29,4,FALSE)),1,0) -> 0 | E107: =IF(AND(VLOOKUP(E$1,main!$A$3:$H$102,7,FALSE)=main!$G$104,VLOOKUP(E$1,main!$A$3:$H$102,5,FALSE)-VLOOKUP($A107,main!$A$3:$H$102,6,FALSE)>=main!$D$103+VLOOKUP(VLOOKUP(E$1,main!$A$3:$I$102,7,FALSE),main!$K$26:$Q$29,4,FALSE)),1,0) -> 0 | F107: =IF(AND(VLOOKUP(F$1,main!$A$3:$H$102,7,FALSE)=main!$G$104,VLOOKUP(F$1,main!$A$3:$H$102,5,FALSE)-VLOOKUP($A107,main!$A$3:$H$102,6,FALSE)>=main!$D$103+VLOOKUP(VLOOKUP(F$1,main!$A$3:$I$102,7,FALSE),main!$K$26:$Q$29,4,FALSE)),1,0) -> 0 | G107: =IF(AND(VLOOKUP(G$1,main!$A$3:$H$102,7,FALSE)=main!$G$104,VLOOKUP(G$1,main!$A$3:$H$102,5,FALSE)-VLOOKUP($A107,main!$A$3:$H$102,6,FALSE)>=main!$D$103+VLOOKUP(VLOOKUP(G$1,main!$A$3:$I$102,7,FALSE),main!$K$26:$Q$29,4,FALSE)),1,0) -> 0 | H107: =IF(AND(VLOOKUP(H$1,main!$A$3:$H$102,7,FALSE)=main!$G$104,VLOOKUP(H$1,main!$A$3:$H$102,5,FALSE)-VLOOKUP($A107,main!$A$3:$H$102,6,FALSE)>=main!$D$103+VLOOKUP(VLOOKUP(H$1,main!$A$3:$I$102,7,FALSE),main!$K$26:$Q$29,4,FALSE)),1,0) -> 0 | I107: =IF(AND(VLOOKUP(I$1,main!$A$3:$H$102,7,FALSE)=main!$G$104,VLOOKUP(I$1,main!$A$3:$H$102,5,FALSE)-VLOOKUP($A107,main!$A$3:$H$102,6,FALSE)>=main!$D$103+VLOOKUP(VLOOKUP(I$1,main!$A$3:$I$102,7,FALSE),main!$K$26:$Q$29,4,FALSE)),1,0) -> 1 | J107: =IF(AND(VLOOKUP(J$1,main!$A$3:$H$102,7,FALSE)=main!$G$104,VLOOKUP(J$1,main!$A$3:$H$102,5,FALSE)-VLOOKUP($A107,main!$A$3:$H$102,6,FALSE)>=main!$D$103+VLOOKUP(VLOOKUP(J$1,main!$A$3:$I$102,7,FALSE),main!$K$26:$Q$29,4,FALSE)),1,0) -> 1 | ... CX107: =IF(AND(VLOOKUP(CX$1,main!$A$3:$H$102,7,FALSE)=main!$G$104,VLOOKUP(CX$1,main!$A$3:$H$102,5,FALSE)-VLOOKUP($A107,main!$A$3:$H$102,6,FALSE)>=main!$D$103+VLOOKUP(VLOOKUP(CX$1,main!$A$3:$I$102,7,FALSE),main!$K$26:$Q$29,4,FALSE)),1,0) -> 0
A108: 5 | B108: 0 | C108: =IF(AND(VLOOKUP(C$1,main!$A$3:$H$102,7,FALSE)=main!$G$104,VLOOKUP(C$1,main!$A$3:$H$102,5,FALSE)-VLOOKUP($A108,main!$A$3:$H$102,6,FALSE)>=main!$D$103+VLOOKUP(VLOOKUP(C$1,main!$A$3:$I$102,7,FALSE),main!$K$26:$Q$29,4,FALSE)),1,0) -> 0 | D108: =IF(AND(VLOOKUP(D$1,main!$A$3:$H$102,7,FALSE)=main!$G$104,VLOOKUP(D$1,main!$A$3:$H$102,5,FALSE)-VLOOKUP($A108,main!$A$3:$H$102,6,FALSE)>=main!$D$103+VLOOKUP(VLOOKUP(D$1,main!$A$3:$I$102,7,FALSE),main!$K$26:$Q$29,4,FALSE)),1,0) -> 0 | E108: =IF(AND(VLOOKUP(E$1,main!$A$3:$H$102,7,FALSE)=main!$G$104,VLOOKUP(E$1,main!$A$3:$H$102,5,FALSE)-VLOOKUP($A108,main!$A$3:$H$102,6,FALSE)>=main!$D$103+VLOOKUP(VLOOKUP(E$1,main!$A$3:$I$102,7,FALSE),main!$K$26:$Q$29,4,FALSE)),1,0) -> 0 | F108: =IF(AND(VLOOKUP(F$1,main!$A$3:$H$102,7,FALSE)=main!$G$104,VLOOKUP(F$1,main!$A$3:$H$102,5,FALSE)-VLOOKUP($A108,main!$A$3:$H$102,6,FALSE)>=main!$D$103+VLOOKUP(VLOOKUP(F$1,main!$A$3:$I$102,7,FALSE),main!$K$26:$Q$29,4,FALSE)),1,0) -> 0 | G108: =IF(AND(VLOOKUP(G$1,main!$A$3:$H$102,7,FALSE)=main!$G$104,VLOOKUP(G$1,main!$A$3:$H$102,5,FALSE)-VLOOKUP($A108,main!$A$3:$H$102,6,FALSE)>=main!$D$103+VLOOKUP(VLOOKUP(G$1,main!$A$3:$I$102,7,FALSE),main!$K$26:$Q$29,4,FALSE)),1,0) -> 0 | H108: =IF(AND(VLOOKUP(H$1,main!$A$3:$H$102,7,FALSE)=main!$G$104,VLOOKUP(H$1,main!$A$3:$H$102,5,FALSE)-VLOOKUP($A108,main!$A$3:$H$102,6,FALSE)>=main!$D$103+VLOOKUP(VLOOKUP(H$1,main!$A$3:$I$102,7,FALSE),main!$K$26:$Q$29,4,FALSE)),1,0) -> 0 | I108: =IF(AND(VLOOKUP(I$1,main!$A$3:$H$102,7,FALSE)=main!$G$104,VLOOKUP(I$1,main!$A$3:$H$102,5,FALSE)-VLOOKUP($A108,main!$A$3:$H$102,6,FALSE)>=main!$D$103+VLOOKUP(VLOOKUP(I$1,main!$A$3:$I$102,7,FALSE),main!$K$26:$Q$29,4,FALSE)),1,0) -> 0 | J108: =IF(AND(VLOOKUP(J$1,main!$A$3:$H$102,7,FALSE)=main!$G$104,VLOOKUP(J$1,main!$A$3:$H$102,5,FALSE)-VLOOKUP($A108,main!$A$3:$H$102,6,FALSE)>=main!$D$103+VLOOKUP(VLOOKUP(J$1,main!$A$3:$I$102,7,FALSE),main!$K$26:$Q$29,4,FALSE)),1,0) -> 1 | ... CX108: =IF(AND(VLOOKUP(CX$1,main!$A$3:$H$102,7,FALSE)=main!$G$104,VLOOKUP(CX$1,main!$A$3:$H$102,5,FALSE)-VLOOKUP($A108,main!$A$3:$H$102,6,FALSE)>=main!$D$103+VLOOKUP(VLOOKUP(CX$1,main!$A$3:$I$102,7,FALSE),main!$K$26:$Q$29,4,FALSE)),1,0) -> 0
A109: 6 | B109: 0 | C109: =IF(AND(VLOOKUP(C$1,main!$A$3:$H$102,7,FALSE)=main!$G$104,VLOOKUP(C$1,main!$A$3:$H$102,5,FALSE)-VLOOKUP($A109,main!$A$3:$H$102,6,FALSE)>=main!$D$103+VLOOKUP(VLOOKUP(C$1,main!$A$3:$I$102,7,FALSE),main!$K$26:$Q$29,4,FALSE)),1,0) -> 0 | D109: =IF(AND(VLOOKUP(D$1,main!$A$3:$H$102,7,FALSE)=main!$G$104,VLOOKUP(D$1,main!$A$3:$H$102,5,FALSE)-VLOOKUP($A109,main!$A$3:$H$102,6,FALSE)>=main!$D$103+VLOOKUP(VLOOKUP(D$1,main!$A$3:$I$102,7,FALSE),main!$K$26:$Q$29,4,FALSE)),1,0) -> 0 | E109: =IF(AND(VLOOKUP(E$1,main!$A$3:$H$102,7,FALSE)=main!$G$104,VLOOKUP(E$1,main!$A$3:$H$102,5,FALSE)-VLOOKUP($A109,main!$A$3:$H$102,6,FALSE)>=main!$D$103+VLOOKUP(VLOOKUP(E$1,main!$A$3:$I$102,7,FALSE),main!$K$26:$Q$29,4,FALSE)),1,0) -> 0 | F109: =IF(AND(VLOOKUP(F$1,main!$A$3:$H$102,7,FALSE)=main!$G$104,VLOOKUP(F$1,main!$A$3:$H$102,5,FALSE)-VLOOKUP($A109,main!$A$3:$H$102,6,FALSE)>=main!$D$103+VLOOKUP(VLOOKUP(F$1,main!$A$3:$I$102,7,FALSE),main!$K$26:$Q$29,4,FALSE)),1,0) -> 0 | G109: =IF(AND(VLOOKUP(G$1,main!$A$3:$H$102,7,FALSE)=main!$G$104,VLOOKUP(G$1,main!$A$3:$H$102,5,FALSE)-VLOOKUP($A109,main!$A$3:$H$102,6,FALSE)>=main!$D$103+VLOOKUP(VLOOKUP(G$1,main!$A$3:$I$102,7,FALSE),main!$K$26:$Q$29,4,FALSE)),1,0) -> 0 | H109: =IF(AND(VLOOKUP(H$1,main!$A$3:$H$102,7,FALSE)=main!$G$104,VLOOKUP(H$1,main!$A$3:$H$102,5,FALSE)-VLOOKUP($A109,main!$A$3:$H$102,6,FALSE)>=main!$D$103+VLOOKUP(VLOOKUP(H$1,main!$A$3:$I$102,7,FALSE),main!$K$26:$Q$29,4,FALSE)),1,0) -> 0 | I109: =IF(AND(VLOOKUP(I$1,main!$A$3:$H$102,7,FALSE)=main!$G$104,VLOOKUP(I$1,main!$A$3:$H$102,5,FALSE)-VLOOKUP($A109,main!$A$3:$H$102,6,FALSE)>=main!$D$103+VLOOKUP(VLOOKUP(I$1,main!$A$3:$I$102,7,FALSE),main!$K$26:$Q$29,4,FALSE)),1,0) -> 0 | J109: =IF(AND(VLOOKUP(J$1,main!$A$3:$H$102,7,FALSE)=main!$G$104,VLOOKUP(J$1,main!$A$3:$H$102,5,FALSE)-VLOOKUP($A109,main!$A$3:$H$102,6,FALSE)>=main!$D$103+VLOOKUP(VLOOKUP(J$1,main!$A$3:$I$102,7,FALSE),main!$K$26:$Q$29,4,FALSE)),1,0) -> 0 | ... CX109: =IF(AND(VLOOKUP(CX$1,main!$A$3:$H$102,7,FALSE)=main!$G$104,VLOOKUP(CX$1,main!$A$3:$H$102,5,FALSE)-VLOOKUP($A109,main!$A$3:$H$102,6,FALSE)>=main!$D$103+VLOOKUP(VLOOKUP(CX$1,main!$A$3:$I$102,7,FALSE),main!$K$26:$Q$29,4,FALSE)),1,0) -> 0
A110: 7 | B110: 0 | C110: =IF(AND(VLOOKUP(C$1,main!$A$3:$H$102,7,FALSE)=main!$G$104,VLOOKUP(C$1,main!$A$3:$H$102,5,FALSE)-VLOOKUP($A110,main!$A$3:$H$102,6,FALSE)>=main!$D$103+VLOOKUP(VLOOKUP(C$1,main!$A$3:$I$102,7,FALSE),main!$K$26:$Q$29,4,FALSE)),1,0) -> 0 | D110: =IF(AND(VLOOKUP(D$1,main!$A$3:$H$102,7,FALSE)=main!$G$104,VLOOKUP(D$1,main!$A$3:$H$102,5,FALSE)-VLOOKUP($A110,main!$A$3:$H$102,6,FALSE)>=main!$D$103+VLOOKUP(VLOOKUP(D$1,main!$A$3:$I$102,7,FALSE),main!$K$26:$Q$29,4,FALSE)),1,0) -> 0 | E110: =IF(AND(VLOOKUP(E$1,main!$A$3:$H$102,7,FALSE)=main!$G$104,VLOOKUP(E$1,main!$A$3:$H$102,5,FALSE)-VLOOKUP($A110,main!$A$3:$H$102,6,FALSE)>=main!$D$103+VLOOKUP(VLOOKUP(E$1,main!$A$3:$I$102,7,FALSE),main!$K$26:$Q$29,4,FALSE)),1,0) -> 0 | F110: =IF(AND(VLOOKUP(F$1,main!$A$3:$H$102,7,FALSE)=main!$G$104,VLOOKUP(F$1,main!$A$3:$H$102,5,FALSE)-VLOOKUP($A110,main!$A$3:$H$102,6,FALSE)>=main!$D$103+VLOOKUP(VLOOKUP(F$1,main!$A$3:$I$102,7,FALSE),main!$K$26:$Q$29,4,FALSE)),1,0) -> 0 | G110: =IF(AND(VLOOKUP(G$1,main!$A$3:$H$102,7,FALSE)=main!$G$104,VLOOKUP(G$1,main!$A$3:$H$102,5,FALSE)-VLOOKUP($A110,main!$A$3:$H$102,6,FALSE)>=main!$D$103+VLOOKUP(VLOOKUP(G$1,main!$A$3:$I$102,7,FALSE),main!$K$26:$Q$29,4,FALSE)),1,0) -> 0 | H110: =IF(AND(VLOOKUP(H$1,main!$A$3:$H$102,7,FALSE)=main!$G$104,VLOOKUP(H$1,main!$A$3:$H$102,5,FALSE)-VLOOKUP($A110,main!$A$3:$H$102,6,FALSE)>=main!$D$103+VLOOKUP(VLOOKUP(H$1,main!$A$3:$I$102,7,FALSE),main!$K$26:$Q$29,4,FALSE)),1,0) -> 0 | I110: =IF(AND(VLOOKUP(I$1,main!$A$3:$H$102,7,FALSE)=main!$G$104,VLOOKUP(I$1,main!$A$3:$H$102,5,FALSE)-VLOOKUP($A110,main!$A$3:$H$102,6,FALSE)>=main!$D$103+VLOOKUP(VLOOKUP(I$1,main!$A$3:$I$102,7,FALSE),main!$K$26:$Q$29,4,FALSE)),1,0) -> 0 | J110: =IF(AND(VLOOKUP(J$1,main!$A$3:$H$102,7,FALSE)=main!$G$104,VLOOKUP(J$1,main!$A$3:$H$102,5,FALSE)-VLOOKUP($A110,main!$A$3:$H$102,6,FALSE)>=main!$D$103+VLOOKUP(VLOOKUP(J$1,main!$A$3:$I$102,7,FALSE),main!$K$26:$Q$29,4,FALSE)),1,0) -> 0 | ... CX110: =IF(AND(VLOOKUP(CX$1,main!$A$3:$H$102,7,FALSE)=main!$G$104,VLOOKUP(CX$1,main!$A$3:$H$102,5,FALSE)-VLOOKUP($A110,main!$A$3:$H$102,6,FALSE)>=main!$D$103+VLOOKUP(VLOOKUP(CX$1,main!$A$3:$I$102,7,FALSE),main!$K$26:$Q$29,4,FALSE)),1,0) -> 0
A111: 8 | B111: 0 | C111: =IF(AND(VLOOKUP(C$1,main!$A$3:$H$102,7,FALSE)=main!$G$104,VLOOKUP(C$1,main!$A$3:$H$102,5,FALSE)-VLOOKUP($A111,main!$A$3:$H$102,6,FALSE)>=main!$D$103+VLOOKUP(VLOOKUP(C$1,main!$A$3:$I$102,7,FALSE),main!$K$26:$Q$29,4,FALSE)),1,0) -> 0 | D111: =IF(AND(VLOOKUP(D$1,main!$A$3:$H$102,7,FALSE)=main!$G$104,VLOOKUP(D$1,main!$A$3:$H$102,5,FALSE)-VLOOKUP($A111,main!$A$3:$H$102,6,FALSE)>=main!$D$103+VLOOKUP(VLOOKUP(D$1,main!$A$3:$I$102,7,FALSE),main!$K$26:$Q$29,4,FALSE)),1,0) -> 0 | E111: =IF(AND(VLOOKUP(E$1,main!$A$3:$H$102,7,FALSE)=main!$G$104,VLOOKUP(E$1,main!$A$3:$H$102,5,FALSE)-VLOOKUP($A111,main!$A$3:$H$102,6,FALSE)>=main!$D$103+VLOOKUP(VLOOKUP(E$1,main!$A$3:$I$102,7,FALSE),main!$K$26:$Q$29,4,FALSE)),1,0) -> 0 | F111: =IF(AND(VLOOKUP(F$1,main!$A$3:$H$102,7,FALSE)=main!$G$104,VLOOKUP(F$1,main!$A$3:$H$102,5,FALSE)-VLOOKUP($A111,main!$A$3:$H$102,6,FALSE)>=main!$D$103+VLOOKUP(VLOOKUP(F$1,main!$A$3:$I$102,7,FALSE),main!$K$26:$Q$29,4,FALSE)),1,0) -> 0 | G111: =IF(AND(VLOOKUP(G$1,main!$A$3:$H$102,7,FALSE)=main!$G$104,VLOOKUP(G$1,main!$A$3:$H$102,5,FALSE)-VLOOKUP($A111,main!$A$3:$H$102,6,FALSE)>=main!$D$103+VLOOKUP(VLOOKUP(G$1,main!$A$3:$I$102,7,FALSE),main!$K$26:$Q$29,4,FALSE)),1,0) -> 0 | H111: =IF(AND(VLOOKUP(H$1,main!$A$3:$H$102,7,FALSE)=main!$G$104,VLOOKUP(H$1,main!$A$3:$H$102,5,FALSE)-VLOOKUP($A111,main!$A$3:$H$102,6,FALSE)>=main!$D$103+VLOOKUP(VLOOKUP(H$1,main!$A$3:$I$102,7,FALSE),main!$K$26:$Q$29,4,FALSE)),1,0) -> 0 | I111: =IF(AND(VLOOKUP(I$1,main!$A$3:$H$102,7,FALSE)=main!$G$104,VLOOKUP(I$1,main!$A$3:$H$102,5,FALSE)-VLOOKUP($A111,main!$A$3:$H$102,6,FALSE)>=main!$D$103+VLOOKUP(VLOOKUP(I$1,main!$A$3:$I$102,7,FALSE),main!$K$26:$Q$29,4,FALSE)),1,0) -> 0 | J111: =IF(AND(VLOOKUP(J$1,main!$A$3:$H$102,7,FALSE)=main!$G$104,VLOOKUP(J$1,main!$A$3:$H$102,5,FALSE)-VLOOKUP($A111,main!$A$3:$H$102,6,FALSE)>=main!$D$103+VLOOKUP(VLOOKUP(J$1,main!$A$3:$I$102,7,FALSE),main!$K$26:$Q$29,4,FALSE)),1,0) -> 0 | ... CX111: =IF(AND(VLOOKUP(CX$1,main!$A$3:$H$102,7,FALSE)=main!$G$104,VLOOKUP(CX$1,main!$A$3:$H$102,5,FALSE)-VLOOKUP($A111,main!$A$3:$H$102,6,FALSE)>=main!$D$103+VLOOKUP(VLOOKUP(CX$1,main!$A$3:$I$102,7,FALSE),main!$K$26:$Q$29,4,FALSE)),1,0) -> 0
A112: 9 | B112: 0 | C112: =IF(AND(VLOOKUP(C$1,main!$A$3:$H$102,7,FALSE)=main!$G$104,VLOOKUP(C$1,main!$A$3:$H$102,5,FALSE)-VLOOKUP($A112,main!$A$3:$H$102,6,FALSE)>=main!$D$103+VLOOKUP(VLOOKUP(C$1,main!$A$3:$I$102,7,FALSE),main!$K$26:$Q$29,4,FALSE)),1,0) -> 0 | D112: =IF(AND(VLOOKUP(D$1,main!$A$3:$H$102,7,FALSE)=main!$G$104,VLOOKUP(D$1,main!$A$3:$H$102,5,FALSE)-VLOOKUP($A112,main!$A$3:$H$102,6,FALSE)>=main!$D$103+VLOOKUP(VLOOKUP(D$1,main!$A$3:$I$102,7,FALSE),main!$K$26:$Q$29,4,FALSE)),1,0) -> 0 | E112: =IF(AND(VLOOKUP(E$1,main!$A$3:$H$102,7,FALSE)=main!$G$104,VLOOKUP(E$1,main!$A$3:$H$102,5,FALSE)-VLOOKUP($A112,main!$A$3:$H$102,6,FALSE)>=main!$D$103+VLOOKUP(VLOOKUP(E$1,main!$A$3:$I$102,7,FALSE),main!$K$26:$Q$29,4,FALSE)),1,0) -> 0 | F112: =IF(AND(VLOOKUP(F$1,main!$A$3:$H$102,7,FALSE)=main!$G$104,VLOOKUP(F$1,main!$A$3:$H$102,5,FALSE)-VLOOKUP($A112,main!$A$3:$H$102,6,FALSE)>=main!$D$103+VLOOKUP(VLOOKUP(F$1,main!$A$3:$I$102,7,FALSE),main!$K$26:$Q$29,4,FALSE)),1,0) -> 0 | G112: =IF(AND(VLOOKUP(G$1,main!$A$3:$H$102,7,FALSE)=main!$G$104,VLOOKUP(G$1,main!$A$3:$H$102,5,FALSE)-VLOOKUP($A112,main!$A$3:$H$102,6,FALSE)>=main!$D$103+VLOOKUP(VLOOKUP(G$1,main!$A$3:$I$102,7,FALSE),main!$K$26:$Q$29,4,FALSE)),1,0) -> 0 | H112: =IF(AND(VLOOKUP(H$1,main!$A$3:$H$102,7,FALSE)=main!$G$104,VLOOKUP(H$1,main!$A$3:$H$102,5,FALSE)-VLOOKUP($A112,main!$A$3:$H$102,6,FALSE)>=main!$D$103+VLOOKUP(VLOOKUP(H$1,main!$A$3:$I$102,7,FALSE),main!$K$26:$Q$29,4,FALSE)),1,0) -> 0 | I112: =IF(AND(VLOOKUP(I$1,main!$A$3:$H$102,7,FALSE)=main!$G$104,VLOOKUP(I$1,main!$A$3:$H$102,5,FALSE)-VLOOKUP($A112,main!$A$3:$H$102,6,FALSE)>=main!$D$103+VLOOKUP(VLOOKUP(I$1,main!$A$3:$I$102,7,FALSE),main!$K$26:$Q$29,4,FALSE)),1,0) -> 0 | J112: =IF(AND(VLOOKUP(J$1,main!$A$3:$H$102,7,FALSE)=main!$G$104,VLOOKUP(J$1,main!$A$3:$H$102,5,FALSE)-VLOOKUP($A112,main!$A$3:$H$102,6,FALSE)>=main!$D$103+VLOOKUP(VLOOKUP(J$1,main!$A$3:$I$102,7,FALSE),main!$K$26:$Q$29,4,FALSE)),1,0) -> 0 | ... CX112: =IF(AND(VLOOKUP(CX$1,main!$A$3:$H$102,7,FALSE)=main!$G$104,VLOOKUP(CX$1,main!$A$3:$H$102,5,FALSE)-VLOOKUP($A112,main!$A$3:$H$102,6,FALSE)>=main!$D$103+VLOOKUP(VLOOKUP(CX$1,main!$A$3:$I$102,7,FALSE),main!$K$26:$Q$29,4,FALSE)),1,0) -> 0
A113: 10 | B113: 0 | C113: =IF(AND(VLOOKUP(C$1,main!$A$3:$H$102,7,FALSE)=main!$G$104,VLOOKUP(C$1,main!$A$3:$H$102,5,FALSE)-VLOOKUP($A113,main!$A$3:$H$102,6,FALSE)>=main!$D$103+VLOOKUP(VLOOKUP(C$1,main!$A$3:$I$102,7,FALSE),main!$K$26:$Q$29,4,FALSE)),1,0) -> 0 | D113: =IF(AND(VLOOKUP(D$1,main!$A$3:$H$102,7,FALSE)=main!$G$104,VLOOKUP(D$1,main!$A$3:$H$102,5,FALSE)-VLOOKUP($A113,main!$A$3:$H$102,6,FALSE)>=main!$D$103+VLOOKUP(VLOOKUP(D$1,main!$A$3:$I$102,7,FALSE),main!$K$26:$Q$29,4,FALSE)),1,0) -> 0 | E113: =IF(AND(VLOOKUP(E$1,main!$A$3:$H$102,7,FALSE)=main!$G$104,VLOOKUP(E$1,main!$A$3:$H$102,5,FALSE)-VLOOKUP($A113,main!$A$3:$H$102,6,FALSE)>=main!$D$103+VLOOKUP(VLOOKUP(E$1,main!$A$3:$I$102,7,FALSE),main!$K$26:$Q$29,4,FALSE)),1,0) -> 0 | F113: =IF(AND(VLOOKUP(F$1,main!$A$3:$H$102,7,FALSE)=main!$G$104,VLOOKUP(F$1,main!$A$3:$H$102,5,FALSE)-VLOOKUP($A113,main!$A$3:$H$102,6,FALSE)>=main!$D$103+VLOOKUP(VLOOKUP(F$1,main!$A$3:$I$102,7,FALSE),main!$K$26:$Q$29,4,FALSE)),1,0) -> 0 | G113: =IF(AND(VLOOKUP(G$1,main!$A$3:$H$102,7,FALSE)=main!$G$104,VLOOKUP(G$1,main!$A$3:$H$102,5,FALSE)-VLOOKUP($A113,main!$A$3:$H$102,6,FALSE)>=main!$D$103+VLOOKUP(VLOOKUP(G$1,main!$A$3:$I$102,7,FALSE),main!$K$26:$Q$29,4,FALSE)),1,0) -> 0 | H113: =IF(AND(VLOOKUP(H$1,main!$A$3:$H$102,7,FALSE)=main!$G$104,VLOOKUP(H$1,main!$A$3:$H$102,5,FALSE)-VLOOKUP($A113,main!$A$3:$H$102,6,FALSE)>=main!$D$103+VLOOKUP(VLOOKUP(H$1,main!$A$3:$I$102,7,FALSE),main!$K$26:$Q$29,4,FALSE)),1,0) -> 0 | I113: =IF(AND(VLOOKUP(I$1,main!$A$3:$H$102,7,FALSE)=main!$G$104,VLOOKUP(I$1,main!$A$3:$H$102,5,FALSE)-VLOOKUP($A113,main!$A$3:$H$102,6,FALSE)>=main!$D$103+VLOOKUP(VLOOKUP(I$1,main!$A$3:$I$102,7,FALSE),main!$K$26:$Q$29,4,FALSE)),1,0) -> 0 | J113: =IF(AND(VLOOKUP(J$1,main!$A$3:$H$102,7,FALSE)=main!$G$104,VLOOKUP(J$1,main!$A$3:$H$102,5,FALSE)-VLOOKUP($A113,main!$A$3:$H$102,6,FALSE)>=main!$D$103+VLOOKUP(VLOOKUP(J$1,main!$A$3:$I$102,7,FALSE),main!$K$26:$Q$29,4,FALSE)),1,0) -> 0 | ... CX113: =IF(AND(VLOOKUP(CX$1,main!$A$3:$H$102,7,FALSE)=main!$G$104,VLOOKUP(CX$1,main!$A$3:$H$102,5,FALSE)-VLOOKUP($A113,main!$A$3:$H$102,6,FALSE)>=main!$D$103+VLOOKUP(VLOOKUP(CX$1,main!$A$3:$I$102,7,FALSE),main!$K$26:$Q$29,4,FALSE)),1,0) -> 0
A114: 11 | B114: 0 | C114: =IF(AND(VLOOKUP(C$1,main!$A$3:$H$102,7,FALSE)=main!$G$104,VLOOKUP(C$1,main!$A$3:$H$102,5,FALSE)-VLOOKUP($A114,main!$A$3:$H$102,6,FALSE)>=main!$D$103+VLOOKUP(VLOOKUP(C$1,main!$A$3:$I$102,7,FALSE),main!$K$26:$Q$29,4,FALSE)),1,0) -> 0 | D114: =IF(AND(VLOOKUP(D$1,main!$A$3:$H$102,7,FALSE)=main!$G$104,VLOOKUP(D$1,main!$A$3:$H$102,5,FALSE)-VLOOKUP($A114,main!$A$3:$H$102,6,FALSE)>=main!$D$103+VLOOKUP(VLOOKUP(D$1,main!$A$3:$I$102,7,FALSE),main!$K$26:$Q$29,4,FALSE)),1,0) -> 0 | E114: =IF(AND(VLOOKUP(E$1,main!$A$3:$H$102,7,FALSE)=main!$G$104,VLOOKUP(E$1,main!$A$3:$H$102,5,FALSE)-VLOOKUP($A114,main!$A$3:$H$102,6,FALSE)>=main!$D$103+VLOOKUP(VLOOKUP(E$1,main!$A$3:$I$102,7,FALSE),main!$K$26:$Q$29,4,FALSE)),1,0) -> 0 | F114: =IF(AND(VLOOKUP(F$1,main!$A$3:$H$102,7,FALSE)=main!$G$104,VLOOKUP(F$1,main!$A$3:$H$102,5,FALSE)-VLOOKUP($A114,main!$A$3:$H$102,6,FALSE)>=main!$D$103+VLOOKUP(VLOOKUP(F$1,main!$A$3:$I$102,7,FALSE),main!$K$26:$Q$29,4,FALSE)),1,0) -> 0 | G114: =IF(AND(VLOOKUP(G$1,main!$A$3:$H$102,7,FALSE)=main!$G$104,VLOOKUP(G$1,main!$A$3:$H$102,5,FALSE)-VLOOKUP($A114,main!$A$3:$H$102,6,FALSE)>=main!$D$103+VLOOKUP(VLOOKUP(G$1,main!$A$3:$I$102,7,FALSE),main!$K$26:$Q$29,4,FALSE)),1,0) -> 1 | H114: =IF(AND(VLOOKUP(H$1,main!$A$3:$H$102,7,FALSE)=main!$G$104,VLOOKUP(H$1,main!$A$3:$H$102,5,FALSE)-VLOOKUP($A114,main!$A$3:$H$102,6,FALSE)>=main!$D$103+VLOOKUP(VLOOKUP(H$1,main!$A$3:$I$102,7,FALSE),main!$K$26:$Q$29,4,FALSE)),1,0) -> 1 | I114: =IF(AND(VLOOKUP(I$1,main!$A$3:$H$102,7,FALSE)=main!$G$104,VLOOKUP(I$1,main!$A$3:$H$102,5,FALSE)-VLOOKUP($A114,main!$A$3:$H$102,6,FALSE)>=main!$D$103+VLOOKUP(VLOOKUP(I$1,main!$A$3:$I$102,7,FALSE),main!$K$26:$Q$29,4,FALSE)),1,0) -> 1 | J114: =IF(AND(VLOOKUP(J$1,main!$A$3:$H$102,7,FALSE)=main!$G$104,VLOOKUP(J$1,main!$A$3:$H$102,5,FALSE)-VLOOKUP($A114,main!$A$3:$H$102,6,FALSE)>=main!$D$103+VLOOKUP(VLOOKUP(J$1,main!$A$3:$I$102,7,FALSE),main!$K$26:$Q$29,4,FALSE)),1,0) -> 1 | ... CX114: =IF(AND(VLOOKUP(CX$1,main!$A$3:$H$102,7,FALSE)=main!$G$104,VLOOKUP(CX$1,main!$A$3:$H$102,5,FALSE)-VLOOKUP($A114,main!$A$3:$H$102,6,FALSE)>=main!$D$103+VLOOKUP(VLOOKUP(CX$1,main!$A$3:$I$102,7,FALSE),main!$K$26:$Q$29,4,FALSE)),1,0) -> 0
A115: 12 | B115: 0 | C115: =IF(AND(VLOOKUP(C$1,main!$A$3:$H$102,7,FALSE)=main!$G$104,VLOOKUP(C$1,main!$A$3:$H$102,5,FALSE)-VLOOKUP($A115,main!$A$3:$H$102,6,FALSE)>=main!$D$103+VLOOKUP(VLOOKUP(C$1,main!$A$3:$I$102,7,FALSE),main!$K$26:$Q$29,4,FALSE)),1,0) -> 0 | D115: =IF(AND(VLOOKUP(D$1,main!$A$3:$H$102,7,FALSE)=main!$G$104,VLOOKUP(D$1,main!$A$3:$H$102,5,FALSE)-VLOOKUP($A115,main!$A$3:$H$102,6,FALSE)>=main!$D$103+VLOOKUP(VLOOKUP(D$1,main!$A$3:$I$102,7,FALSE),main!$K$26:$Q$29,4,FALSE)),1,0) -> 0 | E115: =IF(AND(VLOOKUP(E$1,main!$A$3:$H$102,7,FALSE)=main!$G$104,VLOOKUP(E$1,main!$A$3:$H$102,5,FALSE)-VLOOKUP($A115,main!$A$3:$H$102,6,FALSE)>=main!$D$103+VLOOKUP(VLOOKUP(E$1,main!$A$3:$I$102,7,FALSE),main!$K$26:$Q$29,4,FALSE)),1,0) -> 0 | F115: =IF(AND(VLOOKUP(F$1,main!$A$3:$H$102,7,FALSE)=main!$G$104,VLOOKUP(F$1,main!$A$3:$H$102,5,FALSE)-VLOOKUP($A115,main!$A$3:$H$102,6,FALSE)>=main!$D$103+VLOOKUP(VLOOKUP(F$1,main!$A$3:$I$102,7,FALSE),main!$K$26:$Q$29,4,FALSE)),1,0) -> 0 | G115: =IF(AND(VLOOKUP(G$1,main!$A$3:$H$102,7,FALSE)=main!$G$104,VLOOKUP(G$1,main!$A$3:$H$102,5,FALSE)-VLOOKUP($A115,main!$A$3:$H$102,6,FALSE)>=main!$D$103+VLOOKUP(VLOOKUP(G$1,main!$A$3:$I$102,7,FALSE),main!$K$26:$Q$29,4,FALSE)),1,0) -> 1 | H115: =IF(AND(VLOOKUP(H$1,main!$A$3:$H$102,7,FALSE)=main!$G$104,VLOOKUP(H$1,main!$A$3:$H$102,5,FALSE)-VLOOKUP($A115,main!$A$3:$H$102,6,FALSE)>=main!$D$103+VLOOKUP(VLOOKUP(H$1,main!$A$3:$I$102,7,FALSE),main!$K$26:$Q$29,4,FALSE)),1,0) -> 1 | I115: =IF(AND(VLOOKUP(I$1,main!$A$3:$H$102,7,FALSE)=main!$G$104,VLOOKUP(I$1,main!$A$3:$H$102,5,FALSE)-VLOOKUP($A115,main!$A$3:$H$102,6,FALSE)>=main!$D$103+VLOOKUP(VLOOKUP(I$1,main!$A$3:$I$102,7,FALSE),main!$K$26:$Q$29,4,FALSE)),1,0) -> 1 | J115: =IF(AND(VLOOKUP(J$1,main!$A$3:$H$102,7,FALSE)=main!$G$104,VLOOKUP(J$1,main!$A$3:$H$102,5,FALSE)-VLOOKUP($A115,main!$A$3:$H$102,6,FALSE)>=main!$D$103+VLOOKUP(VLOOKUP(J$1,main!$A$3:$I$102,7,FALSE),main!$K$26:$Q$29,4,FALSE)),1,0) -> 1 | ... CX115: =IF(AND(VLOOKUP(CX$1,main!$A$3:$H$102,7,FALSE)=main!$G$104,VLOOKUP(CX$1,main!$A$3:$H$102,5,FALSE)-VLOOKUP($A115,main!$A$3:$H$102,6,FALSE)>=main!$D$103+VLOOKUP(VLOOKUP(CX$1,main!$A$3:$I$102,7,FALSE),main!$K$26:$Q$29,4,FALSE)),1,0) -> 0
... A132: 29 | B132: 0 | C132: =IF(AND(VLOOKUP(C$1,main!$A$3:$H$102,7,FALSE)=main!$G$104,VLOOKUP(C$1,main!$A$3:$H$102,5,FALSE)-VLOOKUP($A132,main!$A$3:$H$102,6,FALSE)>=main!$D$103+VLOOKUP(VLOOKUP(C$1,main!$A$3:$I$102,7,FALSE),main!$K$26:$Q$29,4,FALSE)),1,0) -> 0 | D132: =IF(AND(VLOOKUP(D$1,main!$A$3:$H$102,7,FALSE)=main!$G$104,VLOOKUP(D$1,main!$A$3:$H$102,5,FALSE)-VLOOKUP($A132,main!$A$3:$H$102,6,FALSE)>=main!$D$103+VLOOKUP(VLOOKUP(D$1,main!$A$3:$I$102,7,FALSE),main!$K$26:$Q$29,4,FALSE)),1,0) -> 0 | E132: =IF(AND(VLOOKUP(E$1,main!$A$3:$H$102,7,FALSE)=main!$G$104,VLOOKUP(E$1,main!$A$3:$H$102,5,FALSE)-VLOOKUP($A132,main!$A$3:$H$102,6,FALSE)>=main!$D$103+VLOOKUP(VLOOKUP(E$1,main!$A$3:$I$102,7,FALSE),main!$K$26:$Q$29,4,FALSE)),1,0) -> 0 | F132: =IF(AND(VLOOKUP(F$1,main!$A$3:$H$102,7,FALSE)=main!$G$104,VLOOKUP(F$1,main!$A$3:$H$102,5,FALSE)-VLOOKUP($A132,main!$A$3:$H$102,6,FALSE)>=main!$D$103+VLOOKUP(VLOOKUP(F$1,main!$A$3:$I$102,7,FALSE),main!$K$26:$Q$29,4,FALSE)),1,0) -> 0 | G132: =IF(AND(VLOOKUP(G$1,main!$A$3:$H$102,7,FALSE)=main!$G$104,VLOOKUP(G$1,main!$A$3:$H$102,5,FALSE)-VLOOKUP($A132,main!$A$3:$H$102,6,FALSE)>=main!$D$103+VLOOKUP(VLOOKUP(G$1,main!$A$3:$I$102,7,FALSE),main!$K$26:$Q$29,4,FALSE)),1,0) -> 0 | H132: =IF(AND(VLOOKUP(H$1,main!$A$3:$H$102,7,FALSE)=main!$G$104,VLOOKUP(H$1,main!$A$3:$H$102,5,FALSE)-VLOOKUP($A132,main!$A$3:$H$102,6,FALSE)>=main!$D$103+VLOOKUP(VLOOKUP(H$1,main!$A$3:$I$102,7,FALSE),main!$K$26:$Q$29,4,FALSE)),1,0) -> 0 | I132: =IF(AND(VLOOKUP(I$1,main!$A$3:$H$102,7,FALSE)=main!$G$104,VLOOKUP(I$1,main!$A$3:$H$102,5,FALSE)-VLOOKUP($A132,main!$A$3:$H$102,6,FALSE)>=main!$D$103+VLOOKUP(VLOOKUP(I$1,main!$A$3:$I$102,7,FALSE),main!$K$26:$Q$29,4,FALSE)),1,0) -> 0 | J132: =IF(AND(VLOOKUP(J$1,main!$A$3:$H$102,7,FALSE)=main!$G$104,VLOOKUP(J$1,main!$A$3:$H$102,5,FALSE)-VLOOKUP($A132,main!$A$3:$H$102,6,FALSE)>=main!$D$103+VLOOKUP(VLOOKUP(J$1,main!$A$3:$I$102,7,FALSE),main!$K$26:$Q$29,4,FALSE)),1,0) -> 0 | ... CX132: =IF(AND(VLOOKUP(CX$1,main!$A$3:$H$102,7,FALSE)=main!$G$104,VLOOKUP(CX$1,main!$A$3:$H$102,5,FALSE)-VLOOKUP($A132,main!$A$3:$H$102,6,FALSE)>=main!$D$103+VLOOKUP(VLOOKUP(CX$1,main!$A$3:$I$102,7,FALSE),main!$K$26:$Q$29,4,FALSE)),1,0) -> 0
A133: 30 | B133: 0 | C133: =IF(AND(VLOOKUP(C$1,main!$A$3:$H$102,7,FALSE)=main!$G$104,VLOOKUP(C$1,main!$A$3:$H$102,5,FALSE)-VLOOKUP($A133,main!$A$3:$H$102,6,FALSE)>=main!$D$103+VLOOKUP(VLOOKUP(C$1,main!$A$3:$I$102,7,FALSE),main!$K$26:$Q$29,4,FALSE)),1,0) -> 0 | D133: =IF(AND(VLOOKUP(D$1,main!$A$3:$H$102,7,FALSE)=main!$G$104,VLOOKUP(D$1,main!$A$3:$H$102,5,FALSE)-VLOOKUP($A133,main!$A$3:$H$102,6,FALSE)>=main!$D$103+VLOOKUP(VLOOKUP(D$1,main!$A$3:$I$102,7,FALSE),main!$K$26:$Q$29,4,FALSE)),1,0) -> 0 | E133: =IF(AND(VLOOKUP(E$1,main!$A$3:$H$102,7,FALSE)=main!$G$104,VLOOKUP(E$1,main!$A$3:$H$102,5,FALSE)-VLOOKUP($A133,main!$A$3:$H$102,6,FALSE)>=main!$D$103+VLOOKUP(VLOOKUP(E$1,main!$A$3:$I$102,7,FALSE),main!$K$26:$Q$29,4,FALSE)),1,0) -> 0 | F133: =IF(AND(VLOOKUP(F$1,main!$A$3:$H$102,7,FALSE)=main!$G$104,VLOOKUP(F$1,main!$A$3:$H$102,5,FALSE)-VLOOKUP($A133,main!$A$3:$H$102,6,FALSE)>=main!$D$103+VLOOKUP(VLOOKUP(F$1,main!$A$3:$I$102,7,FALSE),main!$K$26:$Q$29,4,FALSE)),1,0) -> 0 | G133: =IF(AND(VLOOKUP(G$1,main!$A$3:$H$102,7,FALSE)=main!$G$104,VLOOKUP(G$1,main!$A$3:$H$102,5,FALSE)-VLOOKUP($A133,main!$A$3:$H$102,6,FALSE)>=main!$D$103+VLOOKUP(VLOOKUP(G$1,main!$A$3:$I$102,7,FALSE),main!$K$26:$Q$29,4,FALSE)),1,0) -> 0 | H133: =IF(AND(VLOOKUP(H$1,main!$A$3:$H$102,7,FALSE)=main!$G$104,VLOOKUP(H$1,main!$A$3:$H$102,5,FALSE)-VLOOKUP($A133,main!$A$3:$H$102,6,FALSE)>=main!$D$103+VLOOKUP(VLOOKUP(H$1,main!$A$3:$I$102,7,FALSE),main!$K$26:$Q$29,4,FALSE)),1,0) -> 0 | I133: =IF(AND(VLOOKUP(I$1,main!$A$3:$H$102,7,FALSE)=main!$G$104,VLOOKUP(I$1,main!$A$3:$H$102,5,FALSE)-VLOOKUP($A133,main!$A$3:$H$102,6,FALSE)>=main!$D$103+VLOOKUP(VLOOKUP(I$1,main!$A$3:$I$102,7,FALSE),main!$K$26:$Q$29,4,FALSE)),1,0) -> 0 | J133: =IF(AND(VLOOKUP(J$1,main!$A$3:$H$102,7,FALSE)=main!$G$104,VLOOKUP(J$1,main!$A$3:$H$102,5,FALSE)-VLOOKUP($A133,main!$A$3:$H$102,6,FALSE)>=main!$D$103+VLOOKUP(VLOOKUP(J$1,main!$A$3:$I$102,7,FALSE),main!$K$26:$Q$29,4,FALSE)),1,0) -> 0 | ... CX133: =IF(AND(VLOOKUP(CX$1,main!$A$3:$H$102,7,FALSE)=main!$G$104,VLOOKUP(CX$1,main!$A$3:$H$102,5,FALSE)-VLOOKUP($A133,main!$A$3:$H$102,6,FALSE)>=main!$D$103+VLOOKUP(VLOOKUP(CX$1,main!$A$3:$I$102,7,FALSE),main!$K$26:$Q$29,4,FALSE)),1,0) -> 0 | DB133: =IF(AND(VLOOKUP(AF$1,main!$A$3:$H$102,7,FALSE)=main!$G$104,VLOOKUP(AF$1,main!$A$3:$H$102,5,FALSE)-VLOOKUP($A138,main!$A$3:$H$102,6,FALSE)>=main!$D$103+VLOOKUP(VLOOKUP(AF$1,main!$A$3:$I$102,7,FALSE),main!$K$26:$Q$29,4,FALSE)),1,0) -> 1
A134: 31 | B134: 0 | C134: =IF(AND(VLOOKUP(C$1,main!$A$3:$H$102,7,FALSE)=main!$G$104,VLOOKUP(C$1,main!$A$3:$H$102,5,FALSE)-VLOOKUP($A134,main!$A$3:$H$102,6,FALSE)>=main!$D$103+VLOOKUP(VLOOKUP(C$1,main!$A$3:$I$102,7,FALSE),main!$K$26:$Q$29,4,FALSE)),1,0) -> 0 | D134: =IF(AND(VLOOKUP(D$1,main!$A$3:$H$102,7,FALSE)=main!$G$104,VLOOKUP(D$1,main!$A$3:$H$102,5,FALSE)-VLOOKUP($A134,main!$A$3:$H$102,6,FALSE)>=main!$D$103+VLOOKUP(VLOOKUP(D$1,main!$A$3:$I$102,7,FALSE),main!$K$26:$Q$29,4,FALSE)),1,0) -> 0 | E134: =IF(AND(VLOOKUP(E$1,main!$A$3:$H$102,7,FALSE)=main!$G$104,VLOOKUP(E$1,main!$A$3:$H$102,5,FALSE)-VLOOKUP($A134,main!$A$3:$H$102,6,FALSE)>=main!$D$103+VLOOKUP(VLOOKUP(E$1,main!$A$3:$I$102,7,FALSE),main!$K$26:$Q$29,4,FALSE)),1,0) -> 0 | F134: =IF(AND(VLOOKUP(F$1,main!$A$3:$H$102,7,FALSE)=main!$G$104,VLOOKUP(F$1,main!$A$3:$H$102,5,FALSE)-VLOOKUP($A134,main!$A$3:$H$102,6,FALSE)>=main!$D$103+VLOOKUP(VLOOKUP(F$1,main!$A$3:$I$102,7,FALSE),main!$K$26:$Q$29,4,FALSE)),1,0) -> 1 | G134: =IF(AND(VLOOKUP(G$1,main!$A$3:$H$102,7,FALSE)=main!$G$104,VLOOKUP(G$1,main!$A$3:$H$102,5,FALSE)-VLOOKUP($A134,main!$A$3:$H$102,6,FALSE)>=main!$D$103+VLOOKUP(VLOOKUP(G$1,main!$A$3:$I$102,7,FALSE),main!$K$26:$Q$29,4,FALSE)),1,0) -> 1 | H134: =IF(AND(VLOOKUP(H$1,main!$A$3:$H$102,7,FALSE)=main!$G$104,VLOOKUP(H$1,main!$A$3:$H$102,5,FALSE)-VLOOKUP($A134,main!$A$3:$H$102,6,FALSE)>=main!$D$103+VLOOKUP(VLOOKUP(H$1,main!$A$3:$I$102,7,FALSE),main!$K$26:$Q$29,4,FALSE)),1,0) -> 1 | I134: =IF(AND(VLOOKUP(I$1,main!$A$3:$H$102,7,FALSE)=main!$G$104,VLOOKUP(I$1,main!$A$3:$H$102,5,FALSE)-VLOOKUP($A134,main!$A$3:$H$102,6,FALSE)>=main!$D$103+VLOOKUP(VLOOKUP(I$1,main!$A$3:$I$102,7,FALSE),main!$K$26:$Q$29,4,FALSE)),1,0) -> 1 | J134: =IF(AND(VLOOKUP(J$1,main!$A$3:$H$102,7,FALSE)=main!$G$104,VLOOKUP(J$1,main!$A$3:$H$102,5,FALSE)-VLOOKUP($A134,main!$A$3:$H$102,6,FALSE)>=main!$D$103+VLOOKUP(VLOOKUP(J$1,main!$A$3:$I$102,7,FALSE),main!$K$26:$Q$29,4,FALSE)),1,0) -> 1 | ... CX134: =IF(AND(VLOOKUP(CX$1,main!$A$3:$H$102,7,FALSE)=main!$G$104,VLOOKUP(CX$1,main!$A$3:$H$102,5,FALSE)-VLOOKUP($A134,main!$A$3:$H$102,6,FALSE)>=main!$D$103+VLOOKUP(VLOOKUP(CX$1,main!$A$3:$I$102,7,FALSE),main!$K$26:$Q$29,4,FALSE)),1,0) -> 0 | DB134: =VLOOKUP(AF$1,main!$A$3:$H$102,7,FALSE) -> Terminal A
A135: 32 | B135: 0 | C135: =IF(AND(VLOOKUP(C$1,main!$A$3:$H$102,7,FALSE)=main!$G$104,VLOOKUP(C$1,main!$A$3:$H$102,5,FALSE)-VLOOKUP($A135,main!$A$3:$H$102,6,FALSE)>=main!$D$103+VLOOKUP(VLOOKUP(C$1,main!$A$3:$I$102,7,FALSE),main!$K$26:$Q$29,4,FALSE)),1,0) -> 0 | D135: =IF(AND(VLOOKUP(D$1,main!$A$3:$H$102,7,FALSE)=main!$G$104,VLOOKUP(D$1,main!$A$3:$H$102,5,FALSE)-VLOOKUP($A135,main!$A$3:$H$102,6,FALSE)>=main!$D$103+VLOOKUP(VLOOKUP(D$1,main!$A$3:$I$102,7,FALSE),main!$K$26:$Q$29,4,FALSE)),1,0) -> 0 | E135: =IF(AND(VLOOKUP(E$1,main!$A$3:$H$102,7,FALSE)=main!$G$104,VLOOKUP(E$1,main!$A$3:$H$102,5,FALSE)-VLOOKUP($A135,main!$A$3:$H$102,6,FALSE)>=main!$D$103+VLOOKUP(VLOOKUP(E$1,main!$A$3:$I$102,7,FALSE),main!$K$26:$Q$29,4,FALSE)),1,0) -> 0 | F135: =IF(AND(VLOOKUP(F$1,main!$A$3:$H$102,7,FALSE)=main!$G$104,VLOOKUP(F$1,main!$A$3:$H$102,5,FALSE)-VLOOKUP($A135,main!$A$3:$H$102,6,FALSE)>=main!$D$103+VLOOKUP(VLOOKUP(F$1,main!$A$3:$I$102,7,FALSE),main!$K$26:$Q$29,4,FALSE)),1,0) -> 0 | G135: =IF(AND(VLOOKUP(G$1,main!$A$3:$H$102,7,FALSE)=main!$G$104,VLOOKUP(G$1,main!$A$3:$H$102,5,FALSE)-VLOOKUP($A135,main!$A$3:$H$102,6,FALSE)>=main!$D$103+VLOOKUP(VLOOKUP(G$1,main!$A$3:$I$102,7,FALSE),main!$K$26:$Q$29,4,FALSE)),1,0) -> 1 | H135: =IF(AND(VLOOKUP(H$1,main!$A$3:$H$102,7,FALSE)=main!$G$104,VLOOKUP(H$1,main!$A$3:$H$102,5,FALSE)-VLOOKUP($A135,main!$A$3:$H$102,6,FALSE)>=main!$D$103+VLOOKUP(VLOOKUP(H$1,main!$A$3:$I$102,7,FALSE),main!$K$26:$Q$29,4,FALSE)),1,0) -> 1 | I135: =IF(AND(VLOOKUP(I$1,main!$A$3:$H$102,7,FALSE)=main!$G$104,VLOOKUP(I$1,main!$A$3:$H$102,5,FALSE)-VLOOKUP($A135,main!$A$3:$H$102,6,FALSE)>=main!$D$103+VLOOKUP(VLOOKUP(I$1,main!$A$3:$I$102,7,FALSE),main!$K$26:$Q$29,4,FALSE)),1,0) -> 1 | J135: =IF(AND(VLOOKUP(J$1,main!$A$3:$H$102,7,FALSE)=main!$G$104,VLOOKUP(J$1,main!$A$3:$H$102,5,FALSE)-VLOOKUP($A135,main!$A$3:$H$102,6,FALSE)>=main!$D$103+VLOOKUP(VLOOKUP(J$1,main!$A$3:$I$102,7,FALSE),main!$K$26:$Q$29,4,FALSE)),1,0) -> 1 | ... CX135: =IF(AND(VLOOKUP(CX$1,main!$A$3:$H$102,7,FALSE)=main!$G$104,VLOOKUP(CX$1,main!$A$3:$H$102,5,FALSE)-VLOOKUP($A135,main!$A$3:$H$102,6,FALSE)>=main!$D$103+VLOOKUP(VLOOKUP(CX$1,main!$A$3:$I$102,7,FALSE),main!$K$26:$Q$29,4,FALSE)),1,0) -> 0 | DB135: =main!$G$104 -> Terminal A
A136: 33 | B136: 0 | C136: =IF(AND(VLOOKUP(C$1,main!$A$3:$H$102,7,FALSE)=main!$G$104,VLOOKUP(C$1,main!$A$3:$H$102,5,FALSE)-VLOOKUP($A136,main!$A$3:$H$102,6,FALSE)>=main!$D$103+VLOOKUP(VLOOKUP(C$1,main!$A$3:$I$102,7,FALSE),main!$K$26:$Q$29,4,FALSE)),1,0) -> 0 | D136: =IF(AND(VLOOKUP(D$1,main!$A$3:$H$102,7,FALSE)=main!$G$104,VLOOKUP(D$1,main!$A$3:$H$102,5,FALSE)-VLOOKUP($A136,main!$A$3:$H$102,6,FALSE)>=main!$D$103+VLOOKUP(VLOOKUP(D$1,main!$A$3:$I$102,7,FALSE),main!$K$26:$Q$29,4,FALSE)),1,0) -> 0 | E136: =IF(AND(VLOOKUP(E$1,main!$A$3:$H$102,7,FALSE)=main!$G$104,VLOOKUP(E$1,main!$A$3:$H$102,5,FALSE)-VLOOKUP($A136,main!$A$3:$H$102,6,FALSE)>=main!$D$103+VLOOKUP(VLOOKUP(E$1,main!$A$3:$I$102,7,FALSE),main!$K$26:$Q$29,4,FALSE)),1,0) -> 0 | F136: =IF(AND(VLOOKUP(F$1,main!$A$3:$H$102,7,FALSE)=main!$G$104,VLOOKUP(F$1,main!$A$3:$H$102,5,FALSE)-VLOOKUP($A136,main!$A$3:$H$102,6,FALSE)>=main!$D$103+VLOOKUP(VLOOKUP(F$1,main!$A$3:$I$102,7,FALSE),main!$K$26:$Q$29,4,FALSE)),1,0) -> 0 | G136: =IF(AND(VLOOKUP(G$1,main!$A$3:$H$102,7,FALSE)=main!$G$104,VLOOKUP(G$1,main!$A$3:$H$102,5,FALSE)-VLOOKUP($A136,main!$A$3:$H$102,6,FALSE)>=main!$D$103+VLOOKUP(VLOOKUP(G$1,main!$A$3:$I$102,7,FALSE),main!$K$26:$Q$29,4,FALSE)),1,0) -> 0 | H136: =IF(AND(VLOOKUP(H$1,main!$A$3:$H$102,7,FALSE)=main!$G$104,VLOOKUP(H$1,main!$A$3:$H$102,5,FALSE)-VLOOKUP($A136,main!$A$3:$H$102,6,FALSE)>=main!$D$103+VLOOKUP(VLOOKUP(H$1,main!$A$3:$I$102,7,FALSE),main!$K$26:$Q$29,4,FALSE)),1,0) -> 1 | I136: =IF(AND(VLOOKUP(I$1,main!$A$3:$H$102,7,FALSE)=main!$G$104,VLOOKUP(I$1,main!$A$3:$H$102,5,FALSE)-VLOOKUP($A136,main!$A$3:$H$102,6,FALSE)>=main!$D$103+VLOOKUP(VLOOKUP(I$1,main!$A$3:$I$102,7,FALSE),main!$K$26:$Q$29,4,FALSE)),1,0) -> 1 | J136: =IF(AND(VLOOKUP(J$1,main!$A$3:$H$102,7,FALSE)=main!$G$104,VLOOKUP(J$1,main!$A$3:$H$102,5,FALSE)-VLOOKUP($A136,main!$A$3:$H$102,6,FALSE)>=main!$D$103+VLOOKUP(VLOOKUP(J$1,main!$A$3:$I$102,7,FALSE),main!$K$26:$Q$29,4,FALSE)),1,0) -> 1 | ... CX136: =IF(AND(VLOOKUP(CX$1,main!$A$3:$H$102,7,FALSE)=main!$G$104,VLOOKUP(CX$1,main!$A$3:$H$102,5,FALSE)-VLOOKUP($A136,main!$A$3:$H$102,6,FALSE)>=main!$D$103+VLOOKUP(VLOOKUP(CX$1,main!$A$3:$I$102,7,FALSE),main!$K$26:$Q$29,4,FALSE)),1,0) -> 0 | DB136: =VLOOKUP(AF$1,main!$A$3:$H$102,5,FALSE) -> 1100 | DE136: =1100-1035 -> 65
A137: 34 | B137: 0 | C137: =IF(AND(VLOOKUP(C$1,main!$A$3:$H$102,7,FALSE)=main!$G$104,VLOOKUP(C$1,main!$A$3:$H$102,5,FALSE)-VLOOKUP($A137,main!$A$3:$H$102,6,FALSE)>=main!$D$103+VLOOKUP(VLOOKUP(C$1,main!$A$3:$I$102,7,FALSE),main!$K$26:$Q$29,4,FALSE)),1,0) -> 0 | D137: =IF(AND(VLOOKUP(D$1,main!$A$3:$H$102,7,FALSE)=main!$G$104,VLOOKUP(D$1,main!$A$3:$H$102,5,FALSE)-VLOOKUP($A137,main!$A$3:$H$102,6,FALSE)>=main!$D$103+VLOOKUP(VLOOKUP(D$1,main!$A$3:$I$102,7,FALSE),main!$K$26:$Q$29,4,FALSE)),1,0) -> 0 | E137: =IF(AND(VLOOKUP(E$1,main!$A$3:$H$102,7,FALSE)=main!$G$104,VLOOKUP(E$1,main!$A$3:$H$102,5,FALSE)-VLOOKUP($A137,main!$A$3:$H$102,6,FALSE)>=main!$D$103+VLOOKUP(VLOOKUP(E$1,main!$A$3:$I$102,7,FALSE),main!$K$26:$Q$29,4,FALSE)),1,0) -> 0 | F137: =IF(AND(VLOOKUP(F$1,main!$A$3:$H$102,7,FALSE)=main!$G$104,VLOOKUP(F$1,main!$A$3:$H$102,5,FALSE)-VLOOKUP($A137,main!$A$3:$H$102,6,FALSE)>=main!$D$103+VLOOKUP(VLOOKUP(F$1,main!$A$3:$I$102,7,FALSE),main!$K$26:$Q$29,4,FALSE)),1,0) -> 0 | G137: =IF(AND(VLOOKUP(G$1,main!$A$3:$H$102,7,FALSE)=main!$G$104,VLOOKUP(G$1,main!$A$3:$H$102,5,FALSE)-VLOOKUP($A137,main!$A$3:$H$102,6,FALSE)>=main!$D$103+VLOOKUP(VLOOKUP(G$1,main!$A$3:$I$102,7,FALSE),main!$K$26:$Q$29,4,FALSE)),1,0) -> 0 | H137: =IF(AND(VLOOKUP(H$1,main!$A$3:$H$102,7,FALSE)=main!$G$104,VLOOKUP(H$1,main!$A$3:$H$102,5,FALSE)-VLOOKUP($A137,main!$A$3:$H$102,6,FALSE)>=main!$D$103+VLOOKUP(VLOOKUP(H$1,main!$A$3:$I$102,7,FALSE),main!$K$26:$Q$29,4,FALSE)),1,0) -> 0 | I137: =IF(AND(VLOOKUP(I$1,main!$A$3:$H$102,7,FALSE)=main!$G$104,VLOOKUP(I$1,main!$A$3:$H$102,5,FALSE)-VLOOKUP($A137,main!$A$3:$H$102,6,FALSE)>=main!$D$103+VLOOKUP(VLOOKUP(I$1,main!$A$3:$I$102,7,FALSE),main!$K$26:$Q$29,4,FALSE)),1,0) -> 0 | J137: =IF(AND(VLOOKUP(J$1,main!$A$3:$H$102,7,FALSE)=main!$G$104,VLOOKUP(J$1,main!$A$3:$H$102,5,FALSE)-VLOOKUP($A137,main!$A$3:$H$102,6,FALSE)>=main!$D$103+VLOOKUP(VLOOKUP(J$1,main!$A$3:$I$102,7,FALSE),main!$K$26:$Q$29,4,FALSE)),1,0) -> 1 | ... CX137: =IF(AND(VLOOKUP(CX$1,main!$A$3:$H$102,7,FALSE)=main!$G$104,VLOOKUP(CX$1,main!$A$3:$H$102,5,FALSE)-VLOOKUP($A137,main!$A$3:$H$102,6,FALSE)>=main!$D$103+VLOOKUP(VLOOKUP(CX$1,main!$A$3:$I$102,7,FALSE),main!$K$26:$Q$29,4,FALSE)),1,0) -> 0 | DB137: =VLOOKUP($A138,main!$A$3:$H$102,6,FALSE) -> 1035
