Workbook

Sheet main
A1: ID | B1: name | C1: type | D1: duration | E1: dep_time | F1: arr_time | G1: dep_term | H1: arr_term | I1: ID
A2: 0 | B2: DEPOT | C2: depot | D2: 0 | E2: 0 | F2: 1440 | G2: - | H2: - | I2: 0
A3: 1 | B3: AB1 | C3: trip | D3: 135 | E3: 560 | F3: 695 | G3: Terminal A | H3: Terminal B | I3: 1
A4: 2 | B4: AB2 | C4: trip | D4: 135 | E4: 740 | F4: 875 | G4: Terminal A | H4: Terminal B | I4: 2
A5: 3 | B5: AB3 | C5: trip | D5: 135 | E5: 830 | F5: 965 | G5: Terminal A | H5: Terminal B | I5: 3
A6: 4 | B6: AB4 | C6: trip | D6: 135 | E6: 920 | F6: 1055 | G6: Terminal A | H6: Terminal B | I6: 4
A7: 5 | B7: AB5 | C7: trip | D7: 135 | E7: 980 | F7: 1115 | G7: Terminal A | H7: Terminal B | I7: 5
A8: 6 | B8: AB6 | C8: trip | D8: 135 | E8: 1040 | F8: 1175 | G8: Terminal A | H8: Terminal B | I8: 6 | J8: TMAX | K8: 1355
A9: 7 | B9: AB7 | C9: trip | D9: 135 | E9: 1100 | F9: 1235 | G9: Terminal A | H9: Terminal B | I9: 7
A10: 8 | B10: AB8 | C10: trip | D10: 135 | E10: 1190 | F10: 1325 | G10: Terminal A | H10: Terminal B | I10: 8 | K10: Terminal | L10: Min_Layover | M10: Duration to CS1 | N10: Duration to CS1a | O10: Duration to CS2b | P10: Duration to CS3c | Q10: Duration to CS4d
A11: 9 | B11: AC1 | C11: trip | D11: 140 | E11: 555 | F11: 695 | G11: Terminal A | H11: Terminal C | I11: 9 | K11: Terminal A | L11: 15 | M11: 30 | N11: 10 | O11: 145 | P11: 150 | Q11: 220
A12: 10 | B12: AC2 | C12: trip | D12: 140 | E12: 675 | F12: 815 | G12: Terminal A | H12: Terminal C | I12: 10 | K12: Terminal B | L12: 15 | M12: 30 | N12: 145 | O12: 10 | P12: 155 | Q12: 160
A13: 11 | B13: AC3 | C13: trip | D13: 140 | E13: 795 | F13: 935 | G13: Terminal A | H13: Terminal C | I13: 11 | K13: Terminal C | L13: 15 | M13: 30 | N13: 150 | O13: 155 | P13: 10 | Q13: 280
A14: 12 | B14: AC4 | C14: trip | D14: 140 | E14: 1155 | F14: 1295 | G14: Terminal A | H14: Terminal C | I14: 12 | K14: Terminal D | L14: 15 | M14: 30 | N14: 220 | O14: 160 | P14: 280 | Q14: 10
A15: 13 | B15: AC5 | C15: trip | D15: 140 | E15: 1215 | F15: 1355 | G15: Terminal A | H15: Terminal C | I15: 13 | K15: CS | L15: 100 | M15: (MAX_DURATION == 500, time to recharge = 100 seconds)
A16: 14 | B16: AD1 | C16: trip | D16: 140 | E16: 560 | F16: 700 | G16: Terminal A | H16: Terminal D | I16: 14 | K16: MAX_DURATION | L16: 350
A17: 15 | B17: AD2 | C17: trip | D17: 140 | E17: 630 | F17: 770 | G17: Terminal A | H17: Terminal D | I17: 15
A18: 16 | B18: AD3 | C18: trip | D18: 135 | E18: 790 | F18: 925 | G18: Terminal A | H18: Terminal D | I18: 16 | L18: Terminal A | M18: Terminal B | N18: Terminal C | O18: Terminal D
A19: 17 | B19: AD4 | C19: trip | D19: 140 | E19: 970 | F19: 1110 | G19: Terminal A | H19: Terminal D | I19: 17 | K19: Terminal A | L19: 0 | M19: 25 | N19: 30 | O19: 35
A20: 18 | B20: AD5 | C20: trip | D20: 140 | E20: 1120 | F20: 1240 | G20: Terminal A | H20: Terminal D | I20: 18 | K20: Terminal B | L20: 25 | M20: 0 | N20: 28 | O20: 40
A21: 19 | B21: BA1 | C21: trip | D21: 135 | E21: 540 | F21: 675 | G21: Terminal B | H21: Terminal A | I21: 19 | K21: Terminal C | L21: 30 | M21: 28 | N21: 0 | O21: 33
A22: 20 | B22: BA2 | C22: trip | D22: 135 | E22: 630 | F22: 765 | G22: Terminal B | H22: Terminal A | I22: 20 | K22: Terminal D | L22: 35 | M22: 40 | N22: 33 | O22: 0
A23: 21 | B23: BA3 | C23: trip | D23: 135 | E23: 720 | F23: 855 | G23: Terminal B | H23: Terminal A | I23: 21
A24: 22 | B24: BA4 | C24: trip | D24: 135 | E24: 810 | F24: 945 | G24: Terminal B | H24: Terminal A | I24: 22
A25: 23 | B25: BA5 | C25: trip | D25: 135 | E25: 900 | F25: 1035 | G25: Terminal B | H25: Terminal A | I25: 23
A26: 24 | B26: BA6 | C26: trip | D26: 135 | E26: 990 | F26: 1125 | G26: Terminal B | H26: Terminal A | I26: 24
A27: 25 | B27: BA7 | C27: trip | D27: 135 | E27: 1080 | F27: 1215 | G27: Terminal B | H27: Terminal A | I27: 25
A28: 26 | B28: BA8 | C28: trip | D28: 135 | E28: 1140 | F28: 1275 | G28: Terminal B | H28: Terminal A | I28: 26
A29: 27 | B29: BC1 | C29: trip | D29: 120 | E29: 300 | F29: 420 | G29: Terminal C | H29: Terminal B | I29: 27
A30: 28 | B30: BC2 | C30: trip | D30: 140 | E30: 595 | F30: 735 | G30: Terminal B | H30: Terminal C | I30: 28
A31: 29 | B31: BC3 | C31: trip | D31: 120 | E31: 800 | F31: 920 | G31: Terminal B | H31: Terminal C | I31: 29
A32: 30 | B32: BC4 | C32: trip | D32: 130 | E32: 950 | F32: 1130 | G32: Terminal B | H32: Terminal C | I32: 30
A33: 31 | B33: CA1 | C33: trip | D33: 140 | E33: 570 | F33: 710 | G33: Terminal C | H33: Terminal A | I33: 31
A34: 32 | B34: CA2 | C34: trip | D34: 140 | E34: 740 | F34: 880 | G34: Terminal C | H34: Terminal A | I34: 32
... A61: 59 | B61: CS4d | C61: cs | D61: 50 | E61: 0 | F61: 1440 | G61: - | H61: - | I61: 59

Sheet gamma
B1: 0 | C1: 1 | D1: 2 | E1: 3 | F1: 4 | G1: 5 | H1: 6 | I1: 7 | J1: 8 | K1: 9 | L1: 10 | M1: 11 | N1: 12 | O1: 13 | P1: 14 | Q1: 15 | R1: 16 | S1: 17 | T1: 18 | U1: 19 | V1: 20 | W1: 21 | X1: 22 | Y1: 23 | Z1: 24 | AA1: 25 | AB1: 26 | AC1: 27 | AD1: 28 | AE1: 29 | AF1: 30 | AG1: 31 | AH1: 32 | AI1: 33 | AJ1: 34 | AK1: 35 | AL1: 36 | AM1: 37 | AN1: 38 | AO1: 39 | AP1: 40 | AQ1: 41 | AR1: 42 | AS1: 43 | AT1: 44 | AU1: 45 | AV1: 46 | AW1: 47 | AX1: 48 | AY1: 49 | AZ1: 50 | BA1: 51 | BB1: 52 | BC1: 53 | BD1: 54
A2: 0 | B2: 0 | C2: 1 | D2: 1 | E2: 1 | F2: 1 | G2: 1 | H2: 1 | I2: 1 | J2: 1 | K2: 1 | L2: 1 | M2: 1 | N2: 1 | O2: 1 | P2: 1 | Q2: 1 | R2: 1 | S2: 1 | T2: 1 | U2: 1 | V2: 1 | W2: 1 | X2: 1 | Y2: 1 | Z2: 1 | AA2: 1 | AB2: 1 | AC2: 1 | AD2: 1 | AE2: 1 | AF2: 1 | AG2: 1 | AH2: 1 | AI2: 1 | AJ2: 1 | AK2: 1 | AL2: 1 | AM2: 1 | AN2: 1 | AO2: 1 | AP2: 1 | AQ2: 1 | AR2: 1 | AS2: 1 | AT2: 1 | AU2: 1 | AV2: 1 | AW2: 1 | AX2: 1 | AY2: 1 | AZ2: 1 | BA2: 1 | BB2: 1 | BC2: 1 | BD2: 1
A3: =A2+1 -> 1 | B3: 1 | C3: =IF((AND(VLOOKUP(C$1,main!$A$3:$I$56,5,FALSE)-VLOOKUP($A3,main!$A$3:$I$56,6,FALSE)>=(VLOOKUP(VLOOKUP(C$1,main!$A$3:$I$56,8,FALSE),main!$K$11:$M$14,2,FALSE)+VLOOKUP(VLOOKUP(C$1,main!$A$3:$I$56,7,FALSE),main!$K$19:$O$22,MATCH(VLOOKUP($A3,main!$A$3:$I$56,8,FALSE),main!$K$18:$O$18,0))))),1,0) -> 0 | D3: =IF((AND(VLOOKUP(D$1,main!$A$3:$I$56,5,FALSE)-VLOOKUP($A3,main!$A$3:$I$56,6,FALSE)>=(VLOOKUP(VLOOKUP(D$1,main!$A$3:$I$56,8,FALSE),main!$K$11:$M$14,2,FALSE)+VLOOKUP(VLOOKUP(D$1,main!$A$3:$I$56,7,FALSE),main!$K$19:$O$22,MATCH(VLOOKUP($A3,main!$A$3:$I$56,8,FALSE),main!$K$18:$O$18,0))))),1,0) -> 1 | E3: =IF((AND(VLOOKUP(E$1,main!$A$3:$I$56,5,FALSE)-VLOOKUP($A3,main!$A$3:$I$56,6,FALSE)>=(VLOOKUP(VLOOKUP(E$1,main!$A$3:$I$56,8,FALSE),main!$K$11:$M$14,2,FALSE)+VLOOKUP(VLOOKUP(E$1,main!$A$3:$I$56,7,FALSE),main!$K$19:$O$22,MATCH(VLOOKUP($A3,main!$A$3:$I$56,8,FALSE),main!$K$18:$O$18,0))))),1,0) -> 1 | F3: =IF((AND(VLOOKUP(F$1,main!$A$3:$I$56,5,FALSE)-VLOOKUP($A3,main!$A$3:$I$56,6,FALSE)>=(VLOOKUP(VLOOKUP(F$1,main!$A$3:$I$56,8,FALSE),main!$K$11:$M$14,2,FALSE)+VLOOKUP(VLOOKUP(F$1,main!$A$3:$I$56,7,FALSE),main!$K$19:$O$22,MATCH(VLOOKUP($A3,main!$A$3:$I$56,8,FALSE),main!$K$18:$O$18,0))))),1,0) -> 1 | G3: =IF((AND(VLOOKUP(G$1,main!$A$3:$I$56,5,FALSE)-VLOOKUP($A3,main!$A$3:$I$56,6,FALSE)>=(VLOOKUP(VLOOKUP(G$1,main!$A$3:$I$56,8,FALSE),main!$K$11:$M$14,2,FALSE)+VLOOKUP(VLOOKUP(G$1,main!$A$3:$I$56,7,FALSE),main!$K$19:$O$22,MATCH(VLOOKUP($A3,main!$A$3:$I$56,8,FALSE),main!$K$18:$O$18,0))))),1,0) -> 1 | H3: =IF((AND(VLOOKUP(H$1,main!$A$3:$I$56,5,FALSE)-VLOOKUP($A3,main!$A$3:$I$56,6,FALSE)>=(VLOOKUP(VLOOKUP(H$1,main!$A$3:$I$56,8,FALSE),main!$K$11:$M$14,2,FALSE)+VLOOKUP(VLOOKUP(H$1,main!$A$3:$I$56,7,FALSE),main!$K$19:$O$22,MATCH(VLOOKUP($A3,main!$A$3:$I$56,8,FALSE),main!$K$18:$O$18,0))))),1,0) -> 1 | I3: =IF((AND(VLOOKUP(I$1,main!$A$3:$I$56,5,FALSE)-VLOOKUP($A3,main!$A$3:$I$56,6,FALSE)>=(VLOOKUP(VLOOKUP(I$1,main!$A$3:$I$56,8,FALSE),main!$K$11:$M$14,2,FALSE)+VLOOKUP(VLOOKUP(I$1,main!$A$3:$I$56,7,FALSE),main!$K$19:$O$22,MATCH(VLOOKUP($A3,main!$A$3:$I$56,8,FALSE),main!$K$18:$O$18,0))))),1,0) -> 1 | J3: =IF((AND(VLOOKUP(J$1,main!$A$3:$I$56,5,FALSE)-VLOOKUP($A3,main!$A$3:$I$56,6,FALSE)>=(VLOOKUP(VLOOKUP(J$1,main!$A$3:$I$56,8,FALSE),main!$K$11:$M$14,2,FALSE)+VLOOKUP(VLOOKUP(J$1,main!$A$3:$I$56,7,FALSE),main!$K$19:$O$22,MATCH(VLOOKUP($A3,main!$A$3:$I$56,8,FALSE),main!$K$18:$O$18,0))))),1,0) -> 1 | ... BD3: =IF((AND(VLOOKUP(BD$1,main!$A$3:$I$56,5,FALSE)-VLOOKUP($A3,main!$A$3:$I$56,6,FALSE)>=(VLOOKUP(VLOOKUP(BD$1,main!$A$3:$I$56,8,FALSE),main!$K$11:$M$14,2,FALSE)+VLOOKUP(VLOOKUP(BD$1,main!$A$3:$I$56,7,FALSE),main!$K$19:$O$22,MATCH(VLOOKUP($A3,main!$A$3:$I$56,8,FALSE),main!$K$18:$O$18,0))))),1,0) -> 1
A4: =A3+1 -> 2 | B4: 1 | C4: =IF((AND(VLOOKUP(C$1,main!$A$3:$I$56,5,FALSE)-VLOOKUP($A4,main!$A$3:$I$56,6,FALSE)>=(VLOOKUP(VLOOKUP(C$1,main!$A$3:$I$56,8,FALSE),main!$K$11:$M$14,2,FALSE)+VLOOKUP(VLOOKUP(C$1,main!$A$3:$I$56,7,FALSE),main!$K$19:$O$22,MATCH(VLOOKUP($A4,main!$A$3:$I$56,8,FALSE),main!$K$18:$O$18,0))))),1,0) -> 0 | D4: =IF((AND(VLOOKUP(D$1,main!$A$3:$I$56,5,FALSE)-VLOOKUP($A4,main!$A$3:$I$56,6,FALSE)>=(VLOOKUP(VLOOKUP(D$1,main!$A$3:$I$56,8,FALSE),main!$K$11:$M$14,2,FALSE)+VLOOKUP(VLOOKUP(D$1,main!$A$3:$I$56,7,FALSE),main!$K$19:$O$22,MATCH(VLOOKUP($A4,main!$A$3:$I$56,8,FALSE),main!$K$18:$O$18,0))))),1,0) -> 0 | E4: =IF((AND(VLOOKUP(E$1,main!$A$3:$I$56,5,FALSE)-VLOOKUP($A4,main!$A$3:$I$56,6,FALSE)>=(VLOOKUP(VLOOKUP(E$1,main!$A$3:$I$56,8,FALSE),main!$K$11:$M$14,2,FALSE)+VLOOKUP(VLOOKUP(E$1,main!$A$3:$I$56,7,FALSE),main!$K$19:$O$22,MATCH(VLOOKUP($A4,main!$A$3:$I$56,8,FALSE),main!$K$18:$O$18,0))))),1,0) -> 0 | F4: =IF((AND(VLOOKUP(F$1,main!$A$3:$I$56,5,FALSE)-VLOOKUP($A4,main!$A$3:$I$56,6,FALSE)>=(VLOOKUP(VLOOKUP(F$1,main!$A$3:$I$56,8,FALSE),main!$K$11:$M$14,2,FALSE)+VLOOKUP(VLOOKUP(F$1,main!$A$3:$I$56,7,FALSE),main!$K$19:$O$22,MATCH(VLOOKUP($A4,main!$A$3:$I$56,8,FALSE),main!$K$18:$O$18,0))))),1,0) -> 1 | G4: =IF((AND(VLOOKUP(G$1,main!$A$3:$I$56,5,FALSE)-VLOOKUP($A4,main!$A$3:$I$56,6,FALSE)>=(VLOOKUP(VLOOKUP(G$1,main!$A$3:$I$56,8,FALSE),main!$K$11:$M$14,2,FALSE)+VLOOKUP(VLOOKUP(G$1,main!$A$3:$I$56,7,FALSE),main!$K$19:$O$22,MATCH(VLOOKUP($A4,main!$A$3:$I$56,8,FALSE),main!$K$18:$O$18,0))))),1,0) -> 1 | H4: =IF((AND(VLOOKUP(H$1,main!$A$3:$I$56,5,FALSE)-VLOOKUP($A4,main!$A$3:$I$56,6,FALSE)>=(VLOOKUP(VLOOKUP(H$1,main!$A$3:$I$56,8,FALSE),main!$K$11:$M$14,2,FALSE)+VLOOKUP(VLOOKUP(H$1,main!$A$3:$I$56,7,FALSE),main!$K$19:$O$22,MATCH(VLOOKUP($A4,main!$A$3:$I$56,8,FALSE),main!$K$18:$O$18,0))))),1,0) -> 1 | I4: =IF((AND(VLOOKUP(I$1,main!$A$3:$I$56,5,FALSE)-VLOOKUP($A4,main!$A$3:$I$56,6,FALSE)>=(VLOOKUP(VLOOKUP(I$1,main!$A$3:$I$56,8,FALSE),main!$K$11:$M$14,2,FALSE)+VLOOKUP(VLOOKUP(I$1,main!$A$3:$I$56,7,FALSE),main!$K$19:$O$22,MATCH(VLOOKUP($A4,main!$A$3:$I$56,8,FALSE),main!$K$18:$O$18,0))))),1,0) -> 1 | J4: =IF((AND(VLOOKUP(J$1,main!$A$3:$I$56,5,FALSE)-VLOOKUP($A4,main!$A$3:$I$56,6,FALSE)>=(VLOOKUP(VLOOKUP(J$1,main!$A$3:$I$56,8,FALSE),main!$K$11:$M$14,2,FALSE)+VLOOKUP(VLOOKUP(J$1,main!$A$3:$I$56,7,FALSE),main!$K$19:$O$22,MATCH(VLOOKUP($A4,main!$A$3:$I$56,8,FALSE),main!$K$18:$O$18,0))))),1,0) -> 1 | ... BD4: =IF((AND(VLOOKUP(BD$1,main!$A$3:$I$56,5,FALSE)-VLOOKUP($A4,main!$A$3:$I$56,6,FALSE)>=(VLOOKUP(VLOOKUP(BD$1,main!$A$3:$I$56,8,FALSE),main!$K$11:$M$14,2,FALSE)+VLOOKUP(VLOOKUP(BD$1,main!$A$3:$I$56,7,FALSE),main!$K$19:$O$22,MATCH(VLOOKUP($A4,main!$A$3:$I$56,8,FALSE),main!$K$18:$O$18,0))))),1,0) -> 1
A5: =A4+1 -> 3 | B5: 1 | C5: =IF((AND(VLOOKUP(C$1,main!$A$3:$I$56,5,FALSE)-VLOOKUP($A5,main!$A$3:$I$56,6,FALSE)>=(VLOOKUP(VLOOKUP(C$1,main!$A$3:$I$56,8,FALSE),main!$K$11:$M$14,2,FALSE)+VLOOKUP(VLOOKUP(C$1,main!$A$3:$I$56,7,FALSE),main!$K$19:$O$22,MATCH(VLOOKUP($A5,main!$A$3:$I$56,8,FALSE),main!$K$18:$O$18,0))))),1,0) -> 0 | D5: =IF((AND(VLOOKUP(D$1,main!$A$3:$I$56,5,FALSE)-VLOOKUP($A5,main!$A$3:$I$56,6,FALSE)>=(VLOOKUP(VLOOKUP(D$1,main!$A$3:$I$56,8,FALSE),main!$K$11:$M$14,2,FALSE)+VLOOKUP(VLOOKUP(D$1,main!$A$3:$I$56,7,FALSE),main!$K$19:$O$22,MATCH(VLOOKUP($A5,main!$A$3:$I$56,8,FALSE),main!$K$18:$O$18,0))))),1,0) -> 0 | E5: =IF((AND(VLOOKUP(E$1,main!$A$3:$I$56,5,FALSE)-VLOOKUP($A5,main!$A$3:$I$56,6,FALSE)>=(VLOOKUP(VLOOKUP(E$1,main!$A$3:$I$56,8,FALSE),main!$K$11:$M$14,2,FALSE)+VLOOKUP(VLOOKUP(E$1,main!$A$3:$I$56,7,FALSE),main!$K$19:$O$22,MATCH(VLOOKUP($A5,main!$A$3:$I$56,8,FALSE),main!$K$18:$O$18,0))))),1,0) -> 0 | F5: =IF((AND(VLOOKUP(F$1,main!$A$3:$I$56,5,FALSE)-VLOOKUP($A5,main!$A$3:$I$56,6,FALSE)>=(VLOOKUP(VLOOKUP(F$1,main!$A$3:$I$56,8,FALSE),main!$K$11:$M$14,2,FALSE)+VLOOKUP(VLOOKUP(F$1,main!$A$3:$I$56,7,FALSE),main!$K$19:$O$22,MATCH(VLOOKUP($A5,main!$A$3:$I$56,8,FALSE),main!$K$18:$O$18,0))))),1,0) -> 0 | G5: =IF((AND(VLOOKUP(G$1,main!$A$3:$I$56,5,FALSE)-VLOOKUP($A5,main!$A$3:$I$56,6,FALSE)>=(VLOOKUP(VLOOKUP(G$1,main!$A$3:$I$56,8,FALSE),main!$K$11:$M$14,2,FALSE)+VLOOKUP(VLOOKUP(G$1,main!$A$3:$I$56,7,FALSE),main!$K$19:$O$22,MATCH(VLOOKUP($A5,main!$A$3:$I$56,8,FALSE),main!$K$18:$O$18,0))))),1,0) -> 0 | H5: =IF((AND(VLOOKUP(H$1,main!$A$3:$I$56,5,FALSE)-VLOOKUP($A5,main!$A$3:$I$56,6,FALSE)>=(VLOOKUP(VLOOKUP(H$1,main!$A$3:$I$56,8,FALSE),main!$K$11:$M$14,2,FALSE)+VLOOKUP(VLOOKUP(H$1,main!$A$3:$I$56,7,FALSE),main!$K$19:$O$22,MATCH(VLOOKUP($A5,main!$A$3:$I$56,8,FALSE),main!$K$18:$O$18,0))))),1,0) -> 1 | I5: =IF((AND(VLOOKUP(I$1,main!$A$3:$I$56,5,FALSE)-VLOOKUP($A5,main!$A$3:$I$56,6,FALSE)>=(VLOOKUP(VLOOKUP(I$1,main!$A$3:$I$56,8,FALSE),main!$K$11:$M$14,2,FALSE)+VLOOKUP(VLOOKUP(I$1,main!$A$3:$I$56,7,FALSE),main!$K$19:$O$22,MATCH(VLOOKUP($A5,main!$A$3:$I$56,8,FALSE),main!$K$18:$O$18,0))))),1,0) -> 1 | J5: =IF((AND(VLOOKUP(J$1,main!$A$3:$I$56,5,FALSE)-VLOOKUP($A5,main!$A$3:$I$56,6,FALSE)>=(VLOOKUP(VLOOKUP(J$1,main!$A$3:$I$56,8,FALSE),main!$K$11:$M$14,2,FALSE)+VLOOKUP(VLOOKUP(J$1,main!$A$3:$I$56,7,FALSE),main!$K$19:$O$22,MATCH(VLOOKUP($A5,main!$A$3:$I$56,8,FALSE),main!$K$18:$O$18,0))))),1,0) -> 1 | ... BD5: =IF((AND(VLOOKUP(BD$1,main!$A$3:$I$56,5,FALSE)-VLOOKUP($A5,main!$A$3:$I$56,6,FALSE)>=(VLOOKUP(VLOOKUP(BD$1,main!$A$3:$I$56,8,FALSE),main!$K$11:$M$14,2,FALSE)+VLOOKUP(VLOOKUP(BD$1,main!$A$3:$I$56,7,FALSE),main!$K$19:$O$22,MATCH(VLOOKUP($A5,main!$A$3:$I$56,8,FALSE),main!$K$18:$O$18,0))))),1,0) -> 0
A6: =A5+1 -> 4 | B6: 1 | C6: =IF((AND(VLOOKUP(C$1,main!$A$3:$I$56,5,FALSE)-VLOOKUP($A6,main!$A$3:$I$56,6,FALSE)>=(VLOOKUP(VLOOKUP(C$1,main!$A$3:$I$56,8,FALSE),main!$K$11:$M$14,2,FALSE)+VLOOKUP(VLOOKUP(C$1,main!$A$3:$I$56,7,FALSE),main!$K$19:$O$22,MATCH(VLOOKUP($A6,main!$A$3:$I$56,8,FALSE),main!$K$18:$O$18,0))))),1,0) -> 0 | D6: =IF((AND(VLOOKUP(D$1,main!$A$3:$I$56,5,FALSE)-VLOOKUP($A6,main!$A$3:$I$56,6,FALSE)>=(VLOOKUP(VLOOKUP(D$1,main!$A$3:$I$56,8,FALSE),main!$K$11:$M$14,2,FALSE)+VLOOKUP(VLOOKUP(D$1,main!$A$3:$I$56,7,FALSE),main!$K$19:$O$22,MATCH(VLOOKUP($A6,main!$A$3:$I$56,8,FALSE),main!$K$18:$O$18,0))))),1,0) -> 0 | E6: =IF((AND(VLOOKUP(E$1,main!$A$3:$I$56,5,FALSE)-VLOOKUP($A6,main!$A$3:$I$56,6,FALSE)>=(VLOOKUP(VLOOKUP(E$1,main!$A$3:$I$56,8,FALSE),main!$K$11:$M$14,2,FALSE)+VLOOKUP(VLOOKUP(E$1,main!$A$3:$I$56,7,FALSE),main!$K$19:$O$22,MATCH(VLOOKUP($A6,main!$A$3:$I$56,8,FALSE),main!$K$18:$O$18,0))))),1,0) -> 0 | F6: =IF((AND(VLOOKUP(F$1,main!$A$3:$I$56,5,FALSE)-VLOOKUP($A6,main!$A$3:$I$56,6,FALSE)>=(VLOOKUP(VLOOKUP(F$1,main!$A$3:$I$56,8,FALSE),main!$K$11:$M$14,2,FALSE)+VLOOKUP(VLOOKUP(F$1,main!$A$3:$I$56,7,FALSE),main!$K$19:$O$22,MATCH(VLOOKUP($A6,main!$A$3:$I$56,8,FALSE),main!$K$18:$O$18,0))))),1,0) -> 0 | G6: =IF((AND(VLOOKUP(G$1,main!$A$3:$I$56,5,FALSE)-VLOOKUP($A6,main!$A$3:$I$56,6,FALSE)>=(VLOOKUP(VLOOKUP(G$1,main!$A$3:$I$56,8,FALSE),main!$K$11:$M$14,2,FALSE)+VLOOKUP(VLOOKUP(G$1,main!$A$3:$I$56,7,FALSE),main!$K$19:$O$22,MATCH(VLOOKUP($A6,main!$A$3:$I$56,8,FALSE),main!$K$18:$O$18,0))))),1,0) -> 0 | H6: =IF((AND(VLOOKUP(H$1,main!$A$3:$I$56,5,FALSE)-VLOOKUP($A6,main!$A$3:$I$56,6,FALSE)>=(VLOOKUP(VLOOKUP(H$1,main!$A$3:$I$56,8,FALSE),main!$K$11:$M$14,2,FALSE)+VLOOKUP(VLOOKUP(H$1,main!$A$3:$I$56,7,FALSE),main!$K$19:$O$22,MATCH(VLOOKUP($A6,main!$A$3:$I$56,8,FALSE),main!$K$18:$O$18,0))))),1,0) -> 0 | I6: =IF((AND(VLOOKUP(I$1,main!$A$3:$I$56,5,FALSE)-VLOOKUP($A6,main!$A$3:$I$56,6,FALSE)>=(VLOOKUP(VLOOKUP(I$1,main!$A$3:$I$56,8,FALSE),main!$K$11:$M$14,2,FALSE)+VLOOKUP(VLOOKUP(I$1,main!$A$3:$I$56,7,FALSE),main!$K$19:$O$22,MATCH(VLOOKUP($A6,main!$A$3:$I$56,8,FALSE),main!$K$18:$O$18,0))))),1,0) -> 1 | J6: =IF((AND(VLOOKUP(J$1,main!$A$3:$I$56,5,FALSE)-VLOOKUP($A6,main!$A$3:$I$56,6,FALSE)>=(VLOOKUP(VLOOKUP(J$1,main!$A$3:$I$56,8,FALSE),main!$K$11:$M$14,2,FALSE)+VLOOKUP(VLOOKUP(J$1,main!$A$3:$I$56,7,FALSE),main!$K$19:$O$22,MATCH(VLOOKUP($A6,main!$A$3:$I$56,8,FALSE),main!$K$18:$O$18,0))))),1,0) -> 1 | ... BD6: =IF((AND(VLOOKUP(BD$1,main!$A$3:$I$56,5,FALSE)-VLOOKUP($A6,main!$A$3:$I$56,6,FALSE)>=(VLOOKUP(VLOOKUP(BD$1,main!$A$3:$I$56,8,FALSE),main!$K$11:$M$14,2,FALSE)+VLOOKUP(VLOOKUP(BD$1,main!$A$3:$I$56,7,FALSE),main!$K$19:$O$22,MATCH(VLOOKUP($A6,main!$A$3:$I$56,8,FALSE),main!$K$18:$O$18,0))))),1,0) -> 0
A7: =A6+1 -> 5 | B7: 1 | C7: =IF((AND(VLOOKUP(C$1,main!$A$3:$I$56,5,FALSE)-VLOOKUP($A7,main!$A$3:$I$56,6,FALSE)>=(VLOOKUP(VLOOKUP(C$1,main!$A$3:$I$56,8,FALSE),main!$K$11:$M$14,2,FALSE)+VLOOKUP(VLOOKUP(C$1,main!$A$3:$I$56,7,FALSE),main!$K$19:$O$22,MATCH(VLOOKUP($A7,main!$A$3:$I$56,8,FALSE),main!$K$18:$O$18,0))))),1,0) -> 0 | D7: =IF((AND(VLOOKUP(D$1,main!$A$3:$I$56,5,FALSE)-VLOOKUP($A7,main!$A$3:$I$56,6,FALSE)>=(VLOOKUP(VLOOKUP(D$1,main!$A$3:$I$56,8,FALSE),main!$K$11:$M$14,2,FALSE)+VLOOKUP(VLOOKUP(D$1,main!$A$3:$I$56,7,FALSE),main!$K$19:$O$22,MATCH(VLOOKUP($A7,main!$A$3:$I$56,8,FALSE),main!$K$18:$O$18,0))))),1,0) -> 0 | E7: =IF((AND(VLOOKUP(E$1,main!$A$3:$I$56,5,FALSE)-VLOOKUP($A7,main!$A$3:$I$56,6,FALSE)>=(VLOOKUP(VLOOKUP(E$1,main!$A$3:$I$56,8,FALSE),main!$K$11:$M$14,2,FALSE)+VLOOKUP(VLOOKUP(E$1,main!$A$3:$I$56,7,FALSE),main!$K$19:$O$22,MATCH(VLOOKUP($A7,main!$A$3:$I$56,8,FALSE),main!$K$18:$O$18,0))))),1,0) -> 0 | F7: =IF((AND(VLOOKUP(F$1,main!$A$3:$I$56,5,FALSE)-VLOOKUP($A7,main!$A$3:$I$56,6,FALSE)>=(VLOOKUP(VLOOKUP(F$1,main!$A$3:$I$56,8,FALSE),main!$K$11:$M$14,2,FALSE)+VLOOKUP(VLOOKUP(F$1,main!$A$3:$I$56,7,FALSE),main!$K$19:$O$22,MATCH(VLOOKUP($A7,main!$A$3:$I$56,8,FALSE),main!$K$18:$O$18,0))))),1,0) -> 0 | G7: =IF((AND(VLOOKUP(G$1,main!$A$3:$I$56,5,FALSE)-VLOOKUP($A7,main!$A$3:$I$56,6,FALSE)>=(VLOOKUP(VLOOKUP(G$1,main!$A$3:$I$56,8,FALSE),main!$K$11:$M$14,2,FALSE)+VLOOKUP(VLOOKUP(G$1,main!$A$3:$I$56,7,FALSE),main!$K$19:$O$22,MATCH(VLOOKUP($A7,main!$A$3:$I$56,8,FALSE),main!$K$18:$O$18,0))))),1,0) -> 0 | H7: =IF((AND(VLOOKUP(H$1,main!$A$3:$I$56,5,FALSE)-VLOOKUP($A7,main!$A$3:$I$56,6,FALSE)>=(VLOOKUP(VLOOKUP(H$1,main!$A$3:$I$56,8,FALSE),main!$K$11:$M$14,2,FALSE)+VLOOKUP(VLOOKUP(H$1,main!$A$3:$I$56,7,FALSE),main!$K$19:$O$22,MATCH(VLOOKUP($A7,main!$A$3:$I$56,8,FALSE),main!$K$18:$O$18,0))))),1,0) -> 0 | I7: =IF((AND(VLOOKUP(I$1,main!$A$3:$I$56,5,FALSE)-VLOOKUP($A7,main!$A$3:$I$56,6,FALSE)>=(VLOOKUP(VLOOKUP(I$1,main!$A$3:$I$56,8,FALSE),main!$K$11:$M$14,2,FALSE)+VLOOKUP(VLOOKUP(I$1,main!$A$3:$I$56,7,FALSE),main!$K$19:$O$22,MATCH(VLOOKUP($A7,main!$A$3:$I$56,8,FALSE),main!$K$18:$O$18,0))))),1,0) -> 0 | J7: =IF((AND(VLOOKUP(J$1,main!$A$3:$I$56,5,FALSE)-VLOOKUP($A7,main!$A$3:$I$56,6,FALSE)>=(VLOOKUP(VLOOKUP(J$1,main!$A$3:$I$56,8,FALSE),main!$K$11:$M$14,2,FALSE)+VLOOKUP(VLOOKUP(J$1,main!$A$3:$I$56,7,FALSE),main!$K$19:$O$22,MATCH(VLOOKUP($A7,main!$A$3:$I$56,8,FALSE),main!$K$18:$O$18,0))))),1,0) -> 1 | ... BD7: =IF((AND(VLOOKUP(BD$1,main!$A$3:$I$56,5,FALSE)-VLOOKUP($A7,main!$A$3:$I$56,6,FALSE)>=(VLOOKUP(VLOOKUP(BD$1,main!$A$3:$I$56,8,FALSE),main!$K$11:$M$14,2,FALSE)+VLOOKUP(VLOOKUP(BD$1,main!$A$3:$I$56,7,FALSE),main!$K$19:$O$22,MATCH(VLOOKUP($A7,main!$A$3:$I$56,8,FALSE),main!$K$18:$O$18,0))))),1,0) -> 0
A8: =A7+1 -> 6 | B8: 1 | C8: =IF((AND(VLOOKUP(C$1,main!$A$3:$I$56,5,FALSE)-VLOOKUP($A8,main!$A$3:$I$56,6,FALSE)>=(VLOOKUP(VLOOKUP(C$1,main!$A$3:$I$56,8,FALSE),main!$K$11:$M$14,2,FALSE)+VLOOKUP(VLOOKUP(C$1,main!$A$3:$I$56,7,FALSE),main!$K$19:$O$22,MATCH(VLOOKUP($A8,main!$A$3:$I$56,8,FALSE),main!$K$18:$O$18,0))))),1,0) -> 0 | D8: =IF((AND(VLOOKUP(D$1,main!$A$3:$I$56,5,FALSE)-VLOOKUP($A8,main!$A$3:$I$56,6,FALSE)>=(VLOOKUP(VLOOKUP(D$1,main!$A$3:$I$56,8,FALSE),main!$K$11:$M$14,2,FALSE)+VLOOKUP(VLOOKUP(D$1,main!$A$3:$I$56,7,FALSE),main!$K$19:$O$22,MATCH(VLOOKUP($A8,main!$A$3:$I$56,8,FALSE),main!$K$18:$O$18,0))))),1,0) -> 0 | E8: =IF((AND(VLOOKUP(E$1,main!$A$3:$I$56,5,FALSE)-VLOOKUP($A8,main!$A$3:$I$56,6,FALSE)>=(VLOOKUP(VLOOKUP(E$1,main!$A$3:$I$56,8,FALSE),main!$K$11:$M$14,2,FALSE)+VLOOKUP(VLOOKUP(E$1,main!$A$3:$I$56,7,FALSE),main!$K$19:$O$22,MATCH(VLOOKUP($A8,main!$A$3:$I$56,8,FALSE),main!$K$18:$O$18,0))))),1,0) -> 0 | F8: =IF((AND(VLOOKUP(F$1,main!$A$3:$I$56,5,FALSE)-VLOOKUP($A8,main!$A$3:$I$56,6,FALSE)>=(VLOOKUP(VLOOKUP(F$1,main!$A$3:$I$56,8,FALSE),main!$K$11:$M$14,2,FALSE)+VLOOKUP(VLOOKUP(F$1,main!$A$3:$I$56,7,FALSE),main!$K$19:$O$22,MATCH(VLOOKUP($A8,main!$A$3:$I$56,8,FALSE),main!$K$18:$O$18,0))))),1,0) -> 0 | G8: =IF((AND(VLOOKUP(G$1,main!$A$3:$I$56,5,FALSE)-VLOOKUP($A8,main!$A$3:$I$56,6,FALSE)>=(VLOOKUP(VLOOKUP(G$1,main!$A$3:$I$56,8,FALSE),main!$K$11:$M$14,2,FALSE)+VLOOKUP(VLOOKUP(G$1,main!$A$3:$I$56,7,FALSE),main!$K$19:$O$22,MATCH(VLOOKUP($A8,main!$A$3:$I$56,8,FALSE),main!$K$18:$O$18,0))))),1,0) -> 0 | H8: =IF((AND(VLOOKUP(H$1,main!$A$3:$I$56,5,FALSE)-VLOOKUP($A8,main!$A$3:$I$56,6,FALSE)>=(VLOOKUP(VLOOKUP(H$1,main!$A$3:$I$56,8,FALSE),main!$K$11:$M$14,2,FALSE)+VLOOKUP(VLOOKUP(H$1,main!$A$3:$I$56,7,FALSE),main!$K$19:$O$22,MATCH(VLOOKUP($A8,main!$A$3:$I$56,8,FALSE),main!$K$18:$O$18,0))))),1,0) -> 0 | I8: =IF((AND(VLOOKUP(I$1,main!$A$3:$I$56,5,FALSE)-VLOOKUP($A8,main!$A$3:$I$56,6,FALSE)>=(VLOOKUP(VLOOKUP(I$1,main!$A$3:$I$56,8,FALSE),main!$K$11:$M$14,2,FALSE)+VLOOKUP(VLOOKUP(I$1,main!$A$3:$I$56,7,FALSE),main!$K$19:$O$22,MATCH(VLOOKUP($A8,main!$A$3:$I$56,8,FALSE),main!$K$18:$O$18,0))))),1,0) -> 0 | J8: =IF((AND(VLOOKUP(J$1,main!$A$3:$I$56,5,FALSE)-VLOOKUP($A8,main!$A$3:$I$56,6,FALSE)>=(VLOOKUP(VLOOKUP(J$1,main!$A$3:$I$56,8,FALSE),main!$K$11:$M$14,2,FALSE)+VLOOKUP(VLOOKUP(J$1,main!$A$3:$I$56,7,FALSE),main!$K$19:$O$22,MATCH(VLOOKUP($A8,main!$A$3:$I$56,8,FALSE),main!$K$18:$O$18,0))))),1,0) -> 0 | ... BD8: =IF((AND(VLOOKUP(BD$1,main!$A$3:$I$56,5,FALSE)-VLOOKUP($A8,main!$A$3:$I$56,6,FALSE)>=(VLOOKUP(VLOOKUP(BD$1,main!$A$3:$I$56,8,FALSE),main!$K$11:$M$14,2,FALSE)+VLOOKUP(VLOOKUP(BD$1,main!$A$3:$I$56,7,FALSE),main!$K$19:$O$22,MATCH(VLOOKUP($A8,main!$A$3:$I$56,8,FALSE),main!$K$18:$O$18,0))))),1,0) -> 0
A9: =A8+1 -> 7 | B9: 1 | C9: =IF((AND(VLOOKUP(C$1,main!$A$3:$I$56,5,FALSE)-VLOOKUP($A9,main!$A$3:$I$56,6,FALSE)>=(VLOOKUP(VLOOKUP(C$1,main!$A$3:$I$56,8,FALSE),main!$K$11:$M$14,2,FALSE)+VLOOKUP(VLOOKUP(C$1,main!$A$3:$I$56,7,FALSE),main!$K$19:$O$22,MATCH(VLOOKUP($A9,main!$A$3:$I$56,8,FALSE),main!$K$18:$O$18,0))))),1,0) -> 0 | D9: =IF((AND(VLOOKUP(D$1,main!$A$3:$I$56,5,FALSE)-VLOOKUP($A9,main!$A$3:$I$56,6,FALSE)>=(VLOOKUP(VLOOKUP(D$1,main!$A$3:$I$56,8,FALSE),main!$K$11:$M$14,2,FALSE)+VLOOKUP(VLOOKUP(D$1,main!$A$3:$I$56,7,FALSE),main!$K$19:$O$22,MATCH(VLOOKUP($A9,main!$A$3:$I$56,8,FALSE),main!$K$18:$O$18,0))))),1,0) -> 0 | E9: =IF((AND(VLOOKUP(E$1,main!$A$3:$I$56,5,FALSE)-VLOOKUP($A9,main!$A$3:$I$56,6,FALSE)>=(VLOOKUP(VLOOKUP(E$1,main!$A$3:$I$56,8,FALSE),main!$K$11:$M$14,2,FALSE)+VLOOKUP(VLOOKUP(E$1,main!$A$3:$I$56,7,FALSE),main!$K$19:$O$22,MATCH(VLOOKUP($A9,main!$A$3:$I$56,8,FALSE),main!$K$18:$O$18,0))))),1,0) -> 0 | F9: =IF((AND(VLOOKUP(F$1,main!$A$3:$I$56,5,FALSE)-VLOOKUP($A9,main!$A$3:$I$56,6,FALSE)>=(VLOOKUP(VLOOKUP(F$1,main!$A$3:$I$56,8,FALSE),main!$K$11:$M$14,2,FALSE)+VLOOKUP(VLOOKUP(F$1,main!$A$3:$I$56,7,FALSE),main!$K$19:$O$22,MATCH(VLOOKUP($A9,main!$A$3:$I$56,8,FALSE),main!$K$18:$O$18,0))))),1,0) -> 0 | G9: =IF((AND(VLOOKUP(G$1,main!$A$3:$I$56,5,FALSE)-VLOOKUP($A9,main!$A$3:$I$56,6,FALSE)>=(VLOOKUP(VLOOKUP(G$1,main!$A$3:$I$56,8,FALSE),main!$K$11:$M$14,2,FALSE)+VLOOKUP(VLOOKUP(G$1,main!$A$3:$I$56,7,FALSE),main!$K$19:$O$22,MATCH(VLOOKUP($A9,main!$A$3:$I$56,8,FALSE),main!$K$18:$O$18,0))))),1,0) -> 0 | H9: =IF((AND(VLOOKUP(H$1,main!$A$3:$I$56,5,FALSE)-VLOOKUP($A9,main!$A$3:$I$56,6,FALSE)>=(VLOOKUP(VLOOKUP(H$1,main!$A$3:$I$56,8,FALSE),main!$K$11:$M$14,2,FALSE)+VLOOKUP(VLOOKUP(H$1,main!$A$3:$I$56,7,FALSE),main!$K$19:$O$22,MATCH(VLOOKUP($A9,main!$A$3:$I$56,8,FALSE),main!$K$18:$O$18,0))))),1,0) -> 0 | I9: =IF((AND(VLOOKUP(I$1,main!$A$3:$I$56,5,FALSE)-VLOOKUP($A9,main!$A$3:$I$56,6,FALSE)>=(VLOOKUP(VLOOKUP(I$1,main!$A$3:$I$56,8,FALSE),main!$K$11:$M$14,2,FALSE)+VLOOKUP(VLOOKUP(I$1,main!$A$3:$I$56,7,FALSE),main!$K$19:$O$22,MATCH(VLOOKUP($A9,main!$A$3:$I$56,8,FALSE),main!$K$18:$O$18,0))))),1,0) -> 0 | J9: =IF((AND(VLOOKUP(J$1,main!$A$3:$I$56,5,FALSE)-VLOOKUP($A9,main!$A$3:$I$56,6,FALSE)>=(VLOOKUP(VLOOKUP(J$1,main!$A$3:$I$56,8,FALSE),main!$K$11:$M$14,2,FALSE)+VLOOKUP(VLOOKUP(J$1,main!$A$3:$I$56,7,FALSE),main!$K$19:$O$22,MATCH(VLOOKUP($A9,main!$A$3:$I$56,8,FALSE),main!$K$18:$O$18,0))))),1,0) -> 0 | ... BD9: =IF((AND(VLOOKUP(BD$1,main!$A$3:$I$56,5,FALSE)-VLOOKUP($A9,main!$A$3:$I$56,6,FALSE)>=(VLOOKUP(VLOOKUP(BD$1,main!$A$3:$I$56,8,FALSE),main!$K$11:$M$14,2,FALSE)+VLOOKUP(VLOOKUP(BD$1,main!$A$3:$I$56,7,FALSE),main!$K$19:$O$22,MATCH(VLOOKUP($A9,main!$A$3:$I$56,8,FALSE),main!$K$18:$O$18,0))))),1,0) -> 0
A10: =A9+1 -> 8 | B10: 1 | C10: =IF((AND(VLOOKUP(C$1,main!$A$3:$I$56,5,FALSE)-VLOOKUP($A10,main!$A$3:$I$56,6,FALSE)>=(VLOOKUP(VLOOKUP(C$1,main!$A$3:$I$56,8,FALSE),main!$K$11:$M$14,2,FALSE)+VLOOKUP(VLOOKUP(C$1,main!$A$3:$I$56,7,FALSE),main!$K$19:$O$22,MATCH(VLOOKUP($A10,main!$A$3:$I$56,8,FALSE),main!$K$18:$O$18,0))))),1,0) -> 0 | D10: =IF((AND(VLOOKUP(D$1,main!$A$3:$I$56,5,FALSE)-VLOOKUP($A10,main!$A$3:$I$56,6,FALSE)>=(VLOOKUP(VLOOKUP(D$1,main!$A$3:$I$56,8,FALSE),main!$K$11:$M$14,2,FALSE)+VLOOKUP(VLOOKUP(D$1,main!$A$3:$I$56,7,FALSE),main!$K$19:$O$22,MATCH(VLOOKUP($A10,main!$A$3:$I$56,8,FALSE),main!$K$18:$O$18,0))))),1,0) -> 0 | E10: =IF((AND(VLOOKUP(E$1,main!$A$3:$I$56,5,FALSE)-VLOOKUP($A10,main!$A$3:$I$56,6,FALSE)>=(VLOOKUP(VLOOKUP(E$1,main!$A$3:$I$56,8,FALSE),main!$K$11:$M$14,2,FALSE)+VLOOKUP(VLOOKUP(E$1,main!$A$3:$I$56,7,FALSE),main!$K$19:$O$22,MATCH(VLOOKUP($A10,main!$A$3:$I$56,8,FALSE),main!$K$18:$O$18,0))))),1,0) -> 0 | F10: =IF((AND(VLOOKUP(F$1,main!$A$3:$I$56,5,FALSE)-VLOOKUP($A10,main!$A$3:$I$56,6,FALSE)>=(VLOOKUP(VLOOKUP(F$1,main!$A$3:$I$56,8,FALSE),main!$K$11:$M$14,2,FALSE)+VLOOKUP(VLOOKUP(F$1,main!$A$3:$I$56,7,FALSE),main!$K$19:$O$22,MATCH(VLOOKUP($A10,main!$A$3:$I$56,8,FALSE),main!$K$18:$O$18,0))))),1,0) -> 0 | G10: =IF((AND(VLOOKUP(G$1,main!$A$3:$I$56,5,FALSE)-VLOOKUP($A10,main!$A$3:$I$56,6,FALSE)>=(VLOOKUP(VLOOKUP(G$1,main!$A$3:$I$56,8,FALSE),main!$K$11:$M$14,2,FALSE)+VLOOKUP(VLOOKUP(G$1,main!$A$3:$I$56,7,FALSE),main!$K$19:$O$22,MATCH(VLOOKUP($A10,main!$A$3:$I$56,8,FALSE),main!$K$18:$O$18,0))))),1,0) -> 0 | H10: =IF((AND(VLOOKUP(H$1,main!$A$3:$I$56,5,FALSE)-VLOOKUP($A10,main!$A$3:$I$56,6,FALSE)>=(VLOOKUP(VLOOKUP(H$1,main!$A$3:$I$56,8,FALSE),main!$K$11:$M$14,2,FALSE)+VLOOKUP(VLOOKUP(H$1,main!$A$3:$I$56,7,FALSE),main!$K$19:$O$22,MATCH(VLOOKUP($A10,main!$A$3:$I$56,8,FALSE),main!$K$18:$O$18,0))))),1,0) -> 0 | I10: =IF((AND(VLOOKUP(I$1,main!$A$3:$I$56,5,FALSE)-VLOOKUP($A10,main!$A$3:$I$56,6,FALSE)>=(VLOOKUP(VLOOKUP(I$1,main!$A$3:$I$56,8,FALSE),main!$K$11:$M$14,2,FALSE)+VLOOKUP(VLOOKUP(I$1,main!$A$3:$I$56,7,FALSE),main!$K$19:$O$22,MATCH(VLOOKUP($A10,main!$A$3:$I$56,8,FALSE),main!$K$18:$O$18,0))))),1,0) -> 0 | J10: =IF((AND(VLOOKUP(J$1,main!$A$3:$I$56,5,FALSE)-VLOOKUP($A10,main!$A$3:$I$56,6,FALSE)>=(VLOOKUP(VLOOKUP(J$1,main!$A$3:$I$56,8,FALSE),main!$K$11:$M$14,2,FALSE)+VLOOKUP(VLOOKUP(J$1,main!$A$3:$I$56,7,FALSE),main!$K$19:$O$22,MATCH(VLOOKUP($A10,main!$A$3:$I$56,8,FALSE),main!$K$18:$O$18,0))))),1,0) -> 0 | ... BD10: =IF((AND(VLOOKUP(BD$1,main!$A$3:$I$56,5,FALSE)-VLOOKUP($A10,main!$A$3:$I$56,6,FALSE)>=(VLOOKUP(VLOOKUP(BD$1,main!$A$3:$I$56,8,FALSE),main!$K$11:$M$14,2,FALSE)+VLOOKUP(VLOOKUP(BD$1,main!$A$3:$I$56,7,FALSE),main!$K$19:$O$22,MATCH(VLOOKUP($A10,main!$A$3:$I$56,8,FALSE),main!$K$18:$O$18,0))))),1,0) -> 0
A11: =A10+1 -> 9 | B11: 1 | C11: =IF((AND(VLOOKUP(C$1,main!$A$3:$I$56,5,FALSE)-VLOOKUP($A11,main!$A$3:$I$56,6,FALSE)>=(VLOOKUP(VLOOKUP(C$1,main!$A$3:$I$56,8,FALSE),main!$K$11:$M$14,2,FALSE)+VLOOKUP(VLOOKUP(C$1,main!$A$3:$I$56,7,FALSE),main!$K$19:$O$22,MATCH(VLOOKUP($A11,main!$A$3:$I$56,8,FALSE),main!$K$18:$O$18,0))))),1,0) -> 0 | D11: =IF((AND(VLOOKUP(D$1,main!$A$3:$I$56,5,FALSE)-VLOOKUP($A11,main!$A$3:$I$56,6,FALSE)>=(VLOOKUP(VLOOKUP(D$1,main!$A$3:$I$56,8,FALSE),main!$K$11:$M$14,2,FALSE)+VLOOKUP(VLOOKUP(D$1,main!$A$3:$I$56,7,FALSE),main!$K$19:$O$22,MATCH(VLOOKUP($A11,main!$A$3:$I$56,8,FALSE),main!$K$18:$O$18,0))))),1,0) -> 1 | E11: =IF((AND(VLOOKUP(E$1,main!$A$3:$I$56,5,FALSE)-VLOOKUP($A11,main!$A$3:$I$56,6,FALSE)>=(VLOOKUP(VLOOKUP(E$1,main!$A$3:$I$56,8,FALSE),main!$K$11:$M$14,2,FALSE)+VLOOKUP(VLOOKUP(E$1,main!$A$3:$I$56,7,FALSE),main!$K$19:$O$22,MATCH(VLOOKUP($A11,main!$A$3:$I$56,8,FALSE),main!$K$18:$O$18,0))))),1,0) -> 1 | F11: =IF((AND(VLOOKUP(F$1,main!$A$3:$I$56,5,FALSE)-VLOOKUP($A11,main!$A$3:$I$56,6,FALSE)>=(VLOOKUP(VLOOKUP(F$1,main!$A$3:$I$56,8,FALSE),main!$K$11:$M$14,2,FALSE)+VLOOKUP(VLOOKUP(F$1,main!$A$3:$I$56,7,FALSE),main!$K$19:$O$22,MATCH(VLOOKUP($A11,main!$A$3:$I$56,8,FALSE),main!$K$18:$O$18,0))))),1,0) -> 1 | G11: =IF((AND(VLOOKUP(G$1,main!$A$3:$I$56,5,FALSE)-VLOOKUP($A11,main!$A$3:$I$56,6,FALSE)>=(VLOOKUP(VLOOKUP(G$1,main!$A$3:$I$56,8,FALSE),main!$K$11:$M$14,2,FALSE)+VLOOKUP(VLOOKUP(G$1,main!$A$3:$I$56,7,FALSE),main!$K$19:$O$22,MATCH(VLOOKUP($A11,main!$A$3:$I$56,8,FALSE),main!$K$18:$O$18,0))))),1,0) -> 1 | H11: =IF((AND(VLOOKUP(H$1,main!$A$3:$I$56,5,FALSE)-VLOOKUP($A11,main!$A$3:$I$56,6,FALSE)>=(VLOOKUP(VLOOKUP(H$1,main!$A$3:$I$56,8,FALSE),main!$K$11:$M$14,2,FALSE)+VLOOKUP(VLOOKUP(H$1,main!$A$3:$I$56,7,FALSE),main!$K$19:$O$22,MATCH(VLOOKUP($A11,main!$A$3:$I$56,8,FALSE),main!$K$18:$O$18,0))))),1,0) -> 1 | I11: =IF((AND(VLOOKUP(I$1,main!$A$3:$I$56,5,FALSE)-VLOOKUP($A11,main!$A$3:$I$56,6,FALSE)>=(VLOOKUP(VLOOKUP(I$1,main!$A$3:$I$56,8,FALSE),main!$K$11:$M$14,2,FALSE)+VLOOKUP(VLOOKUP(I$1,main!$A$3:$I$56,7,FALSE),main!$K$19:$O$22,MATCH(VLOOKUP($A11,main!$A$3:$I$56,8,FALSE),main!$K$18:$O$18,0))))),1,0) -> 1 | J11: =IF((AND(VLOOKUP(J$1,main!$A$3:$I$56,5,FALSE)-VLOOKUP($A11,main!$A$3:$I$56,6,FALSE)>=(VLOOKUP(VLOOKUP(J$1,main!$A$3:$I$56,8,FALSE),main!$K$11:$M$14,2,FALSE)+VLOOKUP(VLOOKUP(J$1,main!$A$3:$I$56,7,FALSE),main!$K$19:$O$22,MATCH(VLOOKUP($A11,main!$A$3:$I$56,8,FALSE),main!$K$18:$O$18,0))))),1,0) -> 1 | ... BD11: =IF((AND(VLOOKUP(BD$1,main!$A$3:$I$56,5,FALSE)-VLOOKUP($A11,main!$A$3:$I$56,6,FALSE)>=(VLOOKUP(VLOOKUP(BD$1,main!$A$3:$I$56,8,FALSE),main!$K$11:$M$14,2,FALSE)+VLOOKUP(VLOOKUP(BD$1,main!$A$3:$I$56,7,FALSE),main!$K$19:$O$22,MATCH(VLOOKUP($A11,main!$A$3:$I$56,8,FALSE),main!$K$18:$O$18,0))))),1,0) -> 1
A12: =A11+1 -> 10 | B12: 1 | C12: =IF((AND(VLOOKUP(C$1,main!$A$3:$I$56,5,FALSE)-VLOOKUP($A12,main!$A$3:$I$56,6,FALSE)>=(VLOOKUP(VLOOKUP(C$1,main!$A$3:$I$56,8,FALSE),main!$K$11:$M$14,2,FALSE)+VLOOKUP(VLOOKUP(C$1,main!$A$3:$I$56,7,FALSE),main!$K$19:$O$22,MATCH(VLOOKUP($A12,main!$A$3:$I$56,8,FALSE),main!$K$18:$O$18,0))))),1,0) -> 0 | D12: =IF((AND(VLOOKUP(D$1,main!$A$3:$I$56,5,FALSE)-VLOOKUP($A12,main!$A$3:$I$56,6,FALSE)>=(VLOOKUP(VLOOKUP(D$1,main!$A$3:$I$56,8,FALSE),main!$K$11:$M$14,2,FALSE)+VLOOKUP(VLOOKUP(D$1,main!$A$3:$I$56,7,FALSE),main!$K$19:$O$22,MATCH(VLOOKUP($A12,main!$A$3:$I$56,8,FALSE),main!$K$18:$O$18,0))))),1,0) -> 0 | E12: =IF((AND(VLOOKUP(E$1,main!$A$3:$I$56,5,FALSE)-VLOOKUP($A12,main!$A$3:$I$56,6,FALSE)>=(VLOOKUP(VLOOKUP(E$1,main!$A$3:$I$56,8,FALSE),main!$K$11:$M$14,2,FALSE)+VLOOKUP(VLOOKUP(E$1,main!$A$3:$I$56,7,FALSE),main!$K$19:$O$22,MATCH(VLOOKUP($A12,main!$A$3:$I$56,8,FALSE),main!$K$18:$O$18,0))))),1,0) -> 0 | F12: =IF((AND(VLOOKUP(F$1,main!$A$3:$I$56,5,FALSE)-VLOOKUP($A12,main!$A$3:$I$56,6,FALSE)>=(VLOOKUP(VLOOKUP(F$1,main!$A$3:$I$56,8,FALSE),main!$K$11:$M$14,2,FALSE)+VLOOKUP(VLOOKUP(F$1,main!$A$3:$I$56,7,FALSE),main!$K$19:$O$22,MATCH(VLOOKUP($A12,main!$A$3:$I$56,8,FALSE),main!$K$18:$O$18,0))))),1,0) -> 1 | G12: =IF((AND(VLOOKUP(G$1,main!$A$3:$I$56,5,FALSE)-VLOOKUP($A12,main!$A$3:$I$56,6,FALSE)>=(VLOOKUP(VLOOKUP(G$1,main!$A$3:$I$56,8,FALSE),main!$K$11:$M$14,2,FALSE)+VLOOKUP(VLOOKUP(G$1,main!$A$3:$I$56,7,FALSE),main!$K$19:$O$22,MATCH(VLOOKUP($A12,main!$A$3:$I$56,8,FALSE),main!$K$18:$O$18,0))))),1,0) -> 1 | H12: =IF((AND(VLOOKUP(H$1,main!$A$3:$I$56,5,FALSE)-VLOOKUP($A12,main!$A$3:$I$56,6,FALSE)>=(VLOOKUP(VLOOKUP(H$1,main!$A$3:$I$56,8,FALSE),main!$K$11:$M$14,2,FALSE)+VLOOKUP(VLOOKUP(H$1,main!$A$3:$I$56,7,FALSE),main!$K$19:$O$22,MATCH(VLOOKUP($A12,main!$A$3:$I$56,8,FALSE),main!$K$18:$O$18,0))))),1,0) -> 1 | I12: =IF((AND(VLOOKUP(I$1,main!$A$3:$I$56,5,FALSE)-VLOOKUP($A12,main!$A$3:$I$56,6,FALSE)>=(VLOOKUP(VLOOKUP(I$1,main!$A$3:$I$56,8,FALSE),main!$K$11:$M$14,2,FALSE)+VLOOKUP(VLOOKUP(I$1,main!$A$3:$I$56,7,FALSE),main!$K$19:$O$22,MATCH(VLOOKUP($A12,main!$A$3:$I$56,8,FALSE),main!$K$18:$O$18,0))))),1,0) -> 1 | J12: =IF((AND(VLOOKUP(J$1,main!$A$3:$I$56,5,FALSE)-VLOOKUP($A12,main!$A$3:$I$56,6,FALSE)>=(VLOOKUP(VLOOKUP(J$1,main!$A$3:$I$56,8,FALSE),main!$K$11:$M$14,2,FALSE)+VLOOKUP(VLOOKUP(J$1,main!$A$3:$I$56,7,FALSE),main!$K$19:$O$22,MATCH(VLOOKUP($A12,main!$A$3:$I$56,8,FALSE),main!$K$18:$O$18,0))))),1,0) -> 1 | ... BD12: =IF((AND(VLOOKUP(BD$1,main!$A$3:$I$56,5,FALSE)-VLOOKUP($A12,main!$A$3:$I$56,6,FALSE)>=(VLOOKUP(VLOOKUP(BD$1,main!$A$3:$I$56,8,FALSE),main!$K$11:$M$14,2,FALSE)+VLOOKUP(VLOOKUP(BD$1,main!$A$3:$I$56,7,FALSE),main!$K$19:$O$22,MATCH(VLOOKUP($A12,main!$A$3:$I$56,8,FALSE),main!$K$18:$O$18,0))))),1,0) -> 1
A13: =A12+1 -> 11 | B13: 1 | C13: =IF((AND(VLOOKUP(C$1,main!$A$3:$I$56,5,FALSE)-VLOOKUP($A13,main!$A$3:$I$56,6,FALSE)>=(VLOOKUP(VLOOKUP(C$1,main!$A$3:$I$56,8,FALSE),main!$K$11:$M$14,2,FALSE)+VLOOKUP(VLOOKUP(C$1,main!$A$3:$I$56,7,FALSE),main!$K$19:$O$22,MATCH(VLOOKUP($A13,main!$A$3:$I$56,8,FALSE),main!$K$18:$O$18,0))))),1,0) -> 0 | D13: =IF((AND(VLOOKUP(D$1,main!$A$3:$I$56,5,FALSE)-VLOOKUP($A13,main!$A$3:$I$56,6,FALSE)>=(VLOOKUP(VLOOKUP(D$1,main!$A$3:$I$56,8,FALSE),main!$K$11:$M$14,2,FALSE)+VLOOKUP(VLOOKUP(D$1,main!$A$3:$I$56,7,FALSE),main!$K$19:$O$22,MATCH(VLOOKUP($A13,main!$A$3:$I$56,8,FALSE),main!$K$18:$O$18,0))))),1,0) -> 0 | E13: =IF((AND(VLOOKUP(E$1,main!$A$3:$I$56,5,FALSE)-VLOOKUP($A13,main!$A$3:$I$56,6,FALSE)>=(VLOOKUP(VLOOKUP(E$1,main!$A$3:$I$56,8,FALSE),main!$K$11:$M$14,2,FALSE)+VLOOKUP(VLOOKUP(E$1,main!$A$3:$I$56,7,FALSE),main!$K$19:$O$22,MATCH(VLOOKUP($A13,main!$A$3:$I$56,8,FALSE),main!$K$18:$O$18,0))))),1,0) -> 0 | F13: =IF((AND(VLOOKUP(F$1,main!$A$3:$I$56,5,FALSE)-VLOOKUP($A13,main!$A$3:$I$56,6,FALSE)>=(VLOOKUP(VLOOKUP(F$1,main!$A$3:$I$56,8,FALSE),main!$K$11:$M$14,2,FALSE)+VLOOKUP(VLOOKUP(F$1,main!$A$3:$I$56,7,FALSE),main!$K$19:$O$22,MATCH(VLOOKUP($A13,main!$A$3:$I$56,8,FALSE),main!$K$18:$O$18,0))))),1,0) -> 0 | G13: =IF((AND(VLOOKUP(G$1,main!$A$3:$I$56,5,FALSE)-VLOOKUP($A13,main!$A$3:$I$56,6,FALSE)>=(VLOOKUP(VLOOKUP(G$1,main!$A$3:$I$56,8,FALSE),main!$K$11:$M$14,2,FALSE)+VLOOKUP(VLOOKUP(G$1,main!$A$3:$I$56,7,FALSE),main!$K$19:$O$22,MATCH(VLOOKUP($A13,main!$A$3:$I$56,8,FALSE),main!$K$18:$O$18,0))))),1,0) -> 1 | H13: =IF((AND(VLOOKUP(H$1,main!$A$3:$I$56,5,FALSE)-VLOOKUP($A13,main!$A$3:$I$56,6,FALSE)>=(VLOOKUP(VLOOKUP(H$1,main!$A$3:$I$56,8,FALSE),main!$K$11:$M$14,2,FALSE)+VLOOKUP(VLOOKUP(H$1,main!$A$3:$I$56,7,FALSE),main!$K$19:$O$22,MATCH(VLOOKUP($A13,main!$A$3:$I$56,8,FALSE),main!$K$18:$O$18,0))))),1,0) -> 1 | I13: =IF((AND(VLOOKUP(I$1,main!$A$3:$I$56,5,FALSE)-VLOOKUP($A13,main!$A$3:$I$56,6,FALSE)>=(VLOOKUP(VLOOKUP(I$1,main!$A$3:$I$56,8,FALSE),main!$K$11:$M$14,2,FALSE)+VLOOKUP(VLOOKUP(I$1,main!$A$3:$I$56,7,FALSE),main!$K$19:$O$22,MATCH(VLOOKUP($A13,main!$A$3:$I$56,8,FALSE),main!$K$18:$O$18,0))))),1,0) -> 1 | J13: =IF((AND(VLOOKUP(J$1,main!$A$3:$I$56,5,FALSE)-VLOOKUP($A13,main!$A$3:$I$56,6,FALSE)>=(VLOOKUP(VLOOKUP(J$1,main!$A$3:$I$56,8,FALSE),main!$K$11:$M$14,2,FALSE)+VLOOKUP(VLOOKUP(J$1,main!$A$3:$I$56,7,FALSE),main!$K$19:$O$22,MATCH(VLOOKUP($A13,main!$A$3:$I$56,8,FALSE),main!$K$18:$O$18,0))))),1,0) -> 1 | ... BD13: =IF((AND(VLOOKUP(BD$1,main!$A$3:$I$56,5,FALSE)-VLOOKUP($A13,main!$A$3:$I$56,6,FALSE)>=(VLOOKUP(VLOOKUP(BD$1,main!$A$3:$I$56,8,FALSE),main!$K$11:$M$14,2,FALSE)+VLOOKUP(VLOOKUP(BD$1,main!$A$3:$I$56,7,FALSE),main!$K$19:$O$22,MATCH(VLOOKUP($A13,main!$A$3:$I$56,8,FALSE),main!$K$18:$O$18,0))))),1,0) -> 0
A14: =A13+1 -> 12 | B14: 1 | C14: =IF((AND(VLOOKUP(C$1,main!$A$3:$I$56,5,FALSE)-VLOOKUP($A14,main!$A$3:$I$56,6,FALSE)>=(VLOOKUP(VLOOKUP(C$1,main!$A$3:$I$56,8,FALSE),main!$K$11:$M$14,2,FALSE)+VLOOKUP(VLOOKUP(C$1,main!$A$3:$I$56,7,FALSE),main!$K$19:$O$22,MATCH(VLOOKUP($A14,main!$A$3:$I$56,8,FALSE),main!$K$18:$O$18,0))))),1,0) -> 0 | D14: =IF((AND(VLOOKUP(D$1,main!$A$3:$I$56,5,FALSE)-VLOOKUP($A14,main!$A$3:$I$56,6,FALSE)>=(VLOOKUP(VLOOKUP(D$1,main!$A$3:$I$56,8,FALSE),main!$K$11:$M$14,2,FALSE)+VLOOKUP(VLOOKUP(D$1,main!$A$3:$I$56,7,FALSE),main!$K$19:$O$22,MATCH(VLOOKUP($A14,main!$A$3:$I$56,8,FALSE),main!$K$18:$O$18,0))))),1,0) -> 0 | E14: =IF((AND(VLOOKUP(E$1,main!$A$3:$I$56,5,FALSE)-VLOOKUP($A14,main!$A$3:$I$56,6,FALSE)>=(VLOOKUP(VLOOKUP(E$1,main!$A$3:$I$56,8,FALSE),main!$K$11:$M$14,2,FALSE)+VLOOKUP(VLOOKUP(E$1,main!$A$3:$I$56,7,FALSE),main!$K$19:$O$22,MATCH(VLOOKUP($A14,main!$A$3:$I$56,8,FALSE),main!$K$18:$O$18,0))))),1,0) -> 0 | F14: =IF((AND(VLOOKUP(F$1,main!$A$3:$I$56,5,FALSE)-VLOOKUP($A14,main!$A$3:$I$56,6,FALSE)>=(VLOOKUP(VLOOKUP(F$1,main!$A$3:$I$56,8,FALSE),main!$K$11:$M$14,2,FALSE)+VLOOKUP(VLOOKUP(F$1,main!$A$3:$I$56,7,FALSE),main!$K$19:$O$22,MATCH(VLOOKUP($A14,main!$A$3:$I$56,8,FALSE),main!$K$18:$O$18,0))))),1,0) -> 0 | G14: =IF((AND(VLOOKUP(G$1,main!$A$3:$I$56,5,FALSE)-VLOOKUP($A14,main!$A$3:$I$56,6,FALSE)>=(VLOOKUP(VLOOKUP(G$1,main!$A$3:$I$56,8,FALSE),main!$K$11:$M$14,2,FALSE)+VLOOKUP(VLOOKUP(G$1,main!$A$3:$I$56,7,FALSE),main!$K$19:$O$22,MATCH(VLOOKUP($A14,main!$A$3:$I$56,8,FALSE),main!$K$18:$O$18,0))))),1,0) -> 0 | H14: =IF((AND(VLOOKUP(H$1,main!$A$3:$I$56,5,FALSE)-VLOOKUP($A14,main!$A$3:$I$56,6,FALSE)>=(VLOOKUP(VLOOKUP(H$1,main!$A$3:$I$56,8,FALSE),main!$K$11:$M$14,2,FALSE)+VLOOKUP(VLOOKUP(H$1,main!$A$3:$I$56,7,FALSE),main!$K$19:$O$22,MATCH(VLOOKUP($A14,main!$A$3:$I$56,8,FALSE),main!$K$18:$O$18,0))))),1,0) -> 0 | I14: =IF((AND(VLOOKUP(I$1,main!$A$3:$I$56,5,FALSE)-VLOOKUP($A14,main!$A$3:$I$56,6,FALSE)>=(VLOOKUP(VLOOKUP(I$1,main!$A$3:$I$56,8,FALSE),main!$K$11:$M$14,2,FALSE)+VLOOKUP(VLOOKUP(I$1,main!$A$3:$I$56,7,FALSE),main!$K$19:$O$22,MATCH(VLOOKUP($A14,main!$A$3:$I$56,8,FALSE),main!$K$18:$O$18,0))))),1,0) -> 0 | J14: =IF((AND(VLOOKUP(J$1,main!$A$3:$I$56,5,FALSE)-VLOOKUP($A14,main!$A$3:$I$56,6,FALSE)>=(VLOOKUP(VLOOKUP(J$1,main!$A$3:$I$56,8,FALSE),main!$K$11:$M$14,2,FALSE)+VLOOKUP(VLOOKUP(J$1,main!$A$3:$I$56,7,FALSE),main!$K$19:$O$22,MATCH(VLOOKUP($A14,main!$A$3:$I$56,8,FALSE),main!$K$18:$O$18,0))))),1,0) -> 0 | ... BD14: =IF((AND(VLOOKUP(BD$1,main!$A$3:$I$56,5,FALSE)-VLOOKUP($A14,main!$A$3:$I$56,6,FALSE)>=(VLOOKUP(VLOOKUP(BD$1,main!$A$3:$I$56,8,FALSE),main!$K$11:$M$14,2,FALSE)+VLOOKUP(VLOOKUP(BD$1,main!$A$3:$I$56,7,FALSE),main!$K$19:$O$22,MATCH(VLOOKUP($A14,main!$A$3:$I$56,8,FALSE),main!$K$18:$O$18,0))))),1,0) -> 0
... A56: =A55+1 -> 54 | B56: 1 | C56: =IF((AND(VLOOKUP(C$1,main!$A$3:$I$56,5,FALSE)-VLOOKUP($A56,main!$A$3:$I$56,6,FALSE)>=(VLOOKUP(VLOOKUP(C$1,main!$A$3:$I$56,8,FALSE),main!$K$11:$M$14,2,FALSE)+VLOOKUP(VLOOKUP(C$1,main!$A$3:$I$56,7,FALSE),main!$K$19:$O$22,MATCH(VLOOKUP($A56,main!$A$3:$I$56,8,FALSE),main!$K$18:$O$18,0))))),1,0) -> 0 | D56: =IF((AND(VLOOKUP(D$1,main!$A$3:$I$56,5,FALSE)-VLOOKUP($A56,main!$A$3:$I$56,6,FALSE)>=(VLOOKUP(VLOOKUP(D$1,main!$A$3:$I$56,8,FALSE),main!$K$11:$M$14,2,FALSE)+VLOOKUP(VLOOKUP(D$1,main!$A$3:$I$56,7,FALSE),main!$K$19:$O$22,MATCH(VLOOKUP($A56,main!$A$3:$I$56,8,FALSE),main!$K$18:$O$18,0))))),1,0) -> 0 | E56: =IF((AND(VLOOKUP(E$1,main!$A$3:$I$56,5,FALSE)-VLOOKUP($A56,main!$A$3:$I$56,6,FALSE)>=(VLOOKUP(VLOOKUP(E$1,main!$A$3:$I$56,8,FALSE),main!$K$11:$M$14,2,FALSE)+VLOOKUP(VLOOKUP(E$1,main!$A$3:$I$56,7,FALSE),main!$K$19:$O$22,MATCH(VLOOKUP($A56,main!$A$3:$I$56,8,FALSE),main!$K$18:$O$18,0))))),1,0) -> 0 | F56: =IF((AND(VLOOKUP(F$1,main!$A$3:$I$56,5,FALSE)-VLOOKUP($A56,main!$A$3:$I$56,6,FALSE)>=(VLOOKUP(VLOOKUP(F$1,main!$A$3:$I$56,8,FALSE),main!$K$11:$M$14,2,FALSE)+VLOOKUP(VLOOKUP(F$1,main!$A$3:$I$56,7,FALSE),main!$K$19:$O$22,MATCH(VLOOKUP($A56,main!$A$3:$I$56,8,FALSE),main!$K$18:$O$18,0))))),1,0) -> 0 | G56: =IF((AND(VLOOKUP(G$1,main!$A$3:$I$56,5,FALSE)-VLOOKUP($A56,main!$A$3:$I$56,6,FALSE)>=(VLOOKUP(VLOOKUP(G$1,main!$A$3:$I$56,8,FALSE),main!$K$11:$M$14,2,FALSE)+VLOOKUP(VLOOKUP(G$1,main!$A$3:$I$56,7,FALSE),main!$K$19:$O$22,MATCH(VLOOKUP($A56,main!$A$3:$I$56,8,FALSE),main!$K$18:$O$18,0))))),1,0) -> 0 | H56: =IF((AND(VLOOKUP(H$1,main!$A$3:$I$56,5,FALSE)-VLOOKUP($A56,main!$A$3:$I$56,6,FALSE)>=(VLOOKUP(VLOOKUP(H$1,main!$A$3:$I$56,8,FALSE),main!$K$11:$M$14,2,FALSE)+VLOOKUP(VLOOKUP(H$1,main!$A$3:$I$56,7,FALSE),main!$K$19:$O$22,MATCH(VLOOKUP($A56,main!$A$3:$I$56,8,FALSE),main!$K$18:$O$18,0))))),1,0) -> 0 | I56: =IF((AND(VLOOKUP(I$1,main!$A$3:$I$56,5,FALSE)-VLOOKUP($A56,main!$A$3:$I$56,6,FALSE)>=(VLOOKUP(VLOOKUP(I$1,main!$A$3:$I$56,8,FALSE),main!$K$11:$M$14,2,FALSE)+VLOOKUP(VLOOKUP(I$1,main!$A$3:$I$56,7,FALSE),main!$K$19:$O$22,MATCH(VLOOKUP($A56,main!$A$3:$I$56,8,FALSE),main!$K$18:$O$18,0))))),1,0) -> 0 | J56: =IF((AND(VLOOKUP(J$1,main!$A$3:$I$56,5,FALSE)-VLOOKUP($A56,main!$A$3:$I$56,6,FALSE)>=(VLOOKUP(VLOOKUP(J$1,main!$A$3:$I$56,8,FALSE),main!$K$11:$M$14,2,FALSE)+VLOOKUP(VLOOKUP(J$1,main!$A$3:$I$56,7,FALSE),main!$K$19:$O$22,MATCH(VLOOKUP($A56,main!$A$3:$I$56,8,FALSE),main!$K$18:$O$18,0))))),1,0) -> 1 | ... BD56: =IF((AND(VLOOKUP(BD$1,main!$A$3:$I$56,5,FALSE)-VLOOKUP($A56,main!$A$3:$I$56,6,FALSE)>=(VLOOKUP(VLOOKUP(BD$1,main!$A$3:$I$56,8,FALSE),main!$K$11:$M$14,2,FALSE)+VLOOKUP(VLOOKUP(BD$1,main!$A$3:$I$56,7,FALSE),main!$K$19:$O$22,MATCH(VLOOKUP($A56,main!$A$3:$I$56,8,FALSE),main!$K$18:$O$18,0))))),1,0) -> 0
G62: =VLOOKUP(VLOOKUP(C$1,main!$A$3:$I$56,8,FALSE),main!$K$11:$M$14,2,FALSE) -> 15 | J62: VLOOKUP(VLOOKUP(C$1,main!$A$3:$I$56,8,FALSE),main!$K$11:$M$14,2,FALSE)
G63: =VLOOKUP(VLOOKUP(C$1,main!$A$3:$I$56,7,FALSE),main!$K$19:$O$22,MATCH(VLOOKUP($A3,main!$A$3:$I$56,8,FALSE),main!$K$18:$O$18,0)) -> 25
G65: =VLOOKUP(C$1,main!$A$3:$I$56,8,FALSE) -> Terminal B
G66: =MATCH(VLOOKUP($A3,main!$A$3:$I$56,9,FALSE),main!$K$18:$O$18,0) -> #N/A
G67: =VLOOKUP($A3,main!$A$3:$I$56,9,FALSE) -> 1

Sheet delta
B1: 0 | C1: 1 | D1: 2 | E1: 3 | F1: 4 | G1: 5 | H1: 6 | I1: 7 | J1: 8 | K1: 9 | L1: 10 | M1: 11 | N1: 12 | O1: 13 | P1: 14 | Q1: 15 | R1: 16 | S1: 17 | T1: 18 | U1: 19 | V1: 20 | W1: 21 | X1: 22 | Y1: 23 | Z1: 24 | AA1: 25 | AB1: 26 | AC1: 27 | AD1: 28 | AE1: 29 | AF1: 30 | AG1: 31 | AH1: 32 | AI1: 33 | AJ1: 34 | AK1: 35 | AL1: 36 | AM1: 37 | AN1: 38 | AO1: 39 | AP1: 40 | AQ1: 41 | AR1: 42 | AS1: 43 | AT1: 44 | AU1: 45 | AV1: 46 | AW1: 47 | AX1: 48 | AY1: 49 | AZ1: 50 | BA1: 51 | BB1: 52 | BC1: 53 | BD1: 54 | BE1: 55 | BF1: 56 | BG1: 57 | BH1: 58 | BI1: 59
A2: 0 | B2: 0 | C2: 0 | D2: 0 | E2: 0 | F2: 0 | G2: 0 | H2: 0 | I2: 0 | J2: 0 | K2: 0 | L2: 0 | M2: 0 | N2: 0 | O2: 0 | P2: 0 | Q2: 0 | R2: 0 | S2: 0 | T2: 0 | U2: 0 | V2: 0 | W2: 0 | X2: 0 | Y2: 0 | Z2: 0 | AA2: 0 | AB2: 0 | AC2: 0 | AD2: 0 | AE2: 0 | AF2: 0 | AG2: 0 | AH2: 0 | AI2: 0 | AJ2: 0 | AK2: 0 | AL2: 0 | AM2: 0 | AN2: 0 | AO2: 0 | AP2: 0 | AQ2: 0 | AR2: 0 | AS2: 0 | AT2: 0 | AU2: 0 | AV2: 0 | AW2: 0 | AX2: 0 | AY2: 0 | AZ2: 0 | BA2: 0 | BB2: 0 | BC2: 0 | BD2: 0 | BE2: 0 | BF2: 0 | BG2: 0 | BH2: 0 | BI2: 0
A3: =A2+1 -> 1 | B3: 0 | C3: =IF((gamma!C3),IF(VLOOKUP(C$1,main!$A$3:$I$56,7,FALSE)=VLOOKUP($A3,main!$A$3:$I$56,8,FALSE),VLOOKUP(C$1,main!$A$3:$I$56,4,FALSE),VLOOKUP(C$1,main!$A$3:$I$56,4,FALSE)+VLOOKUP($A3,main!$A$3:$I$56,4,FALSE)+(VLOOKUP(VLOOKUP(C$1,main!$A$3:$I$56,8,FALSE),main!$K$19:$O$22,MATCH(VLOOKUP($A3,main!$A$3:$I$56,7,FALSE),main!$K$18:$O$18,0),0))),0) -> 0 | D3: =IF((gamma!D3),IF(VLOOKUP(D$1,main!$A$3:$I$56,7,FALSE)=VLOOKUP($A3,main!$A$3:$I$56,8,FALSE),VLOOKUP(D$1,main!$A$3:$I$56,4,FALSE),VLOOKUP(D$1,main!$A$3:$I$56,4,FALSE)+VLOOKUP($A3,main!$A$3:$I$56,4,FALSE)+(VLOOKUP(VLOOKUP(D$1,main!$A$3:$I$56,8,FALSE),main!$K$19:$O$22,MATCH(VLOOKUP($A3,main!$A$3:$I$56,7,FALSE),main!$K$18:$O$18,0),0))),0) -> 295 | E3: =IF((gamma!E3),IF(VLOOKUP(E$1,main!$A$3:$I$56,7,FALSE)=VLOOKUP($A3,main!$A$3:$I$56,8,FALSE),VLOOKUP(E$1,main!$A$3:$I$56,4,FALSE),VLOOKUP(E$1,main!$A$3:$I$56,4,FALSE)+VLOOKUP($A3,main!$A$3:$I$56,4,FALSE)+(VLOOKUP(VLOOKUP(E$1,main!$A$3:$I$56,8,FALSE),main!$K$19:$O$22,MATCH(VLOOKUP($A3,main!$A$3:$I$56,7,FALSE),main!$K$18:$O$18,0),0))),0) -> 295 | F3: =IF((gamma!F3),IF(VLOOKUP(F$1,main!$A$3:$I$56,7,FALSE)=VLOOKUP($A3,main!$A$3:$I$56,8,FALSE),VLOOKUP(F$1,main!$A$3:$I$56,4,FALSE),VLOOKUP(F$1,main!$A$3:$I$56,4,FALSE)+VLOOKUP($A3,main!$A$3:$I$56,4,FALSE)+(VLOOKUP(VLOOKUP(F$1,main!$A$3:$I$56,8,FALSE),main!$K$19:$O$22,MATCH(VLOOKUP($A3,main!$A$3:$I$56,7,FALSE),main!$K$18:$O$18,0),0))),0) -> 295 | G3: =IF((gamma!G3),IF(VLOOKUP(G$1,main!$A$3:$I$56,7,FALSE)=VLOOKUP($A3,main!$A$3:$I$56,8,FALSE),VLOOKUP(G$1,main!$A$3:$I$56,4,FALSE),VLOOKUP(G$1,main!$A$3:$I$56,4,FALSE)+VLOOKUP($A3,main!$A$3:$I$56,4,FALSE)+(VLOOKUP(VLOOKUP(G$1,main!$A$3:$I$56,8,FALSE),main!$K$19:$O$22,MATCH(VLOOKUP($A3,main!$A$3:$I$56,7,FALSE),main!$K$18:$O$18,0),0))),0) -> 295 | H3: =IF((gamma!H3),IF(VLOOKUP(H$1,main!$A$3:$I$56,7,FALSE)=VLOOKUP($A3,main!$A$3:$I$56,8,FALSE),VLOOKUP(H$1,main!$A$3:$I$56,4,FALSE),VLOOKUP(H$1,main!$A$3:$I$56,4,FALSE)+VLOOKUP($A3,main!$A$3:$I$56,4,FALSE)+(VLOOKUP(VLOOKUP(H$1,main!$A$3:$I$56,8,FALSE),main!$K$19:$O$22,MATCH(VLOOKUP($A3,main!$A$3:$I$56,7,FALSE),main!$K$18:$O$18,0),0))),0) -> 295 | I3: =IF((gamma!I3),IF(VLOOKUP(I$1,main!$A$3:$I$56,7,FALSE)=VLOOKUP($A3,main!$A$3:$I$56,8,FALSE),VLOOKUP(I$1,main!$A$3:$I$56,4,FALSE),VLOOKUP(I$1,main!$A$3:$I$56,4,FALSE)+VLOOKUP($A3,main!$A$3:$I$56,4,FALSE)+(VLOOKUP(VLOOKUP(I$1,main!$A$3:$I$56,8,FALSE),main!$K$19:$O$22,MATCH(VLOOKUP($A3,main!$A$3:$I$56,7,FALSE),main!$K$18:$O$18,0),0))),0) -> 295 | J3: =IF((gamma!J3),IF(VLOOKUP(J$1,main!$A$3:$I$56,7,FALSE)=VLOOKUP($A3,main!$A$3:$I$56,8,FALSE),VLOOKUP(J$1,main!$A$3:$I$56,4,FALSE),VLOOKUP(J$1,main!$A$3:$I$56,4,FALSE)+VLOOKUP($A3,main!$A$3:$I$56,4,FALSE)+(VLOOKUP(VLOOKUP(J$1,main!$A$3:$I$56,8,FALSE),main!$K$19:$O$22,MATCH(VLOOKUP($A3,main!$A$3:$I$56,7,FALSE),main!$K$18:$O$18,0),0))),0) -> 295 | ... BD3: =IF((gamma!BD3),IF(VLOOKUP(BD$1,main!$A$3:$I$56,7,FALSE)=VLOOKUP($A3,main!$A$3:$I$56,8,FALSE),VLOOKUP(BD$1,main!$A$3:$I$56,4,FALSE),VLOOKUP(BD$1,main!$A$3:$I$56,4,FALSE)+VLOOKUP($A3,main!$A$3:$I$56,4,FALSE)+(VLOOKUP(VLOOKUP(BD$1,main!$A$3:$I$56,8,FALSE),main!$K$19:$O$22,MATCH(VLOOKUP($A3,main!$A$3:$I$56,7,FALSE),main!$K$18:$O$18,0),0))),0) -> 300 | BE3: 0 | BF3: 0 | BG3: 0 | BH3: 0 | BI3: 0
A4: =A3+1 -> 2 | B4: 0 | C4: =IF((gamma!C4),IF(VLOOKUP(C$1,main!$A$3:$I$56,7,FALSE)=VLOOKUP($A4,main!$A$3:$I$56,8,FALSE),VLOOKUP(C$1,main!$A$3:$I$56,4,FALSE),VLOOKUP(C$1,main!$A$3:$I$56,4,FALSE)+VLOOKUP($A4,main!$A$3:$I$56,4,FALSE)+(VLOOKUP(VLOOKUP(C$1,main!$A$3:$I$56,8,FALSE),main!$K$19:$O$22,MATCH(VLOOKUP($A4,main!$A$3:$I$56,7,FALSE),main!$K$18:$O$18,0),0))),0) -> 0 | D4: =IF((gamma!D4),IF(VLOOKUP(D$1,main!$A$3:$I$56,7,FALSE)=VLOOKUP($A4,main!$A$3:$I$56,8,FALSE),VLOOKUP(D$1,main!$A$3:$I$56,4,FALSE),VLOOKUP(D$1,main!$A$3:$I$56,4,FALSE)+VLOOKUP($A4,main!$A$3:$I$56,4,FALSE)+(VLOOKUP(VLOOKUP(D$1,main!$A$3:$I$56,8,FALSE),main!$K$19:$O$22,MATCH(VLOOKUP($A4,main!$A$3:$I$56,7,FALSE),main!$K$18:$O$18,0),0))),0) -> 0 | E4: =IF((gamma!E4),IF(VLOOKUP(E$1,main!$A$3:$I$56,7,FALSE)=VLOOKUP($A4,main!$A$3:$I$56,8,FALSE),VLOOKUP(E$1,main!$A$3:$I$56,4,FALSE),VLOOKUP(E$1,main!$A$3:$I$56,4,FALSE)+VLOOKUP($A4,main!$A$3:$I$56,4,FALSE)+(VLOOKUP(VLOOKUP(E$1,main!$A$3:$I$56,8,FALSE),main!$K$19:$O$22,MATCH(VLOOKUP($A4,main!$A$3:$I$56,7,FALSE),main!$K$18:$O$18,0),0))),0) -> 0 | F4: =IF((gamma!F4),IF(VLOOKUP(F$1,main!$A$3:$I$56,7,FALSE)=VLOOKUP($A4,main!$A$3:$I$56,8,FALSE),VLOOKUP(F$1,main!$A$3:$I$56,4,FALSE),VLOOKUP(F$1,main!$A$3:$I$56,4,FALSE)+VLOOKUP($A4,main!$A$3:$I$56,4,FALSE)+(VLOOKUP(VLOOKUP(F$1,main!$A$3:$I$56,8,FALSE),main!$K$19:$O$22,MATCH(VLOOKUP($A4,main!$A$3:$I$56,7,FALSE),main!$K$18:$O$18,0),0))),0) -> 295 | G4: =IF((gamma!G4),IF(VLOOKUP(G$1,main!$A$3:$I$56,7,FALSE)=VLOOKUP($A4,main!$A$3:$I$56,8,FALSE),VLOOKUP(G$1,main!$A$3:$I$56,4,FALSE),VLOOKUP(G$1,main!$A$3:$I$56,4,FALSE)+VLOOKUP($A4,main!$A$3:$I$56,4,FALSE)+(VLOOKUP(VLOOKUP(G$1,main!$A$3:$I$56,8,FALSE),main!$K$19:$O$22,MATCH(VLOOKUP($A4,main!$A$3:$I$56,7,FALSE),main!$K$18:$O$18,0),0))),0) -> 295 | H4: =IF((gamma!H4),IF(VLOOKUP(H$1,main!$A$3:$I$56,7,FALSE)=VLOOKUP($A4,main!$A$3:$I$56,8,FALSE),VLOOKUP(H$1,main!$A$3:$I$56,4,FALSE),VLOOKUP(H$1,main!$A$3:$I$56,4,FALSE)+VLOOKUP($A4,main!$A$3:$I$56,4,FALSE)+(VLOOKUP(VLOOKUP(H$1,main!$A$3:$I$56,8,FALSE),main!$K$19:$O$22,MATCH(VLOOKUP($A4,main!$A$3:$I$56,7,FALSE),main!$K$18:$O$18,0),0))),0) -> 295 | I4: =IF((gamma!I4),IF(VLOOKUP(I$1,main!$A$3:$I$56,7,FALSE)=VLOOKUP($A4,main!$A$3:$I$56,8,FALSE),VLOOKUP(I$1,main!$A$3:$I$56,4,FALSE),VLOOKUP(I$1,main!$A$3:$I$56,4,FALSE)+VLOOKUP($A4,main!$A$3:$I$56,4,FALSE)+(VLOOKUP(VLOOKUP(I$1,main!$A$3:$I$56,8,FALSE),main!$K$19:$O$22,MATCH(VLOOKUP($A4,main!$A$3:$I$56,7,FALSE),main!$K$18:$O$18,0),0))),0) -> 295 | J4: =IF((gamma!J4),IF(VLOOKUP(J$1,main!$A$3:$I$56,7,FALSE)=VLOOKUP($A4,main!$A$3:$I$56,8,FALSE),VLOOKUP(J$1,main!$A$3:$I$56,4,FALSE),VLOOKUP(J$1,main!$A$3:$I$56,4,FALSE)+VLOOKUP($A4,main!$A$3:$I$56,4,FALSE)+(VLOOKUP(VLOOKUP(J$1,main!$A$3:$I$56,8,FALSE),main!$K$19:$O$22,MATCH(VLOOKUP($A4,main!$A$3:$I$56,7,FALSE),main!$K$18:$O$18,0),0))),0) -> 295 | ... BD4: =IF((gamma!BD4),IF(VLOOKUP(BD$1,main!$A$3:$I$56,7,FALSE)=VLOOKUP($A4,main!$A$3:$I$56,8,FALSE),VLOOKUP(BD$1,main!$A$3:$I$56,4,FALSE),VLOOKUP(BD$1,main!$A$3:$I$56,4,FALSE)+VLOOKUP($A4,main!$A$3:$I$56,4,FALSE)+(VLOOKUP(VLOOKUP(BD$1,main!$A$3:$I$56,8,FALSE),main!$K$19:$O$22,MATCH(VLOOKUP($A4,main!$A$3:$I$56,7,FALSE),main!$K$18:$O$18,0),0))),0) -> 300 | BE4: 0 | BF4: 0 | BG4: 0 | BH4: 0 | BI4: 0
A5: =A4+1 -> 3 | B5: 0 | C5: =IF((gamma!C5),IF(VLOOKUP(C$1,main!$A$3:$I$56,7,FALSE)=VLOOKUP($A5,main!$A$3:$I$56,8,FALSE),VLOOKUP(C$1,main!$A$3:$I$56,4,FALSE),VLOOKUP(C$1,main!$A$3:$I$56,4,FALSE)+VLOOKUP($A5,main!$A$3:$I$56,4,FALSE)+(VLOOKUP(VLOOKUP(C$1,main!$A$3:$I$56,8,FALSE),main!$K$19:$O$22,MATCH(VLOOKUP($A5,main!$A$3:$I$56,7,FALSE),main!$K$18:$O$18,0),0))),0) -> 0 | D5: =IF((gamma!D5),IF(VLOOKUP(D$1,main!$A$3:$I$56,7,FALSE)=VLOOKUP($A5,main!$A$3:$I$56,8,FALSE),VLOOKUP(D$1,main!$A$3:$I$56,4,FALSE),VLOOKUP(D$1,main!$A$3:$I$56,4,FALSE)+VLOOKUP($A5,main!$A$3:$I$56,4,FALSE)+(VLOOKUP(VLOOKUP(D$1,main!$A$3:$I$56,8,FALSE),main!$K$19:$O$22,MATCH(VLOOKUP($A5,main!$A$3:$I$56,7,FALSE),main!$K$18:$O$18,0),0))),0) -> 0 | E5: =IF((gamma!E5),IF(VLOOKUP(E$1,main!$A$3:$I$56,7,FALSE)=VLOOKUP($A5,main!$A$3:$I$56,8,FALSE),VLOOKUP(E$1,main!$A$3:$I$56,4,FALSE),VLOOKUP(E$1,main!$A$3:$I$56,4,FALSE)+VLOOKUP($A5,main!$A$3:$I$56,4,FALSE)+(VLOOKUP(VLOOKUP(E$1,main!$A$3:$I$56,8,FALSE),main!$K$19:$O$22,MATCH(VLOOKUP($A5,main!$A$3:$I$56,7,FALSE),main!$K$18:$O$18,0),0))),0) -> 0 | F5: =IF((gamma!F5),IF(VLOOKUP(F$1,main!$A$3:$I$56,7,FALSE)=VLOOKUP($A5,main!$A$3:$I$56,8,FALSE),VLOOKUP(F$1,main!$A$3:$I$56,4,FALSE),VLOOKUP(F$1,main!$A$3:$I$56,4,FALSE)+VLOOKUP($A5,main!$A$3:$I$56,4,FALSE)+(VLOOKUP(VLOOKUP(F$1,main!$A$3:$I$56,8,FALSE),main!$K$19:$O$22,MATCH(VLOOKUP($A5,main!$A$3:$I$56,7,FALSE),main!$K$18:$O$18,0),0))),0) -> 0 | G5: =IF((gamma!G5),IF(VLOOKUP(G$1,main!$A$3:$I$56,7,FALSE)=VLOOKUP($A5,main!$A$3:$I$56,8,FALSE),VLOOKUP(G$1,main!$A$3:$I$56,4,FALSE),VLOOKUP(G$1,main!$A$3:$I$56,4,FALSE)+VLOOKUP($A5,main!$A$3:$I$56,4,FALSE)+(VLOOKUP(VLOOKUP(G$1,main!$A$3:$I$56,8,FALSE),main!$K$19:$O$22,MATCH(VLOOKUP($A5,main!$A$3:$I$56,7,FALSE),main!$K$18:$O$18,0),0))),0) -> 0 | H5: =IF((gamma!H5),IF(VLOOKUP(H$1,main!$A$3:$I$56,7,FALSE)=VLOOKUP($A5,main!$A$3:$I$56,8,FALSE),VLOOKUP(H$1,main!$A$3:$I$56,4,FALSE),VLOOKUP(H$1,main!$A$3:$I$56,4,FALSE)+VLOOKUP($A5,main!$A$3:$I$56,4,FALSE)+(VLOOKUP(VLOOKUP(H$1,main!$A$3:$I$56,8,FALSE),main!$K$19:$O$22,MATCH(VLOOKUP($A5,main!$A$3:$I$56,7,FALSE),main!$K$18:$O$18,0),0))),0) -> 295 | I5: =IF((gamma!I5),IF(VLOOKUP(I$1,main!$A$3:$I$56,7,FALSE)=VLOOKUP($A5,main!$A$3:$I$56,8,FALSE),VLOOKUP(I$1,main!$A$3:$I$56,4,FALSE),VLOOKUP(I$1,main!$A$3:$I$56,4,FALSE)+VLOOKUP($A5,main!$A$3:$I$56,4,FALSE)+(VLOOKUP(VLOOKUP(I$1,main!$A$3:$I$56,8,FALSE),main!$K$19:$O$22,MATCH(VLOOKUP($A5,main!$A$3:$I$56,7,FALSE),main!$K$18:$O$18,0),0))),0) -> 295 | J5: =IF((gamma!J5),IF(VLOOKUP(J$1,main!$A$3:$I$56,7,FALSE)=VLOOKUP($A5,main!$A$3:$I$56,8,FALSE),VLOOKUP(J$1,main!$A$3:$I$56,4,FALSE),VLOOKUP(J$1,main!$A$3:$I$56,4,FALSE)+VLOOKUP($A5,main!$A$3:$I$56,4,FALSE)+(VLOOKUP(VLOOKUP(J$1,main!$A$3:$I$56,8,FALSE),main!$K$19:$O$22,MATCH(VLOOKUP($A5,main!$A$3:$I$56,7,FALSE),main!$K$18:$O$18,0),0))),0) -> 295 | ... BD5: =IF((gamma!BD5),IF(VLOOKUP(BD$1,main!$A$3:$I$56,7,FALSE)=VLOOKUP($A5,main!$A$3:$I$56,8,FALSE),VLOOKUP(BD$1,main!$A$3:$I$56,4,FALSE),VLOOKUP(BD$1,main!$A$3:$I$56,4,FALSE)+VLOOKUP($A5,main!$A$3:$I$56,4,FALSE)+(VLOOKUP(VLOOKUP(BD$1,main!$A$3:$I$56,8,FALSE),main!$K$19:$O$22,MATCH(VLOOKUP($A5,main!$A$3:$I$56,7,FALSE),main!$K$18:$O$18,0),0))),0) -> 0 | BE5: 0 | BF5: 0 | BG5: 0 | BH5: 0 | BI5: 0
A6: =A5+1 -> 4 | B6: 0 | C6: =IF((gamma!C6),IF(VLOOKUP(C$1,main!$A$3:$I$56,7,FALSE)=VLOOKUP($A6,main!$A$3:$I$56,8,FALSE),VLOOKUP(C$1,main!$A$3:$I$56,4,FALSE),VLOOKUP(C$1,main!$A$3:$I$56,4,FALSE)+VLOOKUP($A6,main!$A$3:$I$56,4,FALSE)+(VLOOKUP(VLOOKUP(C$1,main!$A$3:$I$56,8,FALSE),main!$K$19:$O$22,MATCH(VLOOKUP($A6,main!$A$3:$I$56,7,FALSE),main!$K$18:$O$18,0),0))),0) -> 0 | D6: =IF((gamma!D6),IF(VLOOKUP(D$1,main!$A$3:$I$56,7,FALSE)=VLOOKUP($A6,main!$A$3:$I$56,8,FALSE),VLOOKUP(D$1,main!$A$3:$I$56,4,FALSE),VLOOKUP(D$1,main!$A$3:$I$56,4,FALSE)+VLOOKUP($A6,main!$A$3:$I$56,4,FALSE)+(VLOOKUP(VLOOKUP(D$1,main!$A$3:$I$56,8,FALSE),main!$K$19:$O$22,MATCH(VLOOKUP($A6,main!$A$3:$I$56,7,FALSE),main!$K$18:$O$18,0),0))),0) -> 0 | E6: =IF((gamma!E6),IF(VLOOKUP(E$1,main!$A$3:$I$56,7,FALSE)=VLOOKUP($A6,main!$A$3:$I$56,8,FALSE),VLOOKUP(E$1,main!$A$3:$I$56,4,FALSE),VLOOKUP(E$1,main!$A$3:$I$56,4,FALSE)+VLOOKUP($A6,main!$A$3:$I$56,4,FALSE)+(VLOOKUP(VLOOKUP(E$1,main!$A$3:$I$56,8,FALSE),main!$K$19:$O$22,MATCH(VLOOKUP($A6,main!$A$3:$I$56,7,FALSE),main!$K$18:$O$18,0),0))),0) -> 0 | F6: =IF((gamma!F6),IF(VLOOKUP(F$1,main!$A$3:$I$56,7,FALSE)=VLOOKUP($A6,main!$A$3:$I$56,8,FALSE),VLOOKUP(F$1,main!$A$3:$I$56,4,FALSE),VLOOKUP(F$1,main!$A$3:$I$56,4,FALSE)+VLOOKUP($A6,main!$A$3:$I$56,4,FALSE)+(VLOOKUP(VLOOKUP(F$1,main!$A$3:$I$56,8,FALSE),main!$K$19:$O$22,MATCH(VLOOKUP($A6,main!$A$3:$I$56,7,FALSE),main!$K$18:$O$18,0),0))),0) -> 0 | G6: =IF((gamma!G6),IF(VLOOKUP(G$1,main!$A$3:$I$56,7,FALSE)=VLOOKUP($A6,main!$A$3:$I$56,8,FALSE),VLOOKUP(G$1,main!$A$3:$I$56,4,FALSE),VLOOKUP(G$1,main!$A$3:$I$56,4,FALSE)+VLOOKUP($A6,main!$A$3:$I$56,4,FALSE)+(VLOOKUP(VLOOKUP(G$1,main!$A$3:$I$56,8,FALSE),main!$K$19:$O$22,MATCH(VLOOKUP($A6,main!$A$3:$I$56,7,FALSE),main!$K$18:$O$18,0),0))),0) -> 0 | H6: =IF((gamma!H6),IF(VLOOKUP(H$1,main!$A$3:$I$56,7,FALSE)=VLOOKUP($A6,main!$A$3:$I$56,8,FALSE),VLOOKUP(H$1,main!$A$3:$I$56,4,FALSE),VLOOKUP(H$1,main!$A$3:$I$56,4,FALSE)+VLOOKUP($A6,main!$A$3:$I$56,4,FALSE)+(VLOOKUP(VLOOKUP(H$1,main!$A$3:$I$56,8,FALSE),main!$K$19:$O$22,MATCH(VLOOKUP($A6,main!$A$3:$I$56,7,FALSE),main!$K$18:$O$18,0),0))),0) -> 0 | I6: =IF((gamma!I6),IF(VLOOKUP(I$1,main!$A$3:$I$56,7,FALSE)=VLOOKUP($A6,main!$A$3:$I$56,8,FALSE),VLOOKUP(I$1,main!$A$3:$I$56,4,FALSE),VLOOKUP(I$1,main!$A$3:$I$56,4,FALSE)+VLOOKUP($A6,main!$A$3:$I$56,4,FALSE)+(VLOOKUP(VLOOKUP(I$1,main!$A$3:$I$56,8,FALSE),main!$K$19:$O$22,MATCH(VLOOKUP($A6,main!$A$3:$I$56,7,FALSE),main!$K$18:$O$18,0),0))),0) -> 295 | J6: =IF((gamma!J6),IF(VLOOKUP(J$1,main!$A$3:$I$56,7,FALSE)=VLOOKUP($A6,main!$A$3:$I$56,8,FALSE),VLOOKUP(J$1,main!$A$3:$I$56,4,FALSE),VLOOKUP(J$1,main!$A$3:$I$56,4,FALSE)+VLOOKUP($A6,main!$A$3:$I$56,4,FALSE)+(VLOOKUP(VLOOKUP(J$1,main!$A$3:$I$56,8,FALSE),main!$K$19:$O$22,MATCH(VLOOKUP($A6,main!$A$3:$I$56,7,FALSE),main!$K$18:$O$18,0),0))),0) -> 295 | ... BD6: =IF((gamma!BD6),IF(VLOOKUP(BD$1,main!$A$3:$I$56,7,FALSE)=VLOOKUP($A6,main!$A$3:$I$56,8,FALSE),VLOOKUP(BD$1,main!$A$3:$I$56,4,FALSE),VLOOKUP(BD$1,main!$A$3:$I$56,4,FALSE)+VLOOKUP($A6,main!$A$3:$I$56,4,FALSE)+(VLOOKUP(VLOOKUP(BD$1,main!$A$3:$I$56,8,FALSE),main!$K$19:$O$22,MATCH(VLOOKUP($A6,main!$A$3:$I$56,7,FALSE),main!$K$18:$O$18,0),0))),0) -> 0 | BE6: 0 | BF6: 0 | BG6: 0 | BH6: 0 | BI6: 0
A7: =A6+1 -> 5 | B7: 0 | C7: =IF((gamma!C7),IF(VLOOKUP(C$1,main!$A$3:$I$56,7,FALSE)=VLOOKUP($A7,main!$A$3:$I$56,8,FALSE),VLOOKUP(C$1,main!$A$3:$I$56,4,FALSE),VLOOKUP(C$1,main!$A$3:$I$56,4,FALSE)+VLOOKUP($A7,main!$A$3:$I$56,4,FALSE)+(VLOOKUP(VLOOKUP(C$1,main!$A$3:$I$56,8,FALSE),main!$K$19:$O$22,MATCH(VLOOKUP($A7,main!$A$3:$I$56,7,FALSE),main!$K$18:$O$18,0),0))),0) -> 0 | D7: =IF((gamma!D7),IF(VLOOKUP(D$1,main!$A$3:$I$56,7,FALSE)=VLOOKUP($A7,main!$A$3:$I$56,8,FALSE),VLOOKUP(D$1,main!$A$3:$I$56,4,FALSE),VLOOKUP(D$1,main!$A$3:$I$56,4,FALSE)+VLOOKUP($A7,main!$A$3:$I$56,4,FALSE)+(VLOOKUP(VLOOKUP(D$1,main!$A$3:$I$56,8,FALSE),main!$K$19:$O$22,MATCH(VLOOKUP($A7,main!$A$3:$I$56,7,FALSE),main!$K$18:$O$18,0),0))),0) -> 0 | E7: =IF((gamma!E7),IF(VLOOKUP(E$1,main!$A$3:$I$56,7,FALSE)=VLOOKUP($A7,main!$A$3:$I$56,8,FALSE),VLOOKUP(E$1,main!$A$3:$I$56,4,FALSE),VLOOKUP(E$1,main!$A$3:$I$56,4,FALSE)+VLOOKUP($A7,main!$A$3:$I$56,4,FALSE)+(VLOOKUP(VLOOKUP(E$1,main!$A$3:$I$56,8,FALSE),main!$K$19:$O$22,MATCH(VLOOKUP($A7,main!$A$3:$I$56,7,FALSE),main!$K$18:$O$18,0),0))),0) -> 0 | F7: =IF((gamma!F7),IF(VLOOKUP(F$1,main!$A$3:$I$56,7,FALSE)=VLOOKUP($A7,main!$A$3:$I$56,8,FALSE),VLOOKUP(F$1,main!$A$3:$I$56,4,FALSE),VLOOKUP(F$1,main!$A$3:$I$56,4,FALSE)+VLOOKUP($A7,main!$A$3:$I$56,4,FALSE)+(VLOOKUP(VLOOKUP(F$1,main!$A$3:$I$56,8,FALSE),main!$K$19:$O$22,MATCH(VLOOKUP($A7,main!$A$3:$I$56,7,FALSE),main!$K$18:$O$18,0),0))),0) -> 0 | G7: =IF((gamma!G7),IF(VLOOKUP(G$1,main!$A$3:$I$56,7,FALSE)=VLOOKUP($A7,main!$A$3:$I$56,8,FALSE),VLOOKUP(G$1,main!$A$3:$I$56,4,FALSE),VLOOKUP(G$1,main!$A$3:$I$56,4,FALSE)+VLOOKUP($A7,main!$A$3:$I$56,4,FALSE)+(VLOOKUP(VLOOKUP(G$1,main!$A$3:$I$56,8,FALSE),main!$K$19:$O$22,MATCH(VLOOKUP($A7,main!$A$3:$I$56,7,FALSE),main!$K$18:$O$18,0),0))),0) -> 0 | H7: =IF((gamma!H7),IF(VLOOKUP(H$1,main!$A$3:$I$56,7,FALSE)=VLOOKUP($A7,main!$A$3:$I$56,8,FALSE),VLOOKUP(H$1,main!$A$3:$I$56,4,FALSE),VLOOKUP(H$1,main!$A$3:$I$56,4,FALSE)+VLOOKUP($A7,main!$A$3:$I$56,4,FALSE)+(VLOOKUP(VLOOKUP(H$1,main!$A$3:$I$56,8,FALSE),main!$K$19:$O$22,MATCH(VLOOKUP($A7,main!$A$3:$I$56,7,FALSE),main!$K$18:$O$18,0),0))),0) -> 0 | I7: =IF((gamma!I7),IF(VLOOKUP(I$1,main!$A$3:$I$56,7,FALSE)=VLOOKUP($A7,main!$A$3:$I$56,8,FALSE),VLOOKUP(I$1,main!$A$3:$I$56,4,FALSE),VLOOKUP(I$1,main!$A$3:$I$56,4,FALSE)+VLOOKUP($A7,main!$A$3:$I$56,4,FALSE)+(VLOOKUP(VLOOKUP(I$1,main!$A$3:$I$56,8,FALSE),main!$K$19:$O$22,MATCH(VLOOKUP($A7,main!$A$3:$I$56,7,FALSE),main!$K$18:$O$18,0),0))),0) -> 0 | J7: =IF((gamma!J7),IF(VLOOKUP(J$1,main!$A$3:$I$56,7,FALSE)=VLOOKUP($A7,main!$A$3:$I$56,8,FALSE),VLOOKUP(J$1,main!$A$3:$I$56,4,FALSE),VLOOKUP(J$1,main!$A$3:$I$56,4,FALSE)+VLOOKUP($A7,main!$A$3:$I$56,4,FALSE)+(VLOOKUP(VLOOKUP(J$1,main!$A$3:$I$56,8,FALSE),main!$K$19:$O$22,MATCH(VLOOKUP($A7,main!$A$3:$I$56,7,FALSE),main!$K$18:$O$18,0),0))),0) -> 295 | ... BD7: =IF((gamma!BD7),IF(VLOOKUP(BD$1,main!$A$3:$I$56,7,FALSE)=VLOOKUP($A7,main!$A$3:$I$56,8,FALSE),VLOOKUP(BD$1,main!$A$3:$I$56,4,FALSE),VLOOKUP(BD$1,main!$A$3:$I$56,4,FALSE)+VLOOKUP($A7,main!$A$3:$I$56,4,FALSE)+(VLOOKUP(VLOOKUP(BD$1,main!$A$3:$I$56,8,FALSE),main!$K$19:$O$22,MATCH(VLOOKUP($A7,main!$A$3:$I$56,7,FALSE),main!$K$18:$O$18,0),0))),0) -> 0 | BE7: 0 | BF7: 0 | BG7: 0 | BH7: 0 | BI7: 0
A8: =A7+1 -> 6 | B8: 0 | C8: =IF((gamma!C8),IF(VLOOKUP(C$1,main!$A$3:$I$56,7,FALSE)=VLOOKUP($A8,main!$A$3:$I$56,8,FALSE),VLOOKUP(C$1,main!$A$3:$I$56,4,FALSE),VLOOKUP(C$1,main!$A$3:$I$56,4,FALSE)+VLOOKUP($A8,main!$A$3:$I$56,4,FALSE)+(VLOOKUP(VLOOKUP(C$1,main!$A$3:$I$56,8,FALSE),main!$K$19:$O$22,MATCH(VLOOKUP($A8,main!$A$3:$I$56,7,FALSE),main!$K$18:$O$18,0),0))),0) -> 0 | D8: =IF((gamma!D8),IF(VLOOKUP(D$1,main!$A$3:$I$56,7,FALSE)=VLOOKUP($A8,main!$A$3:$I$56,8,FALSE),VLOOKUP(D$1,main!$A$3:$I$56,4,FALSE),VLOOKUP(D$1,main!$A$3:$I$56,4,FALSE)+VLOOKUP($A8,main!$A$3:$I$56,4,FALSE)+(VLOOKUP(VLOOKUP(D$1,main!$A$3:$I$56,8,FALSE),main!$K$19:$O$22,MATCH(VLOOKUP($A8,main!$A$3:$I$56,7,FALSE),main!$K$18:$O$18,0),0))),0) -> 0 | E8: =IF((gamma!E8),IF(VLOOKUP(E$1,main!$A$3:$I$56,7,FALSE)=VLOOKUP($A8,main!$A$3:$I$56,8,FALSE),VLOOKUP(E$1,main!$A$3:$I$56,4,FALSE),VLOOKUP(E$1,main!$A$3:$I$56,4,FALSE)+VLOOKUP($A8,main!$A$3:$I$56,4,FALSE)+(VLOOKUP(VLOOKUP(E$1,main!$A$3:$I$56,8,FALSE),main!$K$19:$O$22,MATCH(VLOOKUP($A8,main!$A$3:$I$56,7,FALSE),main!$K$18:$O$18,0),0))),0) -> 0 | F8: =IF((gamma!F8),IF(VLOOKUP(F$1,main!$A$3:$I$56,7,FALSE)=VLOOKUP($A8,main!$A$3:$I$56,8,FALSE),VLOOKUP(F$1,main!$A$3:$I$56,4,FALSE),VLOOKUP(F$1,main!$A$3:$I$56,4,FALSE)+VLOOKUP($A8,main!$A$3:$I$56,4,FALSE)+(VLOOKUP(VLOOKUP(F$1,main!$A$3:$I$56,8,FALSE),main!$K$19:$O$22,MATCH(VLOOKUP($A8,main!$A$3:$I$56,7,FALSE),main!$K$18:$O$18,0),0))),0) -> 0 | G8: =IF((gamma!G8),IF(VLOOKUP(G$1,main!$A$3:$I$56,7,FALSE)=VLOOKUP($A8,main!$A$3:$I$56,8,FALSE),VLOOKUP(G$1,main!$A$3:$I$56,4,FALSE),VLOOKUP(G$1,main!$A$3:$I$56,4,FALSE)+VLOOKUP($A8,main!$A$3:$I$56,4,FALSE)+(VLOOKUP(VLOOKUP(G$1,main!$A$3:$I$56,8,FALSE),main!$K$19:$O$22,MATCH(VLOOKUP($A8,main!$A$3:$I$56,7,FALSE),main!$K$18:$O$18,0),0))),0) -> 0 | H8: =IF((gamma!H8),IF(VLOOKUP(H$1,main!$A$3:$I$56,7,FALSE)=VLOOKUP($A8,main!$A$3:$I$56,8,FALSE),VLOOKUP(H$1,main!$A$3:$I$56,4,FALSE),VLOOKUP(H$1,main!$A$3:$I$56,4,FALSE)+VLOOKUP($A8,main!$A$3:$I$56,4,FALSE)+(VLOOKUP(VLOOKUP(H$1,main!$A$3:$I$56,8,FALSE),main!$K$19:$O$22,MATCH(VLOOKUP($A8,main!$A$3:$I$56,7,FALSE),main!$K$18:$O$18,0),0))),0) -> 0 | I8: =IF((gamma!I8),IF(VLOOKUP(I$1,main!$A$3:$I$56,7,FALSE)=VLOOKUP($A8,main!$A$3:$I$56,8,FALSE),VLOOKUP(I$1,main!$A$3:$I$56,4,FALSE),VLOOKUP(I$1,main!$A$3:$I$56,4,FALSE)+VLOOKUP($A8,main!$A$3:$I$56,4,FALSE)+(VLOOKUP(VLOOKUP(I$1,main!$A$3:$I$56,8,FALSE),main!$K$19:$O$22,MATCH(VLOOKUP($A8,main!$A$3:$I$56,7,FALSE),main!$K$18:$O$18,0),0))),0) -> 0 | J8: =IF((gamma!J8),IF(VLOOKUP(J$1,main!$A$3:$I$56,7,FALSE)=VLOOKUP($A8,main!$A$3:$I$56,8,FALSE),VLOOKUP(J$1,main!$A$3:$I$56,4,FALSE),VLOOKUP(J$1,main!$A$3:$I$56,4,FALSE)+VLOOKUP($A8,main!$A$3:$I$56,4,FALSE)+(VLOOKUP(VLOOKUP(J$1,main!$A$3:$I$56,8,FALSE),main!$K$19:$O$22,MATCH(VLOOKUP($A8,main!$A$3:$I$56,7,FALSE),main!$K$18:$O$18,0),0))),0) -> 0 | ... BD8: =IF((gamma!BD8),IF(VLOOKUP(BD$1,main!$A$3:$I$56,7,FALSE)=VLOOKUP($A8,main!$A$3:$I$56,8,FALSE),VLOOKUP(BD$1,main!$A$3:$I$56,4,FALSE),VLOOKUP(BD$1,main!$A$3:$I$56,4,FALSE)+VLOOKUP($A8,main!$A$3:$I$56,4,FALSE)+(VLOOKUP(VLOOKUP(BD$1,main!$A$3:$I$56,8,FALSE),main!$K$19:$O$22,MATCH(VLOOKUP($A8,main!$A$3:$I$56,7,FALSE),main!$K$18:$O$18,0),0))),0) -> 0 | BE8: 0 | BF8: 0 | BG8: 0 | BH8: 0 | BI8: 0
A9: =A8+1 -> 7 | B9: 0 | C9: =IF((gamma!C9),IF(VLOOKUP(C$1,main!$A$3:$I$56,7,FALSE)=VLOOKUP($A9,main!$A$3:$I$56,8,FALSE),VLOOKUP(C$1,main!$A$3:$I$56,4,FALSE),VLOOKUP(C$1,main!$A$3:$I$56,4,FALSE)+VLOOKUP($A9,main!$A$3:$I$56,4,FALSE)+(VLOOKUP(VLOOKUP(C$1,main!$A$3:$I$56,8,FALSE),main!$K$19:$O$22,MATCH(VLOOKUP($A9,main!$A$3:$I$56,7,FALSE),main!$K$18:$O$18,0),0))),0) -> 0 | D9: =IF((gamma!D9),IF(VLOOKUP(D$1,main!$A$3:$I$56,7,FALSE)=VLOOKUP($A9,main!$A$3:$I$56,8,FALSE),VLOOKUP(D$1,main!$A$3:$I$56,4,FALSE),VLOOKUP(D$1,main!$A$3:$I$56,4,FALSE)+VLOOKUP($A9,main!$A$3:$I$56,4,FALSE)+(VLOOKUP(VLOOKUP(D$1,main!$A$3:$I$56,8,FALSE),main!$K$19:$O$22,MATCH(VLOOKUP($A9,main!$A$3:$I$56,7,FALSE),main!$K$18:$O$18,0),0))),0) -> 0 | E9: =IF((gamma!E9),IF(VLOOKUP(E$1,main!$A$3:$I$56,7,FALSE)=VLOOKUP($A9,main!$A$3:$I$56,8,FALSE),VLOOKUP(E$1,main!$A$3:$I$56,4,FALSE),VLOOKUP(E$1,main!$A$3:$I$56,4,FALSE)+VLOOKUP($A9,main!$A$3:$I$56,4,FALSE)+(VLOOKUP(VLOOKUP(E$1,main!$A$3:$I$56,8,FALSE),main!$K$19:$O$22,MATCH(VLOOKUP($A9,main!$A$3:$I$56,7,FALSE),main!$K$18:$O$18,0),0))),0) -> 0 | F9: =IF((gamma!F9),IF(VLOOKUP(F$1,main!$A$3:$I$56,7,FALSE)=VLOOKUP($A9,main!$A$3:$I$56,8,FALSE),VLOOKUP(F$1,main!$A$3:$I$56,4,FALSE),VLOOKUP(F$1,main!$A$3:$I$56,4,FALSE)+VLOOKUP($A9,main!$A$3:$I$56,4,FALSE)+(VLOOKUP(VLOOKUP(F$1,main!$A$3:$I$56,8,FALSE),main!$K$19:$O$22,MATCH(VLOOKUP($A9,main!$A$3:$I$56,7,FALSE),main!$K$18:$O$18,0),0))),0) -> 0 | G9: =IF((gamma!G9),IF(VLOOKUP(G$1,main!$A$3:$I$56,7,FALSE)=VLOOKUP($A9,main!$A$3:$I$56,8,FALSE),VLOOKUP(G$1,main!$A$3:$I$56,4,FALSE),VLOOKUP(G$1,main!$A$3:$I$56,4,FALSE)+VLOOKUP($A9,main!$A$3:$I$56,4,FALSE)+(VLOOKUP(VLOOKUP(G$1,main!$A$3:$I$56,8,FALSE),main!$K$19:$O$22,MATCH(VLOOKUP($A9,main!$A$3:$I$56,7,FALSE),main!$K$18:$O$18,0),0))),0) -> 0 | H9: =IF((gamma!H9),IF(VLOOKUP(H$1,main!$A$3:$I$56,7,FALSE)=VLOOKUP($A9,main!$A$3:$I$56,8,FALSE),VLOOKUP(H$1,main!$A$3:$I$56,4,FALSE),VLOOKUP(H$1,main!$A$3:$I$56,4,FALSE)+VLOOKUP($A9,main!$A$3:$I$56,4,FALSE)+(VLOOKUP(VLOOKUP(H$1,main!$A$3:$I$56,8,FALSE),main!$K$19:$O$22,MATCH(VLOOKUP($A9,main!$A$3:$I$56,7,FALSE),main!$K$18:$O$18,0),0))),0) -> 0 | I9: =IF((gamma!I9),IF(VLOOKUP(I$1,main!$A$3:$I$56,7,FALSE)=VLOOKUP($A9,main!$A$3:$I$56,8,FALSE),VLOOKUP(I$1,main!$A$3:$I$56,4,FALSE),VLOOKUP(I$1,main!$A$3:$I$56,4,FALSE)+VLOOKUP($A9,main!$A$3:$I$56,4,FALSE)+(VLOOKUP(VLOOKUP(I$1,main!$A$3:$I$56,8,FALSE),main!$K$19:$O$22,MATCH(VLOOKUP($A9,main!$A$3:$I$56,7,FALSE),main!$K$18:$O$18,0),0))),0) -> 0 | J9: =IF((gamma!J9),IF(VLOOKUP(J$1,main!$A$3:$I$56,7,FALSE)=VLOOKUP($A9,main!$A$3:$I$56,8,FALSE),VLOOKUP(J$1,main!$A$3:$I$56,4,FALSE),VLOOKUP(J$1,main!$A$3:$I$56,4,FALSE)+VLOOKUP($A9,main!$A$3:$I$56,4,FALSE)+(VLOOKUP(VLOOKUP(J$1,main!$A$3:$I$56,8,FALSE),main!$K$19:$O$22,MATCH(VLOOKUP($A9,main!$A$3:$I$56,7,FALSE),main!$K$18:$O$18,0),0))),0) -> 0 | ... BD9: =IF((gamma!BD9),IF(VLOOKUP(BD$1,main!$A$3:$I$56,7,FALSE)=VLOOKUP($A9,main!$A$3:$I$56,8,FALSE),VLOOKUP(BD$1,main!$A$3:$I$56,4,FALSE),VLOOKUP(BD$1,main!$A$3:$I$56,4,FALSE)+VLOOKUP($A9,main!$A$3:$I$56,4,FALSE)+(VLOOKUP(VLOOKUP(BD$1,main!$A$3:$I$56,8,FALSE),main!$K$19:$O$22,MATCH(VLOOKUP($A9,main!$A$3:$I$56,7,FALSE),main!$K$18:$O$18,0),0))),0) -> 0 | BE9: 0 | BF9: 0 | BG9: 0 | BH9: 0 | BI9: 0
A10: =A9+1 -> 8 | B10: 0 | C10: =IF((gamma!C10),IF(VLOOKUP(C$1,main!$A$3:$I$56,7,FALSE)=VLOOKUP($A10,main!$A$3:$I$56,8,FALSE),VLOOKUP(C$1,main!$A$3:$I$56,4,FALSE),VLOOKUP(C$1,main!$A$3:$I$56,4,FALSE)+VLOOKUP($A10,main!$A$3:$I$56,4,FALSE)+(VLOOKUP(VLOOKUP(C$1,main!$A$3:$I$56,8,FALSE),main!$K$19:$O$22,MATCH(VLOOKUP($A10,main!$A$3:$I$56,7,FALSE),main!$K$18:$O$18,0),0))),0) -> 0 | D10: =IF((gamma!D10),IF(VLOOKUP(D$1,main!$A$3:$I$56,7,FALSE)=VLOOKUP($A10,main!$A$3:$I$56,8,FALSE),VLOOKUP(D$1,main!$A$3:$I$56,4,FALSE),VLOOKUP(D$1,main!$A$3:$I$56,4,FALSE)+VLOOKUP($A10,main!$A$3:$I$56,4,FALSE)+(VLOOKUP(VLOOKUP(D$1,main!$A$3:$I$56,8,FALSE),main!$K$19:$O$22,MATCH(VLOOKUP($A10,main!$A$3:$I$56,7,FALSE),main!$K$18:$O$18,0),0))),0) -> 0 | E10: =IF((gamma!E10),IF(VLOOKUP(E$1,main!$A$3:$I$56,7,FALSE)=VLOOKUP($A10,main!$A$3:$I$56,8,FALSE),VLOOKUP(E$1,main!$A$3:$I$56,4,FALSE),VLOOKUP(E$1,main!$A$3:$I$56,4,FALSE)+VLOOKUP($A10,main!$A$3:$I$56,4,FALSE)+(VLOOKUP(VLOOKUP(E$1,main!$A$3:$I$56,8,FALSE),main!$K$19:$O$22,MATCH(VLOOKUP($A10,main!$A$3:$I$56,7,FALSE),main!$K$18:$O$18,0),0))),0) -> 0 | F10: =IF((gamma!F10),IF(VLOOKUP(F$1,main!$A$3:$I$56,7,FALSE)=VLOOKUP($A10,main!$A$3:$I$56,8,FALSE),VLOOKUP(F$1,main!$A$3:$I$56,4,FALSE),VLOOKUP(F$1,main!$A$3:$I$56,4,FALSE)+VLOOKUP($A10,main!$A$3:$I$56,4,FALSE)+(VLOOKUP(VLOOKUP(F$1,main!$A$3:$I$56,8,FALSE),main!$K$19:$O$22,MATCH(VLOOKUP($A10,main!$A$3:$I$56,7,FALSE),main!$K$18:$O$18,0),0))),0) -> 0 | G10: =IF((gamma!G10),IF(VLOOKUP(G$1,main!$A$3:$I$56,7,FALSE)=VLOOKUP($A10,main!$A$3:$I$56,8,FALSE),VLOOKUP(G$1,main!$A$3:$I$56,4,FALSE),VLOOKUP(G$1,main!$A$3:$I$56,4,FALSE)+VLOOKUP($A10,main!$A$3:$I$56,4,FALSE)+(VLOOKUP(VLOOKUP(G$1,main!$A$3:$I$56,8,FALSE),main!$K$19:$O$22,MATCH(VLOOKUP($A10,main!$A$3:$I$56,7,FALSE),main!$K$18:$O$18,0),0))),0) -> 0 | H10: =IF((gamma!H10),IF(VLOOKUP(H$1,main!$A$3:$I$56,7,FALSE)=VLOOKUP($A10,main!$A$3:$I$56,8,FALSE),VLOOKUP(H$1,main!$A$3:$I$56,4,FALSE),VLOOKUP(H$1,main!$A$3:$I$56,4,FALSE)+VLOOKUP($A10,main!$A$3:$I$56,4,FALSE)+(VLOOKUP(VLOOKUP(H$1,main!$A$3:$I$56,8,FALSE),main!$K$19:$O$22,MATCH(VLOOKUP($A10,main!$A$3:$I$56,7,FALSE),main!$K$18:$O$18,0),0))),0) -> 0 | I10: =IF((gamma!I10),IF(VLOOKUP(I$1,main!$A$3:$I$56,7,FALSE)=VLOOKUP($A10,main!$A$3:$I$56,8,FALSE),VLOOKUP(I$1,main!$A$3:$I$56,4,FALSE),VLOOKUP(I$1,main!$A$3:$I$56,4,FALSE)+VLOOKUP($A10,main!$A$3:$I$56,4,FALSE)+(VLOOKUP(VLOOKUP(I$1,main!$A$3:$I$56,8,FALSE),main!$K$19:$O$22,MATCH(VLOOKUP($A10,main!$A$3:$I$56,7,FALSE),main!$K$18:$O$18,0),0))),0) -> 0 | J10: =IF((gamma!J10),IF(VLOOKUP(J$1,main!$A$3:$I$56,7,FALSE)=VLOOKUP($A10,main!$A$3:$I$56,8,FALSE),VLOOKUP(J$1,main!$A$3:$I$56,4,FALSE),VLOOKUP(J$1,main!$A$3:$I$56,4,FALSE)+VLOOKUP($A10,main!$A$3:$I$56,4,FALSE)+(VLOOKUP(VLOOKUP(J$1,main!$A$3:$I$56,8,FALSE),main!$K$19:$O$22,MATCH(VLOOKUP($A10,main!$A$3:$I$56,7,FALSE),main!$K$18:$O$18,0),0))),0) -> 0 | ... BD10: =IF((gamma!BD10),IF(VLOOKUP(BD$1,main!$A$3:$I$56,7,FALSE)=VLOOKUP($A10,main!$A$3:$I$56,8,FALSE),VLOOKUP(BD$1,main!$A$3:$I$56,4,FALSE),VLOOKUP(BD$1,main!$A$3:$I$56,4,FALSE)+VLOOKUP($A10,main!$A$3:$I$56,4,FALSE)+(VLOOKUP(VLOOKUP(BD$1,main!$A$3:$I$56,8,FALSE),main!$K$19:$O$22,MATCH(VLOOKUP($A10,main!$A$3:$I$56,7,FALSE),main!$K$18:$O$18,0),0))),0) -> 0 | BE10: 0 | BF10: 0 | BG10: 0 | BH10: 0 | BI10: 0
A11: =A10+1 -> 9 | B11: 0 | C11: =IF((gamma!C11),IF(VLOOKUP(C$1,main!$A$3:$I$56,7,FALSE)=VLOOKUP($A11,main!$A$3:$I$56,8,FALSE),VLOOKUP(C$1,main!$A$3:$I$56,4,FALSE),VLOOKUP(C$1,main!$A$3:$I$56,4,FALSE)+VLOOKUP($A11,main!$A$3:$I$56,4,FALSE)+(VLOOKUP(VLOOKUP(C$1,main!$A$3:$I$56,8,FALSE),main!$K$19:$O$22,MATCH(VLOOKUP($A11,main!$A$3:$I$56,7,FALSE),main!$K$18:$O$18,0),0))),0) -> 0 | D11: =IF((gamma!D11),IF(VLOOKUP(D$1,main!$A$3:$I$56,7,FALSE)=VLOOKUP($A11,main!$A$3:$I$56,8,FALSE),VLOOKUP(D$1,main!$A$3:$I$56,4,FALSE),VLOOKUP(D$1,main!$A$3:$I$56,4,FALSE)+VLOOKUP($A11,main!$A$3:$I$56,4,FALSE)+(VLOOKUP(VLOOKUP(D$1,main!$A$3:$I$56,8,FALSE),main!$K$19:$O$22,MATCH(VLOOKUP($A11,main!$A$3:$I$56,7,FALSE),main!$K$18:$O$18,0),0))),0) -> 300 | E11: =IF((gamma!E11),IF(VLOOKUP(E$1,main!$A$3:$I$56,7,FALSE)=VLOOKUP($A11,main!$A$3:$I$56,8,FALSE),VLOOKUP(E$1,main!$A$3:$I$56,4,FALSE),VLOOKUP(E$1,main!$A$3:$I$56,4,FALSE)+VLOOKUP($A11,main!$A$3:$I$56,4,FALSE)+(VLOOKUP(VLOOKUP(E$1,main!$A$3:$I$56,8,FALSE),main!$K$19:$O$22,MATCH(VLOOKUP($A11,main!$A$3:$I$56,7,FALSE),main!$K$18:$O$18,0),0))),0) -> 300 | F11: =IF((gamma!F11),IF(VLOOKUP(F$1,main!$A$3:$I$56,7,FALSE)=VLOOKUP($A11,main!$A$3:$I$56,8,FALSE),VLOOKUP(F$1,main!$A$3:$I$56,4,FALSE),VLOOKUP(F$1,main!$A$3:$I$56,4,FALSE)+VLOOKUP($A11,main!$A$3:$I$56,4,FALSE)+(VLOOKUP(VLOOKUP(F$1,main!$A$3:$I$56,8,FALSE),main!$K$19:$O$22,MATCH(VLOOKUP($A11,main!$A$3:$I$56,7,FALSE),main!$K$18:$O$18,0),0))),0) -> 300 | G11: =IF((gamma!G11),IF(VLOOKUP(G$1,main!$A$3:$I$56,7,FALSE)=VLOOKUP($A11,main!$A$3:$I$56,8,FALSE),VLOOKUP(G$1,main!$A$3:$I$56,4,FALSE),VLOOKUP(G$1,main!$A$3:$I$56,4,FALSE)+VLOOKUP($A11,main!$A$3:$I$56,4,FALSE)+(VLOOKUP(VLOOKUP(G$1,main!$A$3:$I$56,8,FALSE),main!$K$19:$O$22,MATCH(VLOOKUP($A11,main!$A$3:$I$56,7,FALSE),main!$K$18:$O$18,0),0))),0) -> 300 | H11: =IF((gamma!H11),IF(VLOOKUP(H$1,main!$A$3:$I$56,7,FALSE)=VLOOKUP($A11,main!$A$3:$I$56,8,FALSE),VLOOKUP(H$1,main!$A$3:$I$56,4,FALSE),VLOOKUP(H$1,main!$A$3:$I$56,4,FALSE)+VLOOKUP($A11,main!$A$3:$I$56,4,FALSE)+(VLOOKUP(VLOOKUP(H$1,main!$A$3:$I$56,8,FALSE),main!$K$19:$O$22,MATCH(VLOOKUP($A11,main!$A$3:$I$56,7,FALSE),main!$K$18:$O$18,0),0))),0) -> 300 | I11: =IF((gamma!I11),IF(VLOOKUP(I$1,main!$A$3:$I$56,7,FALSE)=VLOOKUP($A11,main!$A$3:$I$56,8,FALSE),VLOOKUP(I$1,main!$A$3:$I$56,4,FALSE),VLOOKUP(I$1,main!$A$3:$I$56,4,FALSE)+VLOOKUP($A11,main!$A$3:$I$56,4,FALSE)+(VLOOKUP(VLOOKUP(I$1,main!$A$3:$I$56,8,FALSE),main!$K$19:$O$22,MATCH(VLOOKUP($A11,main!$A$3:$I$56,7,FALSE),main!$K$18:$O$18,0),0))),0) -> 300 | J11: =IF((gamma!J11),IF(VLOOKUP(J$1,main!$A$3:$I$56,7,FALSE)=VLOOKUP($A11,main!$A$3:$I$56,8,FALSE),VLOOKUP(J$1,main!$A$3:$I$56,4,FALSE),VLOOKUP(J$1,main!$A$3:$I$56,4,FALSE)+VLOOKUP($A11,main!$A$3:$I$56,4,FALSE)+(VLOOKUP(VLOOKUP(J$1,main!$A$3:$I$56,8,FALSE),main!$K$19:$O$22,MATCH(VLOOKUP($A11,main!$A$3:$I$56,7,FALSE),main!$K$18:$O$18,0),0))),0) -> 300 | ... BD11: =IF((gamma!BD11),IF(VLOOKUP(BD$1,main!$A$3:$I$56,7,FALSE)=VLOOKUP($A11,main!$A$3:$I$56,8,FALSE),VLOOKUP(BD$1,main!$A$3:$I$56,4,FALSE),VLOOKUP(BD$1,main!$A$3:$I$56,4,FALSE)+VLOOKUP($A11,main!$A$3:$I$56,4,FALSE)+(VLOOKUP(VLOOKUP(BD$1,main!$A$3:$I$56,8,FALSE),main!$K$19:$O$22,MATCH(VLOOKUP($A11,main!$A$3:$I$56,7,FALSE),main!$K$18:$O$18,0),0))),0) -> 305 | BE11: 0 | BF11: 0 | BG11: 0 | BH11: 0 | BI11: 0
A12: =A11+1 -> 10 | B12: 0 | C12: =IF((gamma!C12),IF(VLOOKUP(C$1,main!$A$3:$I$56,7,FALSE)=VLOOKUP($A12,main!$A$3:$I$56,8,FALSE),VLOOKUP(C$1,main!$A$3:$I$56,4,FALSE),VLOOKUP(C$1,main!$A$3:$I$56,4,FALSE)+VLOOKUP($A12,main!$A$3:$I$56,4,FALSE)+(VLOOKUP(VLOOKUP(C$1,main!$A$3:$I$56,8,FALSE),main!$K$19:$O$22,MATCH(VLOOKUP($A12,main!$A$3:$I$56,7,FALSE),main!$K$18:$O$18,0),0))),0) -> 0 | D12: =IF((gamma!D12),IF(VLOOKUP(D$1,main!$A$3:$I$56,7,FALSE)=VLOOKUP($A12,main!$A$3:$I$56,8,FALSE),VLOOKUP(D$1,main!$A$3:$I$56,4,FALSE),VLOOKUP(D$1,main!$A$3:$I$56,4,FALSE)+VLOOKUP($A12,main!$A$3:$I$56,4,FALSE)+(VLOOKUP(VLOOKUP(D$1,main!$A$3:$I$56,8,FALSE),main!$K$19:$O$22,MATCH(VLOOKUP($A12,main!$A$3:$I$56,7,FALSE),main!$K$18:$O$18,0),0))),0) -> 0 | E12: =IF((gamma!E12),IF(VLOOKUP(E$1,main!$A$3:$I$56,7,FALSE)=VLOOKUP($A12,main!$A$3:$I$56,8,FALSE),VLOOKUP(E$1,main!$A$3:$I$56,4,FALSE),VLOOKUP(E$1,main!$A$3:$I$56,4,FALSE)+VLOOKUP($A12,main!$A$3:$I$56,4,FALSE)+(VLOOKUP(VLOOKUP(E$1,main!$A$3:$I$56,8,FALSE),main!$K$19:$O$22,MATCH(VLOOKUP($A12,main!$A$3:$I$56,7,FALSE),main!$K$18:$O$18,0),0))),0) -> 0 | F12: =IF((gamma!F12),IF(VLOOKUP(F$1,main!$A$3:$I$56,7,FALSE)=VLOOKUP($A12,main!$A$3:$I$56,8,FALSE),VLOOKUP(F$1,main!$A$3:$I$56,4,FALSE),VLOOKUP(F$1,main!$A$3:$I$56,4,FALSE)+VLOOKUP($A12,main!$A$3:$I$56,4,FALSE)+(VLOOKUP(VLOOKUP(F$1,main!$A$3:$I$56,8,FALSE),main!$K$19:$O$22,MATCH(VLOOKUP($A12,main!$A$3:$I$56,7,FALSE),main!$K$18:$O$18,0),0))),0) -> 300 | G12: =IF((gamma!G12),IF(VLOOKUP(G$1,main!$A$3:$I$56,7,FALSE)=VLOOKUP($A12,main!$A$3:$I$56,8,FALSE),VLOOKUP(G$1,main!$A$3:$I$56,4,FALSE),VLOOKUP(G$1,main!$A$3:$I$56,4,FALSE)+VLOOKUP($A12,main!$A$3:$I$56,4,FALSE)+(VLOOKUP(VLOOKUP(G$1,main!$A$3:$I$56,8,FALSE),main!$K$19:$O$22,MATCH(VLOOKUP($A12,main!$A$3:$I$56,7,FALSE),main!$K$18:$O$18,0),0))),0) -> 300 | H12: =IF((gamma!H12),IF(VLOOKUP(H$1,main!$A$3:$I$56,7,FALSE)=VLOOKUP($A12,main!$A$3:$I$56,8,FALSE),VLOOKUP(H$1,main!$A$3:$I$56,4,FALSE),VLOOKUP(H$1,main!$A$3:$I$56,4,FALSE)+VLOOKUP($A12,main!$A$3:$I$56,4,FALSE)+(VLOOKUP(VLOOKUP(H$1,main!$A$3:$I$56,8,FALSE),main!$K$19:$O$22,MATCH(VLOOKUP($A12,main!$A$3:$I$56,7,FALSE),main!$K$18:$O$18,0),0))),0) -> 300 | I12: =IF((gamma!I12),IF(VLOOKUP(I$1,main!$A$3:$I$56,7,FALSE)=VLOOKUP($A12,main!$A$3:$I$56,8,FALSE),VLOOKUP(I$1,main!$A$3:$I$56,4,FALSE),VLOOKUP(I$1,main!$A$3:$I$56,4,FALSE)+VLOOKUP($A12,main!$A$3:$I$56,4,FALSE)+(VLOOKUP(VLOOKUP(I$1,main!$A$3:$I$56,8,FALSE),main!$K$19:$O$22,MATCH(VLOOKUP($A12,main!$A$3:$I$56,7,FALSE),main!$K$18:$O$18,0),0))),0) -> 300 | J12: =IF((gamma!J12),IF(VLOOKUP(J$1,main!$A$3:$I$56,7,FALSE)=VLOOKUP($A12,main!$A$3:$I$56,8,FALSE),VLOOKUP(J$1,main!$A$3:$I$56,4,FALSE),VLOOKUP(J$1,main!$A$3:$I$56,4,FALSE)+VLOOKUP($A12,main!$A$3:$I$56,4,FALSE)+(VLOOKUP(VLOOKUP(J$1,main!$A$3:$I$56,8,FALSE),main!$K$19:$O$22,MATCH(VLOOKUP($A12,main!$A$3:$I$56,7,FALSE),main!$K$18:$O$18,0),0))),0) -> 300 | ... BD12: =IF((gamma!BD12),IF(VLOOKUP(BD$1,main!$A$3:$I$56,7,FALSE)=VLOOKUP($A12,main!$A$3:$I$56,8,FALSE),VLOOKUP(BD$1,main!$A$3:$I$56,4,FALSE),VLOOKUP(BD$1,main!$A$3:$I$56,4,FALSE)+VLOOKUP($A12,main!$A$3:$I$56,4,FALSE)+(VLOOKUP(VLOOKUP(BD$1,main!$A$3:$I$56,8,FALSE),main!$K$19:$O$22,MATCH(VLOOKUP($A12,main!$A$3:$I$56,7,FALSE),main!$K$18:$O$18,0),0))),0) -> 305 | BE12: 0 | BF12: 0 | BG12: 0 | BH12: 0 | BI12: 0
A13: =A12+1 -> 11 | B13: 0 | C13: =IF((gamma!C13),IF(VLOOKUP(C$1,main!$A$3:$I$56,7,FALSE)=VLOOKUP($A13,main!$A$3:$I$56,8,FALSE),VLOOKUP(C$1,main!$A$3:$I$56,4,FALSE),VLOOKUP(C$1,main!$A$3:$I$56,4,FALSE)+VLOOKUP($A13,main!$A$3:$I$56,4,FALSE)+(VLOOKUP(VLOOKUP(C$1,main!$A$3:$I$56,8,FALSE),main!$K$19:$O$22,MATCH(VLOOKUP($A13,main!$A$3:$I$56,7,FALSE),main!$K$18:$O$18,0),0))),0) -> 0 | D13: =IF((gamma!D13),IF(VLOOKUP(D$1,main!$A$3:$I$56,7,FALSE)=VLOOKUP($A13,main!$A$3:$I$56,8,FALSE),VLOOKUP(D$1,main!$A$3:$I$56,4,FALSE),VLOOKUP(D$1,main!$A$3:$I$56,4,FALSE)+VLOOKUP($A13,main!$A$3:$I$56,4,FALSE)+(VLOOKUP(VLOOKUP(D$1,main!$A$3:$I$56,8,FALSE),main!$K$19:$O$22,MATCH(VLOOKUP($A13,main!$A$3:$I$56,7,FALSE),main!$K$18:$O$18,0),0))),0) -> 0 | E13: =IF((gamma!E13),IF(VLOOKUP(E$1,main!$A$3:$I$56,7,FALSE)=VLOOKUP($A13,main!$A$3:$I$56,8,FALSE),VLOOKUP(E$1,main!$A$3:$I$56,4,FALSE),VLOOKUP(E$1,main!$A$3:$I$56,4,FALSE)+VLOOKUP($A13,main!$A$3:$I$56,4,FALSE)+(VLOOKUP(VLOOKUP(E$1,main!$A$3:$I$56,8,FALSE),main!$K$19:$O$22,MATCH(VLOOKUP($A13,main!$A$3:$I$56,7,FALSE),main!$K$18:$O$18,0),0))),0) -> 0 | F13: =IF((gamma!F13),IF(VLOOKUP(F$1,main!$A$3:$I$56,7,FALSE)=VLOOKUP($A13,main!$A$3:$I$56,8,FALSE),VLOOKUP(F$1,main!$A$3:$I$56,4,FALSE),VLOOKUP(F$1,main!$A$3:$I$56,4,FALSE)+VLOOKUP($A13,main!$A$3:$I$56,4,FALSE)+(VLOOKUP(VLOOKUP(F$1,main!$A$3:$I$56,8,FALSE),main!$K$19:$O$22,MATCH(VLOOKUP($A13,main!$A$3:$I$56,7,FALSE),main!$K$18:$O$18,0),0))),0) -> 0 | G13: =IF((gamma!G13),IF(VLOOKUP(G$1,main!$A$3:$I$56,7,FALSE)=VLOOKUP($A13,main!$A$3:$I$56,8,FALSE),VLOOKUP(G$1,main!$A$3:$I$56,4,FALSE),VLOOKUP(G$1,main!$A$3:$I$56,4,FALSE)+VLOOKUP($A13,main!$A$3:$I$56,4,FALSE)+(VLOOKUP(VLOOKUP(G$1,main!$A$3:$I$56,8,FALSE),main!$K$19:$O$22,MATCH(VLOOKUP($A13,main!$A$3:$I$56,7,FALSE),main!$K$18:$O$18,0),0))),0) -> 300 | H13: =IF((gamma!H13),IF(VLOOKUP(H$1,main!$A$3:$I$56,7,FALSE)=VLOOKUP($A13,main!$A$3:$I$56,8,FALSE),VLOOKUP(H$1,main!$A$3:$I$56,4,FALSE),VLOOKUP(H$1,main!$A$3:$I$56,4,FALSE)+VLOOKUP($A13,main!$A$3:$I$56,4,FALSE)+(VLOOKUP(VLOOKUP(H$1,main!$A$3:$I$56,8,FALSE),main!$K$19:$O$22,MATCH(VLOOKUP($A13,main!$A$3:$I$56,7,FALSE),main!$K$18:$O$18,0),0))),0) -> 300 | I13: =IF((gamma!I13),IF(VLOOKUP(I$1,main!$A$3:$I$56,7,FALSE)=VLOOKUP($A13,main!$A$3:$I$56,8,FALSE),VLOOKUP(I$1,main!$A$3:$I$56,4,FALSE),VLOOKUP(I$1,main!$A$3:$I$56,4,FALSE)+VLOOKUP($A13,main!$A$3:$I$56,4,FALSE)+(VLOOKUP(VLOOKUP(I$1,main!$A$3:$I$56,8,FALSE),main!$K$19:$O$22,MATCH(VLOOKUP($A13,main!$A$3:$I$56,7,FALSE),main!$K$18:$O$18,0),0))),0) -> 300 | J13: =IF((gamma!J13),IF(VLOOKUP(J$1,main!$A$3:$I$56,7,FALSE)=VLOOKUP($A13,main!$A$3:$I$56,8,FALSE),VLOOKUP(J$1,main!$A$3:$I$56,4,FALSE),VLOOKUP(J$1,main!$A$3:$I$56,4,FALSE)+VLOOKUP($A13,main!$A$3:$I$56,4,FALSE)+(VLOOKUP(VLOOKUP(J$1,main!$A$3:$I$56,8,FALSE),main!$K$19:$O$22,MATCH(VLOOKUP($A13,main!$A$3:$I$56,7,FALSE),main!$K$18:$O$18,0),0))),0) -> 300 | ... BD13: =IF((gamma!BD13),IF(VLOOKUP(BD$1,main!$A$3:$I$56,7,FALSE)=VLOOKUP($A13,main!$A$3:$I$56,8,FALSE),VLOOKUP(BD$1,main!$A$3:$I$56,4,FALSE),VLOOKUP(BD$1,main!$A$3:$I$56,4,FALSE)+VLOOKUP($A13,main!$A$3:$I$56,4,FALSE)+(VLOOKUP(VLOOKUP(BD$1,main!$A$3:$I$56,8,FALSE),main!$K$19:$O$22,MATCH(VLOOKUP($A13,main!$A$3:$I$56,7,FALSE),main!$K$18:$O$18,0),0))),0) -> 0 | BE13: 0 | BF13: 0 | BG13: 0 | BH13: 0 | BI13: 0
A14: =A13+1 -> 12 | B14: 0 | C14: =IF((gamma!C14),IF(VLOOKUP(C$1,main!$A$3:$I$56,7,FALSE)=VLOOKUP($A14,main!$A$3:$I$56,8,FALSE),VLOOKUP(C$1,main!$A$3:$I$56,4,FALSE),VLOOKUP(C$1,main!$A$3:$I$56,4,FALSE)+VLOOKUP($A14,main!$A$3:$I$56,4,FALSE)+(VLOOKUP(VLOOKUP(C$1,main!$A$3:$I$56,8,FALSE),main!$K$19:$O$22,MATCH(VLOOKUP($A14,main!$A$3:$I$56,7,FALSE),main!$K$18:$O$18,0),0))),0) -> 0 | D14: =IF((gamma!D14),IF(VLOOKUP(D$1,main!$A$3:$I$56,7,FALSE)=VLOOKUP($A14,main!$A$3:$I$56,8,FALSE),VLOOKUP(D$1,main!$A$3:$I$56,4,FALSE),VLOOKUP(D$1,main!$A$3:$I$56,4,FALSE)+VLOOKUP($A14,main!$A$3:$I$56,4,FALSE)+(VLOOKUP(VLOOKUP(D$1,main!$A$3:$I$56,8,FALSE),main!$K$19:$O$22,MATCH(VLOOKUP($A14,main!$A$3:$I$56,7,FALSE),main!$K$18:$O$18,0),0))),0) -> 0 | E14: =IF((gamma!E14),IF(VLOOKUP(E$1,main!$A$3:$I$56,7,FALSE)=VLOOKUP($A14,main!$A$3:$I$56,8,FALSE),VLOOKUP(E$1,main!$A$3:$I$56,4,FALSE),VLOOKUP(E$1,main!$A$3:$I$56,4,FALSE)+VLOOKUP($A14,main!$A$3:$I$56,4,FALSE)+(VLOOKUP(VLOOKUP(E$1,main!$A$3:$I$56,8,FALSE),main!$K$19:$O$22,MATCH(VLOOKUP($A14,main!$A$3:$I$56,7,FALSE),main!$K$18:$O$18,0),0))),0) -> 0 | F14: =IF((gamma!F14),IF(VLOOKUP(F$1,main!$A$3:$I$56,7,FALSE)=VLOOKUP($A14,main!$A$3:$I$56,8,FALSE),VLOOKUP(F$1,main!$A$3:$I$56,4,FALSE),VLOOKUP(F$1,main!$A$3:$I$56,4,FALSE)+VLOOKUP($A14,main!$A$3:$I$56,4,FALSE)+(VLOOKUP(VLOOKUP(F$1,main!$A$3:$I$56,8,FALSE),main!$K$19:$O$22,MATCH(VLOOKUP($A14,main!$A$3:$I$56,7,FALSE),main!$K$18:$O$18,0),0))),0) -> 0 | G14: =IF((gamma!G14),IF(VLOOKUP(G$1,main!$A$3:$I$56,7,FALSE)=VLOOKUP($A14,main!$A$3:$I$56,8,FALSE),VLOOKUP(G$1,main!$A$3:$I$56,4,FALSE),VLOOKUP(G$1,main!$A$3:$I$56,4,FALSE)+VLOOKUP($A14,main!$A$3:$I$56,4,FALSE)+(VLOOKUP(VLOOKUP(G$1,main!$A$3:$I$56,8,FALSE),main!$K$19:$O$22,MATCH(VLOOKUP($A14,main!$A$3:$I$56,7,FALSE),main!$K$18:$O$18,0),0))),0) -> 0 | H14: =IF((gamma!H14),IF(VLOOKUP(H$1,main!$A$3:$I$56,7,FALSE)=VLOOKUP($A14,main!$A$3:$I$56,8,FALSE),VLOOKUP(H$1,main!$A$3:$I$56,4,FALSE),VLOOKUP(H$1,main!$A$3:$I$56,4,FALSE)+VLOOKUP($A14,main!$A$3:$I$56,4,FALSE)+(VLOOKUP(VLOOKUP(H$1,main!$A$3:$I$56,8,FALSE),main!$K$19:$O$22,MATCH(VLOOKUP($A14,main!$A$3:$I$56,7,FALSE),main!$K$18:$O$18,0),0))),0) -> 0 | I14: =IF((gamma!I14),IF(VLOOKUP(I$1,main!$A$3:$I$56,7,FALSE)=VLOOKUP($A14,main!$A$3:$I$56,8,FALSE),VLOOKUP(I$1,main!$A$3:$I$56,4,FALSE),VLOOKUP(I$1,main!$A$3:$I$56,4,FALSE)+VLOOKUP($A14,main!$A$3:$I$56,4,FALSE)+(VLOOKUP(VLOOKUP(I$1,main!$A$3:$I$56,8,FALSE),main!$K$19:$O$22,MATCH(VLOOKUP($A14,main!$A$3:$I$56,7,FALSE),main!$K$18:$O$18,0),0))),0) -> 0 | J14: =IF((gamma!J14),IF(VLOOKUP(J$1,main!$A$3:$I$56,7,FALSE)=VLOOKUP($A14,main!$A$3:$I$56,8,FALSE),VLOOKUP(J$1,main!$A$3:$I$56,4,FALSE),VLOOKUP(J$1,main!$A$3:$I$56,4,FALSE)+VLOOKUP($A14,main!$A$3:$I$56,4,FALSE)+(VLOOKUP(VLOOKUP(J$1,main!$A$3:$I$56,8,FALSE),main!$K$19:$O$22,MATCH(VLOOKUP($A14,main!$A$3:$I$56,7,FALSE),main!$K$18:$O$18,0),0))),0) -> 0 | ... BD14: =IF((gamma!BD14),IF(VLOOKUP(BD$1,main!$A$3:$I$56,7,FALSE)=VLOOKUP($A14,main!$A$3:$I$56,8,FALSE),VLOOKUP(BD$1,main!$A$3:$I$56,4,FALSE),VLOOKUP(BD$1,main!$A$3:$I$56,4,FALSE)+VLOOKUP($A14,main!$A$3:$I$56,4,FALSE)+(VLOOKUP(VLOOKUP(BD$1,main!$A$3:$I$56,8,FALSE),main!$K$19:$O$22,MATCH(VLOOKUP($A14,main!$A$3:$I$56,7,FALSE),main!$K$18:$O$18,0),0))),0) -> 0 | BE14: 0 | BF14: 0 | BG14: 0 | BH14: 0 | BI14: 0
... A56: =A55+1 -> 54 | B56: 0 | C56: =IF((gamma!C56),IF(VLOOKUP(C$1,main!$A$3:$I$56,7,FALSE)=VLOOKUP($A56,main!$A$3:$I$56,8,FALSE),VLOOKUP(C$1,main!$A$3:$I$56,4,FALSE),VLOOKUP(C$1,main!$A$3:$I$56,4,FALSE)+VLOOKUP($A56,main!$A$3:$I$56,4,FALSE)+(VLOOKUP(VLOOKUP(C$1,main!$A$3:$I$56,8,FALSE),main!$K$19:$O$22,MATCH(VLOOKUP($A56,main!$A$3:$I$56,7,FALSE),main!$K$18:$O$18,0),0))),0) -> 0 | D56: =IF((gamma!D56),IF(VLOOKUP(D$1,main!$A$3:$I$56,7,FALSE)=VLOOKUP($A56,main!$A$3:$I$56,8,FALSE),VLOOKUP(D$1,main!$A$3:$I$56,4,FALSE),VLOOKUP(D$1,main!$A$3:$I$56,4,FALSE)+VLOOKUP($A56,main!$A$3:$I$56,4,FALSE)+(VLOOKUP(VLOOKUP(D$1,main!$A$3:$I$56,8,FALSE),main!$K$19:$O$22,MATCH(VLOOKUP($A56,main!$A$3:$I$56,7,FALSE),main!$K$18:$O$18,0),0))),0) -> 0 | E56: =IF((gamma!E56),IF(VLOOKUP(E$1,main!$A$3:$I$56,7,FALSE)=VLOOKUP($A56,main!$A$3:$I$56,8,FALSE),VLOOKUP(E$1,main!$A$3:$I$56,4,FALSE),VLOOKUP(E$1,main!$A$3:$I$56,4,FALSE)+VLOOKUP($A56,main!$A$3:$I$56,4,FALSE)+(VLOOKUP(VLOOKUP(E$1,main!$A$3:$I$56,8,FALSE),main!$K$19:$O$22,MATCH(VLOOKUP($A56,main!$A$3:$I$56,7,FALSE),main!$K$18:$O$18,0),0))),0) -> 0 | F56: =IF((gamma!F56),IF(VLOOKUP(F$1,main!$A$3:$I$56,7,FALSE)=VLOOKUP($A56,main!$A$3:$I$56,8,FALSE),VLOOKUP(F$1,main!$A$3:$I$56,4,FALSE),VLOOKUP(F$1,main!$A$3:$I$56,4,FALSE)+VLOOKUP($A56,main!$A$3:$I$56,4,FALSE)+(VLOOKUP(VLOOKUP(F$1,main!$A$3:$I$56,8,FALSE),main!$K$19:$O$22,MATCH(VLOOKUP($A56,main!$A$3:$I$56,7,FALSE),main!$K$18:$O$18,0),0))),0) -> 0 | G56: =IF((gamma!G56),IF(VLOOKUP(G$1,main!$A$3:$I$56,7,FALSE)=VLOOKUP($A56,main!$A$3:$I$56,8,FALSE),VLOOKUP(G$1,main!$A$3:$I$56,4,FALSE),VLOOKUP(G$1,main!$A$3:$I$56,4,FALSE)+VLOOKUP($A56,main!$A$3:$I$56,4,FALSE)+(VLOOKUP(VLOOKUP(G$1,main!$A$3:$I$56,8,FALSE),main!$K$19:$O$22,MATCH(VLOOKUP($A56,main!$A$3:$I$56,7,FALSE),main!$K$18:$O$18,0),0))),0) -> 0 | H56: =IF((gamma!H56),IF(VLOOKUP(H$1,main!$A$3:$I$56,7,FALSE)=VLOOKUP($A56,main!$A$3:$I$56,8,FALSE),VLOOKUP(H$1,main!$A$3:$I$56,4,FALSE),VLOOKUP(H$1,main!$A$3:$I$56,4,FALSE)+VLOOKUP($A56,main!$A$3:$I$56,4,FALSE)+(VLOOKUP(VLOOKUP(H$1,main!$A$3:$I$56,8,FALSE),main!$K$19:$O$22,MATCH(VLOOKUP($A56,main!$A$3:$I$56,7,FALSE),main!$K$18:$O$18,0),0))),0) -> 0 | I56: =IF((gamma!I56),IF(VLOOKUP(I$1,main!$A$3:$I$56,7,FALSE)=VLOOKUP($A56,main!$A$3:$I$56,8,FALSE),VLOOKUP(I$1,main!$A$3:$I$56,4,FALSE),VLOOKUP(I$1,main!$A$3:$I$56,4,FALSE)+VLOOKUP($A56,main!$A$3:$I$56,4,FALSE)+(VLOOKUP(VLOOKUP(I$1,main!$A$3:$I$56,8,FALSE),main!$K$19:$O$22,MATCH(VLOOKUP($A56,main!$A$3:$I$56,7,FALSE),main!$K$18:$O$18,0),0))),0) -> 0 | J56: =IF((gamma!J56),IF(VLOOKUP(J$1,main!$A$3:$I$56,7,FALSE)=VLOOKUP($A56,main!$A$3:$I$56,8,FALSE),VLOOKUP(J$1,main!$A$3:$I$56,4,FALSE),VLOOKUP(J$1,main!$A$3:$I$56,4,FALSE)+VLOOKUP($A56,main!$A$3:$I$56,4,FALSE)+(VLOOKUP(VLOOKUP(J$1,main!$A$3:$I$56,8,FALSE),main!$K$19:$O$22,MATCH(VLOOKUP($A56,main!$A$3:$I$56,7,FALSE),main!$K$18:$O$18,0),0))),0) -> 310 | ... BD56: =IF((gamma!BD56),IF(VLOOKUP(BD$1,main!$A$3:$I$56,7,FALSE)=VLOOKUP($A56,main!$A$3:$I$56,8,FALSE),VLOOKUP(BD$1,main!$A$3:$I$56,4,FALSE),VLOOKUP(BD$1,main!$A$3:$I$56,4,FALSE)+VLOOKUP($A56,main!$A$3:$I$56,4,FALSE)+(VLOOKUP(VLOOKUP(BD$1,main!$A$3:$I$56,8,FALSE),main!$K$19:$O$22,MATCH(VLOOKUP($A56,main!$A$3:$I$56,7,FALSE),main!$K$18:$O$18,0),0))),0) -> 0 | BE56: 0 | BF56: 0 | BG56: 0 | BH56: 0 | BI56: 0
A57: =A56+1 -> 55 | B57: 0 | C57: 0 | D57: 0 | E57: 0 | F57: 0 | G57: 0 | H57: 0 | I57: 0 | J57: 0 | K57: 0 | L57: 0 | M57: 0 | N57: 0 | O57: 0 | P57: 0 | Q57: 0 | R57: 0 | S57: 0 | T57: 0 | U57: 0 | V57: 0 | W57: 0 | X57: 0 | Y57: 0 | Z57: 0 | AA57: 0 | AB57: 0 | AC57: 0 | AD57: 0 | AE57: 0 | AF57: 0 | AG57: 0 | AH57: 0 | AI57: 0 | AJ57: 0 | AK57: 0 | AL57: 0 | AM57: 0 | AN57: 0 | AO57: 0 | AP57: 0 | AQ57: 0 | AR57: 0 | AS57: 0 | AT57: 0 | AU57: 0 | AV57: 0 | AW57: 0 | AX57: 0 | AY57: 0 | AZ57: 0 | BA57: 0 | BB57: 0 | BC57: 0 | BD57: 0 | BE57: 0 | BF57: 0 | BG57: 0 | BH57: 0 | BI57: 0
A58: =A57+1 -> 56 | B58: 0 | C58: 0 | D58: 0 | E58: 0 | F58: 0 | G58: 0 | H58: 0 | I58: 0 | J58: 0 | K58: 0 | L58: 0 | M58: 0 | N58: 0 | O58: 0 | P58: 0 | Q58: 0 | R58: 0 | S58: 0 | T58: 0 | U58: 0 | V58: 0 | W58: 0 | X58: 0 | Y58: 0 | Z58: 0 | AA58: 0 | AB58: 0 | AC58: 0 | AD58: 0 | AE58: 0 | AF58: 0 | AG58: 0 | AH58: 0 | AI58: 0 | AJ58: 0 | AK58: 0 | AL58: 0 | AM58: 0 | AN58: 0 | AO58: 0 | AP58: 0 | AQ58: 0 | AR58: 0 | AS58: 0 | AT58: 0 | AU58: 0 | AV58: 0 | AW58: 0 | AX58: 0 | AY58: 0 | AZ58: 0 | BA58: 0 | BB58: 0 | BC58: 0 | BD58: 0 | BE58: 0 | BF58: 0 | BG58: 0 | BH58: 0 | BI58: 0
A59: =A58+1 -> 57 | B59: 0 | C59: 0 | D59: 0 | E59: 0 | F59: 0 | G59: 0 | H59: 0 | I59: 0 | J59: 0 | K59: 0 | L59: 0 | M59: 0 | N59: 0 | O59: 0 | P59: 0 | Q59: 0 | R59: 0 | S59: 0 | T59: 0 | U59: 0 | V59: 0 | W59: 0 | X59: 0 | Y59: 0 | Z59: 0 | AA59: 0 | AB59: 0 | AC59: 0 | AD59: 0 | AE59: 0 | AF59: 0 | AG59: 0 | AH59: 0 | AI59: 0 | AJ59: 0 | AK59: 0 | AL59: 0 | AM59: 0 | AN59: 0 | AO59: 0 | AP59: 0 | AQ59: 0 | AR59: 0 | AS59: 0 | AT59: 0 | AU59: 0 | AV59: 0 | AW59: 0 | AX59: 0 | AY59: 0 | AZ59: 0 | BA59: 0 | BB59: 0 | BC59: 0 | BD59: 0 | BE59: 0 | BF59: 0 | BG59: 0 | BH59: 0 | BI59: 0
A60: =A59+1 -> 58 | B60: 0 | C60: 0 | D60: 0 | E60: 0 | F60: 0 | G60: 0 | H60: 0 | I60: 0 | J60: 0 | K60: 0 | L60: 0 | M60: 0 | N60: 0 | O60: 0 | P60: 0 | Q60: 0 | R60: 0 | S60: 0 | T60: 0 | U60: 0 | V60: 0 | W60: 0 | X60: 0 | Y60: 0 | Z60: 0 | AA60: 0 | AB60: 0 | AC60: 0 | AD60: 0 | AE60: 0 | AF60: 0 | AG60: 0 | AH60: 0 | AI60: 0 | AJ60: 0 | AK60: 0 | AL60: 0 | AM60: 0 | AN60: 0 | AO60: 0 | AP60: 0 | AQ60: 0 | AR60: 0 | AS60: 0 | AT60: 0 | AU60: 0 | AV60: 0 | AW60: 0 | AX60: 0 | AY60: 0 | AZ60: 0 | BA60: 0 | BB60: 0 | BC60: 0 | BD60: 0 | BE60: 0 | BF60: 0 | BG60: 0 | BH60: 0 | BI60: 0
A61: =A60+1 -> 59 | B61: 0 | C61: 0 | D61: 0 | E61: 0 | F61: 0 | G61: 0 | H61: 0 | I61: 0 | J61: 0 | K61: 0 | L61: 0 | M61: 0 | N61: 0 | O61: 0 | P61: 0 | Q61: 0 | R61: 0 | S61: 0 | T61: 0 | U61: 0 | V61: 0 | W61: 0 | X61: 0 | Y61: 0 | Z61: 0 | AA61: 0 | AB61: 0 | AC61: 0 | AD61: 0 | AE61: 0 | AF61: 0 | AG61: 0 | AH61: 0 | AI61: 0 | AJ61: 0 | AK61: 0 | AL61: 0 | AM61: 0 | AN61: 0 | AO61: 0 | AP61: 0 | AQ61: 0 | AR61: 0 | AS61: 0 | AT61: 0 | AU61: 0 | AV61: 0 | AW61: 0 | AX61: 0 | AY61: 0 | AZ61: 0 | BA61: 0 | BB61: 0 | BC61: 0 | BD61: 0 | BE61: 0 | BF61: 0 | BG61: 0 | BH61: 0 | BI61: 0
E62: Terminal A | F62: Terminal B | G62: Terminal C | H62: Terminal D
D63: Terminal A | E63: 0 | F63: 25 | G63: 30 | H63: 35
D64: Terminal B | E64: 25 | F64: 0 | G64: 28 | H64: 40
D65: Terminal C | E65: 30 | F65: 28 | G65: 0 | H65: 33 | M65: VLOOKUP(D$1,main!$A$3:$I$56,4,FALSE)+(VLOOKUP(VLOOKUP(D$1,main!$A$3:$I$56,7,FALSE),main!$K$19:$O$22,MATCH(VLOOKUP($A29,main!$A$3:$I$56,7,FALSE),main!$K$18:$O$18,0),0))),0)
D66: Terminal D | E66: 35 | F66: 40 | G66: 33 | H66: 0 | M66: =VLOOKUP(D$1,main!$A$3:$I$56,4,FALSE) -> 135
M67: =(VLOOKUP(VLOOKUP(D$1,main!$A$3:$I$56,7,FALSE),main!$K$19:$O$22,MATCH(VLOOKUP($A29,main!$A$3:$I$56,7,FALSE),main!$K$18:$O$18,0),0)) -> 30
M68: =VLOOKUP(D$1,main!$A$3:$I$56,7,FALSE) -> Terminal A
F69: =D1 -> 2 | G69: =VLOOKUP(F69,main!A2:I59,7,FALSE) -> Terminal A | I69: =VLOOKUP(G69,D63:H66,MATCH(G70,D62:H62,0),0) -> 35 | M69: =VLOOKUP($A29,main!$A$3:$I$56,8,FALSE) -> Terminal B
F70: 49 | G70: =VLOOKUP(F70,main!A3:I60,7,FALSE) -> Terminal D
M72: =VLOOKUP(VLOOKUP(C$1,main!$A$3:$I$56,8,FALSE),main!$K$19:$O$22,MATCH(VLOOKUP($A3,main!$A$3:$I$56,7,FALSE),main!$K$18:$O$18,0)) -> 25
M73: =VLOOKUP(C$1,main!$A$3:$I$56,8,FALSE) -> Terminal B
M74: =VLOOKUP($A3,main!$A$3:$I$56,7,FALSE) -> Terminal A
D75: IF((gamma!D3),IF(VLOOKUP(D$1,main!$A$3:$I$56,7,FALSE)=VLOOKUP($A3,main!$A$3:$I$56,8,FALSE),VLOOKUP(D$1,main!$A$3:$I$56,4,FALSE),VLOOKUP(D$1,main!$A$3:$I$56,4,FALSE)+(VLOOKUP(VLOOKUP(D$1,main!$A$3:$I$56,8,FALSE),main!$K$19:$O$22,MATCH(VLOOKUP($A3,main!$A$3:$I$56,7,FALSE),main!$K$18:$O$18,0),0))),0)
D76: VLOOKUP(D$1,main!$A$3:$I$56,4,FALSE)+(VLOOKUP(VLOOKUP(D$1,main!$A$3:$I$56,8,FALSE),main!$K$19:$O$22,MATCH(VLOOKUP($A3,main!$A$3:$I$56,7,FALSE),main!$K$18:$O$18,0),0))
D77: =VLOOKUP(D$1,main!$A$3:$I$56,4,FALSE) -> 135
D78: =(VLOOKUP(VLOOKUP(D$1,main!$A$3:$I$56,8,FALSE),main!$K$19:$O$22,MATCH(VLOOKUP($A3,main!$A$3:$I$56,7,FALSE),main!$K$18:$O$18,0))) -> 25
D79: =VLOOKUP($A3,main!$A$3:$I$56,4,FALSE) -> 135
D81: =-(VLOOKUP($A3,main!$A$3:$I$56,6,FALSE)+(VLOOKUP(VLOOKUP(D$1,main!$A$3:$I$56,8,FALSE),main!$K$19:$O$22,MATCH(VLOOKUP($A3,main!$A$3:$I$56,7,FALSE),main!$K$18:$O$18,0)))) -> -720

Sheet phi
B1: 0 | C1: 1 | D1: 2 | E1: 3 | F1: 4 | G1: 5 | H1: 6 | I1: 7 | J1: 8 | K1: 9 | L1: 10 | M1: 11 | N1: 12 | O1: 13 | P1: 14 | Q1: 15 | R1: 16 | S1: 17 | T1: 18 | U1: 19 | V1: 20 | W1: 21 | X1: 22 | Y1: 23 | Z1: 24 | AA1: 25 | AB1: 26 | AC1: 27 | AD1: 28 | AE1: 29 | AF1: 30 | AG1: 31 | AH1: 32 | AI1: 33 | AJ1: 34 | AK1: 35 | AL1: 36 | AM1: 37 | AN1: 38 | AO1: 39 | AP1: 40 | AQ1: 41 | AR1: 42 | AS1: 43 | AT1: 44 | AU1: 45 | AV1: 46 | AW1: 47 | AX1: 48 | AY1: 49 | AZ1: 50 | BA1: 51 | BB1: 52 | BC1: 53 | BD1: 54
A2: 0 | B2: 0 | C2: 0 | D2: 0 | E2: 0 | F2: 0 | G2: 0 | H2: 0 | I2: 0 | J2: 0 | K2: 0 | L2: 0 | M2: 0 | N2: 0 | O2: 0 | P2: 0 | Q2: 0 | R2: 0 | S2: 0 | T2: 0 | U2: 0 | V2: 0 | W2: 0 | X2: 0 | Y2: 0 | Z2: 0 | AA2: 0 | AB2: 0 | AC2: 0 | AD2: 0 | AE2: 0 | AF2: 0 | AG2: 0 | AH2: 0 | AI2: 0 | AJ2: 0 | AK2: 0 | AL2: 0 | AM2: 0 | AN2: 0 | AO2: 0 | AP2: 0 | AQ2: 0 | AR2: 0 | AS2: 0 | AT2: 0 | AU2: 0 | AV2: 0 | AW2: 0 | AX2: 0 | AY2: 0 | AZ2: 0 | BA2: 0 | BB2: 0 | BC2: 0 | BD2: 0
A3: =A2+1 -> 1 | B3: 0 | C3: =IF(VLOOKUP(C$1,main!$A$3:$I$56,5,FALSE)-VLOOKUP($A3,main!$A$3:$I$56,6,FALSE)>=VLOOKUP(55,main!$A$57:$I$59,4,FALSE)+VLOOKUP(VLOOKUP(C$1,main!$A$3:$I$56,7,FALSE),main!$K$10:$Q$14,3,FALSE),1,0) -> 0 | D3: =IF(VLOOKUP(D$1,main!$A$3:$I$56,5,FALSE)-VLOOKUP($A3,main!$A$3:$I$56,6,FALSE)>=VLOOKUP(55,main!$A$57:$I$59,4,FALSE)+VLOOKUP(VLOOKUP(D$1,main!$A$3:$I$56,7,FALSE),main!$K$10:$Q$14,3,FALSE),1,0) -> 0 | E3: =IF(VLOOKUP(E$1,main!$A$3:$I$56,5,FALSE)-VLOOKUP($A3,main!$A$3:$I$56,6,FALSE)>=VLOOKUP(55,main!$A$57:$I$59,4,FALSE)+VLOOKUP(VLOOKUP(E$1,main!$A$3:$I$56,7,FALSE),main!$K$10:$Q$14,3,FALSE),1,0) -> 1 | F3: =IF(VLOOKUP(F$1,main!$A$3:$I$56,5,FALSE)-VLOOKUP($A3,main!$A$3:$I$56,6,FALSE)>=VLOOKUP(55,main!$A$57:$I$59,4,FALSE)+VLOOKUP(VLOOKUP(F$1,main!$A$3:$I$56,7,FALSE),main!$K$10:$Q$14,3,FALSE),1,0) -> 1 | G3: =IF(VLOOKUP(G$1,main!$A$3:$I$56,5,FALSE)-VLOOKUP($A3,main!$A$3:$I$56,6,FALSE)>=VLOOKUP(55,main!$A$57:$I$59,4,FALSE)+VLOOKUP(VLOOKUP(G$1,main!$A$3:$I$56,7,FALSE),main!$K$10:$Q$14,3,FALSE),1,0) -> 1 | H3: =IF(VLOOKUP(H$1,main!$A$3:$I$56,5,FALSE)-VLOOKUP($A3,main!$A$3:$I$56,6,FALSE)>=VLOOKUP(55,main!$A$57:$I$59,4,FALSE)+VLOOKUP(VLOOKUP(H$1,main!$A$3:$I$56,7,FALSE),main!$K$10:$Q$14,3,FALSE),1,0) -> 1 | I3: =IF(VLOOKUP(I$1,main!$A$3:$I$56,5,FALSE)-VLOOKUP($A3,main!$A$3:$I$56,6,FALSE)>=VLOOKUP(55,main!$A$57:$I$59,4,FALSE)+VLOOKUP(VLOOKUP(I$1,main!$A$3:$I$56,7,FALSE),main!$K$10:$Q$14,3,FALSE),1,0) -> 1 | J3: =IF(VLOOKUP(J$1,main!$A$3:$I$56,5,FALSE)-VLOOKUP($A3,main!$A$3:$I$56,6,FALSE)>=VLOOKUP(55,main!$A$57:$I$59,4,FALSE)+VLOOKUP(VLOOKUP(J$1,main!$A$3:$I$56,7,FALSE),main!$K$10:$Q$14,3,FALSE),1,0) -> 1 | ... BD3: =IF(VLOOKUP(BD$1,main!$A$3:$I$56,5,FALSE)-VLOOKUP($A3,main!$A$3:$I$56,6,FALSE)>=VLOOKUP(55,main!$A$57:$I$59,4,FALSE)+VLOOKUP(VLOOKUP(BD$1,main!$A$3:$I$56,7,FALSE),main!$K$10:$Q$14,3,FALSE),1,0) -> 1
A4: =A3+1 -> 2 | B4: 0 | C4: =IF(VLOOKUP(C$1,main!$A$3:$I$56,5,FALSE)-VLOOKUP($A4,main!$A$3:$I$56,6,FALSE)>=VLOOKUP(55,main!$A$57:$I$59,4,FALSE)+VLOOKUP(VLOOKUP(C$1,main!$A$3:$I$56,7,FALSE),main!$K$10:$Q$14,3,FALSE),1,0) -> 0 | D4: =IF(VLOOKUP(D$1,main!$A$3:$I$56,5,FALSE)-VLOOKUP($A4,main!$A$3:$I$56,6,FALSE)>=VLOOKUP(55,main!$A$57:$I$59,4,FALSE)+VLOOKUP(VLOOKUP(D$1,main!$A$3:$I$56,7,FALSE),main!$K$10:$Q$14,3,FALSE),1,0) -> 0 | E4: =IF(VLOOKUP(E$1,main!$A$3:$I$56,5,FALSE)-VLOOKUP($A4,main!$A$3:$I$56,6,FALSE)>=VLOOKUP(55,main!$A$57:$I$59,4,FALSE)+VLOOKUP(VLOOKUP(E$1,main!$A$3:$I$56,7,FALSE),main!$K$10:$Q$14,3,FALSE),1,0) -> 0 | F4: =IF(VLOOKUP(F$1,main!$A$3:$I$56,5,FALSE)-VLOOKUP($A4,main!$A$3:$I$56,6,FALSE)>=VLOOKUP(55,main!$A$57:$I$59,4,FALSE)+VLOOKUP(VLOOKUP(F$1,main!$A$3:$I$56,7,FALSE),main!$K$10:$Q$14,3,FALSE),1,0) -> 0 | G4: =IF(VLOOKUP(G$1,main!$A$3:$I$56,5,FALSE)-VLOOKUP($A4,main!$A$3:$I$56,6,FALSE)>=VLOOKUP(55,main!$A$57:$I$59,4,FALSE)+VLOOKUP(VLOOKUP(G$1,main!$A$3:$I$56,7,FALSE),main!$K$10:$Q$14,3,FALSE),1,0) -> 1 | H4: =IF(VLOOKUP(H$1,main!$A$3:$I$56,5,FALSE)-VLOOKUP($A4,main!$A$3:$I$56,6,FALSE)>=VLOOKUP(55,main!$A$57:$I$59,4,FALSE)+VLOOKUP(VLOOKUP(H$1,main!$A$3:$I$56,7,FALSE),main!$K$10:$Q$14,3,FALSE),1,0) -> 1 | I4: =IF(VLOOKUP(I$1,main!$A$3:$I$56,5,FALSE)-VLOOKUP($A4,main!$A$3:$I$56,6,FALSE)>=VLOOKUP(55,main!$A$57:$I$59,4,FALSE)+VLOOKUP(VLOOKUP(I$1,main!$A$3:$I$56,7,FALSE),main!$K$10:$Q$14,3,FALSE),1,0) -> 1 | J4: =IF(VLOOKUP(J$1,main!$A$3:$I$56,5,FALSE)-VLOOKUP($A4,main!$A$3:$I$56,6,FALSE)>=VLOOKUP(55,main!$A$57:$I$59,4,FALSE)+VLOOKUP(VLOOKUP(J$1,main!$A$3:$I$56,7,FALSE),main!$K$10:$Q$14,3,FALSE),1,0) -> 1 | ... BD4: =IF(VLOOKUP(BD$1,main!$A$3:$I$56,5,FALSE)-VLOOKUP($A4,main!$A$3:$I$56,6,FALSE)>=VLOOKUP(55,main!$A$57:$I$59,4,FALSE)+VLOOKUP(VLOOKUP(BD$1,main!$A$3:$I$56,7,FALSE),main!$K$10:$Q$14,3,FALSE),1,0) -> 1
A5: =A4+1 -> 3 | B5: 0 | C5: =IF(VLOOKUP(C$1,main!$A$3:$I$56,5,FALSE)-VLOOKUP($A5,main!$A$3:$I$56,6,FALSE)>=VLOOKUP(55,main!$A$57:$I$59,4,FALSE)+VLOOKUP(VLOOKUP(C$1,main!$A$3:$I$56,7,FALSE),main!$K$10:$Q$14,3,FALSE),1,0) -> 0 | D5: =IF(VLOOKUP(D$1,main!$A$3:$I$56,5,FALSE)-VLOOKUP($A5,main!$A$3:$I$56,6,FALSE)>=VLOOKUP(55,main!$A$57:$I$59,4,FALSE)+VLOOKUP(VLOOKUP(D$1,main!$A$3:$I$56,7,FALSE),main!$K$10:$Q$14,3,FALSE),1,0) -> 0 | E5: =IF(VLOOKUP(E$1,main!$A$3:$I$56,5,FALSE)-VLOOKUP($A5,main!$A$3:$I$56,6,FALSE)>=VLOOKUP(55,main!$A$57:$I$59,4,FALSE)+VLOOKUP(VLOOKUP(E$1,main!$A$3:$I$56,7,FALSE),main!$K$10:$Q$14,3,FALSE),1,0) -> 0 | F5: =IF(VLOOKUP(F$1,main!$A$3:$I$56,5,FALSE)-VLOOKUP($A5,main!$A$3:$I$56,6,FALSE)>=VLOOKUP(55,main!$A$57:$I$59,4,FALSE)+VLOOKUP(VLOOKUP(F$1,main!$A$3:$I$56,7,FALSE),main!$K$10:$Q$14,3,FALSE),1,0) -> 0 | G5: =IF(VLOOKUP(G$1,main!$A$3:$I$56,5,FALSE)-VLOOKUP($A5,main!$A$3:$I$56,6,FALSE)>=VLOOKUP(55,main!$A$57:$I$59,4,FALSE)+VLOOKUP(VLOOKUP(G$1,main!$A$3:$I$56,7,FALSE),main!$K$10:$Q$14,3,FALSE),1,0) -> 0 | H5: =IF(VLOOKUP(H$1,main!$A$3:$I$56,5,FALSE)-VLOOKUP($A5,main!$A$3:$I$56,6,FALSE)>=VLOOKUP(55,main!$A$57:$I$59,4,FALSE)+VLOOKUP(VLOOKUP(H$1,main!$A$3:$I$56,7,FALSE),main!$K$10:$Q$14,3,FALSE),1,0) -> 0 | I5: =IF(VLOOKUP(I$1,main!$A$3:$I$56,5,FALSE)-VLOOKUP($A5,main!$A$3:$I$56,6,FALSE)>=VLOOKUP(55,main!$A$57:$I$59,4,FALSE)+VLOOKUP(VLOOKUP(I$1,main!$A$3:$I$56,7,FALSE),main!$K$10:$Q$14,3,FALSE),1,0) -> 1 | J5: =IF(VLOOKUP(J$1,main!$A$3:$I$56,5,FALSE)-VLOOKUP($A5,main!$A$3:$I$56,6,FALSE)>=VLOOKUP(55,main!$A$57:$I$59,4,FALSE)+VLOOKUP(VLOOKUP(J$1,main!$A$3:$I$56,7,FALSE),main!$K$10:$Q$14,3,FALSE),1,0) -> 1 | ... BD5: =IF(VLOOKUP(BD$1,main!$A$3:$I$56,5,FALSE)-VLOOKUP($A5,main!$A$3:$I$56,6,FALSE)>=VLOOKUP(55,main!$A$57:$I$59,4,FALSE)+VLOOKUP(VLOOKUP(BD$1,main!$A$3:$I$56,7,FALSE),main!$K$10:$Q$14,3,FALSE),1,0) -> 0
A6: =A5+1 -> 4 | B6: 0 | C6: =IF(VLOOKUP(C$1,main!$A$3:$I$56,5,FALSE)-VLOOKUP($A6,main!$A$3:$I$56,6,FALSE)>=VLOOKUP(55,main!$A$57:$I$59,4,FALSE)+VLOOKUP(VLOOKUP(C$1,main!$A$3:$I$56,7,FALSE),main!$K$10:$Q$14,3,FALSE),1,0) -> 0 | D6: =IF(VLOOKUP(D$1,main!$A$3:$I$56,5,FALSE)-VLOOKUP($A6,main!$A$3:$I$56,6,FALSE)>=VLOOKUP(55,main!$A$57:$I$59,4,FALSE)+VLOOKUP(VLOOKUP(D$1,main!$A$3:$I$56,7,FALSE),main!$K$10:$Q$14,3,FALSE),1,0) -> 0 | E6: =IF(VLOOKUP(E$1,main!$A$3:$I$56,5,FALSE)-VLOOKUP($A6,main!$A$3:$I$56,6,FALSE)>=VLOOKUP(55,main!$A$57:$I$59,4,FALSE)+VLOOKUP(VLOOKUP(E$1,main!$A$3:$I$56,7,FALSE),main!$K$10:$Q$14,3,FALSE),1,0) -> 0 | F6: =IF(VLOOKUP(F$1,main!$A$3:$I$56,5,FALSE)-VLOOKUP($A6,main!$A$3:$I$56,6,FALSE)>=VLOOKUP(55,main!$A$57:$I$59,4,FALSE)+VLOOKUP(VLOOKUP(F$1,main!$A$3:$I$56,7,FALSE),main!$K$10:$Q$14,3,FALSE),1,0) -> 0 | G6: =IF(VLOOKUP(G$1,main!$A$3:$I$56,5,FALSE)-VLOOKUP($A6,main!$A$3:$I$56,6,FALSE)>=VLOOKUP(55,main!$A$57:$I$59,4,FALSE)+VLOOKUP(VLOOKUP(G$1,main!$A$3:$I$56,7,FALSE),main!$K$10:$Q$14,3,FALSE),1,0) -> 0 | H6: =IF(VLOOKUP(H$1,main!$A$3:$I$56,5,FALSE)-VLOOKUP($A6,main!$A$3:$I$56,6,FALSE)>=VLOOKUP(55,main!$A$57:$I$59,4,FALSE)+VLOOKUP(VLOOKUP(H$1,main!$A$3:$I$56,7,FALSE),main!$K$10:$Q$14,3,FALSE),1,0) -> 0 | I6: =IF(VLOOKUP(I$1,main!$A$3:$I$56,5,FALSE)-VLOOKUP($A6,main!$A$3:$I$56,6,FALSE)>=VLOOKUP(55,main!$A$57:$I$59,4,FALSE)+VLOOKUP(VLOOKUP(I$1,main!$A$3:$I$56,7,FALSE),main!$K$10:$Q$14,3,FALSE),1,0) -> 0 | J6: =IF(VLOOKUP(J$1,main!$A$3:$I$56,5,FALSE)-VLOOKUP($A6,main!$A$3:$I$56,6,FALSE)>=VLOOKUP(55,main!$A$57:$I$59,4,FALSE)+VLOOKUP(VLOOKUP(J$1,main!$A$3:$I$56,7,FALSE),main!$K$10:$Q$14,3,FALSE),1,0) -> 1 | ... BD6: =IF(VLOOKUP(BD$1,main!$A$3:$I$56,5,FALSE)-VLOOKUP($A6,main!$A$3:$I$56,6,FALSE)>=VLOOKUP(55,main!$A$57:$I$59,4,FALSE)+VLOOKUP(VLOOKUP(BD$1,main!$A$3:$I$56,7,FALSE),main!$K$10:$Q$14,3,FALSE),1,0) -> 0
A7: =A6+1 -> 5 | B7: 0 | C7: =IF(VLOOKUP(C$1,main!$A$3:$I$56,5,FALSE)-VLOOKUP($A7,main!$A$3:$I$56,6,FALSE)>=VLOOKUP(55,main!$A$57:$I$59,4,FALSE)+VLOOKUP(VLOOKUP(C$1,main!$A$3:$I$56,7,FALSE),main!$K$10:$Q$14,3,FALSE),1,0) -> 0 | D7: =IF(VLOOKUP(D$1,main!$A$3:$I$56,5,FALSE)-VLOOKUP($A7,main!$A$3:$I$56,6,FALSE)>=VLOOKUP(55,main!$A$57:$I$59,4,FALSE)+VLOOKUP(VLOOKUP(D$1,main!$A$3:$I$56,7,FALSE),main!$K$10:$Q$14,3,FALSE),1,0) -> 0 | E7: =IF(VLOOKUP(E$1,main!$A$3:$I$56,5,FALSE)-VLOOKUP($A7,main!$A$3:$I$56,6,FALSE)>=VLOOKUP(55,main!$A$57:$I$59,4,FALSE)+VLOOKUP(VLOOKUP(E$1,main!$A$3:$I$56,7,FALSE),main!$K$10:$Q$14,3,FALSE),1,0) -> 0 | F7: =IF(VLOOKUP(F$1,main!$A$3:$I$56,5,FALSE)-VLOOKUP($A7,main!$A$3:$I$56,6,FALSE)>=VLOOKUP(55,main!$A$57:$I$59,4,FALSE)+VLOOKUP(VLOOKUP(F$1,main!$A$3:$I$56,7,FALSE),main!$K$10:$Q$14,3,FALSE),1,0) -> 0 | G7: =IF(VLOOKUP(G$1,main!$A$3:$I$56,5,FALSE)-VLOOKUP($A7,main!$A$3:$I$56,6,FALSE)>=VLOOKUP(55,main!$A$57:$I$59,4,FALSE)+VLOOKUP(VLOOKUP(G$1,main!$A$3:$I$56,7,FALSE),main!$K$10:$Q$14,3,FALSE),1,0) -> 0 | H7: =IF(VLOOKUP(H$1,main!$A$3:$I$56,5,FALSE)-VLOOKUP($A7,main!$A$3:$I$56,6,FALSE)>=VLOOKUP(55,main!$A$57:$I$59,4,FALSE)+VLOOKUP(VLOOKUP(H$1,main!$A$3:$I$56,7,FALSE),main!$K$10:$Q$14,3,FALSE),1,0) -> 0 | I7: =IF(VLOOKUP(I$1,main!$A$3:$I$56,5,FALSE)-VLOOKUP($A7,main!$A$3:$I$56,6,FALSE)>=VLOOKUP(55,main!$A$57:$I$59,4,FALSE)+VLOOKUP(VLOOKUP(I$1,main!$A$3:$I$56,7,FALSE),main!$K$10:$Q$14,3,FALSE),1,0) -> 0 | J7: =IF(VLOOKUP(J$1,main!$A$3:$I$56,5,FALSE)-VLOOKUP($A7,main!$A$3:$I$56,6,FALSE)>=VLOOKUP(55,main!$A$57:$I$59,4,FALSE)+VLOOKUP(VLOOKUP(J$1,main!$A$3:$I$56,7,FALSE),main!$K$10:$Q$14,3,FALSE),1,0) -> 0 | ... BD7: =IF(VLOOKUP(BD$1,main!$A$3:$I$56,5,FALSE)-VLOOKUP($A7,main!$A$3:$I$56,6,FALSE)>=VLOOKUP(55,main!$A$57:$I$59,4,FALSE)+VLOOKUP(VLOOKUP(BD$1,main!$A$3:$I$56,7,FALSE),main!$K$10:$Q$14,3,FALSE),1,0) -> 0
A8: =A7+1 -> 6 | B8: 0 | C8: =IF(VLOOKUP(C$1,main!$A$3:$I$56,5,FALSE)-VLOOKUP($A8,main!$A$3:$I$56,6,FALSE)>=VLOOKUP(55,main!$A$57:$I$59,4,FALSE)+VLOOKUP(VLOOKUP(C$1,main!$A$3:$I$56,7,FALSE),main!$K$10:$Q$14,3,FALSE),1,0) -> 0 | D8: =IF(VLOOKUP(D$1,main!$A$3:$I$56,5,FALSE)-VLOOKUP($A8,main!$A$3:$I$56,6,FALSE)>=VLOOKUP(55,main!$A$57:$I$59,4,FALSE)+VLOOKUP(VLOOKUP(D$1,main!$A$3:$I$56,7,FALSE),main!$K$10:$Q$14,3,FALSE),1,0) -> 0 | E8: =IF(VLOOKUP(E$1,main!$A$3:$I$56,5,FALSE)-VLOOKUP($A8,main!$A$3:$I$56,6,FALSE)>=VLOOKUP(55,main!$A$57:$I$59,4,FALSE)+VLOOKUP(VLOOKUP(E$1,main!$A$3:$I$56,7,FALSE),main!$K$10:$Q$14,3,FALSE),1,0) -> 0 | F8: =IF(VLOOKUP(F$1,main!$A$3:$I$56,5,FALSE)-VLOOKUP($A8,main!$A$3:$I$56,6,FALSE)>=VLOOKUP(55,main!$A$57:$I$59,4,FALSE)+VLOOKUP(VLOOKUP(F$1,main!$A$3:$I$56,7,FALSE),main!$K$10:$Q$14,3,FALSE),1,0) -> 0 | G8: =IF(VLOOKUP(G$1,main!$A$3:$I$56,5,FALSE)-VLOOKUP($A8,main!$A$3:$I$56,6,FALSE)>=VLOOKUP(55,main!$A$57:$I$59,4,FALSE)+VLOOKUP(VLOOKUP(G$1,main!$A$3:$I$56,7,FALSE),main!$K$10:$Q$14,3,FALSE),1,0) -> 0 | H8: =IF(VLOOKUP(H$1,main!$A$3:$I$56,5,FALSE)-VLOOKUP($A8,main!$A$3:$I$56,6,FALSE)>=VLOOKUP(55,main!$A$57:$I$59,4,FALSE)+VLOOKUP(VLOOKUP(H$1,main!$A$3:$I$56,7,FALSE),main!$K$10:$Q$14,3,FALSE),1,0) -> 0 | I8: =IF(VLOOKUP(I$1,main!$A$3:$I$56,5,FALSE)-VLOOKUP($A8,main!$A$3:$I$56,6,FALSE)>=VLOOKUP(55,main!$A$57:$I$59,4,FALSE)+VLOOKUP(VLOOKUP(I$1,main!$A$3:$I$56,7,FALSE),main!$K$10:$Q$14,3,FALSE),1,0) -> 0 | J8: =IF(VLOOKUP(J$1,main!$A$3:$I$56,5,FALSE)-VLOOKUP($A8,main!$A$3:$I$56,6,FALSE)>=VLOOKUP(55,main!$A$57:$I$59,4,FALSE)+VLOOKUP(VLOOKUP(J$1,main!$A$3:$I$56,7,FALSE),main!$K$10:$Q$14,3,FALSE),1,0) -> 0 | ... BD8: =IF(VLOOKUP(BD$1,main!$A$3:$I$56,5,FALSE)-VLOOKUP($A8,main!$A$3:$I$56,6,FALSE)>=VLOOKUP(55,main!$A$57:$I$59,4,FALSE)+VLOOKUP(VLOOKUP(BD$1,main!$A$3:$I$56,7,FALSE),main!$K$10:$Q$14,3,FALSE),1,0) -> 0
A9: =A8+1 -> 7 | B9: 0 | C9: =IF(VLOOKUP(C$1,main!$A$3:$I$56,5,FALSE)-VLOOKUP($A9,main!$A$3:$I$56,6,FALSE)>=VLOOKUP(55,main!$A$57:$I$59,4,FALSE)+VLOOKUP(VLOOKUP(C$1,main!$A$3:$I$56,7,FALSE),main!$K$10:$Q$14,3,FALSE),1,0) -> 0 | D9: =IF(VLOOKUP(D$1,main!$A$3:$I$56,5,FALSE)-VLOOKUP($A9,main!$A$3:$I$56,6,FALSE)>=VLOOKUP(55,main!$A$57:$I$59,4,FALSE)+VLOOKUP(VLOOKUP(D$1,main!$A$3:$I$56,7,FALSE),main!$K$10:$Q$14,3,FALSE),1,0) -> 0 | E9: =IF(VLOOKUP(E$1,main!$A$3:$I$56,5,FALSE)-VLOOKUP($A9,main!$A$3:$I$56,6,FALSE)>=VLOOKUP(55,main!$A$57:$I$59,4,FALSE)+VLOOKUP(VLOOKUP(E$1,main!$A$3:$I$56,7,FALSE),main!$K$10:$Q$14,3,FALSE),1,0) -> 0 | F9: =IF(VLOOKUP(F$1,main!$A$3:$I$56,5,FALSE)-VLOOKUP($A9,main!$A$3:$I$56,6,FALSE)>=VLOOKUP(55,main!$A$57:$I$59,4,FALSE)+VLOOKUP(VLOOKUP(F$1,main!$A$3:$I$56,7,FALSE),main!$K$10:$Q$14,3,FALSE),1,0) -> 0 | G9: =IF(VLOOKUP(G$1,main!$A$3:$I$56,5,FALSE)-VLOOKUP($A9,main!$A$3:$I$56,6,FALSE)>=VLOOKUP(55,main!$A$57:$I$59,4,FALSE)+VLOOKUP(VLOOKUP(G$1,main!$A$3:$I$56,7,FALSE),main!$K$10:$Q$14,3,FALSE),1,0) -> 0 | H9: =IF(VLOOKUP(H$1,main!$A$3:$I$56,5,FALSE)-VLOOKUP($A9,main!$A$3:$I$56,6,FALSE)>=VLOOKUP(55,main!$A$57:$I$59,4,FALSE)+VLOOKUP(VLOOKUP(H$1,main!$A$3:$I$56,7,FALSE),main!$K$10:$Q$14,3,FALSE),1,0) -> 0 | I9: =IF(VLOOKUP(I$1,main!$A$3:$I$56,5,FALSE)-VLOOKUP($A9,main!$A$3:$I$56,6,FALSE)>=VLOOKUP(55,main!$A$57:$I$59,4,FALSE)+VLOOKUP(VLOOKUP(I$1,main!$A$3:$I$56,7,FALSE),main!$K$10:$Q$14,3,FALSE),1,0) -> 0 | J9: =IF(VLOOKUP(J$1,main!$A$3:$I$56,5,FALSE)-VLOOKUP($A9,main!$A$3:$I$56,6,FALSE)>=VLOOKUP(55,main!$A$57:$I$59,4,FALSE)+VLOOKUP(VLOOKUP(J$1,main!$A$3:$I$56,7,FALSE),main!$K$10:$Q$14,3,FALSE),1,0) -> 0 | ... BD9: =IF(VLOOKUP(BD$1,main!$A$3:$I$56,5,FALSE)-VLOOKUP($A9,main!$A$3:$I$56,6,FALSE)>=VLOOKUP(55,main!$A$57:$I$59,4,FALSE)+VLOOKUP(VLOOKUP(BD$1,main!$A$3:$I$56,7,FALSE),main!$K$10:$Q$14,3,FALSE),1,0) -> 0
A10: =A9+1 -> 8 | B10: 0 | C10: =IF(VLOOKUP(C$1,main!$A$3:$I$56,5,FALSE)-VLOOKUP($A10,main!$A$3:$I$56,6,FALSE)>=VLOOKUP(55,main!$A$57:$I$59,4,FALSE)+VLOOKUP(VLOOKUP(C$1,main!$A$3:$I$56,7,FALSE),main!$K$10:$Q$14,3,FALSE),1,0) -> 0 | D10: =IF(VLOOKUP(D$1,main!$A$3:$I$56,5,FALSE)-VLOOKUP($A10,main!$A$3:$I$56,6,FALSE)>=VLOOKUP(55,main!$A$57:$I$59,4,FALSE)+VLOOKUP(VLOOKUP(D$1,main!$A$3:$I$56,7,FALSE),main!$K$10:$Q$14,3,FALSE),1,0) -> 0 | E10: =IF(VLOOKUP(E$1,main!$A$3:$I$56,5,FALSE)-VLOOKUP($A10,main!$A$3:$I$56,6,FALSE)>=VLOOKUP(55,main!$A$57:$I$59,4,FALSE)+VLOOKUP(VLOOKUP(E$1,main!$A$3:$I$56,7,FALSE),main!$K$10:$Q$14,3,FALSE),1,0) -> 0 | F10: =IF(VLOOKUP(F$1,main!$A$3:$I$56,5,FALSE)-VLOOKUP($A10,main!$A$3:$I$56,6,FALSE)>=VLOOKUP(55,main!$A$57:$I$59,4,FALSE)+VLOOKUP(VLOOKUP(F$1,main!$A$3:$I$56,7,FALSE),main!$K$10:$Q$14,3,FALSE),1,0) -> 0 | G10: =IF(VLOOKUP(G$1,main!$A$3:$I$56,5,FALSE)-VLOOKUP($A10,main!$A$3:$I$56,6,FALSE)>=VLOOKUP(55,main!$A$57:$I$59,4,FALSE)+VLOOKUP(VLOOKUP(G$1,main!$A$3:$I$56,7,FALSE),main!$K$10:$Q$14,3,FALSE),1,0) -> 0 | H10: =IF(VLOOKUP(H$1,main!$A$3:$I$56,5,FALSE)-VLOOKUP($A10,main!$A$3:$I$56,6,FALSE)>=VLOOKUP(55,main!$A$57:$I$59,4,FALSE)+VLOOKUP(VLOOKUP(H$1,main!$A$3:$I$56,7,FALSE),main!$K$10:$Q$14,3,FALSE),1,0) -> 0 | I10: =IF(VLOOKUP(I$1,main!$A$3:$I$56,5,FALSE)-VLOOKUP($A10,main!$A$3:$I$56,6,FALSE)>=VLOOKUP(55,main!$A$57:$I$59,4,FALSE)+VLOOKUP(VLOOKUP(I$1,main!$A$3:$I$56,7,FALSE),main!$K$10:$Q$14,3,FALSE),1,0) -> 0 | J10: =IF(VLOOKUP(J$1,main!$A$3:$I$56,5,FALSE)-VLOOKUP($A10,main!$A$3:$I$56,6,FALSE)>=VLOOKUP(55,main!$A$57:$I$59,4,FALSE)+VLOOKUP(VLOOKUP(J$1,main!$A$3:$I$56,7,FALSE),main!$K$10:$Q$14,3,FALSE),1,0) -> 0 | ... BD10: =IF(VLOOKUP(BD$1,main!$A$3:$I$56,5,FALSE)-VLOOKUP($A10,main!$A$3:$I$56,6,FALSE)>=VLOOKUP(55,main!$A$57:$I$59,4,FALSE)+VLOOKUP(VLOOKUP(BD$1,main!$A$3:$I$56,7,FALSE),main!$K$10:$Q$14,3,FALSE),1,0) -> 0
A11: =A10+1 -> 9 | B11: 0 | C11: =IF(VLOOKUP(C$1,main!$A$3:$I$56,5,FALSE)-VLOOKUP($A11,main!$A$3:$I$56,6,FALSE)>=VLOOKUP(55,main!$A$57:$I$59,4,FALSE)+VLOOKUP(VLOOKUP(C$1,main!$A$3:$I$56,7,FALSE),main!$K$10:$Q$14,3,FALSE),1,0) -> 0 | D11: =IF(VLOOKUP(D$1,main!$A$3:$I$56,5,FALSE)-VLOOKUP($A11,main!$A$3:$I$56,6,FALSE)>=VLOOKUP(55,main!$A$57:$I$59,4,FALSE)+VLOOKUP(VLOOKUP(D$1,main!$A$3:$I$56,7,FALSE),main!$K$10:$Q$14,3,FALSE),1,0) -> 0 | E11: =IF(VLOOKUP(E$1,main!$A$3:$I$56,5,FALSE)-VLOOKUP($A11,main!$A$3:$I$56,6,FALSE)>=VLOOKUP(55,main!$A$57:$I$59,4,FALSE)+VLOOKUP(VLOOKUP(E$1,main!$A$3:$I$56,7,FALSE),main!$K$10:$Q$14,3,FALSE),1,0) -> 1 | F11: =IF(VLOOKUP(F$1,main!$A$3:$I$56,5,FALSE)-VLOOKUP($A11,main!$A$3:$I$56,6,FALSE)>=VLOOKUP(55,main!$A$57:$I$59,4,FALSE)+VLOOKUP(VLOOKUP(F$1,main!$A$3:$I$56,7,FALSE),main!$K$10:$Q$14,3,FALSE),1,0) -> 1 | G11: =IF(VLOOKUP(G$1,main!$A$3:$I$56,5,FALSE)-VLOOKUP($A11,main!$A$3:$I$56,6,FALSE)>=VLOOKUP(55,main!$A$57:$I$59,4,FALSE)+VLOOKUP(VLOOKUP(G$1,main!$A$3:$I$56,7,FALSE),main!$K$10:$Q$14,3,FALSE),1,0) -> 1 | H11: =IF(VLOOKUP(H$1,main!$A$3:$I$56,5,FALSE)-VLOOKUP($A11,main!$A$3:$I$56,6,FALSE)>=VLOOKUP(55,main!$A$57:$I$59,4,FALSE)+VLOOKUP(VLOOKUP(H$1,main!$A$3:$I$56,7,FALSE),main!$K$10:$Q$14,3,FALSE),1,0) -> 1 | I11: =IF(VLOOKUP(I$1,main!$A$3:$I$56,5,FALSE)-VLOOKUP($A11,main!$A$3:$I$56,6,FALSE)>=VLOOKUP(55,main!$A$57:$I$59,4,FALSE)+VLOOKUP(VLOOKUP(I$1,main!$A$3:$I$56,7,FALSE),main!$K$10:$Q$14,3,FALSE),1,0) -> 1 | J11: =IF(VLOOKUP(J$1,main!$A$3:$I$56,5,FALSE)-VLOOKUP($A11,main!$A$3:$I$56,6,FALSE)>=VLOOKUP(55,main!$A$57:$I$59,4,FALSE)+VLOOKUP(VLOOKUP(J$1,main!$A$3:$I$56,7,FALSE),main!$K$10:$Q$14,3,FALSE),1,0) -> 1 | ... BD11: =IF(VLOOKUP(BD$1,main!$A$3:$I$56,5,FALSE)-VLOOKUP($A11,main!$A$3:$I$56,6,FALSE)>=VLOOKUP(55,main!$A$57:$I$59,4,FALSE)+VLOOKUP(VLOOKUP(BD$1,main!$A$3:$I$56,7,FALSE),main!$K$10:$Q$14,3,FALSE),1,0) -> 1
A12: =A11+1 -> 10 | B12: 0 | C12: =IF(VLOOKUP(C$1,main!$A$3:$I$56,5,FALSE)-VLOOKUP($A12,main!$A$3:$I$56,6,FALSE)>=VLOOKUP(55,main!$A$57:$I$59,4,FALSE)+VLOOKUP(VLOOKUP(C$1,main!$A$3:$I$56,7,FALSE),main!$K$10:$Q$14,3,FALSE),1,0) -> 0 | D12: =IF(VLOOKUP(D$1,main!$A$3:$I$56,5,FALSE)-VLOOKUP($A12,main!$A$3:$I$56,6,FALSE)>=VLOOKUP(55,main!$A$57:$I$59,4,FALSE)+VLOOKUP(VLOOKUP(D$1,main!$A$3:$I$56,7,FALSE),main!$K$10:$Q$14,3,FALSE),1,0) -> 0 | E12: =IF(VLOOKUP(E$1,main!$A$3:$I$56,5,FALSE)-VLOOKUP($A12,main!$A$3:$I$56,6,FALSE)>=VLOOKUP(55,main!$A$57:$I$59,4,FALSE)+VLOOKUP(VLOOKUP(E$1,main!$A$3:$I$56,7,FALSE),main!$K$10:$Q$14,3,FALSE),1,0) -> 0 | F12: =IF(VLOOKUP(F$1,main!$A$3:$I$56,5,FALSE)-VLOOKUP($A12,main!$A$3:$I$56,6,FALSE)>=VLOOKUP(55,main!$A$57:$I$59,4,FALSE)+VLOOKUP(VLOOKUP(F$1,main!$A$3:$I$56,7,FALSE),main!$K$10:$Q$14,3,FALSE),1,0) -> 1 | G12: =IF(VLOOKUP(G$1,main!$A$3:$I$56,5,FALSE)-VLOOKUP($A12,main!$A$3:$I$56,6,FALSE)>=VLOOKUP(55,main!$A$57:$I$59,4,FALSE)+VLOOKUP(VLOOKUP(G$1,main!$A$3:$I$56,7,FALSE),main!$K$10:$Q$14,3,FALSE),1,0) -> 1 | H12: =IF(VLOOKUP(H$1,main!$A$3:$I$56,5,FALSE)-VLOOKUP($A12,main!$A$3:$I$56,6,FALSE)>=VLOOKUP(55,main!$A$57:$I$59,4,FALSE)+VLOOKUP(VLOOKUP(H$1,main!$A$3:$I$56,7,FALSE),main!$K$10:$Q$14,3,FALSE),1,0) -> 1 | I12: =IF(VLOOKUP(I$1,main!$A$3:$I$56,5,FALSE)-VLOOKUP($A12,main!$A$3:$I$56,6,FALSE)>=VLOOKUP(55,main!$A$57:$I$59,4,FALSE)+VLOOKUP(VLOOKUP(I$1,main!$A$3:$I$56,7,FALSE),main!$K$10:$Q$14,3,FALSE),1,0) -> 1 | J12: =IF(VLOOKUP(J$1,main!$A$3:$I$56,5,FALSE)-VLOOKUP($A12,main!$A$3:$I$56,6,FALSE)>=VLOOKUP(55,main!$A$57:$I$59,4,FALSE)+VLOOKUP(VLOOKUP(J$1,main!$A$3:$I$56,7,FALSE),main!$K$10:$Q$14,3,FALSE),1,0) -> 1 | ... BD12: =IF(VLOOKUP(BD$1,main!$A$3:$I$56,5,FALSE)-VLOOKUP($A12,main!$A$3:$I$56,6,FALSE)>=VLOOKUP(55,main!$A$57:$I$59,4,FALSE)+VLOOKUP(VLOOKUP(BD$1,main!$A$3:$I$56,7,FALSE),main!$K$10:$Q$14,3,FALSE),1,0) -> 1
A13: =A12+1 -> 11 | B13: 0 | C13: =IF(VLOOKUP(C$1,main!$A$3:$I$56,5,FALSE)-VLOOKUP($A13,main!$A$3:$I$56,6,FALSE)>=VLOOKUP(55,main!$A$57:$I$59,4,FALSE)+VLOOKUP(VLOOKUP(C$1,main!$A$3:$I$56,7,FALSE),main!$K$10:$Q$14,3,FALSE),1,0) -> 0 | D13: =IF(VLOOKUP(D$1,main!$A$3:$I$56,5,FALSE)-VLOOKUP($A13,main!$A$3:$I$56,6,FALSE)>=VLOOKUP(55,main!$A$57:$I$59,4,FALSE)+VLOOKUP(VLOOKUP(D$1,main!$A$3:$I$56,7,FALSE),main!$K$10:$Q$14,3,FALSE),1,0) -> 0 | E13: =IF(VLOOKUP(E$1,main!$A$3:$I$56,5,FALSE)-VLOOKUP($A13,main!$A$3:$I$56,6,FALSE)>=VLOOKUP(55,main!$A$57:$I$59,4,FALSE)+VLOOKUP(VLOOKUP(E$1,main!$A$3:$I$56,7,FALSE),main!$K$10:$Q$14,3,FALSE),1,0) -> 0 | F13: =IF(VLOOKUP(F$1,main!$A$3:$I$56,5,FALSE)-VLOOKUP($A13,main!$A$3:$I$56,6,FALSE)>=VLOOKUP(55,main!$A$57:$I$59,4,FALSE)+VLOOKUP(VLOOKUP(F$1,main!$A$3:$I$56,7,FALSE),main!$K$10:$Q$14,3,FALSE),1,0) -> 0 | G13: =IF(VLOOKUP(G$1,main!$A$3:$I$56,5,FALSE)-VLOOKUP($A13,main!$A$3:$I$56,6,FALSE)>=VLOOKUP(55,main!$A$57:$I$59,4,FALSE)+VLOOKUP(VLOOKUP(G$1,main!$A$3:$I$56,7,FALSE),main!$K$10:$Q$14,3,FALSE),1,0) -> 0 | H13: =IF(VLOOKUP(H$1,main!$A$3:$I$56,5,FALSE)-VLOOKUP($A13,main!$A$3:$I$56,6,FALSE)>=VLOOKUP(55,main!$A$57:$I$59,4,FALSE)+VLOOKUP(VLOOKUP(H$1,main!$A$3:$I$56,7,FALSE),main!$K$10:$Q$14,3,FALSE),1,0) -> 1 | I13: =IF(VLOOKUP(I$1,main!$A$3:$I$56,5,FALSE)-VLOOKUP($A13,main!$A$3:$I$56,6,FALSE)>=VLOOKUP(55,main!$A$57:$I$59,4,FALSE)+VLOOKUP(VLOOKUP(I$1,main!$A$3:$I$56,7,FALSE),main!$K$10:$Q$14,3,FALSE),1,0) -> 1 | J13: =IF(VLOOKUP(J$1,main!$A$3:$I$56,5,FALSE)-VLOOKUP($A13,main!$A$3:$I$56,6,FALSE)>=VLOOKUP(55,main!$A$57:$I$59,4,FALSE)+VLOOKUP(VLOOKUP(J$1,main!$A$3:$I$56,7,FALSE),main!$K$10:$Q$14,3,FALSE),1,0) -> 1 | ... BD13: =IF(VLOOKUP(BD$1,main!$A$3:$I$56,5,FALSE)-VLOOKUP($A13,main!$A$3:$I$56,6,FALSE)>=VLOOKUP(55,main!$A$57:$I$59,4,FALSE)+VLOOKUP(VLOOKUP(BD$1,main!$A$3:$I$56,7,FALSE),main!$K$10:$Q$14,3,FALSE),1,0) -> 0
A14: =A13+1 -> 12 | B14: 0 | C14: =IF(VLOOKUP(C$1,main!$A$3:$I$56,5,FALSE)-VLOOKUP($A14,main!$A$3:$I$56,6,FALSE)>=VLOOKUP(55,main!$A$57:$I$59,4,FALSE)+VLOOKUP(VLOOKUP(C$1,main!$A$3:$I$56,7,FALSE),main!$K$10:$Q$14,3,FALSE),1,0) -> 0 | D14: =IF(VLOOKUP(D$1,main!$A$3:$I$56,5,FALSE)-VLOOKUP($A14,main!$A$3:$I$56,6,FALSE)>=VLOOKUP(55,main!$A$57:$I$59,4,FALSE)+VLOOKUP(VLOOKUP(D$1,main!$A$3:$I$56,7,FALSE),main!$K$10:$Q$14,3,FALSE),1,0) -> 0 | E14: =IF(VLOOKUP(E$1,main!$A$3:$I$56,5,FALSE)-VLOOKUP($A14,main!$A$3:$I$56,6,FALSE)>=VLOOKUP(55,main!$A$57:$I$59,4,FALSE)+VLOOKUP(VLOOKUP(E$1,main!$A$3:$I$56,7,FALSE),main!$K$10:$Q$14,3,FALSE),1,0) -> 0 | F14: =IF(VLOOKUP(F$1,main!$A$3:$I$56,5,FALSE)-VLOOKUP($A14,main!$A$3:$I$56,6,FALSE)>=VLOOKUP(55,main!$A$57:$I$59,4,FALSE)+VLOOKUP(VLOOKUP(F$1,main!$A$3:$I$56,7,FALSE),main!$K$10:$Q$14,3,FALSE),1,0) -> 0 | G14: =IF(VLOOKUP(G$1,main!$A$3:$I$56,5,FALSE)-VLOOKUP($A14,main!$A$3:$I$56,6,FALSE)>=VLOOKUP(55,main!$A$57:$I$59,4,FALSE)+VLOOKUP(VLOOKUP(G$1,main!$A$3:$I$56,7,FALSE),main!$K$10:$Q$14,3,FALSE),1,0) -> 0 | H14: =IF(VLOOKUP(H$1,main!$A$3:$I$56,5,FALSE)-VLOOKUP($A14,main!$A$3:$I$56,6,FALSE)>=VLOOKUP(55,main!$A$57:$I$59,4,FALSE)+VLOOKUP(VLOOKUP(H$1,main!$A$3:$I$56,7,FALSE),main!$K$10:$Q$14,3,FALSE),1,0) -> 0 | I14: =IF(VLOOKUP(I$1,main!$A$3:$I$56,5,FALSE)-VLOOKUP($A14,main!$A$3:$I$56,6,FALSE)>=VLOOKUP(55,main!$A$57:$I$59,4,FALSE)+VLOOKUP(VLOOKUP(I$1,main!$A$3:$I$56,7,FALSE),main!$K$10:$Q$14,3,FALSE),1,0) -> 0 | J14: =IF(VLOOKUP(J$1,main!$A$3:$I$56,5,FALSE)-VLOOKUP($A14,main!$A$3:$I$56,6,FALSE)>=VLOOKUP(55,main!$A$57:$I$59,4,FALSE)+VLOOKUP(VLOOKUP(J$1,main!$A$3:$I$56,7,FALSE),main!$K$10:$Q$14,3,FALSE),1,0) -> 0 | ... BD14: =IF(VLOOKUP(BD$1,main!$A$3:$I$56,5,FALSE)-VLOOKUP($A14,main!$A$3:$I$56,6,FALSE)>=VLOOKUP(55,main!$A$57:$I$59,4,FALSE)+VLOOKUP(VLOOKUP(BD$1,main!$A$3:$I$56,7,FALSE),main!$K$10:$Q$14,3,FALSE),1,0) -> 0
... A56: =A55+1 -> 54 | B56: 0 | C56: =IF(VLOOKUP(C$1,main!$A$3:$I$56,5,FALSE)-VLOOKUP($A56,main!$A$3:$I$56,6,FALSE)>=VLOOKUP(55,main!$A$57:$I$59,4,FALSE)+VLOOKUP(VLOOKUP(C$1,main!$A$3:$I$56,7,FALSE),main!$K$10:$Q$14,3,FALSE),1,0) -> 0 | D56: =IF(VLOOKUP(D$1,main!$A$3:$I$56,5,FALSE)-VLOOKUP($A56,main!$A$3:$I$56,6,FALSE)>=VLOOKUP(55,main!$A$57:$I$59,4,FALSE)+VLOOKUP(VLOOKUP(D$1,main!$A$3:$I$56,7,FALSE),main!$K$10:$Q$14,3,FALSE),1,0) -> 0 | E56: =IF(VLOOKUP(E$1,main!$A$3:$I$56,5,FALSE)-VLOOKUP($A56,main!$A$3:$I$56,6,FALSE)>=VLOOKUP(55,main!$A$57:$I$59,4,FALSE)+VLOOKUP(VLOOKUP(E$1,main!$A$3:$I$56,7,FALSE),main!$K$10:$Q$14,3,FALSE),1,0) -> 0 | F56: =IF(VLOOKUP(F$1,main!$A$3:$I$56,5,FALSE)-VLOOKUP($A56,main!$A$3:$I$56,6,FALSE)>=VLOOKUP(55,main!$A$57:$I$59,4,FALSE)+VLOOKUP(VLOOKUP(F$1,main!$A$3:$I$56,7,FALSE),main!$K$10:$Q$14,3,FALSE),1,0) -> 0 | G56: =IF(VLOOKUP(G$1,main!$A$3:$I$56,5,FALSE)-VLOOKUP($A56,main!$A$3:$I$56,6,FALSE)>=VLOOKUP(55,main!$A$57:$I$59,4,FALSE)+VLOOKUP(VLOOKUP(G$1,main!$A$3:$I$56,7,FALSE),main!$K$10:$Q$14,3,FALSE),1,0) -> 0 | H56: =IF(VLOOKUP(H$1,main!$A$3:$I$56,5,FALSE)-VLOOKUP($A56,main!$A$3:$I$56,6,FALSE)>=VLOOKUP(55,main!$A$57:$I$59,4,FALSE)+VLOOKUP(VLOOKUP(H$1,main!$A$3:$I$56,7,FALSE),main!$K$10:$Q$14,3,FALSE),1,0) -> 0 | I56: =IF(VLOOKUP(I$1,main!$A$3:$I$56,5,FALSE)-VLOOKUP($A56,main!$A$3:$I$56,6,FALSE)>=VLOOKUP(55,main!$A$57:$I$59,4,FALSE)+VLOOKUP(VLOOKUP(I$1,main!$A$3:$I$56,7,FALSE),main!$K$10:$Q$14,3,FALSE),1,0) -> 0 | J56: =IF(VLOOKUP(J$1,main!$A$3:$I$56,5,FALSE)-VLOOKUP($A56,main!$A$3:$I$56,6,FALSE)>=VLOOKUP(55,main!$A$57:$I$59,4,FALSE)+VLOOKUP(VLOOKUP(J$1,main!$A$3:$I$56,7,FALSE),main!$K$10:$Q$14,3,FALSE),1,0) -> 1 | ... BD56: =IF(VLOOKUP(BD$1,main!$A$3:$I$56,5,FALSE)-VLOOKUP($A56,main!$A$3:$I$56,6,FALSE)>=VLOOKUP(55,main!$A$57:$I$59,4,FALSE)+VLOOKUP(VLOOKUP(BD$1,main!$A$3:$I$56,7,FALSE),main!$K$10:$Q$14,3,FALSE),1,0) -> 0
A57: 0 | B57: 0 | C57: 1 | D57: 1 | E57: 1 | F57: 1 | G57: 1 | H57: 1 | I57: 1 | J57: 1 | K57: 1 | L57: 1 | M57: 1 | N57: 1 | O57: 1 | P57: 1 | Q57: 1 | R57: 1 | S57: 1 | T57: 1 | U57: 1 | V57: 1 | W57: 1 | X57: 1 | Y57: 1 | Z57: 1 | AA57: 1 | AB57: 1 | AC57: 1 | AD57: 1 | AE57: 1 | AF57: 1 | AG57: 1 | AH57: 1 | AI57: 1 | AJ57: 1 | AK57: 1 | AL57: 1 | AM57: 1 | AN57: 1 | AO57: 1 | AP57: 1 | AQ57: 1 | AR57: 1 | AS57: 1 | AT57: 1 | AU57: 1 | AV57: 1 | AW57: 1 | AX57: 1 | AY57: 1 | AZ57: 1 | BA57: 1 | BB57: 1 | BC57: 1 | BD57: 1
A58: =A57+1 -> 1 | B58: 0 | C58: =IF(VLOOKUP(C$1,main!$A$3:$I$56,5,FALSE)-VLOOKUP($A58,main!$A$3:$I$56,6,FALSE)>=VLOOKUP(56,main!$A$57:$I$59,4,FALSE)+VLOOKUP(VLOOKUP(C$1,main!$A$3:$I$56,7,FALSE),main!$K$10:$Q$14,4,FALSE),1,0) -> 0 | D58: =IF(VLOOKUP(D$1,main!$A$3:$I$56,5,FALSE)-VLOOKUP($A58,main!$A$3:$I$56,6,FALSE)>=VLOOKUP(56,main!$A$57:$I$59,4,FALSE)+VLOOKUP(VLOOKUP(D$1,main!$A$3:$I$56,7,FALSE),main!$K$10:$Q$14,4,FALSE),1,0) -> 0 | E58: =IF(VLOOKUP(E$1,main!$A$3:$I$56,5,FALSE)-VLOOKUP($A58,main!$A$3:$I$56,6,FALSE)>=VLOOKUP(56,main!$A$57:$I$59,4,FALSE)+VLOOKUP(VLOOKUP(E$1,main!$A$3:$I$56,7,FALSE),main!$K$10:$Q$14,4,FALSE),1,0) -> 1 | F58: =IF(VLOOKUP(F$1,main!$A$3:$I$56,5,FALSE)-VLOOKUP($A58,main!$A$3:$I$56,6,FALSE)>=VLOOKUP(56,main!$A$57:$I$59,4,FALSE)+VLOOKUP(VLOOKUP(F$1,main!$A$3:$I$56,7,FALSE),main!$K$10:$Q$14,4,FALSE),1,0) -> 1 | G58: =IF(VLOOKUP(G$1,main!$A$3:$I$56,5,FALSE)-VLOOKUP($A58,main!$A$3:$I$56,6,FALSE)>=VLOOKUP(56,main!$A$57:$I$59,4,FALSE)+VLOOKUP(VLOOKUP(G$1,main!$A$3:$I$56,7,FALSE),main!$K$10:$Q$14,4,FALSE),1,0) -> 1 | H58: =IF(VLOOKUP(H$1,main!$A$3:$I$56,5,FALSE)-VLOOKUP($A58,main!$A$3:$I$56,6,FALSE)>=VLOOKUP(56,main!$A$57:$I$59,4,FALSE)+VLOOKUP(VLOOKUP(H$1,main!$A$3:$I$56,7,FALSE),main!$K$10:$Q$14,4,FALSE),1,0) -> 1 | I58: =IF(VLOOKUP(I$1,main!$A$3:$I$56,5,FALSE)-VLOOKUP($A58,main!$A$3:$I$56,6,FALSE)>=VLOOKUP(56,main!$A$57:$I$59,4,FALSE)+VLOOKUP(VLOOKUP(I$1,main!$A$3:$I$56,7,FALSE),main!$K$10:$Q$14,4,FALSE),1,0) -> 1 | J58: =IF(VLOOKUP(J$1,main!$A$3:$I$56,5,FALSE)-VLOOKUP($A58,main!$A$3:$I$56,6,FALSE)>=VLOOKUP(56,main!$A$57:$I$59,4,FALSE)+VLOOKUP(VLOOKUP(J$1,main!$A$3:$I$56,7,FALSE),main!$K$10:$Q$14,4,FALSE),1,0) -> 1 | ... BD58: =IF(VLOOKUP(BD$1,main!$A$3:$I$56,5,FALSE)-VLOOKUP($A58,main!$A$3:$I$56,6,FALSE)>=VLOOKUP(56,main!$A$57:$I$59,4,FALSE)+VLOOKUP(VLOOKUP(BD$1,main!$A$3:$I$56,7,FALSE),main!$K$10:$Q$14,4,FALSE),1,0) -> 1
A59: =A58+1 -> 2 | B59: 0 | C59: =IF(VLOOKUP(C$1,main!$A$3:$I$56,5,FALSE)-VLOOKUP($A59,main!$A$3:$I$56,6,FALSE)>=VLOOKUP(56,main!$A$57:$I$59,4,FALSE)+VLOOKUP(VLOOKUP(C$1,main!$A$3:$I$56,7,FALSE),main!$K$10:$Q$14,4,FALSE),1,0) -> 0 | D59: =IF(VLOOKUP(D$1,main!$A$3:$I$56,5,FALSE)-VLOOKUP($A59,main!$A$3:$I$56,6,FALSE)>=VLOOKUP(56,main!$A$57:$I$59,4,FALSE)+VLOOKUP(VLOOKUP(D$1,main!$A$3:$I$56,7,FALSE),main!$K$10:$Q$14,4,FALSE),1,0) -> 0 | E59: =IF(VLOOKUP(E$1,main!$A$3:$I$56,5,FALSE)-VLOOKUP($A59,main!$A$3:$I$56,6,FALSE)>=VLOOKUP(56,main!$A$57:$I$59,4,FALSE)+VLOOKUP(VLOOKUP(E$1,main!$A$3:$I$56,7,FALSE),main!$K$10:$Q$14,4,FALSE),1,0) -> 0 | F59: =IF(VLOOKUP(F$1,main!$A$3:$I$56,5,FALSE)-VLOOKUP($A59,main!$A$3:$I$56,6,FALSE)>=VLOOKUP(56,main!$A$57:$I$59,4,FALSE)+VLOOKUP(VLOOKUP(F$1,main!$A$3:$I$56,7,FALSE),main!$K$10:$Q$14,4,FALSE),1,0) -> 0 | G59: =IF(VLOOKUP(G$1,main!$A$3:$I$56,5,FALSE)-VLOOKUP($A59,main!$A$3:$I$56,6,FALSE)>=VLOOKUP(56,main!$A$57:$I$59,4,FALSE)+VLOOKUP(VLOOKUP(G$1,main!$A$3:$I$56,7,FALSE),main!$K$10:$Q$14,4,FALSE),1,0) -> 1 | H59: =IF(VLOOKUP(H$1,main!$A$3:$I$56,5,FALSE)-VLOOKUP($A59,main!$A$3:$I$56,6,FALSE)>=VLOOKUP(56,main!$A$57:$I$59,4,FALSE)+VLOOKUP(VLOOKUP(H$1,main!$A$3:$I$56,7,FALSE),main!$K$10:$Q$14,4,FALSE),1,0) -> 1 | I59: =IF(VLOOKUP(I$1,main!$A$3:$I$56,5,FALSE)-VLOOKUP($A59,main!$A$3:$I$56,6,FALSE)>=VLOOKUP(56,main!$A$57:$I$59,4,FALSE)+VLOOKUP(VLOOKUP(I$1,main!$A$3:$I$56,7,FALSE),main!$K$10:$Q$14,4,FALSE),1,0) -> 1 | J59: =IF(VLOOKUP(J$1,main!$A$3:$I$56,5,FALSE)-VLOOKUP($A59,main!$A$3:$I$56,6,FALSE)>=VLOOKUP(56,main!$A$57:$I$59,4,FALSE)+VLOOKUP(VLOOKUP(J$1,main!$A$3:$I$56,7,FALSE),main!$K$10:$Q$14,4,FALSE),1,0) -> 1 | ... BD59: =IF(VLOOKUP(BD$1,main!$A$3:$I$56,5,FALSE)-VLOOKUP($A59,main!$A$3:$I$56,6,FALSE)>=VLOOKUP(56,main!$A$57:$I$59,4,FALSE)+VLOOKUP(VLOOKUP(BD$1,main!$A$3:$I$56,7,FALSE),main!$K$10:$Q$14,4,FALSE),1,0) -> 0
A60: =A59+1 -> 3 | B60: 0 | C60: =IF(VLOOKUP(C$1,main!$A$3:$I$56,5,FALSE)-VLOOKUP($A60,main!$A$3:$I$56,6,FALSE)>=VLOOKUP(56,main!$A$57:$I$59,4,FALSE)+VLOOKUP(VLOOKUP(C$1,main!$A$3:$I$56,7,FALSE),main!$K$10:$Q$14,4,FALSE),1,0) -> 0 | D60: =IF(VLOOKUP(D$1,main!$A$3:$I$56,5,FALSE)-VLOOKUP($A60,main!$A$3:$I$56,6,FALSE)>=VLOOKUP(56,main!$A$57:$I$59,4,FALSE)+VLOOKUP(VLOOKUP(D$1,main!$A$3:$I$56,7,FALSE),main!$K$10:$Q$14,4,FALSE),1,0) -> 0 | E60: =IF(VLOOKUP(E$1,main!$A$3:$I$56,5,FALSE)-VLOOKUP($A60,main!$A$3:$I$56,6,FALSE)>=VLOOKUP(56,main!$A$57:$I$59,4,FALSE)+VLOOKUP(VLOOKUP(E$1,main!$A$3:$I$56,7,FALSE),main!$K$10:$Q$14,4,FALSE),1,0) -> 0 | F60: =IF(VLOOKUP(F$1,main!$A$3:$I$56,5,FALSE)-VLOOKUP($A60,main!$A$3:$I$56,6,FALSE)>=VLOOKUP(56,main!$A$57:$I$59,4,FALSE)+VLOOKUP(VLOOKUP(F$1,main!$A$3:$I$56,7,FALSE),main!$K$10:$Q$14,4,FALSE),1,0) -> 0 | G60: =IF(VLOOKUP(G$1,main!$A$3:$I$56,5,FALSE)-VLOOKUP($A60,main!$A$3:$I$56,6,FALSE)>=VLOOKUP(56,main!$A$57:$I$59,4,FALSE)+VLOOKUP(VLOOKUP(G$1,main!$A$3:$I$56,7,FALSE),main!$K$10:$Q$14,4,FALSE),1,0) -> 0 | H60: =IF(VLOOKUP(H$1,main!$A$3:$I$56,5,FALSE)-VLOOKUP($A60,main!$A$3:$I$56,6,FALSE)>=VLOOKUP(56,main!$A$57:$I$59,4,FALSE)+VLOOKUP(VLOOKUP(H$1,main!$A$3:$I$56,7,FALSE),main!$K$10:$Q$14,4,FALSE),1,0) -> 1 | I60: =IF(VLOOKUP(I$1,main!$A$3:$I$56,5,FALSE)-VLOOKUP($A60,main!$A$3:$I$56,6,FALSE)>=VLOOKUP(56,main!$A$57:$I$59,4,FALSE)+VLOOKUP(VLOOKUP(I$1,main!$A$3:$I$56,7,FALSE),main!$K$10:$Q$14,4,FALSE),1,0) -> 1 | J60: =IF(VLOOKUP(J$1,main!$A$3:$I$56,5,FALSE)-VLOOKUP($A60,main!$A$3:$I$56,6,FALSE)>=VLOOKUP(56,main!$A$57:$I$59,4,FALSE)+VLOOKUP(VLOOKUP(J$1,main!$A$3:$I$56,7,FALSE),main!$K$10:$Q$14,4,FALSE),1,0) -> 1 | ... BD60: =IF(VLOOKUP(BD$1,main!$A$3:$I$56,5,FALSE)-VLOOKUP($A60,main!$A$3:$I$56,6,FALSE)>=VLOOKUP(56,main!$A$57:$I$59,4,FALSE)+VLOOKUP(VLOOKUP(BD$1,main!$A$3:$I$56,7,FALSE),main!$K$10:$Q$14,4,FALSE),1,0) -> 0
A61: =A60+1 -> 4 | B61: 0 | C61: =IF(VLOOKUP(C$1,main!$A$3:$I$56,5,FALSE)-VLOOKUP($A61,main!$A$3:$I$56,6,FALSE)>=VLOOKUP(56,main!$A$57:$I$59,4,FALSE)+VLOOKUP(VLOOKUP(C$1,main!$A$3:$I$56,7,FALSE),main!$K$10:$Q$14,4,FALSE),1,0) -> 0 | D61: =IF(VLOOKUP(D$1,main!$A$3:$I$56,5,FALSE)-VLOOKUP($A61,main!$A$3:$I$56,6,FALSE)>=VLOOKUP(56,main!$A$57:$I$59,4,FALSE)+VLOOKUP(VLOOKUP(D$1,main!$A$3:$I$56,7,FALSE),main!$K$10:$Q$14,4,FALSE),1,0) -> 0 | E61: =IF(VLOOKUP(E$1,main!$A$3:$I$56,5,FALSE)-VLOOKUP($A61,main!$A$3:$I$56,6,FALSE)>=VLOOKUP(56,main!$A$57:$I$59,4,FALSE)+VLOOKUP(VLOOKUP(E$1,main!$A$3:$I$56,7,FALSE),main!$K$10:$Q$14,4,FALSE),1,0) -> 0 | F61: =IF(VLOOKUP(F$1,main!$A$3:$I$56,5,FALSE)-VLOOKUP($A61,main!$A$3:$I$56,6,FALSE)>=VLOOKUP(56,main!$A$57:$I$59,4,FALSE)+VLOOKUP(VLOOKUP(F$1,main!$A$3:$I$56,7,FALSE),main!$K$10:$Q$14,4,FALSE),1,0) -> 0 | G61: =IF(VLOOKUP(G$1,main!$A$3:$I$56,5,FALSE)-VLOOKUP($A61,main!$A$3:$I$56,6,FALSE)>=VLOOKUP(56,main!$A$57:$I$59,4,FALSE)+VLOOKUP(VLOOKUP(G$1,main!$A$3:$I$56,7,FALSE),main!$K$10:$Q$14,4,FALSE),1,0) -> 0 | H61: =IF(VLOOKUP(H$1,main!$A$3:$I$56,5,FALSE)-VLOOKUP($A61,main!$A$3:$I$56,6,FALSE)>=VLOOKUP(56,main!$A$57:$I$59,4,FALSE)+VLOOKUP(VLOOKUP(H$1,main!$A$3:$I$56,7,FALSE),main!$K$10:$Q$14,4,FALSE),1,0) -> 0 | I61: =IF(VLOOKUP(I$1,main!$A$3:$I$56,5,FALSE)-VLOOKUP($A61,main!$A$3:$I$56,6,FALSE)>=VLOOKUP(56,main!$A$57:$I$59,4,FALSE)+VLOOKUP(VLOOKUP(I$1,main!$A$3:$I$56,7,FALSE),main!$K$10:$Q$14,4,FALSE),1,0) -> 0 | J61: =IF(VLOOKUP(J$1,main!$A$3:$I$56,5,FALSE)-VLOOKUP($A61,main!$A$3:$I$56,6,FALSE)>=VLOOKUP(56,main!$A$57:$I$59,4,FALSE)+VLOOKUP(VLOOKUP(J$1,main!$A$3:$I$56,7,FALSE),main!$K$10:$Q$14,4,FALSE),1,0) -> 1 | ... BD61: =IF(VLOOKUP(BD$1,main!$A$3:$I$56,5,FALSE)-VLOOKUP($A61,main!$A$3:$I$56,6,FALSE)>=VLOOKUP(56,main!$A$57:$I$59,4,FALSE)+VLOOKUP(VLOOKUP(BD$1,main!$A$3:$I$56,7,FALSE),main!$K$10:$Q$14,4,FALSE),1,0) -> 0
A62: =A61+1 -> 5 | B62: 0 | C62: =IF(VLOOKUP(C$1,main!$A$3:$I$56,5,FALSE)-VLOOKUP($A62,main!$A$3:$I$56,6,FALSE)>=VLOOKUP(56,main!$A$57:$I$59,4,FALSE)+VLOOKUP(VLOOKUP(C$1,main!$A$3:$I$56,7,FALSE),main!$K$10:$Q$14,4,FALSE),1,0) -> 0 | D62: =IF(VLOOKUP(D$1,main!$A$3:$I$56,5,FALSE)-VLOOKUP($A62,main!$A$3:$I$56,6,FALSE)>=VLOOKUP(56,main!$A$57:$I$59,4,FALSE)+VLOOKUP(VLOOKUP(D$1,main!$A$3:$I$56,7,FALSE),main!$K$10:$Q$14,4,FALSE),1,0) -> 0 | E62: =IF(VLOOKUP(E$1,main!$A$3:$I$56,5,FALSE)-VLOOKUP($A62,main!$A$3:$I$56,6,FALSE)>=VLOOKUP(56,main!$A$57:$I$59,4,FALSE)+VLOOKUP(VLOOKUP(E$1,main!$A$3:$I$56,7,FALSE),main!$K$10:$Q$14,4,FALSE),1,0) -> 0 | F62: =IF(VLOOKUP(F$1,main!$A$3:$I$56,5,FALSE)-VLOOKUP($A62,main!$A$3:$I$56,6,FALSE)>=VLOOKUP(56,main!$A$57:$I$59,4,FALSE)+VLOOKUP(VLOOKUP(F$1,main!$A$3:$I$56,7,FALSE),main!$K$10:$Q$14,4,FALSE),1,0) -> 0 | G62: =IF(VLOOKUP(G$1,main!$A$3:$I$56,5,FALSE)-VLOOKUP($A62,main!$A$3:$I$56,6,FALSE)>=VLOOKUP(56,main!$A$57:$I$59,4,FALSE)+VLOOKUP(VLOOKUP(G$1,main!$A$3:$I$56,7,FALSE),main!$K$10:$Q$14,4,FALSE),1,0) -> 0 | H62: =IF(VLOOKUP(H$1,main!$A$3:$I$56,5,FALSE)-VLOOKUP($A62,main!$A$3:$I$56,6,FALSE)>=VLOOKUP(56,main!$A$57:$I$59,4,FALSE)+VLOOKUP(VLOOKUP(H$1,main!$A$3:$I$56,7,FALSE),main!$K$10:$Q$14,4,FALSE),1,0) -> 0 | I62: =IF(VLOOKUP(I$1,main!$A$3:$I$56,5,FALSE)-VLOOKUP($A62,main!$A$3:$I$56,6,FALSE)>=VLOOKUP(56,main!$A$57:$I$59,4,FALSE)+VLOOKUP(VLOOKUP(I$1,main!$A$3:$I$56,7,FALSE),main!$K$10:$Q$14,4,FALSE),1,0) -> 0 | J62: =IF(VLOOKUP(J$1,main!$A$3:$I$56,5,FALSE)-VLOOKUP($A62,main!$A$3:$I$56,6,FALSE)>=VLOOKUP(56,main!$A$57:$I$59,4,FALSE)+VLOOKUP(VLOOKUP(J$1,main!$A$3:$I$56,7,FALSE),main!$K$10:$Q$14,4,FALSE),1,0) -> 1 | ... BD62: =IF(VLOOKUP(BD$1,main!$A$3:$I$56,5,FALSE)-VLOOKUP($A62,main!$A$3:$I$56,6,FALSE)>=VLOOKUP(56,main!$A$57:$I$59,4,FALSE)+VLOOKUP(VLOOKUP(BD$1,main!$A$3:$I$56,7,FALSE),main!$K$10:$Q$14,4,FALSE),1,0) -> 0
A63: =A62+1 -> 6 | B63: 0 | C63: =IF(VLOOKUP(C$1,main!$A$3:$I$56,5,FALSE)-VLOOKUP($A63,main!$A$3:$I$56,6,FALSE)>=VLOOKUP(56,main!$A$57:$I$59,4,FALSE)+VLOOKUP(VLOOKUP(C$1,main!$A$3:$I$56,7,FALSE),main!$K$10:$Q$14,4,FALSE),1,0) -> 0 | D63: =IF(VLOOKUP(D$1,main!$A$3:$I$56,5,FALSE)-VLOOKUP($A63,main!$A$3:$I$56,6,FALSE)>=VLOOKUP(56,main!$A$57:$I$59,4,FALSE)+VLOOKUP(VLOOKUP(D$1,main!$A$3:$I$56,7,FALSE),main!$K$10:$Q$14,4,FALSE),1,0) -> 0 | E63: =IF(VLOOKUP(E$1,main!$A$3:$I$56,5,FALSE)-VLOOKUP($A63,main!$A$3:$I$56,6,FALSE)>=VLOOKUP(56,main!$A$57:$I$59,4,FALSE)+VLOOKUP(VLOOKUP(E$1,main!$A$3:$I$56,7,FALSE),main!$K$10:$Q$14,4,FALSE),1,0) -> 0 | F63: =IF(VLOOKUP(F$1,main!$A$3:$I$56,5,FALSE)-VLOOKUP($A63,main!$A$3:$I$56,6,FALSE)>=VLOOKUP(56,main!$A$57:$I$59,4,FALSE)+VLOOKUP(VLOOKUP(F$1,main!$A$3:$I$56,7,FALSE),main!$K$10:$Q$14,4,FALSE),1,0) -> 0 | G63: =IF(VLOOKUP(G$1,main!$A$3:$I$56,5,FALSE)-VLOOKUP($A63,main!$A$3:$I$56,6,FALSE)>=VLOOKUP(56,main!$A$57:$I$59,4,FALSE)+VLOOKUP(VLOOKUP(G$1,main!$A$3:$I$56,7,FALSE),main!$K$10:$Q$14,4,FALSE),1,0) -> 0 | H63: =IF(VLOOKUP(H$1,main!$A$3:$I$56,5,FALSE)-VLOOKUP($A63,main!$A$3:$I$56,6,FALSE)>=VLOOKUP(56,main!$A$57:$I$59,4,FALSE)+VLOOKUP(VLOOKUP(H$1,main!$A$3:$I$56,7,FALSE),main!$K$10:$Q$14,4,FALSE),1,0) -> 0 | I63: =IF(VLOOKUP(I$1,main!$A$3:$I$56,5,FALSE)-VLOOKUP($A63,main!$A$3:$I$56,6,FALSE)>=VLOOKUP(56,main!$A$57:$I$59,4,FALSE)+VLOOKUP(VLOOKUP(I$1,main!$A$3:$I$56,7,FALSE),main!$K$10:$Q$14,4,FALSE),1,0) -> 0 | J63: =IF(VLOOKUP(J$1,main!$A$3:$I$56,5,FALSE)-VLOOKUP($A63,main!$A$3:$I$56,6,FALSE)>=VLOOKUP(56,main!$A$57:$I$59,4,FALSE)+VLOOKUP(VLOOKUP(J$1,main!$A$3:$I$56,7,FALSE),main!$K$10:$Q$14,4,FALSE),1,0) -> 0 | ... BD63: =IF(VLOOKUP(BD$1,main!$A$3:$I$56,5,FALSE)-VLOOKUP($A63,main!$A$3:$I$56,6,FALSE)>=VLOOKUP(56,main!$A$57:$I$59,4,FALSE)+VLOOKUP(VLOOKUP(BD$1,main!$A$3:$I$56,7,FALSE),main!$K$10:$Q$14,4,FALSE),1,0) -> 0
A64: =A63+1 -> 7 | B64: 0 | C64: =IF(VLOOKUP(C$1,main!$A$3:$I$56,5,FALSE)-VLOOKUP($A64,main!$A$3:$I$56,6,FALSE)>=VLOOKUP(56,main!$A$57:$I$59,4,FALSE)+VLOOKUP(VLOOKUP(C$1,main!$A$3:$I$56,7,FALSE),main!$K$10:$Q$14,4,FALSE),1,0) -> 0 | D64: =IF(VLOOKUP(D$1,main!$A$3:$I$56,5,FALSE)-VLOOKUP($A64,main!$A$3:$I$56,6,FALSE)>=VLOOKUP(56,main!$A$57:$I$59,4,FALSE)+VLOOKUP(VLOOKUP(D$1,main!$A$3:$I$56,7,FALSE),main!$K$10:$Q$14,4,FALSE),1,0) -> 0 | E64: =IF(VLOOKUP(E$1,main!$A$3:$I$56,5,FALSE)-VLOOKUP($A64,main!$A$3:$I$56,6,FALSE)>=VLOOKUP(56,main!$A$57:$I$59,4,FALSE)+VLOOKUP(VLOOKUP(E$1,main!$A$3:$I$56,7,FALSE),main!$K$10:$Q$14,4,FALSE),1,0) -> 0 | F64: =IF(VLOOKUP(F$1,main!$A$3:$I$56,5,FALSE)-VLOOKUP($A64,main!$A$3:$I$56,6,FALSE)>=VLOOKUP(56,main!$A$57:$I$59,4,FALSE)+VLOOKUP(VLOOKUP(F$1,main!$A$3:$I$56,7,FALSE),main!$K$10:$Q$14,4,FALSE),1,0) -> 0 | G64: =IF(VLOOKUP(G$1,main!$A$3:$I$56,5,FALSE)-VLOOKUP($A64,main!$A$3:$I$56,6,FALSE)>=VLOOKUP(56,main!$A$57:$I$59,4,FALSE)+VLOOKUP(VLOOKUP(G$1,main!$A$3:$I$56,7,FALSE),main!$K$10:$Q$14,4,FALSE),1,0) -> 0 | H64: =IF(VLOOKUP(H$1,main!$A$3:$I$56,5,FALSE)-VLOOKUP($A64,main!$A$3:$I$56,6,FALSE)>=VLOOKUP(56,main!$A$57:$I$59,4,FALSE)+VLOOKUP(VLOOKUP(H$1,main!$A$3:$I$56,7,FALSE),main!$K$10:$Q$14,4,FALSE),1,0) -> 0 | I64: =IF(VLOOKUP(I$1,main!$A$3:$I$56,5,FALSE)-VLOOKUP($A64,main!$A$3:$I$56,6,FALSE)>=VLOOKUP(56,main!$A$57:$I$59,4,FALSE)+VLOOKUP(VLOOKUP(I$1,main!$A$3:$I$56,7,FALSE),main!$K$10:$Q$14,4,FALSE),1,0) -> 0 | J64: =IF(VLOOKUP(J$1,main!$A$3:$I$56,5,FALSE)-VLOOKUP($A64,main!$A$3:$I$56,6,FALSE)>=VLOOKUP(56,main!$A$57:$I$59,4,FALSE)+VLOOKUP(VLOOKUP(J$1,main!$A$3:$I$56,7,FALSE),main!$K$10:$Q$14,4,FALSE),1,0) -> 0 | ... BD64: =IF(VLOOKUP(BD$1,main!$A$3:$I$56,5,FALSE)-VLOOKUP($A64,main!$A$3:$I$56,6,FALSE)>=VLOOKUP(56,main!$A$57:$I$59,4,FALSE)+VLOOKUP(VLOOKUP(BD$1,main!$A$3:$I$56,7,FALSE),main!$K$10:$Q$14,4,FALSE),1,0) -> 0
A65: =A64+1 -> 8 | B65: 0 | C65: =IF(VLOOKUP(C$1,main!$A$3:$I$56,5,FALSE)-VLOOKUP($A65,main!$A$3:$I$56,6,FALSE)>=VLOOKUP(56,main!$A$57:$I$59,4,FALSE)+VLOOKUP(VLOOKUP(C$1,main!$A$3:$I$56,7,FALSE),main!$K$10:$Q$14,4,FALSE),1,0) -> 0 | D65: =IF(VLOOKUP(D$1,main!$A$3:$I$56,5,FALSE)-VLOOKUP($A65,main!$A$3:$I$56,6,FALSE)>=VLOOKUP(56,main!$A$57:$I$59,4,FALSE)+VLOOKUP(VLOOKUP(D$1,main!$A$3:$I$56,7,FALSE),main!$K$10:$Q$14,4,FALSE),1,0) -> 0 | E65: =IF(VLOOKUP(E$1,main!$A$3:$I$56,5,FALSE)-VLOOKUP($A65,main!$A$3:$I$56,6,FALSE)>=VLOOKUP(56,main!$A$57:$I$59,4,FALSE)+VLOOKUP(VLOOKUP(E$1,main!$A$3:$I$56,7,FALSE),main!$K$10:$Q$14,4,FALSE),1,0) -> 0 | F65: =IF(VLOOKUP(F$1,main!$A$3:$I$56,5,FALSE)-VLOOKUP($A65,main!$A$3:$I$56,6,FALSE)>=VLOOKUP(56,main!$A$57:$I$59,4,FALSE)+VLOOKUP(VLOOKUP(F$1,main!$A$3:$I$56,7,FALSE),main!$K$10:$Q$14,4,FALSE),1,0) -> 0 | G65: =IF(VLOOKUP(G$1,main!$A$3:$I$56,5,FALSE)-VLOOKUP($A65,main!$A$3:$I$56,6,FALSE)>=VLOOKUP(56,main!$A$57:$I$59,4,FALSE)+VLOOKUP(VLOOKUP(G$1,main!$A$3:$I$56,7,FALSE),main!$K$10:$Q$14,4,FALSE),1,0) -> 0 | H65: =IF(VLOOKUP(H$1,main!$A$3:$I$56,5,FALSE)-VLOOKUP($A65,main!$A$3:$I$56,6,FALSE)>=VLOOKUP(56,main!$A$57:$I$59,4,FALSE)+VLOOKUP(VLOOKUP(H$1,main!$A$3:$I$56,7,FALSE),main!$K$10:$Q$14,4,FALSE),1,0) -> 0 | I65: =IF(VLOOKUP(I$1,main!$A$3:$I$56,5,FALSE)-VLOOKUP($A65,main!$A$3:$I$56,6,FALSE)>=VLOOKUP(56,main!$A$57:$I$59,4,FALSE)+VLOOKUP(VLOOKUP(I$1,main!$A$3:$I$56,7,FALSE),main!$K$10:$Q$14,4,FALSE),1,0) -> 0 | J65: =IF(VLOOKUP(J$1,main!$A$3:$I$56,5,FALSE)-VLOOKUP($A65,main!$A$3:$I$56,6,FALSE)>=VLOOKUP(56,main!$A$57:$I$59,4,FALSE)+VLOOKUP(VLOOKUP(J$1,main!$A$3:$I$56,7,FALSE),main!$K$10:$Q$14,4,FALSE),1,0) -> 0 | ... BD65: =IF(VLOOKUP(BD$1,main!$A$3:$I$56,5,FALSE)-VLOOKUP($A65,main!$A$3:$I$56,6,FALSE)>=VLOOKUP(56,main!$A$57:$I$59,4,FALSE)+VLOOKUP(VLOOKUP(BD$1,main!$A$3:$I$56,7,FALSE),main!$K$10:$Q$14,4,FALSE),1,0) -> 0
A66: =A65+1 -> 9 | B66: 0 | C66: =IF(VLOOKUP(C$1,main!$A$3:$I$56,5,FALSE)-VLOOKUP($A66,main!$A$3:$I$56,6,FALSE)>=VLOOKUP(56,main!$A$57:$I$59,4,FALSE)+VLOOKUP(VLOOKUP(C$1,main!$A$3:$I$56,7,FALSE),main!$K$10:$Q$14,4,FALSE),1,0) -> 0 | D66: =IF(VLOOKUP(D$1,main!$A$3:$I$56,5,FALSE)-VLOOKUP($A66,main!$A$3:$I$56,6,FALSE)>=VLOOKUP(56,main!$A$57:$I$59,4,FALSE)+VLOOKUP(VLOOKUP(D$1,main!$A$3:$I$56,7,FALSE),main!$K$10:$Q$14,4,FALSE),1,0) -> 0 | E66: =IF(VLOOKUP(E$1,main!$A$3:$I$56,5,FALSE)-VLOOKUP($A66,main!$A$3:$I$56,6,FALSE)>=VLOOKUP(56,main!$A$57:$I$59,4,FALSE)+VLOOKUP(VLOOKUP(E$1,main!$A$3:$I$56,7,FALSE),main!$K$10:$Q$14,4,FALSE),1,0) -> 1 | F66: =IF(VLOOKUP(F$1,main!$A$3:$I$56,5,FALSE)-VLOOKUP($A66,main!$A$3:$I$56,6,FALSE)>=VLOOKUP(56,main!$A$57:$I$59,4,FALSE)+VLOOKUP(VLOOKUP(F$1,main!$A$3:$I$56,7,FALSE),main!$K$10:$Q$14,4,FALSE),1,0) -> 1 | G66: =IF(VLOOKUP(G$1,main!$A$3:$I$56,5,FALSE)-VLOOKUP($A66,main!$A$3:$I$56,6,FALSE)>=VLOOKUP(56,main!$A$57:$I$59,4,FALSE)+VLOOKUP(VLOOKUP(G$1,main!$A$3:$I$56,7,FALSE),main!$K$10:$Q$14,4,FALSE),1,0) -> 1 | H66: =IF(VLOOKUP(H$1,main!$A$3:$I$56,5,FALSE)-VLOOKUP($A66,main!$A$3:$I$56,6,FALSE)>=VLOOKUP(56,main!$A$57:$I$59,4,FALSE)+VLOOKUP(VLOOKUP(H$1,main!$A$3:$I$56,7,FALSE),main!$K$10:$Q$14,4,FALSE),1,0) -> 1 | I66: =IF(VLOOKUP(I$1,main!$A$3:$I$56,5,FALSE)-VLOOKUP($A66,main!$A$3:$I$56,6,FALSE)>=VLOOKUP(56,main!$A$57:$I$59,4,FALSE)+VLOOKUP(VLOOKUP(I$1,main!$A$3:$I$56,7,FALSE),main!$K$10:$Q$14,4,FALSE),1,0) -> 1 | J66: =IF(VLOOKUP(J$1,main!$A$3:$I$56,5,FALSE)-VLOOKUP($A66,main!$A$3:$I$56,6,FALSE)>=VLOOKUP(56,main!$A$57:$I$59,4,FALSE)+VLOOKUP(VLOOKUP(J$1,main!$A$3:$I$56,7,FALSE),main!$K$10:$Q$14,4,FALSE),1,0) -> 1 | ... BD66: =IF(VLOOKUP(BD$1,main!$A$3:$I$56,5,FALSE)-VLOOKUP($A66,main!$A$3:$I$56,6,FALSE)>=VLOOKUP(56,main!$A$57:$I$59,4,FALSE)+VLOOKUP(VLOOKUP(BD$1,main!$A$3:$I$56,7,FALSE),main!$K$10:$Q$14,4,FALSE),1,0) -> 1
A67: =A66+1 -> 10 | B67: 0 | C67: =IF(VLOOKUP(C$1,main!$A$3:$I$56,5,FALSE)-VLOOKUP($A67,main!$A$3:$I$56,6,FALSE)>=VLOOKUP(56,main!$A$57:$I$59,4,FALSE)+VLOOKUP(VLOOKUP(C$1,main!$A$3:$I$56,7,FALSE),main!$K$10:$Q$14,4,FALSE),1,0) -> 0 | D67: =IF(VLOOKUP(D$1,main!$A$3:$I$56,5,FALSE)-VLOOKUP($A67,main!$A$3:$I$56,6,FALSE)>=VLOOKUP(56,main!$A$57:$I$59,4,FALSE)+VLOOKUP(VLOOKUP(D$1,main!$A$3:$I$56,7,FALSE),main!$K$10:$Q$14,4,FALSE),1,0) -> 0 | E67: =IF(VLOOKUP(E$1,main!$A$3:$I$56,5,FALSE)-VLOOKUP($A67,main!$A$3:$I$56,6,FALSE)>=VLOOKUP(56,main!$A$57:$I$59,4,FALSE)+VLOOKUP(VLOOKUP(E$1,main!$A$3:$I$56,7,FALSE),main!$K$10:$Q$14,4,FALSE),1,0) -> 0 | F67: =IF(VLOOKUP(F$1,main!$A$3:$I$56,5,FALSE)-VLOOKUP($A67,main!$A$3:$I$56,6,FALSE)>=VLOOKUP(56,main!$A$57:$I$59,4,FALSE)+VLOOKUP(VLOOKUP(F$1,main!$A$3:$I$56,7,FALSE),main!$K$10:$Q$14,4,FALSE),1,0) -> 1 | G67: =IF(VLOOKUP(G$1,main!$A$3:$I$56,5,FALSE)-VLOOKUP($A67,main!$A$3:$I$56,6,FALSE)>=VLOOKUP(56,main!$A$57:$I$59,4,FALSE)+VLOOKUP(VLOOKUP(G$1,main!$A$3:$I$56,7,FALSE),main!$K$10:$Q$14,4,FALSE),1,0) -> 1 | H67: =IF(VLOOKUP(H$1,main!$A$3:$I$56,5,FALSE)-VLOOKUP($A67,main!$A$3:$I$56,6,FALSE)>=VLOOKUP(56,main!$A$57:$I$59,4,FALSE)+VLOOKUP(VLOOKUP(H$1,main!$A$3:$I$56,7,FALSE),main!$K$10:$Q$14,4,FALSE),1,0) -> 1 | I67: =IF(VLOOKUP(I$1,main!$A$3:$I$56,5,FALSE)-VLOOKUP($A67,main!$A$3:$I$56,6,FALSE)>=VLOOKUP(56,main!$A$57:$I$59,4,FALSE)+VLOOKUP(VLOOKUP(I$1,main!$A$3:$I$56,7,FALSE),main!$K$10:$Q$14,4,FALSE),1,0) -> 1 | J67: =IF(VLOOKUP(J$1,main!$A$3:$I$56,5,FALSE)-VLOOKUP($A67,main!$A$3:$I$56,6,FALSE)>=VLOOKUP(56,main!$A$57:$I$59,4,FALSE)+VLOOKUP(VLOOKUP(J$1,main!$A$3:$I$56,7,FALSE),main!$K$10:$Q$14,4,FALSE),1,0) -> 1 | ... BD67: =IF(VLOOKUP(BD$1,main!$A$3:$I$56,5,FALSE)-VLOOKUP($A67,main!$A$3:$I$56,6,FALSE)>=VLOOKUP(56,main!$A$57:$I$59,4,FALSE)+VLOOKUP(VLOOKUP(BD$1,main!$A$3:$I$56,7,FALSE),main!$K$10:$Q$14,4,FALSE),1,0) -> 0
A68: =A67+1 -> 11 | B68: 0 | C68: =IF(VLOOKUP(C$1,main!$A$3:$I$56,5,FALSE)-VLOOKUP($A68,main!$A$3:$I$56,6,FALSE)>=VLOOKUP(56,main!$A$57:$I$59,4,FALSE)+VLOOKUP(VLOOKUP(C$1,main!$A$3:$I$56,7,FALSE),main!$K$10:$Q$14,4,FALSE),1,0) -> 0 | D68: =IF(VLOOKUP(D$1,main!$A$3:$I$56,5,FALSE)-VLOOKUP($A68,main!$A$3:$I$56,6,FALSE)>=VLOOKUP(56,main!$A$57:$I$59,4,FALSE)+VLOOKUP(VLOOKUP(D$1,main!$A$3:$I$56,7,FALSE),main!$K$10:$Q$14,4,FALSE),1,0) -> 0 | E68: =IF(VLOOKUP(E$1,main!$A$3:$I$56,5,FALSE)-VLOOKUP($A68,main!$A$3:$I$56,6,FALSE)>=VLOOKUP(56,main!$A$57:$I$59,4,FALSE)+VLOOKUP(VLOOKUP(E$1,main!$A$3:$I$56,7,FALSE),main!$K$10:$Q$14,4,FALSE),1,0) -> 0 | F68: =IF(VLOOKUP(F$1,main!$A$3:$I$56,5,FALSE)-VLOOKUP($A68,main!$A$3:$I$56,6,FALSE)>=VLOOKUP(56,main!$A$57:$I$59,4,FALSE)+VLOOKUP(VLOOKUP(F$1,main!$A$3:$I$56,7,FALSE),main!$K$10:$Q$14,4,FALSE),1,0) -> 0 | G68: =IF(VLOOKUP(G$1,main!$A$3:$I$56,5,FALSE)-VLOOKUP($A68,main!$A$3:$I$56,6,FALSE)>=VLOOKUP(56,main!$A$57:$I$59,4,FALSE)+VLOOKUP(VLOOKUP(G$1,main!$A$3:$I$56,7,FALSE),main!$K$10:$Q$14,4,FALSE),1,0) -> 0 | H68: =IF(VLOOKUP(H$1,main!$A$3:$I$56,5,FALSE)-VLOOKUP($A68,main!$A$3:$I$56,6,FALSE)>=VLOOKUP(56,main!$A$57:$I$59,4,FALSE)+VLOOKUP(VLOOKUP(H$1,main!$A$3:$I$56,7,FALSE),main!$K$10:$Q$14,4,FALSE),1,0) -> 1 | I68: =IF(VLOOKUP(I$1,main!$A$3:$I$56,5,FALSE)-VLOOKUP($A68,main!$A$3:$I$56,6,FALSE)>=VLOOKUP(56,main!$A$57:$I$59,4,FALSE)+VLOOKUP(VLOOKUP(I$1,main!$A$3:$I$56,7,FALSE),main!$K$10:$Q$14,4,FALSE),1,0) -> 1 | J68: =IF(VLOOKUP(J$1,main!$A$3:$I$56,5,FALSE)-VLOOKUP($A68,main!$A$3:$I$56,6,FALSE)>=VLOOKUP(56,main!$A$57:$I$59,4,FALSE)+VLOOKUP(VLOOKUP(J$1,main!$A$3:$I$56,7,FALSE),main!$K$10:$Q$14,4,FALSE),1,0) -> 1 | ... BD68: =IF(VLOOKUP(BD$1,main!$A$3:$I$56,5,FALSE)-VLOOKUP($A68,main!$A$3:$I$56,6,FALSE)>=VLOOKUP(56,main!$A$57:$I$59,4,FALSE)+VLOOKUP(VLOOKUP(BD$1,main!$A$3:$I$56,7,FALSE),main!$K$10:$Q$14,4,FALSE),1,0) -> 0
A69: =A68+1 -> 12 | B69: 0 | C69: =IF(VLOOKUP(C$1,main!$A$3:$I$56,5,FALSE)-VLOOKUP($A69,main!$A$3:$I$56,6,FALSE)>=VLOOKUP(56,main!$A$57:$I$59,4,FALSE)+VLOOKUP(VLOOKUP(C$1,main!$A$3:$I$56,7,FALSE),main!$K$10:$Q$14,4,FALSE),1,0) -> 0 | D69: =IF(VLOOKUP(D$1,main!$A$3:$I$56,5,FALSE)-VLOOKUP($A69,main!$A$3:$I$56,6,FALSE)>=VLOOKUP(56,main!$A$57:$I$59,4,FALSE)+VLOOKUP(VLOOKUP(D$1,main!$A$3:$I$56,7,FALSE),main!$K$10:$Q$14,4,FALSE),1,0) -> 0 | E69: =IF(VLOOKUP(E$1,main!$A$3:$I$56,5,FALSE)-VLOOKUP($A69,main!$A$3:$I$56,6,FALSE)>=VLOOKUP(56,main!$A$57:$I$59,4,FALSE)+VLOOKUP(VLOOKUP(E$1,main!$A$3:$I$56,7,FALSE),main!$K$10:$Q$14,4,FALSE),1,0) -> 0 | F69: =IF(VLOOKUP(F$1,main!$A$3:$I$56,5,FALSE)-VLOOKUP($A69,main!$A$3:$I$56,6,FALSE)>=VLOOKUP(56,main!$A$57:$I$59,4,FALSE)+VLOOKUP(VLOOKUP(F$1,main!$A$3:$I$56,7,FALSE),main!$K$10:$Q$14,4,FALSE),1,0) -> 0 | G69: =IF(VLOOKUP(G$1,main!$A$3:$I$56,5,FALSE)-VLOOKUP($A69,main!$A$3:$I$56,6,FALSE)>=VLOOKUP(56,main!$A$57:$I$59,4,FALSE)+VLOOKUP(VLOOKUP(G$1,main!$A$3:$I$56,7,FALSE),main!$K$10:$Q$14,4,FALSE),1,0) -> 0 | H69: =IF(VLOOKUP(H$1,main!$A$3:$I$56,5,FALSE)-VLOOKUP($A69,main!$A$3:$I$56,6,FALSE)>=VLOOKUP(56,main!$A$57:$I$59,4,FALSE)+VLOOKUP(VLOOKUP(H$1,main!$A$3:$I$56,7,FALSE),main!$K$10:$Q$14,4,FALSE),1,0) -> 0 | I69: =IF(VLOOKUP(I$1,main!$A$3:$I$56,5,FALSE)-VLOOKUP($A69,main!$A$3:$I$56,6,FALSE)>=VLOOKUP(56,main!$A$57:$I$59,4,FALSE)+VLOOKUP(VLOOKUP(I$1,main!$A$3:$I$56,7,FALSE),main!$K$10:$Q$14,4,FALSE),1,0) -> 0 | J69: =IF(VLOOKUP(J$1,main!$A$3:$I$56,5,FALSE)-VLOOKUP($A69,main!$A$3:$I$56,6,FALSE)>=VLOOKUP(56,main!$A$57:$I$59,4,FALSE)+VLOOKUP(VLOOKUP(J$1,main!$A$3:$I$56,7,FALSE),main!$K$10:$Q$14,4,FALSE),1,0) -> 0 | ... BD69: =IF(VLOOKUP(BD$1,main!$A$3:$I$56,5,FALSE)-VLOOKUP($A69,main!$A$3:$I$56,6,FALSE)>=VLOOKUP(56,main!$A$57:$I$59,4,FALSE)+VLOOKUP(VLOOKUP(BD$1,main!$A$3:$I$56,7,FALSE),main!$K$10:$Q$14,4,FALSE),1,0) -> 0
... A111: =A110+1 -> 54 | B111: 0 | C111: =IF(VLOOKUP(C$1,main!$A$3:$I$56,5,FALSE)-VLOOKUP($A111,main!$A$3:$I$56,6,FALSE)>=VLOOKUP(56,main!$A$57:$I$59,4,FALSE)+VLOOKUP(VLOOKUP(C$1,main!$A$3:$I$56,7,FALSE),main!$K$10:$Q$14,4,FALSE),1,0) -> 0 | D111: =IF(VLOOKUP(D$1,main!$A$3:$I$56,5,FALSE)-VLOOKUP($A111,main!$A$3:$I$56,6,FALSE)>=VLOOKUP(56,main!$A$57:$I$59,4,FALSE)+VLOOKUP(VLOOKUP(D$1,main!$A$3:$I$56,7,FALSE),main!$K$10:$Q$14,4,FALSE),1,0) -> 0 | E111: =IF(VLOOKUP(E$1,main!$A$3:$I$56,5,FALSE)-VLOOKUP($A111,main!$A$3:$I$56,6,FALSE)>=VLOOKUP(56,main!$A$57:$I$59,4,FALSE)+VLOOKUP(VLOOKUP(E$1,main!$A$3:$I$56,7,FALSE),main!$K$10:$Q$14,4,FALSE),1,0) -> 0 | F111: =IF(VLOOKUP(F$1,main!$A$3:$I$56,5,FALSE)-VLOOKUP($A111,main!$A$3:$I$56,6,FALSE)>=VLOOKUP(56,main!$A$57:$I$59,4,FALSE)+VLOOKUP(VLOOKUP(F$1,main!$A$3:$I$56,7,FALSE),main!$K$10:$Q$14,4,FALSE),1,0) -> 0 | G111: =IF(VLOOKUP(G$1,main!$A$3:$I$56,5,FALSE)-VLOOKUP($A111,main!$A$3:$I$56,6,FALSE)>=VLOOKUP(56,main!$A$57:$I$59,4,FALSE)+VLOOKUP(VLOOKUP(G$1,main!$A$3:$I$56,7,FALSE),main!$K$10:$Q$14,4,FALSE),1,0) -> 0 | H111: =IF(VLOOKUP(H$1,main!$A$3:$I$56,5,FALSE)-VLOOKUP($A111,main!$A$3:$I$56,6,FALSE)>=VLOOKUP(56,main!$A$57:$I$59,4,FALSE)+VLOOKUP(VLOOKUP(H$1,main!$A$3:$I$56,7,FALSE),main!$K$10:$Q$14,4,FALSE),1,0) -> 0 | I111: =IF(VLOOKUP(I$1,main!$A$3:$I$56,5,FALSE)-VLOOKUP($A111,main!$A$3:$I$56,6,FALSE)>=VLOOKUP(56,main!$A$57:$I$59,4,FALSE)+VLOOKUP(VLOOKUP(I$1,main!$A$3:$I$56,7,FALSE),main!$K$10:$Q$14,4,FALSE),1,0) -> 0 | J111: =IF(VLOOKUP(J$1,main!$A$3:$I$56,5,FALSE)-VLOOKUP($A111,main!$A$3:$I$56,6,FALSE)>=VLOOKUP(56,main!$A$57:$I$59,4,FALSE)+VLOOKUP(VLOOKUP(J$1,main!$A$3:$I$56,7,FALSE),main!$K$10:$Q$14,4,FALSE),1,0) -> 1 | ... BD111: =IF(VLOOKUP(BD$1,main!$A$3:$I$56,5,FALSE)-VLOOKUP($A111,main!$A$3:$I$56,6,FALSE)>=VLOOKUP(56,main!$A$57:$I$59,4,FALSE)+VLOOKUP(VLOOKUP(BD$1,main!$A$3:$I$56,7,FALSE),main!$K$10:$Q$14,4,FALSE),1,0) -> 0
A112: 0 | B112: 0 | C112: 1 | D112: 1 | E112: 1 | F112: 1 | G112: 1 | H112: 1 | I112: 1 | J112: 1 | K112: 1 | L112: 1 | M112: 1 | N112: 1 | O112: 1 | P112: 1 | Q112: 1 | R112: 1 | S112: 1 | T112: 1 | U112: 1 | V112: 1 | W112: 1 | X112: 1 | Y112: 1 | Z112: 1 | AA112: 1 | AB112: 1 | AC112: 1 | AD112: 1 | AE112: 1 | AF112: 1 | AG112: 1 | AH112: 1 | AI112: 1 | AJ112: 1 | AK112: 1 | AL112: 1 | AM112: 1 | AN112: 1 | AO112: 1 | AP112: 1 | AQ112: 1 | AR112: 1 | AS112: 1 | AT112: 1 | AU112: 1 | AV112: 1 | AW112: 1 | AX112: 1 | AY112: 1 | AZ112: 1 | BA112: 1 | BB112: 1 | BC112: 1 | BD112: 1
A113: =A112+1 -> 1 | B113: 0 | C113: =IF(VLOOKUP(C$1,main!$A$3:$I$56,5,FALSE)-VLOOKUP($A113,main!$A$3:$I$56,6,FALSE)>=VLOOKUP(57,main!$A$57:$I$59,4,FALSE)+VLOOKUP(VLOOKUP(C$1,main!$A$3:$I$56,7,FALSE),main!$K$10:$Q$14,5,FALSE),1,0) -> 0 | D113: =IF(VLOOKUP(D$1,main!$A$3:$I$56,5,FALSE)-VLOOKUP($A113,main!$A$3:$I$56,6,FALSE)>=VLOOKUP(57,main!$A$57:$I$59,4,FALSE)+VLOOKUP(VLOOKUP(D$1,main!$A$3:$I$56,7,FALSE),main!$K$10:$Q$14,5,FALSE),1,0) -> 0 | E113: =IF(VLOOKUP(E$1,main!$A$3:$I$56,5,FALSE)-VLOOKUP($A113,main!$A$3:$I$56,6,FALSE)>=VLOOKUP(57,main!$A$57:$I$59,4,FALSE)+VLOOKUP(VLOOKUP(E$1,main!$A$3:$I$56,7,FALSE),main!$K$10:$Q$14,5,FALSE),1,0) -> 0 | F113: =IF(VLOOKUP(F$1,main!$A$3:$I$56,5,FALSE)-VLOOKUP($A113,main!$A$3:$I$56,6,FALSE)>=VLOOKUP(57,main!$A$57:$I$59,4,FALSE)+VLOOKUP(VLOOKUP(F$1,main!$A$3:$I$56,7,FALSE),main!$K$10:$Q$14,5,FALSE),1,0) -> 1 | G113: =IF(VLOOKUP(G$1,main!$A$3:$I$56,5,FALSE)-VLOOKUP($A113,main!$A$3:$I$56,6,FALSE)>=VLOOKUP(57,main!$A$57:$I$59,4,FALSE)+VLOOKUP(VLOOKUP(G$1,main!$A$3:$I$56,7,FALSE),main!$K$10:$Q$14,5,FALSE),1,0) -> 1 | H113: =IF(VLOOKUP(H$1,main!$A$3:$I$56,5,FALSE)-VLOOKUP($A113,main!$A$3:$I$56,6,FALSE)>=VLOOKUP(57,main!$A$57:$I$59,4,FALSE)+VLOOKUP(VLOOKUP(H$1,main!$A$3:$I$56,7,FALSE),main!$K$10:$Q$14,5,FALSE),1,0) -> 1 | I113: =IF(VLOOKUP(I$1,main!$A$3:$I$56,5,FALSE)-VLOOKUP($A113,main!$A$3:$I$56,6,FALSE)>=VLOOKUP(57,main!$A$57:$I$59,4,FALSE)+VLOOKUP(VLOOKUP(I$1,main!$A$3:$I$56,7,FALSE),main!$K$10:$Q$14,5,FALSE),1,0) -> 1 | J113: =IF(VLOOKUP(J$1,main!$A$3:$I$56,5,FALSE)-VLOOKUP($A113,main!$A$3:$I$56,6,FALSE)>=VLOOKUP(57,main!$A$57:$I$59,4,FALSE)+VLOOKUP(VLOOKUP(J$1,main!$A$3:$I$56,7,FALSE),main!$K$10:$Q$14,5,FALSE),1,0) -> 1 | ... BD113: =IF(VLOOKUP(BD$1,main!$A$3:$I$56,5,FALSE)-VLOOKUP($A113,main!$A$3:$I$56,6,FALSE)>=VLOOKUP(57,main!$A$57:$I$59,4,FALSE)+VLOOKUP(VLOOKUP(BD$1,main!$A$3:$I$56,7,FALSE),main!$K$10:$Q$14,5,FALSE),1,0) -> 1
A114: =A113+1 -> 2 | B114: 0 | C114: =IF(VLOOKUP(C$1,main!$A$3:$I$56,5,FALSE)-VLOOKUP($A114,main!$A$3:$I$56,6,FALSE)>=VLOOKUP(57,main!$A$57:$I$59,4,FALSE)+VLOOKUP(VLOOKUP(C$1,main!$A$3:$I$56,7,FALSE),main!$K$10:$Q$14,5,FALSE),1,0) -> 0 | D114: =IF(VLOOKUP(D$1,main!$A$3:$I$56,5,FALSE)-VLOOKUP($A114,main!$A$3:$I$56,6,FALSE)>=VLOOKUP(57,main!$A$57:$I$59,4,FALSE)+VLOOKUP(VLOOKUP(D$1,main!$A$3:$I$56,7,FALSE),main!$K$10:$Q$14,5,FALSE),1,0) -> 0 | E114: =IF(VLOOKUP(E$1,main!$A$3:$I$56,5,FALSE)-VLOOKUP($A114,main!$A$3:$I$56,6,FALSE)>=VLOOKUP(57,main!$A$57:$I$59,4,FALSE)+VLOOKUP(VLOOKUP(E$1,main!$A$3:$I$56,7,FALSE),main!$K$10:$Q$14,5,FALSE),1,0) -> 0 | F114: =IF(VLOOKUP(F$1,main!$A$3:$I$56,5,FALSE)-VLOOKUP($A114,main!$A$3:$I$56,6,FALSE)>=VLOOKUP(57,main!$A$57:$I$59,4,FALSE)+VLOOKUP(VLOOKUP(F$1,main!$A$3:$I$56,7,FALSE),main!$K$10:$Q$14,5,FALSE),1,0) -> 0 | G114: =IF(VLOOKUP(G$1,main!$A$3:$I$56,5,FALSE)-VLOOKUP($A114,main!$A$3:$I$56,6,FALSE)>=VLOOKUP(57,main!$A$57:$I$59,4,FALSE)+VLOOKUP(VLOOKUP(G$1,main!$A$3:$I$56,7,FALSE),main!$K$10:$Q$14,5,FALSE),1,0) -> 0 | H114: =IF(VLOOKUP(H$1,main!$A$3:$I$56,5,FALSE)-VLOOKUP($A114,main!$A$3:$I$56,6,FALSE)>=VLOOKUP(57,main!$A$57:$I$59,4,FALSE)+VLOOKUP(VLOOKUP(H$1,main!$A$3:$I$56,7,FALSE),main!$K$10:$Q$14,5,FALSE),1,0) -> 0 | I114: =IF(VLOOKUP(I$1,main!$A$3:$I$56,5,FALSE)-VLOOKUP($A114,main!$A$3:$I$56,6,FALSE)>=VLOOKUP(57,main!$A$57:$I$59,4,FALSE)+VLOOKUP(VLOOKUP(I$1,main!$A$3:$I$56,7,FALSE),main!$K$10:$Q$14,5,FALSE),1,0) -> 1 | J114: =IF(VLOOKUP(J$1,main!$A$3:$I$56,5,FALSE)-VLOOKUP($A114,main!$A$3:$I$56,6,FALSE)>=VLOOKUP(57,main!$A$57:$I$59,4,FALSE)+VLOOKUP(VLOOKUP(J$1,main!$A$3:$I$56,7,FALSE),main!$K$10:$Q$14,5,FALSE),1,0) -> 1 | ... BD114: =IF(VLOOKUP(BD$1,main!$A$3:$I$56,5,FALSE)-VLOOKUP($A114,main!$A$3:$I$56,6,FALSE)>=VLOOKUP(57,main!$A$57:$I$59,4,FALSE)+VLOOKUP(VLOOKUP(BD$1,main!$A$3:$I$56,7,FALSE),main!$K$10:$Q$14,5,FALSE),1,0) -> 0
A115: =A114+1 -> 3 | B115: 0 | C115: =IF(VLOOKUP(C$1,main!$A$3:$I$56,5,FALSE)-VLOOKUP($A115,main!$A$3:$I$56,6,FALSE)>=VLOOKUP(57,main!$A$57:$I$59,4,FALSE)+VLOOKUP(VLOOKUP(C$1,main!$A$3:$I$56,7,FALSE),main!$K$10:$Q$14,5,FALSE),1,0) -> 0 | D115: =IF(VLOOKUP(D$1,main!$A$3:$I$56,5,FALSE)-VLOOKUP($A115,main!$A$3:$I$56,6,FALSE)>=VLOOKUP(57,main!$A$57:$I$59,4,FALSE)+VLOOKUP(VLOOKUP(D$1,main!$A$3:$I$56,7,FALSE),main!$K$10:$Q$14,5,FALSE),1,0) -> 0 | E115: =IF(VLOOKUP(E$1,main!$A$3:$I$56,5,FALSE)-VLOOKUP($A115,main!$A$3:$I$56,6,FALSE)>=VLOOKUP(57,main!$A$57:$I$59,4,FALSE)+VLOOKUP(VLOOKUP(E$1,main!$A$3:$I$56,7,FALSE),main!$K$10:$Q$14,5,FALSE),1,0) -> 0 | F115: =IF(VLOOKUP(F$1,main!$A$3:$I$56,5,FALSE)-VLOOKUP($A115,main!$A$3:$I$56,6,FALSE)>=VLOOKUP(57,main!$A$57:$I$59,4,FALSE)+VLOOKUP(VLOOKUP(F$1,main!$A$3:$I$56,7,FALSE),main!$K$10:$Q$14,5,FALSE),1,0) -> 0 | G115: =IF(VLOOKUP(G$1,main!$A$3:$I$56,5,FALSE)-VLOOKUP($A115,main!$A$3:$I$56,6,FALSE)>=VLOOKUP(57,main!$A$57:$I$59,4,FALSE)+VLOOKUP(VLOOKUP(G$1,main!$A$3:$I$56,7,FALSE),main!$K$10:$Q$14,5,FALSE),1,0) -> 0 | H115: =IF(VLOOKUP(H$1,main!$A$3:$I$56,5,FALSE)-VLOOKUP($A115,main!$A$3:$I$56,6,FALSE)>=VLOOKUP(57,main!$A$57:$I$59,4,FALSE)+VLOOKUP(VLOOKUP(H$1,main!$A$3:$I$56,7,FALSE),main!$K$10:$Q$14,5,FALSE),1,0) -> 0 | I115: =IF(VLOOKUP(I$1,main!$A$3:$I$56,5,FALSE)-VLOOKUP($A115,main!$A$3:$I$56,6,FALSE)>=VLOOKUP(57,main!$A$57:$I$59,4,FALSE)+VLOOKUP(VLOOKUP(I$1,main!$A$3:$I$56,7,FALSE),main!$K$10:$Q$14,5,FALSE),1,0) -> 0 | J115: =IF(VLOOKUP(J$1,main!$A$3:$I$56,5,FALSE)-VLOOKUP($A115,main!$A$3:$I$56,6,FALSE)>=VLOOKUP(57,main!$A$57:$I$59,4,FALSE)+VLOOKUP(VLOOKUP(J$1,main!$A$3:$I$56,7,FALSE),main!$K$10:$Q$14,5,FALSE),1,0) -> 1 | ... BD115: =IF(VLOOKUP(BD$1,main!$A$3:$I$56,5,FALSE)-VLOOKUP($A115,main!$A$3:$I$56,6,FALSE)>=VLOOKUP(57,main!$A$57:$I$59,4,FALSE)+VLOOKUP(VLOOKUP(BD$1,main!$A$3:$I$56,7,FALSE),main!$K$10:$Q$14,5,FALSE),1,0) -> 0
A116: =A115+1 -> 4 | B116: 0 | C116: =IF(VLOOKUP(C$1,main!$A$3:$I$56,5,FALSE)-VLOOKUP($A116,main!$A$3:$I$56,6,FALSE)>=VLOOKUP(57,main!$A$57:$I$59,4,FALSE)+VLOOKUP(VLOOKUP(C$1,main!$A$3:$I$56,7,FALSE),main!$K$10:$Q$14,5,FALSE),1,0) -> 0 | D116: =IF(VLOOKUP(D$1,main!$A$3:$I$56,5,FALSE)-VLOOKUP($A116,main!$A$3:$I$56,6,FALSE)>=VLOOKUP(57,main!$A$57:$I$59,4,FALSE)+VLOOKUP(VLOOKUP(D$1,main!$A$3:$I$56,7,FALSE),main!$K$10:$Q$14,5,FALSE),1,0) -> 0 | E116: =IF(VLOOKUP(E$1,main!$A$3:$I$56,5,FALSE)-VLOOKUP($A116,main!$A$3:$I$56,6,FALSE)>=VLOOKUP(57,main!$A$57:$I$59,4,FALSE)+VLOOKUP(VLOOKUP(E$1,main!$A$3:$I$56,7,FALSE),main!$K$10:$Q$14,5,FALSE),1,0) -> 0 | F116: =IF(VLOOKUP(F$1,main!$A$3:$I$56,5,FALSE)-VLOOKUP($A116,main!$A$3:$I$56,6,FALSE)>=VLOOKUP(57,main!$A$57:$I$59,4,FALSE)+VLOOKUP(VLOOKUP(F$1,main!$A$3:$I$56,7,FALSE),main!$K$10:$Q$14,5,FALSE),1,0) -> 0 | G116: =IF(VLOOKUP(G$1,main!$A$3:$I$56,5,FALSE)-VLOOKUP($A116,main!$A$3:$I$56,6,FALSE)>=VLOOKUP(57,main!$A$57:$I$59,4,FALSE)+VLOOKUP(VLOOKUP(G$1,main!$A$3:$I$56,7,FALSE),main!$K$10:$Q$14,5,FALSE),1,0) -> 0 | H116: =IF(VLOOKUP(H$1,main!$A$3:$I$56,5,FALSE)-VLOOKUP($A116,main!$A$3:$I$56,6,FALSE)>=VLOOKUP(57,main!$A$57:$I$59,4,FALSE)+VLOOKUP(VLOOKUP(H$1,main!$A$3:$I$56,7,FALSE),main!$K$10:$Q$14,5,FALSE),1,0) -> 0 | I116: =IF(VLOOKUP(I$1,main!$A$3:$I$56,5,FALSE)-VLOOKUP($A116,main!$A$3:$I$56,6,FALSE)>=VLOOKUP(57,main!$A$57:$I$59,4,FALSE)+VLOOKUP(VLOOKUP(I$1,main!$A$3:$I$56,7,FALSE),main!$K$10:$Q$14,5,FALSE),1,0) -> 0 | J116: =IF(VLOOKUP(J$1,main!$A$3:$I$56,5,FALSE)-VLOOKUP($A116,main!$A$3:$I$56,6,FALSE)>=VLOOKUP(57,main!$A$57:$I$59,4,FALSE)+VLOOKUP(VLOOKUP(J$1,main!$A$3:$I$56,7,FALSE),main!$K$10:$Q$14,5,FALSE),1,0) -> 0 | ... BD116: =IF(VLOOKUP(BD$1,main!$A$3:$I$56,5,FALSE)-VLOOKUP($A116,main!$A$3:$I$56,6,FALSE)>=VLOOKUP(57,main!$A$57:$I$59,4,FALSE)+VLOOKUP(VLOOKUP(BD$1,main!$A$3:$I$56,7,FALSE),main!$K$10:$Q$14,5,FALSE),1,0) -> 0
A117: =A116+1 -> 5 | B117: 0 | C117: =IF(VLOOKUP(C$1,main!$A$3:$I$56,5,FALSE)-VLOOKUP($A117,main!$A$3:$I$56,6,FALSE)>=VLOOKUP(57,main!$A$57:$I$59,4,FALSE)+VLOOKUP(VLOOKUP(C$1,main!$A$3:$I$56,7,FALSE),main!$K$10:$Q$14,5,FALSE),1,0) -> 0 | D117: =IF(VLOOKUP(D$1,main!$A$3:$I$56,5,FALSE)-VLOOKUP($A117,main!$A$3:$I$56,6,FALSE)>=VLOOKUP(57,main!$A$57:$I$59,4,FALSE)+VLOOKUP(VLOOKUP(D$1,main!$A$3:$I$56,7,FALSE),main!$K$10:$Q$14,5,FALSE),1,0) -> 0 | E117: =IF(VLOOKUP(E$1,main!$A$3:$I$56,5,FALSE)-VLOOKUP($A117,main!$A$3:$I$56,6,FALSE)>=VLOOKUP(57,main!$A$57:$I$59,4,FALSE)+VLOOKUP(VLOOKUP(E$1,main!$A$3:$I$56,7,FALSE),main!$K$10:$Q$14,5,FALSE),1,0) -> 0 | F117: =IF(VLOOKUP(F$1,main!$A$3:$I$56,5,FALSE)-VLOOKUP($A117,main!$A$3:$I$56,6,FALSE)>=VLOOKUP(57,main!$A$57:$I$59,4,FALSE)+VLOOKUP(VLOOKUP(F$1,main!$A$3:$I$56,7,FALSE),main!$K$10:$Q$14,5,FALSE),1,0) -> 0 | G117: =IF(VLOOKUP(G$1,main!$A$3:$I$56,5,FALSE)-VLOOKUP($A117,main!$A$3:$I$56,6,FALSE)>=VLOOKUP(57,main!$A$57:$I$59,4,FALSE)+VLOOKUP(VLOOKUP(G$1,main!$A$3:$I$56,7,FALSE),main!$K$10:$Q$14,5,FALSE),1,0) -> 0 | H117: =IF(VLOOKUP(H$1,main!$A$3:$I$56,5,FALSE)-VLOOKUP($A117,main!$A$3:$I$56,6,FALSE)>=VLOOKUP(57,main!$A$57:$I$59,4,FALSE)+VLOOKUP(VLOOKUP(H$1,main!$A$3:$I$56,7,FALSE),main!$K$10:$Q$14,5,FALSE),1,0) -> 0 | I117: =IF(VLOOKUP(I$1,main!$A$3:$I$56,5,FALSE)-VLOOKUP($A117,main!$A$3:$I$56,6,FALSE)>=VLOOKUP(57,main!$A$57:$I$59,4,FALSE)+VLOOKUP(VLOOKUP(I$1,main!$A$3:$I$56,7,FALSE),main!$K$10:$Q$14,5,FALSE),1,0) -> 0 | J117: =IF(VLOOKUP(J$1,main!$A$3:$I$56,5,FALSE)-VLOOKUP($A117,main!$A$3:$I$56,6,FALSE)>=VLOOKUP(57,main!$A$57:$I$59,4,FALSE)+VLOOKUP(VLOOKUP(J$1,main!$A$3:$I$56,7,FALSE),main!$K$10:$Q$14,5,FALSE),1,0) -> 0 | ... BD117: =IF(VLOOKUP(BD$1,main!$A$3:$I$56,5,FALSE)-VLOOKUP($A117,main!$A$3:$I$56,6,FALSE)>=VLOOKUP(57,main!$A$57:$I$59,4,FALSE)+VLOOKUP(VLOOKUP(BD$1,main!$A$3:$I$56,7,FALSE),main!$K$10:$Q$14,5,FALSE),1,0) -> 0
A118: =A117+1 -> 6 | B118: 0 | C118: =IF(VLOOKUP(C$1,main!$A$3:$I$56,5,FALSE)-VLOOKUP($A118,main!$A$3:$I$56,6,FALSE)>=VLOOKUP(57,main!$A$57:$I$59,4,FALSE)+VLOOKUP(VLOOKUP(C$1,main!$A$3:$I$56,7,FALSE),main!$K$10:$Q$14,5,FALSE),1,0) -> 0 | D118: =IF(VLOOKUP(D$1,main!$A$3:$I$56,5,FALSE)-VLOOKUP($A118,main!$A$3:$I$56,6,FALSE)>=VLOOKUP(57,main!$A$57:$I$59,4,FALSE)+VLOOKUP(VLOOKUP(D$1,main!$A$3:$I$56,7,FALSE),main!$K$10:$Q$14,5,FALSE),1,0) -> 0 | E118: =IF(VLOOKUP(E$1,main!$A$3:$I$56,5,FALSE)-VLOOKUP($A118,main!$A$3:$I$56,6,FALSE)>=VLOOKUP(57,main!$A$57:$I$59,4,FALSE)+VLOOKUP(VLOOKUP(E$1,main!$A$3:$I$56,7,FALSE),main!$K$10:$Q$14,5,FALSE),1,0) -> 0 | F118: =IF(VLOOKUP(F$1,main!$A$3:$I$56,5,FALSE)-VLOOKUP($A118,main!$A$3:$I$56,6,FALSE)>=VLOOKUP(57,main!$A$57:$I$59,4,FALSE)+VLOOKUP(VLOOKUP(F$1,main!$A$3:$I$56,7,FALSE),main!$K$10:$Q$14,5,FALSE),1,0) -> 0 | G118: =IF(VLOOKUP(G$1,main!$A$3:$I$56,5,FALSE)-VLOOKUP($A118,main!$A$3:$I$56,6,FALSE)>=VLOOKUP(57,main!$A$57:$I$59,4,FALSE)+VLOOKUP(VLOOKUP(G$1,main!$A$3:$I$56,7,FALSE),main!$K$10:$Q$14,5,FALSE),1,0) -> 0 | H118: =IF(VLOOKUP(H$1,main!$A$3:$I$56,5,FALSE)-VLOOKUP($A118,main!$A$3:$I$56,6,FALSE)>=VLOOKUP(57,main!$A$57:$I$59,4,FALSE)+VLOOKUP(VLOOKUP(H$1,main!$A$3:$I$56,7,FALSE),main!$K$10:$Q$14,5,FALSE),1,0) -> 0 | I118: =IF(VLOOKUP(I$1,main!$A$3:$I$56,5,FALSE)-VLOOKUP($A118,main!$A$3:$I$56,6,FALSE)>=VLOOKUP(57,main!$A$57:$I$59,4,FALSE)+VLOOKUP(VLOOKUP(I$1,main!$A$3:$I$56,7,FALSE),main!$K$10:$Q$14,5,FALSE),1,0) -> 0 | J118: =IF(VLOOKUP(J$1,main!$A$3:$I$56,5,FALSE)-VLOOKUP($A118,main!$A$3:$I$56,6,FALSE)>=VLOOKUP(57,main!$A$57:$I$59,4,FALSE)+VLOOKUP(VLOOKUP(J$1,main!$A$3:$I$56,7,FALSE),main!$K$10:$Q$14,5,FALSE),1,0) -> 0 | ... BD118: =IF(VLOOKUP(BD$1,main!$A$3:$I$56,5,FALSE)-VLOOKUP($A118,main!$A$3:$I$56,6,FALSE)>=VLOOKUP(57,main!$A$57:$I$59,4,FALSE)+VLOOKUP(VLOOKUP(BD$1,main!$A$3:$I$56,7,FALSE),main!$K$10:$Q$14,5,FALSE),1,0) -> 0
A119: =A118+1 -> 7 | B119: 0 | C119: =IF(VLOOKUP(C$1,main!$A$3:$I$56,5,FALSE)-VLOOKUP($A119,main!$A$3:$I$56,6,FALSE)>=VLOOKUP(57,main!$A$57:$I$59,4,FALSE)+VLOOKUP(VLOOKUP(C$1,main!$A$3:$I$56,7,FALSE),main!$K$10:$Q$14,5,FALSE),1,0) -> 0 | D119: =IF(VLOOKUP(D$1,main!$A$3:$I$56,5,FALSE)-VLOOKUP($A119,main!$A$3:$I$56,6,FALSE)>=VLOOKUP(57,main!$A$57:$I$59,4,FALSE)+VLOOKUP(VLOOKUP(D$1,main!$A$3:$I$56,7,FALSE),main!$K$10:$Q$14,5,FALSE),1,0) -> 0 | E119: =IF(VLOOKUP(E$1,main!$A$3:$I$56,5,FALSE)-VLOOKUP($A119,main!$A$3:$I$56,6,FALSE)>=VLOOKUP(57,main!$A$57:$I$59,4,FALSE)+VLOOKUP(VLOOKUP(E$1,main!$A$3:$I$56,7,FALSE),main!$K$10:$Q$14,5,FALSE),1,0) -> 0 | F119: =IF(VLOOKUP(F$1,main!$A$3:$I$56,5,FALSE)-VLOOKUP($A119,main!$A$3:$I$56,6,FALSE)>=VLOOKUP(57,main!$A$57:$I$59,4,FALSE)+VLOOKUP(VLOOKUP(F$1,main!$A$3:$I$56,7,FALSE),main!$K$10:$Q$14,5,FALSE),1,0) -> 0 | G119: =IF(VLOOKUP(G$1,main!$A$3:$I$56,5,FALSE)-VLOOKUP($A119,main!$A$3:$I$56,6,FALSE)>=VLOOKUP(57,main!$A$57:$I$59,4,FALSE)+VLOOKUP(VLOOKUP(G$1,main!$A$3:$I$56,7,FALSE),main!$K$10:$Q$14,5,FALSE),1,0) -> 0 | H119: =IF(VLOOKUP(H$1,main!$A$3:$I$56,5,FALSE)-VLOOKUP($A119,main!$A$3:$I$56,6,FALSE)>=VLOOKUP(57,main!$A$57:$I$59,4,FALSE)+VLOOKUP(VLOOKUP(H$1,main!$A$3:$I$56,7,FALSE),main!$K$10:$Q$14,5,FALSE),1,0) -> 0 | I119: =IF(VLOOKUP(I$1,main!$A$3:$I$56,5,FALSE)-VLOOKUP($A119,main!$A$3:$I$56,6,FALSE)>=VLOOKUP(57,main!$A$57:$I$59,4,FALSE)+VLOOKUP(VLOOKUP(I$1,main!$A$3:$I$56,7,FALSE),main!$K$10:$Q$14,5,FALSE),1,0) -> 0 | J119: =IF(VLOOKUP(J$1,main!$A$3:$I$56,5,FALSE)-VLOOKUP($A119,main!$A$3:$I$56,6,FALSE)>=VLOOKUP(57,main!$A$57:$I$59,4,FALSE)+VLOOKUP(VLOOKUP(J$1,main!$A$3:$I$56,7,FALSE),main!$K$10:$Q$14,5,FALSE),1,0) -> 0 | ... BD119: =IF(VLOOKUP(BD$1,main!$A$3:$I$56,5,FALSE)-VLOOKUP($A119,main!$A$3:$I$56,6,FALSE)>=VLOOKUP(57,main!$A$57:$I$59,4,FALSE)+VLOOKUP(VLOOKUP(BD$1,main!$A$3:$I$56,7,FALSE),main!$K$10:$Q$14,5,FALSE),1,0) -> 0
A120: =A119+1 -> 8 | B120: 0 | C120: =IF(VLOOKUP(C$1,main!$A$3:$I$56,5,FALSE)-VLOOKUP($A120,main!$A$3:$I$56,6,FALSE)>=VLOOKUP(57,main!$A$57:$I$59,4,FALSE)+VLOOKUP(VLOOKUP(C$1,main!$A$3:$I$56,7,FALSE),main!$K$10:$Q$14,5,FALSE),1,0) -> 0 | D120: =IF(VLOOKUP(D$1,main!$A$3:$I$56,5,FALSE)-VLOOKUP($A120,main!$A$3:$I$56,6,FALSE)>=VLOOKUP(57,main!$A$57:$I$59,4,FALSE)+VLOOKUP(VLOOKUP(D$1,main!$A$3:$I$56,7,FALSE),main!$K$10:$Q$14,5,FALSE),1,0) -> 0 | E120: =IF(VLOOKUP(E$1,main!$A$3:$I$56,5,FALSE)-VLOOKUP($A120,main!$A$3:$I$56,6,FALSE)>=VLOOKUP(57,main!$A$57:$I$59,4,FALSE)+VLOOKUP(VLOOKUP(E$1,main!$A$3:$I$56,7,FALSE),main!$K$10:$Q$14,5,FALSE),1,0) -> 0 | F120: =IF(VLOOKUP(F$1,main!$A$3:$I$56,5,FALSE)-VLOOKUP($A120,main!$A$3:$I$56,6,FALSE)>=VLOOKUP(57,main!$A$57:$I$59,4,FALSE)+VLOOKUP(VLOOKUP(F$1,main!$A$3:$I$56,7,FALSE),main!$K$10:$Q$14,5,FALSE),1,0) -> 0 | G120: =IF(VLOOKUP(G$1,main!$A$3:$I$56,5,FALSE)-VLOOKUP($A120,main!$A$3:$I$56,6,FALSE)>=VLOOKUP(57,main!$A$57:$I$59,4,FALSE)+VLOOKUP(VLOOKUP(G$1,main!$A$3:$I$56,7,FALSE),main!$K$10:$Q$14,5,FALSE),1,0) -> 0 | H120: =IF(VLOOKUP(H$1,main!$A$3:$I$56,5,FALSE)-VLOOKUP($A120,main!$A$3:$I$56,6,FALSE)>=VLOOKUP(57,main!$A$57:$I$59,4,FALSE)+VLOOKUP(VLOOKUP(H$1,main!$A$3:$I$56,7,FALSE),main!$K$10:$Q$14,5,FALSE),1,0) -> 0 | I120: =IF(VLOOKUP(I$1,main!$A$3:$I$56,5,FALSE)-VLOOKUP($A120,main!$A$3:$I$56,6,FALSE)>=VLOOKUP(57,main!$A$57:$I$59,4,FALSE)+VLOOKUP(VLOOKUP(I$1,main!$A$3:$I$56,7,FALSE),main!$K$10:$Q$14,5,FALSE),1,0) -> 0 | J120: =IF(VLOOKUP(J$1,main!$A$3:$I$56,5,FALSE)-VLOOKUP($A120,main!$A$3:$I$56,6,FALSE)>=VLOOKUP(57,main!$A$57:$I$59,4,FALSE)+VLOOKUP(VLOOKUP(J$1,main!$A$3:$I$56,7,FALSE),main!$K$10:$Q$14,5,FALSE),1,0) -> 0 | ... BD120: =IF(VLOOKUP(BD$1,main!$A$3:$I$56,5,FALSE)-VLOOKUP($A120,main!$A$3:$I$56,6,FALSE)>=VLOOKUP(57,main!$A$57:$I$59,4,FALSE)+VLOOKUP(VLOOKUP(BD$1,main!$A$3:$I$56,7,FALSE),main!$K$10:$Q$14,5,FALSE),1,0) -> 0
A121: =A120+1 -> 9 | B121: 0 | C121: =IF(VLOOKUP(C$1,main!$A$3:$I$56,5,FALSE)-VLOOKUP($A121,main!$A$3:$I$56,6,FALSE)>=VLOOKUP(57,main!$A$57:$I$59,4,FALSE)+VLOOKUP(VLOOKUP(C$1,main!$A$3:$I$56,7,FALSE),main!$K$10:$Q$14,5,FALSE),1,0) -> 0 | D121: =IF(VLOOKUP(D$1,main!$A$3:$I$56,5,FALSE)-VLOOKUP($A121,main!$A$3:$I$56,6,FALSE)>=VLOOKUP(57,main!$A$57:$I$59,4,FALSE)+VLOOKUP(VLOOKUP(D$1,main!$A$3:$I$56,7,FALSE),main!$K$10:$Q$14,5,FALSE),1,0) -> 0 | E121: =IF(VLOOKUP(E$1,main!$A$3:$I$56,5,FALSE)-VLOOKUP($A121,main!$A$3:$I$56,6,FALSE)>=VLOOKUP(57,main!$A$57:$I$59,4,FALSE)+VLOOKUP(VLOOKUP(E$1,main!$A$3:$I$56,7,FALSE),main!$K$10:$Q$14,5,FALSE),1,0) -> 0 | F121: =IF(VLOOKUP(F$1,main!$A$3:$I$56,5,FALSE)-VLOOKUP($A121,main!$A$3:$I$56,6,FALSE)>=VLOOKUP(57,main!$A$57:$I$59,4,FALSE)+VLOOKUP(VLOOKUP(F$1,main!$A$3:$I$56,7,FALSE),main!$K$10:$Q$14,5,FALSE),1,0) -> 1 | G121: =IF(VLOOKUP(G$1,main!$A$3:$I$56,5,FALSE)-VLOOKUP($A121,main!$A$3:$I$56,6,FALSE)>=VLOOKUP(57,main!$A$57:$I$59,4,FALSE)+VLOOKUP(VLOOKUP(G$1,main!$A$3:$I$56,7,FALSE),main!$K$10:$Q$14,5,FALSE),1,0) -> 1 | H121: =IF(VLOOKUP(H$1,main!$A$3:$I$56,5,FALSE)-VLOOKUP($A121,main!$A$3:$I$56,6,FALSE)>=VLOOKUP(57,main!$A$57:$I$59,4,FALSE)+VLOOKUP(VLOOKUP(H$1,main!$A$3:$I$56,7,FALSE),main!$K$10:$Q$14,5,FALSE),1,0) -> 1 | I121: =IF(VLOOKUP(I$1,main!$A$3:$I$56,5,FALSE)-VLOOKUP($A121,main!$A$3:$I$56,6,FALSE)>=VLOOKUP(57,main!$A$57:$I$59,4,FALSE)+VLOOKUP(VLOOKUP(I$1,main!$A$3:$I$56,7,FALSE),main!$K$10:$Q$14,5,FALSE),1,0) -> 1 | J121: =IF(VLOOKUP(J$1,main!$A$3:$I$56,5,FALSE)-VLOOKUP($A121,main!$A$3:$I$56,6,FALSE)>=VLOOKUP(57,main!$A$57:$I$59,4,FALSE)+VLOOKUP(VLOOKUP(J$1,main!$A$3:$I$56,7,FALSE),main!$K$10:$Q$14,5,FALSE),1,0) -> 1 | ... BD121: =IF(VLOOKUP(BD$1,main!$A$3:$I$56,5,FALSE)-VLOOKUP($A121,main!$A$3:$I$56,6,FALSE)>=VLOOKUP(57,main!$A$57:$I$59,4,FALSE)+VLOOKUP(VLOOKUP(BD$1,main!$A$3:$I$56,7,FALSE),main!$K$10:$Q$14,5,FALSE),1,0) -> 1
A122: =A121+1 -> 10 | B122: 0 | C122: =IF(VLOOKUP(C$1,main!$A$3:$I$56,5,FALSE)-VLOOKUP($A122,main!$A$3:$I$56,6,FALSE)>=VLOOKUP(57,main!$A$57:$I$59,4,FALSE)+VLOOKUP(VLOOKUP(C$1,main!$A$3:$I$56,7,FALSE),main!$K$10:$Q$14,5,FALSE),1,0) -> 0 | D122: =IF(VLOOKUP(D$1,main!$A$3:$I$56,5,FALSE)-VLOOKUP($A122,main!$A$3:$I$56,6,FALSE)>=VLOOKUP(57,main!$A$57:$I$59,4,FALSE)+VLOOKUP(VLOOKUP(D$1,main!$A$3:$I$56,7,FALSE),main!$K$10:$Q$14,5,FALSE),1,0) -> 0 | E122: =IF(VLOOKUP(E$1,main!$A$3:$I$56,5,FALSE)-VLOOKUP($A122,main!$A$3:$I$56,6,FALSE)>=VLOOKUP(57,main!$A$57:$I$59,4,FALSE)+VLOOKUP(VLOOKUP(E$1,main!$A$3:$I$56,7,FALSE),main!$K$10:$Q$14,5,FALSE),1,0) -> 0 | F122: =IF(VLOOKUP(F$1,main!$A$3:$I$56,5,FALSE)-VLOOKUP($A122,main!$A$3:$I$56,6,FALSE)>=VLOOKUP(57,main!$A$57:$I$59,4,FALSE)+VLOOKUP(VLOOKUP(F$1,main!$A$3:$I$56,7,FALSE),main!$K$10:$Q$14,5,FALSE),1,0) -> 0 | G122: =IF(VLOOKUP(G$1,main!$A$3:$I$56,5,FALSE)-VLOOKUP($A122,main!$A$3:$I$56,6,FALSE)>=VLOOKUP(57,main!$A$57:$I$59,4,FALSE)+VLOOKUP(VLOOKUP(G$1,main!$A$3:$I$56,7,FALSE),main!$K$10:$Q$14,5,FALSE),1,0) -> 0 | H122: =IF(VLOOKUP(H$1,main!$A$3:$I$56,5,FALSE)-VLOOKUP($A122,main!$A$3:$I$56,6,FALSE)>=VLOOKUP(57,main!$A$57:$I$59,4,FALSE)+VLOOKUP(VLOOKUP(H$1,main!$A$3:$I$56,7,FALSE),main!$K$10:$Q$14,5,FALSE),1,0) -> 1 | I122: =IF(VLOOKUP(I$1,main!$A$3:$I$56,5,FALSE)-VLOOKUP($A122,main!$A$3:$I$56,6,FALSE)>=VLOOKUP(57,main!$A$57:$I$59,4,FALSE)+VLOOKUP(VLOOKUP(I$1,main!$A$3:$I$56,7,FALSE),main!$K$10:$Q$14,5,FALSE),1,0) -> 1 | J122: =IF(VLOOKUP(J$1,main!$A$3:$I$56,5,FALSE)-VLOOKUP($A122,main!$A$3:$I$56,6,FALSE)>=VLOOKUP(57,main!$A$57:$I$59,4,FALSE)+VLOOKUP(VLOOKUP(J$1,main!$A$3:$I$56,7,FALSE),main!$K$10:$Q$14,5,FALSE),1,0) -> 1 | ... BD122: =IF(VLOOKUP(BD$1,main!$A$3:$I$56,5,FALSE)-VLOOKUP($A122,main!$A$3:$I$56,6,FALSE)>=VLOOKUP(57,main!$A$57:$I$59,4,FALSE)+VLOOKUP(VLOOKUP(BD$1,main!$A$3:$I$56,7,FALSE),main!$K$10:$Q$14,5,FALSE),1,0) -> 0
A123: =A122+1 -> 11 | B123: 0 | C123: =IF(VLOOKUP(C$1,main!$A$3:$I$56,5,FALSE)-VLOOKUP($A123,main!$A$3:$I$56,6,FALSE)>=VLOOKUP(57,main!$A$57:$I$59,4,FALSE)+VLOOKUP(VLOOKUP(C$1,main!$A$3:$I$56,7,FALSE),main!$K$10:$Q$14,5,FALSE),1,0) -> 0 | D123: =IF(VLOOKUP(D$1,main!$A$3:$I$56,5,FALSE)-VLOOKUP($A123,main!$A$3:$I$56,6,FALSE)>=VLOOKUP(57,main!$A$57:$I$59,4,FALSE)+VLOOKUP(VLOOKUP(D$1,main!$A$3:$I$56,7,FALSE),main!$K$10:$Q$14,5,FALSE),1,0) -> 0 | E123: =IF(VLOOKUP(E$1,main!$A$3:$I$56,5,FALSE)-VLOOKUP($A123,main!$A$3:$I$56,6,FALSE)>=VLOOKUP(57,main!$A$57:$I$59,4,FALSE)+VLOOKUP(VLOOKUP(E$1,main!$A$3:$I$56,7,FALSE),main!$K$10:$Q$14,5,FALSE),1,0) -> 0 | F123: =IF(VLOOKUP(F$1,main!$A$3:$I$56,5,FALSE)-VLOOKUP($A123,main!$A$3:$I$56,6,FALSE)>=VLOOKUP(57,main!$A$57:$I$59,4,FALSE)+VLOOKUP(VLOOKUP(F$1,main!$A$3:$I$56,7,FALSE),main!$K$10:$Q$14,5,FALSE),1,0) -> 0 | G123: =IF(VLOOKUP(G$1,main!$A$3:$I$56,5,FALSE)-VLOOKUP($A123,main!$A$3:$I$56,6,FALSE)>=VLOOKUP(57,main!$A$57:$I$59,4,FALSE)+VLOOKUP(VLOOKUP(G$1,main!$A$3:$I$56,7,FALSE),main!$K$10:$Q$14,5,FALSE),1,0) -> 0 | H123: =IF(VLOOKUP(H$1,main!$A$3:$I$56,5,FALSE)-VLOOKUP($A123,main!$A$3:$I$56,6,FALSE)>=VLOOKUP(57,main!$A$57:$I$59,4,FALSE)+VLOOKUP(VLOOKUP(H$1,main!$A$3:$I$56,7,FALSE),main!$K$10:$Q$14,5,FALSE),1,0) -> 0 | I123: =IF(VLOOKUP(I$1,main!$A$3:$I$56,5,FALSE)-VLOOKUP($A123,main!$A$3:$I$56,6,FALSE)>=VLOOKUP(57,main!$A$57:$I$59,4,FALSE)+VLOOKUP(VLOOKUP(I$1,main!$A$3:$I$56,7,FALSE),main!$K$10:$Q$14,5,FALSE),1,0) -> 0 | J123: =IF(VLOOKUP(J$1,main!$A$3:$I$56,5,FALSE)-VLOOKUP($A123,main!$A$3:$I$56,6,FALSE)>=VLOOKUP(57,main!$A$57:$I$59,4,FALSE)+VLOOKUP(VLOOKUP(J$1,main!$A$3:$I$56,7,FALSE),main!$K$10:$Q$14,5,FALSE),1,0) -> 1 | ... BD123: =IF(VLOOKUP(BD$1,main!$A$3:$I$56,5,FALSE)-VLOOKUP($A123,main!$A$3:$I$56,6,FALSE)>=VLOOKUP(57,main!$A$57:$I$59,4,FALSE)+VLOOKUP(VLOOKUP(BD$1,main!$A$3:$I$56,7,FALSE),main!$K$10:$Q$14,5,FALSE),1,0) -> 0
A124: =A123+1 -> 12 | B124: 0 | C124: =IF(VLOOKUP(C$1,main!$A$3:$I$56,5,FALSE)-VLOOKUP($A124,main!$A$3:$I$56,6,FALSE)>=VLOOKUP(57,main!$A$57:$I$59,4,FALSE)+VLOOKUP(VLOOKUP(C$1,main!$A$3:$I$56,7,FALSE),main!$K$10:$Q$14,5,FALSE),1,0) -> 0 | D124: =IF(VLOOKUP(D$1,main!$A$3:$I$56,5,FALSE)-VLOOKUP($A124,main!$A$3:$I$56,6,FALSE)>=VLOOKUP(57,main!$A$57:$I$59,4,FALSE)+VLOOKUP(VLOOKUP(D$1,main!$A$3:$I$56,7,FALSE),main!$K$10:$Q$14,5,FALSE),1,0) -> 0 | E124: =IF(VLOOKUP(E$1,main!$A$3:$I$56,5,FALSE)-VLOOKUP($A124,main!$A$3:$I$56,6,FALSE)>=VLOOKUP(57,main!$A$57:$I$59,4,FALSE)+VLOOKUP(VLOOKUP(E$1,main!$A$3:$I$56,7,FALSE),main!$K$10:$Q$14,5,FALSE),1,0) -> 0 | F124: =IF(VLOOKUP(F$1,main!$A$3:$I$56,5,FALSE)-VLOOKUP($A124,main!$A$3:$I$56,6,FALSE)>=VLOOKUP(57,main!$A$57:$I$59,4,FALSE)+VLOOKUP(VLOOKUP(F$1,main!$A$3:$I$56,7,FALSE),main!$K$10:$Q$14,5,FALSE),1,0) -> 0 | G124: =IF(VLOOKUP(G$1,main!$A$3:$I$56,5,FALSE)-VLOOKUP($A124,main!$A$3:$I$56,6,FALSE)>=VLOOKUP(57,main!$A$57:$I$59,4,FALSE)+VLOOKUP(VLOOKUP(G$1,main!$A$3:$I$56,7,FALSE),main!$K$10:$Q$14,5,FALSE),1,0) -> 0 | H124: =IF(VLOOKUP(H$1,main!$A$3:$I$56,5,FALSE)-VLOOKUP($A124,main!$A$3:$I$56,6,FALSE)>=VLOOKUP(57,main!$A$57:$I$59,4,FALSE)+VLOOKUP(VLOOKUP(H$1,main!$A$3:$I$56,7,FALSE),main!$K$10:$Q$14,5,FALSE),1,0) -> 0 | I124: =IF(VLOOKUP(I$1,main!$A$3:$I$56,5,FALSE)-VLOOKUP($A124,main!$A$3:$I$56,6,FALSE)>=VLOOKUP(57,main!$A$57:$I$59,4,FALSE)+VLOOKUP(VLOOKUP(I$1,main!$A$3:$I$56,7,FALSE),main!$K$10:$Q$14,5,FALSE),1,0) -> 0 | J124: =IF(VLOOKUP(J$1,main!$A$3:$I$56,5,FALSE)-VLOOKUP($A124,main!$A$3:$I$56,6,FALSE)>=VLOOKUP(57,main!$A$57:$I$59,4,FALSE)+VLOOKUP(VLOOKUP(J$1,main!$A$3:$I$56,7,FALSE),main!$K$10:$Q$14,5,FALSE),1,0) -> 0 | ... BD124: =IF(VLOOKUP(BD$1,main!$A$3:$I$56,5,FALSE)-VLOOKUP($A124,main!$A$3:$I$56,6,FALSE)>=VLOOKUP(57,main!$A$57:$I$59,4,FALSE)+VLOOKUP(VLOOKUP(BD$1,main!$A$3:$I$56,7,FALSE),main!$K$10:$Q$14,5,FALSE),1,0) -> 0
... A166: =A165+1 -> 54 | B166: 0 | C166: =IF(VLOOKUP(C$1,main!$A$3:$I$56,5,FALSE)-VLOOKUP($A166,main!$A$3:$I$56,6,FALSE)>=VLOOKUP(57,main!$A$57:$I$59,4,FALSE)+VLOOKUP(VLOOKUP(C$1,main!$A$3:$I$56,7,FALSE),main!$K$10:$Q$14,5,FALSE),1,0) -> 0 | D166: =IF(VLOOKUP(D$1,main!$A$3:$I$56,5,FALSE)-VLOOKUP($A166,main!$A$3:$I$56,6,FALSE)>=VLOOKUP(57,main!$A$57:$I$59,4,FALSE)+VLOOKUP(VLOOKUP(D$1,main!$A$3:$I$56,7,FALSE),main!$K$10:$Q$14,5,FALSE),1,0) -> 0 | E166: =IF(VLOOKUP(E$1,main!$A$3:$I$56,5,FALSE)-VLOOKUP($A166,main!$A$3:$I$56,6,FALSE)>=VLOOKUP(57,main!$A$57:$I$59,4,FALSE)+VLOOKUP(VLOOKUP(E$1,main!$A$3:$I$56,7,FALSE),main!$K$10:$Q$14,5,FALSE),1,0) -> 0 | F166: =IF(VLOOKUP(F$1,main!$A$3:$I$56,5,FALSE)-VLOOKUP($A166,main!$A$3:$I$56,6,FALSE)>=VLOOKUP(57,main!$A$57:$I$59,4,FALSE)+VLOOKUP(VLOOKUP(F$1,main!$A$3:$I$56,7,FALSE),main!$K$10:$Q$14,5,FALSE),1,0) -> 0 | G166: =IF(VLOOKUP(G$1,main!$A$3:$I$56,5,FALSE)-VLOOKUP($A166,main!$A$3:$I$56,6,FALSE)>=VLOOKUP(57,main!$A$57:$I$59,4,FALSE)+VLOOKUP(VLOOKUP(G$1,main!$A$3:$I$56,7,FALSE),main!$K$10:$Q$14,5,FALSE),1,0) -> 0 | H166: =IF(VLOOKUP(H$1,main!$A$3:$I$56,5,FALSE)-VLOOKUP($A166,main!$A$3:$I$56,6,FALSE)>=VLOOKUP(57,main!$A$57:$I$59,4,FALSE)+VLOOKUP(VLOOKUP(H$1,main!$A$3:$I$56,7,FALSE),main!$K$10:$Q$14,5,FALSE),1,0) -> 0 | I166: =IF(VLOOKUP(I$1,main!$A$3:$I$56,5,FALSE)-VLOOKUP($A166,main!$A$3:$I$56,6,FALSE)>=VLOOKUP(57,main!$A$57:$I$59,4,FALSE)+VLOOKUP(VLOOKUP(I$1,main!$A$3:$I$56,7,FALSE),main!$K$10:$Q$14,5,FALSE),1,0) -> 0 | J166: =IF(VLOOKUP(J$1,main!$A$3:$I$56,5,FALSE)-VLOOKUP($A166,main!$A$3:$I$56,6,FALSE)>=VLOOKUP(57,main!$A$57:$I$59,4,FALSE)+VLOOKUP(VLOOKUP(J$1,main!$A$3:$I$56,7,FALSE),main!$K$10:$Q$14,5,FALSE),1,0) -> 0 | ... BD166: =IF(VLOOKUP(BD$1,main!$A$3:$I$56,5,FALSE)-VLOOKUP($A166,main!$A$3:$I$56,6,FALSE)>=VLOOKUP(57,main!$A$57:$I$59,4,FALSE)+VLOOKUP(VLOOKUP(BD$1,main!$A$3:$I$56,7,FALSE),main!$K$10:$Q$14,5,FALSE),1,0) -> 0
A167: 0 | B167: 0 | C167: 1 | D167: 1 | E167: 1 | F167: 1 | G167: 1 | H167: 1 | I167: 1 | J167: 1 | K167: 1 | L167: 1 | M167: 1 | N167: 1 | O167: 1 | P167: 1 | Q167: 1 | R167: 1 | S167: 1 | T167: 1 | U167: 1 | V167: 1 | W167: 1 | X167: 1 | Y167: 1 | Z167: 1 | AA167: 1 | AB167: 1 | AC167: 1 | AD167: 1 | AE167: 1 | AF167: 1 | AG167: 1 | AH167: 1 | AI167: 1 | AJ167: 1 | AK167: 1 | AL167: 1 | AM167: 1 | AN167: 1 | AO167: 1 | AP167: 1 | AQ167: 1 | AR167: 1 | AS167: 1 | AT167: 1 | AU167: 1 | AV167: 1 | AW167: 1 | AX167: 1 | AY167: 1 | AZ167: 1 | BA167: 1 | BB167: 1 | BC167: 1 | BD167: 1
A168: =A167+1 -> 1 | B168: 0 | C168: =IF(VLOOKUP(C$1,main!$A$3:$I$56,5,FALSE)-VLOOKUP($A168,main!$A$3:$I$56,6,FALSE)>=VLOOKUP(58,main!$A$57:$I$61,4,FALSE)+VLOOKUP(VLOOKUP(C$1,main!$A$3:$I$56,7,FALSE),main!$K$10:$Q$14,6,FALSE),1,0) -> 0 | D168: =IF(VLOOKUP(D$1,main!$A$3:$I$56,5,FALSE)-VLOOKUP($A168,main!$A$3:$I$56,6,FALSE)>=VLOOKUP(58,main!$A$57:$I$61,4,FALSE)+VLOOKUP(VLOOKUP(D$1,main!$A$3:$I$56,7,FALSE),main!$K$10:$Q$14,6,FALSE),1,0) -> 0 | E168: =IF(VLOOKUP(E$1,main!$A$3:$I$56,5,FALSE)-VLOOKUP($A168,main!$A$3:$I$56,6,FALSE)>=VLOOKUP(58,main!$A$57:$I$61,4,FALSE)+VLOOKUP(VLOOKUP(E$1,main!$A$3:$I$56,7,FALSE),main!$K$10:$Q$14,6,FALSE),1,0) -> 0 | F168: =IF(VLOOKUP(F$1,main!$A$3:$I$56,5,FALSE)-VLOOKUP($A168,main!$A$3:$I$56,6,FALSE)>=VLOOKUP(58,main!$A$57:$I$61,4,FALSE)+VLOOKUP(VLOOKUP(F$1,main!$A$3:$I$56,7,FALSE),main!$K$10:$Q$14,6,FALSE),1,0) -> 1 | G168: =IF(VLOOKUP(G$1,main!$A$3:$I$56,5,FALSE)-VLOOKUP($A168,main!$A$3:$I$56,6,FALSE)>=VLOOKUP(58,main!$A$57:$I$61,4,FALSE)+VLOOKUP(VLOOKUP(G$1,main!$A$3:$I$56,7,FALSE),main!$K$10:$Q$14,6,FALSE),1,0) -> 1 | H168: =IF(VLOOKUP(H$1,main!$A$3:$I$56,5,FALSE)-VLOOKUP($A168,main!$A$3:$I$56,6,FALSE)>=VLOOKUP(58,main!$A$57:$I$61,4,FALSE)+VLOOKUP(VLOOKUP(H$1,main!$A$3:$I$56,7,FALSE),main!$K$10:$Q$14,6,FALSE),1,0) -> 1 | I168: =IF(VLOOKUP(I$1,main!$A$3:$I$56,5,FALSE)-VLOOKUP($A168,main!$A$3:$I$56,6,FALSE)>=VLOOKUP(58,main!$A$57:$I$61,4,FALSE)+VLOOKUP(VLOOKUP(I$1,main!$A$3:$I$56,7,FALSE),main!$K$10:$Q$14,6,FALSE),1,0) -> 1 | J168: =IF(VLOOKUP(J$1,main!$A$3:$I$56,5,FALSE)-VLOOKUP($A168,main!$A$3:$I$56,6,FALSE)>=VLOOKUP(58,main!$A$57:$I$61,4,FALSE)+VLOOKUP(VLOOKUP(J$1,main!$A$3:$I$56,7,FALSE),main!$K$10:$Q$14,6,FALSE),1,0) -> 1 | ... BD168: =IF(VLOOKUP(BD$1,main!$A$3:$I$56,5,FALSE)-VLOOKUP($A168,main!$A$3:$I$56,6,FALSE)>=VLOOKUP(58,main!$A$57:$I$61,4,FALSE)+VLOOKUP(VLOOKUP(BD$1,main!$A$3:$I$56,7,FALSE),main!$K$10:$Q$14,6,FALSE),1,0) -> 0
A169: =A168+1 -> 2 | B169: 0 | C169: =IF(VLOOKUP(C$1,main!$A$3:$I$56,5,FALSE)-VLOOKUP($A169,main!$A$3:$I$56,6,FALSE)>=VLOOKUP(58,main!$A$57:$I$61,4,FALSE)+VLOOKUP(VLOOKUP(C$1,main!$A$3:$I$56,7,FALSE),main!$K$10:$Q$14,6,FALSE),1,0) -> 0 | D169: =IF(VLOOKUP(D$1,main!$A$3:$I$56,5,FALSE)-VLOOKUP($A169,main!$A$3:$I$56,6,FALSE)>=VLOOKUP(58,main!$A$57:$I$61,4,FALSE)+VLOOKUP(VLOOKUP(D$1,main!$A$3:$I$56,7,FALSE),main!$K$10:$Q$14,6,FALSE),1,0) -> 0 | E169: =IF(VLOOKUP(E$1,main!$A$3:$I$56,5,FALSE)-VLOOKUP($A169,main!$A$3:$I$56,6,FALSE)>=VLOOKUP(58,main!$A$57:$I$61,4,FALSE)+VLOOKUP(VLOOKUP(E$1,main!$A$3:$I$56,7,FALSE),main!$K$10:$Q$14,6,FALSE),1,0) -> 0 | F169: =IF(VLOOKUP(F$1,main!$A$3:$I$56,5,FALSE)-VLOOKUP($A169,main!$A$3:$I$56,6,FALSE)>=VLOOKUP(58,main!$A$57:$I$61,4,FALSE)+VLOOKUP(VLOOKUP(F$1,main!$A$3:$I$56,7,FALSE),main!$K$10:$Q$14,6,FALSE),1,0) -> 0 | G169: =IF(VLOOKUP(G$1,main!$A$3:$I$56,5,FALSE)-VLOOKUP($A169,main!$A$3:$I$56,6,FALSE)>=VLOOKUP(58,main!$A$57:$I$61,4,FALSE)+VLOOKUP(VLOOKUP(G$1,main!$A$3:$I$56,7,FALSE),main!$K$10:$Q$14,6,FALSE),1,0) -> 0 | H169: =IF(VLOOKUP(H$1,main!$A$3:$I$56,5,FALSE)-VLOOKUP($A169,main!$A$3:$I$56,6,FALSE)>=VLOOKUP(58,main!$A$57:$I$61,4,FALSE)+VLOOKUP(VLOOKUP(H$1,main!$A$3:$I$56,7,FALSE),main!$K$10:$Q$14,6,FALSE),1,0) -> 0 | I169: =IF(VLOOKUP(I$1,main!$A$3:$I$56,5,FALSE)-VLOOKUP($A169,main!$A$3:$I$56,6,FALSE)>=VLOOKUP(58,main!$A$57:$I$61,4,FALSE)+VLOOKUP(VLOOKUP(I$1,main!$A$3:$I$56,7,FALSE),main!$K$10:$Q$14,6,FALSE),1,0) -> 1 | J169: =IF(VLOOKUP(J$1,main!$A$3:$I$56,5,FALSE)-VLOOKUP($A169,main!$A$3:$I$56,6,FALSE)>=VLOOKUP(58,main!$A$57:$I$61,4,FALSE)+VLOOKUP(VLOOKUP(J$1,main!$A$3:$I$56,7,FALSE),main!$K$10:$Q$14,6,FALSE),1,0) -> 1 | ... BD169: =IF(VLOOKUP(BD$1,main!$A$3:$I$56,5,FALSE)-VLOOKUP($A169,main!$A$3:$I$56,6,FALSE)>=VLOOKUP(58,main!$A$57:$I$61,4,FALSE)+VLOOKUP(VLOOKUP(BD$1,main!$A$3:$I$56,7,FALSE),main!$K$10:$Q$14,6,FALSE),1,0) -> 0
A170: =A169+1 -> 3 | B170: 0 | C170: =IF(VLOOKUP(C$1,main!$A$3:$I$56,5,FALSE)-VLOOKUP($A170,main!$A$3:$I$56,6,FALSE)>=VLOOKUP(58,main!$A$57:$I$61,4,FALSE)+VLOOKUP(VLOOKUP(C$1,main!$A$3:$I$56,7,FALSE),main!$K$10:$Q$14,6,FALSE),1,0) -> 0 | D170: =IF(VLOOKUP(D$1,main!$A$3:$I$56,5,FALSE)-VLOOKUP($A170,main!$A$3:$I$56,6,FALSE)>=VLOOKUP(58,main!$A$57:$I$61,4,FALSE)+VLOOKUP(VLOOKUP(D$1,main!$A$3:$I$56,7,FALSE),main!$K$10:$Q$14,6,FALSE),1,0) -> 0 | E170: =IF(VLOOKUP(E$1,main!$A$3:$I$56,5,FALSE)-VLOOKUP($A170,main!$A$3:$I$56,6,FALSE)>=VLOOKUP(58,main!$A$57:$I$61,4,FALSE)+VLOOKUP(VLOOKUP(E$1,main!$A$3:$I$56,7,FALSE),main!$K$10:$Q$14,6,FALSE),1,0) -> 0 | F170: =IF(VLOOKUP(F$1,main!$A$3:$I$56,5,FALSE)-VLOOKUP($A170,main!$A$3:$I$56,6,FALSE)>=VLOOKUP(58,main!$A$57:$I$61,4,FALSE)+VLOOKUP(VLOOKUP(F$1,main!$A$3:$I$56,7,FALSE),main!$K$10:$Q$14,6,FALSE),1,0) -> 0 | G170: =IF(VLOOKUP(G$1,main!$A$3:$I$56,5,FALSE)-VLOOKUP($A170,main!$A$3:$I$56,6,FALSE)>=VLOOKUP(58,main!$A$57:$I$61,4,FALSE)+VLOOKUP(VLOOKUP(G$1,main!$A$3:$I$56,7,FALSE),main!$K$10:$Q$14,6,FALSE),1,0) -> 0 | H170: =IF(VLOOKUP(H$1,main!$A$3:$I$56,5,FALSE)-VLOOKUP($A170,main!$A$3:$I$56,6,FALSE)>=VLOOKUP(58,main!$A$57:$I$61,4,FALSE)+VLOOKUP(VLOOKUP(H$1,main!$A$3:$I$56,7,FALSE),main!$K$10:$Q$14,6,FALSE),1,0) -> 0 | I170: =IF(VLOOKUP(I$1,main!$A$3:$I$56,5,FALSE)-VLOOKUP($A170,main!$A$3:$I$56,6,FALSE)>=VLOOKUP(58,main!$A$57:$I$61,4,FALSE)+VLOOKUP(VLOOKUP(I$1,main!$A$3:$I$56,7,FALSE),main!$K$10:$Q$14,6,FALSE),1,0) -> 0 | J170: =IF(VLOOKUP(J$1,main!$A$3:$I$56,5,FALSE)-VLOOKUP($A170,main!$A$3:$I$56,6,FALSE)>=VLOOKUP(58,main!$A$57:$I$61,4,FALSE)+VLOOKUP(VLOOKUP(J$1,main!$A$3:$I$56,7,FALSE),main!$K$10:$Q$14,6,FALSE),1,0) -> 1 | ... BD170: =IF(VLOOKUP(BD$1,main!$A$3:$I$56,5,FALSE)-VLOOKUP($A170,main!$A$3:$I$56,6,FALSE)>=VLOOKUP(58,main!$A$57:$I$61,4,FALSE)+VLOOKUP(VLOOKUP(BD$1,main!$A$3:$I$56,7,FALSE),main!$K$10:$Q$14,6,FALSE),1,0) -> 0
A171: =A170+1 -> 4 | B171: 0 | C171: =IF(VLOOKUP(C$1,main!$A$3:$I$56,5,FALSE)-VLOOKUP($A171,main!$A$3:$I$56,6,FALSE)>=VLOOKUP(58,main!$A$57:$I$61,4,FALSE)+VLOOKUP(VLOOKUP(C$1,main!$A$3:$I$56,7,FALSE),main!$K$10:$Q$14,6,FALSE),1,0) -> 0 | D171: =IF(VLOOKUP(D$1,main!$A$3:$I$56,5,FALSE)-VLOOKUP($A171,main!$A$3:$I$56,6,FALSE)>=VLOOKUP(58,main!$A$57:$I$61,4,FALSE)+VLOOKUP(VLOOKUP(D$1,main!$A$3:$I$56,7,FALSE),main!$K$10:$Q$14,6,FALSE),1,0) -> 0 | E171: =IF(VLOOKUP(E$1,main!$A$3:$I$56,5,FALSE)-VLOOKUP($A171,main!$A$3:$I$56,6,FALSE)>=VLOOKUP(58,main!$A$57:$I$61,4,FALSE)+VLOOKUP(VLOOKUP(E$1,main!$A$3:$I$56,7,FALSE),main!$K$10:$Q$14,6,FALSE),1,0) -> 0 | F171: =IF(VLOOKUP(F$1,main!$A$3:$I$56,5,FALSE)-VLOOKUP($A171,main!$A$3:$I$56,6,FALSE)>=VLOOKUP(58,main!$A$57:$I$61,4,FALSE)+VLOOKUP(VLOOKUP(F$1,main!$A$3:$I$56,7,FALSE),main!$K$10:$Q$14,6,FALSE),1,0) -> 0 | G171: =IF(VLOOKUP(G$1,main!$A$3:$I$56,5,FALSE)-VLOOKUP($A171,main!$A$3:$I$56,6,FALSE)>=VLOOKUP(58,main!$A$57:$I$61,4,FALSE)+VLOOKUP(VLOOKUP(G$1,main!$A$3:$I$56,7,FALSE),main!$K$10:$Q$14,6,FALSE),1,0) -> 0 | H171: =IF(VLOOKUP(H$1,main!$A$3:$I$56,5,FALSE)-VLOOKUP($A171,main!$A$3:$I$56,6,FALSE)>=VLOOKUP(58,main!$A$57:$I$61,4,FALSE)+VLOOKUP(VLOOKUP(H$1,main!$A$3:$I$56,7,FALSE),main!$K$10:$Q$14,6,FALSE),1,0) -> 0 | I171: =IF(VLOOKUP(I$1,main!$A$3:$I$56,5,FALSE)-VLOOKUP($A171,main!$A$3:$I$56,6,FALSE)>=VLOOKUP(58,main!$A$57:$I$61,4,FALSE)+VLOOKUP(VLOOKUP(I$1,main!$A$3:$I$56,7,FALSE),main!$K$10:$Q$14,6,FALSE),1,0) -> 0 | J171: =IF(VLOOKUP(J$1,main!$A$3:$I$56,5,FALSE)-VLOOKUP($A171,main!$A$3:$I$56,6,FALSE)>=VLOOKUP(58,main!$A$57:$I$61,4,FALSE)+VLOOKUP(VLOOKUP(J$1,main!$A$3:$I$56,7,FALSE),main!$K$10:$Q$14,6,FALSE),1,0) -> 0 | ... BD171: =IF(VLOOKUP(BD$1,main!$A$3:$I$56,5,FALSE)-VLOOKUP($A171,main!$A$3:$I$56,6,FALSE)>=VLOOKUP(58,main!$A$57:$I$61,4,FALSE)+VLOOKUP(VLOOKUP(BD$1,main!$A$3:$I$56,7,FALSE),main!$K$10:$Q$14,6,FALSE),1,0) -> 0
A172: =A171+1 -> 5 | B172: 0 | C172: =IF(VLOOKUP(C$1,main!$A$3:$I$56,5,FALSE)-VLOOKUP($A172,main!$A$3:$I$56,6,FALSE)>=VLOOKUP(58,main!$A$57:$I$61,4,FALSE)+VLOOKUP(VLOOKUP(C$1,main!$A$3:$I$56,7,FALSE),main!$K$10:$Q$14,6,FALSE),1,0) -> 0 | D172: =IF(VLOOKUP(D$1,main!$A$3:$I$56,5,FALSE)-VLOOKUP($A172,main!$A$3:$I$56,6,FALSE)>=VLOOKUP(58,main!$A$57:$I$61,4,FALSE)+VLOOKUP(VLOOKUP(D$1,main!$A$3:$I$56,7,FALSE),main!$K$10:$Q$14,6,FALSE),1,0) -> 0 | E172: =IF(VLOOKUP(E$1,main!$A$3:$I$56,5,FALSE)-VLOOKUP($A172,main!$A$3:$I$56,6,FALSE)>=VLOOKUP(58,main!$A$57:$I$61,4,FALSE)+VLOOKUP(VLOOKUP(E$1,main!$A$3:$I$56,7,FALSE),main!$K$10:$Q$14,6,FALSE),1,0) -> 0 | F172: =IF(VLOOKUP(F$1,main!$A$3:$I$56,5,FALSE)-VLOOKUP($A172,main!$A$3:$I$56,6,FALSE)>=VLOOKUP(58,main!$A$57:$I$61,4,FALSE)+VLOOKUP(VLOOKUP(F$1,main!$A$3:$I$56,7,FALSE),main!$K$10:$Q$14,6,FALSE),1,0) -> 0 | G172: =IF(VLOOKUP(G$1,main!$A$3:$I$56,5,FALSE)-VLOOKUP($A172,main!$A$3:$I$56,6,FALSE)>=VLOOKUP(58,main!$A$57:$I$61,4,FALSE)+VLOOKUP(VLOOKUP(G$1,main!$A$3:$I$56,7,FALSE),main!$K$10:$Q$14,6,FALSE),1,0) -> 0 | H172: =IF(VLOOKUP(H$1,main!$A$3:$I$56,5,FALSE)-VLOOKUP($A172,main!$A$3:$I$56,6,FALSE)>=VLOOKUP(58,main!$A$57:$I$61,4,FALSE)+VLOOKUP(VLOOKUP(H$1,main!$A$3:$I$56,7,FALSE),main!$K$10:$Q$14,6,FALSE),1,0) -> 0 | I172: =IF(VLOOKUP(I$1,main!$A$3:$I$56,5,FALSE)-VLOOKUP($A172,main!$A$3:$I$56,6,FALSE)>=VLOOKUP(58,main!$A$57:$I$61,4,FALSE)+VLOOKUP(VLOOKUP(I$1,main!$A$3:$I$56,7,FALSE),main!$K$10:$Q$14,6,FALSE),1,0) -> 0 | J172: =IF(VLOOKUP(J$1,main!$A$3:$I$56,5,FALSE)-VLOOKUP($A172,main!$A$3:$I$56,6,FALSE)>=VLOOKUP(58,main!$A$57:$I$61,4,FALSE)+VLOOKUP(VLOOKUP(J$1,main!$A$3:$I$56,7,FALSE),main!$K$10:$Q$14,6,FALSE),1,0) -> 0 | ... BD172: =IF(VLOOKUP(BD$1,main!$A$3:$I$56,5,FALSE)-VLOOKUP($A172,main!$A$3:$I$56,6,FALSE)>=VLOOKUP(58,main!$A$57:$I$61,4,FALSE)+VLOOKUP(VLOOKUP(BD$1,main!$A$3:$I$56,7,FALSE),main!$K$10:$Q$14,6,FALSE),1,0) -> 0
A173: =A172+1 -> 6 | B173: 0 | C173: =IF(VLOOKUP(C$1,main!$A$3:$I$56,5,FALSE)-VLOOKUP($A173,main!$A$3:$I$56,6,FALSE)>=VLOOKUP(58,main!$A$57:$I$61,4,FALSE)+VLOOKUP(VLOOKUP(C$1,main!$A$3:$I$56,7,FALSE),main!$K$10:$Q$14,6,FALSE),1,0) -> 0 | D173: =IF(VLOOKUP(D$1,main!$A$3:$I$56,5,FALSE)-VLOOKUP($A173,main!$A$3:$I$56,6,FALSE)>=VLOOKUP(58,main!$A$57:$I$61,4,FALSE)+VLOOKUP(VLOOKUP(D$1,main!$A$3:$I$56,7,FALSE),main!$K$10:$Q$14,6,FALSE),1,0) -> 0 | E173: =IF(VLOOKUP(E$1,main!$A$3:$I$56,5,FALSE)-VLOOKUP($A173,main!$A$3:$I$56,6,FALSE)>=VLOOKUP(58,main!$A$57:$I$61,4,FALSE)+VLOOKUP(VLOOKUP(E$1,main!$A$3:$I$56,7,FALSE),main!$K$10:$Q$14,6,FALSE),1,0) -> 0 | F173: =IF(VLOOKUP(F$1,main!$A$3:$I$56,5,FALSE)-VLOOKUP($A173,main!$A$3:$I$56,6,FALSE)>=VLOOKUP(58,main!$A$57:$I$61,4,FALSE)+VLOOKUP(VLOOKUP(F$1,main!$A$3:$I$56,7,FALSE),main!$K$10:$Q$14,6,FALSE),1,0) -> 0 | G173: =IF(VLOOKUP(G$1,main!$A$3:$I$56,5,FALSE)-VLOOKUP($A173,main!$A$3:$I$56,6,FALSE)>=VLOOKUP(58,main!$A$57:$I$61,4,FALSE)+VLOOKUP(VLOOKUP(G$1,main!$A$3:$I$56,7,FALSE),main!$K$10:$Q$14,6,FALSE),1,0) -> 0 | H173: =IF(VLOOKUP(H$1,main!$A$3:$I$56,5,FALSE)-VLOOKUP($A173,main!$A$3:$I$56,6,FALSE)>=VLOOKUP(58,main!$A$57:$I$61,4,FALSE)+VLOOKUP(VLOOKUP(H$1,main!$A$3:$I$56,7,FALSE),main!$K$10:$Q$14,6,FALSE),1,0) -> 0 | I173: =IF(VLOOKUP(I$1,main!$A$3:$I$56,5,FALSE)-VLOOKUP($A173,main!$A$3:$I$56,6,FALSE)>=VLOOKUP(58,main!$A$57:$I$61,4,FALSE)+VLOOKUP(VLOOKUP(I$1,main!$A$3:$I$56,7,FALSE),main!$K$10:$Q$14,6,FALSE),1,0) -> 0 | J173: =IF(VLOOKUP(J$1,main!$A$3:$I$56,5,FALSE)-VLOOKUP($A173,main!$A$3:$I$56,6,FALSE)>=VLOOKUP(58,main!$A$57:$I$61,4,FALSE)+VLOOKUP(VLOOKUP(J$1,main!$A$3:$I$56,7,FALSE),main!$K$10:$Q$14,6,FALSE),1,0) -> 0 | ... BD173: =IF(VLOOKUP(BD$1,main!$A$3:$I$56,5,FALSE)-VLOOKUP($A173,main!$A$3:$I$56,6,FALSE)>=VLOOKUP(58,main!$A$57:$I$61,4,FALSE)+VLOOKUP(VLOOKUP(BD$1,main!$A$3:$I$56,7,FALSE),main!$K$10:$Q$14,6,FALSE),1,0) -> 0
A174: =A173+1 -> 7 | B174: 0 | C174: =IF(VLOOKUP(C$1,main!$A$3:$I$56,5,FALSE)-VLOOKUP($A174,main!$A$3:$I$56,6,FALSE)>=VLOOKUP(58,main!$A$57:$I$61,4,FALSE)+VLOOKUP(VLOOKUP(C$1,main!$A$3:$I$56,7,FALSE),main!$K$10:$Q$14,6,FALSE),1,0) -> 0 | D174: =IF(VLOOKUP(D$1,main!$A$3:$I$56,5,FALSE)-VLOOKUP($A174,main!$A$3:$I$56,6,FALSE)>=VLOOKUP(58,main!$A$57:$I$61,4,FALSE)+VLOOKUP(VLOOKUP(D$1,main!$A$3:$I$56,7,FALSE),main!$K$10:$Q$14,6,FALSE),1,0) -> 0 | E174: =IF(VLOOKUP(E$1,main!$A$3:$I$56,5,FALSE)-VLOOKUP($A174,main!$A$3:$I$56,6,FALSE)>=VLOOKUP(58,main!$A$57:$I$61,4,FALSE)+VLOOKUP(VLOOKUP(E$1,main!$A$3:$I$56,7,FALSE),main!$K$10:$Q$14,6,FALSE),1,0) -> 0 | F174: =IF(VLOOKUP(F$1,main!$A$3:$I$56,5,FALSE)-VLOOKUP($A174,main!$A$3:$I$56,6,FALSE)>=VLOOKUP(58,main!$A$57:$I$61,4,FALSE)+VLOOKUP(VLOOKUP(F$1,main!$A$3:$I$56,7,FALSE),main!$K$10:$Q$14,6,FALSE),1,0) -> 0 | G174: =IF(VLOOKUP(G$1,main!$A$3:$I$56,5,FALSE)-VLOOKUP($A174,main!$A$3:$I$56,6,FALSE)>=VLOOKUP(58,main!$A$57:$I$61,4,FALSE)+VLOOKUP(VLOOKUP(G$1,main!$A$3:$I$56,7,FALSE),main!$K$10:$Q$14,6,FALSE),1,0) -> 0 | H174: =IF(VLOOKUP(H$1,main!$A$3:$I$56,5,FALSE)-VLOOKUP($A174,main!$A$3:$I$56,6,FALSE)>=VLOOKUP(58,main!$A$57:$I$61,4,FALSE)+VLOOKUP(VLOOKUP(H$1,main!$A$3:$I$56,7,FALSE),main!$K$10:$Q$14,6,FALSE),1,0) -> 0 | I174: =IF(VLOOKUP(I$1,main!$A$3:$I$56,5,FALSE)-VLOOKUP($A174,main!$A$3:$I$56,6,FALSE)>=VLOOKUP(58,main!$A$57:$I$61,4,FALSE)+VLOOKUP(VLOOKUP(I$1,main!$A$3:$I$56,7,FALSE),main!$K$10:$Q$14,6,FALSE),1,0) -> 0 | J174: =IF(VLOOKUP(J$1,main!$A$3:$I$56,5,FALSE)-VLOOKUP($A174,main!$A$3:$I$56,6,FALSE)>=VLOOKUP(58,main!$A$57:$I$61,4,FALSE)+VLOOKUP(VLOOKUP(J$1,main!$A$3:$I$56,7,FALSE),main!$K$10:$Q$14,6,FALSE),1,0) -> 0 | ... BD174: =IF(VLOOKUP(BD$1,main!$A$3:$I$56,5,FALSE)-VLOOKUP($A174,main!$A$3:$I$56,6,FALSE)>=VLOOKUP(58,main!$A$57:$I$61,4,FALSE)+VLOOKUP(VLOOKUP(BD$1,main!$A$3:$I$56,7,FALSE),main!$K$10:$Q$14,6,FALSE),1,0) -> 0
A175: =A174+1 -> 8 | B175: 0 | C175: =IF(VLOOKUP(C$1,main!$A$3:$I$56,5,FALSE)-VLOOKUP($A175,main!$A$3:$I$56,6,FALSE)>=VLOOKUP(58,main!$A$57:$I$61,4,FALSE)+VLOOKUP(VLOOKUP(C$1,main!$A$3:$I$56,7,FALSE),main!$K$10:$Q$14,6,FALSE),1,0) -> 0 | D175: =IF(VLOOKUP(D$1,main!$A$3:$I$56,5,FALSE)-VLOOKUP($A175,main!$A$3:$I$56,6,FALSE)>=VLOOKUP(58,main!$A$57:$I$61,4,FALSE)+VLOOKUP(VLOOKUP(D$1,main!$A$3:$I$56,7,FALSE),main!$K$10:$Q$14,6,FALSE),1,0) -> 0 | E175: =IF(VLOOKUP(E$1,main!$A$3:$I$56,5,FALSE)-VLOOKUP($A175,main!$A$3:$I$56,6,FALSE)>=VLOOKUP(58,main!$A$57:$I$61,4,FALSE)+VLOOKUP(VLOOKUP(E$1,main!$A$3:$I$56,7,FALSE),main!$K$10:$Q$14,6,FALSE),1,0) -> 0 | F175: =IF(VLOOKUP(F$1,main!$A$3:$I$56,5,FALSE)-VLOOKUP($A175,main!$A$3:$I$56,6,FALSE)>=VLOOKUP(58,main!$A$57:$I$61,4,FALSE)+VLOOKUP(VLOOKUP(F$1,main!$A$3:$I$56,7,FALSE),main!$K$10:$Q$14,6,FALSE),1,0) -> 0 | G175: =IF(VLOOKUP(G$1,main!$A$3:$I$56,5,FALSE)-VLOOKUP($A175,main!$A$3:$I$56,6,FALSE)>=VLOOKUP(58,main!$A$57:$I$61,4,FALSE)+VLOOKUP(VLOOKUP(G$1,main!$A$3:$I$56,7,FALSE),main!$K$10:$Q$14,6,FALSE),1,0) -> 0 | H175: =IF(VLOOKUP(H$1,main!$A$3:$I$56,5,FALSE)-VLOOKUP($A175,main!$A$3:$I$56,6,FALSE)>=VLOOKUP(58,main!$A$57:$I$61,4,FALSE)+VLOOKUP(VLOOKUP(H$1,main!$A$3:$I$56,7,FALSE),main!$K$10:$Q$14,6,FALSE),1,0) -> 0 | I175: =IF(VLOOKUP(I$1,main!$A$3:$I$56,5,FALSE)-VLOOKUP($A175,main!$A$3:$I$56,6,FALSE)>=VLOOKUP(58,main!$A$57:$I$61,4,FALSE)+VLOOKUP(VLOOKUP(I$1,main!$A$3:$I$56,7,FALSE),main!$K$10:$Q$14,6,FALSE),1,0) -> 0 | J175: =IF(VLOOKUP(J$1,main!$A$3:$I$56,5,FALSE)-VLOOKUP($A175,main!$A$3:$I$56,6,FALSE)>=VLOOKUP(58,main!$A$57:$I$61,4,FALSE)+VLOOKUP(VLOOKUP(J$1,main!$A$3:$I$56,7,FALSE),main!$K$10:$Q$14,6,FALSE),1,0) -> 0 | ... BD175: =IF(VLOOKUP(BD$1,main!$A$3:$I$56,5,FALSE)-VLOOKUP($A175,main!$A$3:$I$56,6,FALSE)>=VLOOKUP(58,main!$A$57:$I$61,4,FALSE)+VLOOKUP(VLOOKUP(BD$1,main!$A$3:$I$56,7,FALSE),main!$K$10:$Q$14,6,FALSE),1,0) -> 0
A176: =A175+1 -> 9 | B176: 0 | C176: =IF(VLOOKUP(C$1,main!$A$3:$I$56,5,FALSE)-VLOOKUP($A176,main!$A$3:$I$56,6,FALSE)>=VLOOKUP(58,main!$A$57:$I$61,4,FALSE)+VLOOKUP(VLOOKUP(C$1,main!$A$3:$I$56,7,FALSE),main!$K$10:$Q$14,6,FALSE),1,0) -> 0 | D176: =IF(VLOOKUP(D$1,main!$A$3:$I$56,5,FALSE)-VLOOKUP($A176,main!$A$3:$I$56,6,FALSE)>=VLOOKUP(58,main!$A$57:$I$61,4,FALSE)+VLOOKUP(VLOOKUP(D$1,main!$A$3:$I$56,7,FALSE),main!$K$10:$Q$14,6,FALSE),1,0) -> 0 | E176: =IF(VLOOKUP(E$1,main!$A$3:$I$56,5,FALSE)-VLOOKUP($A176,main!$A$3:$I$56,6,FALSE)>=VLOOKUP(58,main!$A$57:$I$61,4,FALSE)+VLOOKUP(VLOOKUP(E$1,main!$A$3:$I$56,7,FALSE),main!$K$10:$Q$14,6,FALSE),1,0) -> 0 | F176: =IF(VLOOKUP(F$1,main!$A$3:$I$56,5,FALSE)-VLOOKUP($A176,main!$A$3:$I$56,6,FALSE)>=VLOOKUP(58,main!$A$57:$I$61,4,FALSE)+VLOOKUP(VLOOKUP(F$1,main!$A$3:$I$56,7,FALSE),main!$K$10:$Q$14,6,FALSE),1,0) -> 1 | G176: =IF(VLOOKUP(G$1,main!$A$3:$I$56,5,FALSE)-VLOOKUP($A176,main!$A$3:$I$56,6,FALSE)>=VLOOKUP(58,main!$A$57:$I$61,4,FALSE)+VLOOKUP(VLOOKUP(G$1,main!$A$3:$I$56,7,FALSE),main!$K$10:$Q$14,6,FALSE),1,0) -> 1 | H176: =IF(VLOOKUP(H$1,main!$A$3:$I$56,5,FALSE)-VLOOKUP($A176,main!$A$3:$I$56,6,FALSE)>=VLOOKUP(58,main!$A$57:$I$61,4,FALSE)+VLOOKUP(VLOOKUP(H$1,main!$A$3:$I$56,7,FALSE),main!$K$10:$Q$14,6,FALSE),1,0) -> 1 | I176: =IF(VLOOKUP(I$1,main!$A$3:$I$56,5,FALSE)-VLOOKUP($A176,main!$A$3:$I$56,6,FALSE)>=VLOOKUP(58,main!$A$57:$I$61,4,FALSE)+VLOOKUP(VLOOKUP(I$1,main!$A$3:$I$56,7,FALSE),main!$K$10:$Q$14,6,FALSE),1,0) -> 1 | J176: =IF(VLOOKUP(J$1,main!$A$3:$I$56,5,FALSE)-VLOOKUP($A176,main!$A$3:$I$56,6,FALSE)>=VLOOKUP(58,main!$A$57:$I$61,4,FALSE)+VLOOKUP(VLOOKUP(J$1,main!$A$3:$I$56,7,FALSE),main!$K$10:$Q$14,6,FALSE),1,0) -> 1 | ... BD176: =IF(VLOOKUP(BD$1,main!$A$3:$I$56,5,FALSE)-VLOOKUP($A176,main!$A$3:$I$56,6,FALSE)>=VLOOKUP(58,main!$A$57:$I$61,4,FALSE)+VLOOKUP(VLOOKUP(BD$1,main!$A$3:$I$56,7,FALSE),main!$K$10:$Q$14,6,FALSE),1,0) -> 0
A177: =A176+1 -> 10 | B177: 0 | C177: =IF(VLOOKUP(C$1,main!$A$3:$I$56,5,FALSE)-VLOOKUP($A177,main!$A$3:$I$56,6,FALSE)>=VLOOKUP(58,main!$A$57:$I$61,4,FALSE)+VLOOKUP(VLOOKUP(C$1,main!$A$3:$I$56,7,FALSE),main!$K$10:$Q$14,6,FALSE),1,0) -> 0 | D177: =IF(VLOOKUP(D$1,main!$A$3:$I$56,5,FALSE)-VLOOKUP($A177,main!$A$3:$I$56,6,FALSE)>=VLOOKUP(58,main!$A$57:$I$61,4,FALSE)+VLOOKUP(VLOOKUP(D$1,main!$A$3:$I$56,7,FALSE),main!$K$10:$Q$14,6,FALSE),1,0) -> 0 | E177: =IF(VLOOKUP(E$1,main!$A$3:$I$56,5,FALSE)-VLOOKUP($A177,main!$A$3:$I$56,6,FALSE)>=VLOOKUP(58,main!$A$57:$I$61,4,FALSE)+VLOOKUP(VLOOKUP(E$1,main!$A$3:$I$56,7,FALSE),main!$K$10:$Q$14,6,FALSE),1,0) -> 0 | F177: =IF(VLOOKUP(F$1,main!$A$3:$I$56,5,FALSE)-VLOOKUP($A177,main!$A$3:$I$56,6,FALSE)>=VLOOKUP(58,main!$A$57:$I$61,4,FALSE)+VLOOKUP(VLOOKUP(F$1,main!$A$3:$I$56,7,FALSE),main!$K$10:$Q$14,6,FALSE),1,0) -> 0 | G177: =IF(VLOOKUP(G$1,main!$A$3:$I$56,5,FALSE)-VLOOKUP($A177,main!$A$3:$I$56,6,FALSE)>=VLOOKUP(58,main!$A$57:$I$61,4,FALSE)+VLOOKUP(VLOOKUP(G$1,main!$A$3:$I$56,7,FALSE),main!$K$10:$Q$14,6,FALSE),1,0) -> 0 | H177: =IF(VLOOKUP(H$1,main!$A$3:$I$56,5,FALSE)-VLOOKUP($A177,main!$A$3:$I$56,6,FALSE)>=VLOOKUP(58,main!$A$57:$I$61,4,FALSE)+VLOOKUP(VLOOKUP(H$1,main!$A$3:$I$56,7,FALSE),main!$K$10:$Q$14,6,FALSE),1,0) -> 1 | I177: =IF(VLOOKUP(I$1,main!$A$3:$I$56,5,FALSE)-VLOOKUP($A177,main!$A$3:$I$56,6,FALSE)>=VLOOKUP(58,main!$A$57:$I$61,4,FALSE)+VLOOKUP(VLOOKUP(I$1,main!$A$3:$I$56,7,FALSE),main!$K$10:$Q$14,6,FALSE),1,0) -> 1 | J177: =IF(VLOOKUP(J$1,main!$A$3:$I$56,5,FALSE)-VLOOKUP($A177,main!$A$3:$I$56,6,FALSE)>=VLOOKUP(58,main!$A$57:$I$61,4,FALSE)+VLOOKUP(VLOOKUP(J$1,main!$A$3:$I$56,7,FALSE),main!$K$10:$Q$14,6,FALSE),1,0) -> 1 | ... BD177: =IF(VLOOKUP(BD$1,main!$A$3:$I$56,5,FALSE)-VLOOKUP($A177,main!$A$3:$I$56,6,FALSE)>=VLOOKUP(58,main!$A$57:$I$61,4,FALSE)+VLOOKUP(VLOOKUP(BD$1,main!$A$3:$I$56,7,FALSE),main!$K$10:$Q$14,6,FALSE),1,0) -> 0
A178: =A177+1 -> 11 | B178: 0 | C178: =IF(VLOOKUP(C$1,main!$A$3:$I$56,5,FALSE)-VLOOKUP($A178,main!$A$3:$I$56,6,FALSE)>=VLOOKUP(58,main!$A$57:$I$61,4,FALSE)+VLOOKUP(VLOOKUP(C$1,main!$A$3:$I$56,7,FALSE),main!$K$10:$Q$14,6,FALSE),1,0) -> 0 | D178: =IF(VLOOKUP(D$1,main!$A$3:$I$56,5,FALSE)-VLOOKUP($A178,main!$A$3:$I$56,6,FALSE)>=VLOOKUP(58,main!$A$57:$I$61,4,FALSE)+VLOOKUP(VLOOKUP(D$1,main!$A$3:$I$56,7,FALSE),main!$K$10:$Q$14,6,FALSE),1,0) -> 0 | E178: =IF(VLOOKUP(E$1,main!$A$3:$I$56,5,FALSE)-VLOOKUP($A178,main!$A$3:$I$56,6,FALSE)>=VLOOKUP(58,main!$A$57:$I$61,4,FALSE)+VLOOKUP(VLOOKUP(E$1,main!$A$3:$I$56,7,FALSE),main!$K$10:$Q$14,6,FALSE),1,0) -> 0 | F178: =IF(VLOOKUP(F$1,main!$A$3:$I$56,5,FALSE)-VLOOKUP($A178,main!$A$3:$I$56,6,FALSE)>=VLOOKUP(58,main!$A$57:$I$61,4,FALSE)+VLOOKUP(VLOOKUP(F$1,main!$A$3:$I$56,7,FALSE),main!$K$10:$Q$14,6,FALSE),1,0) -> 0 | G178: =IF(VLOOKUP(G$1,main!$A$3:$I$56,5,FALSE)-VLOOKUP($A178,main!$A$3:$I$56,6,FALSE)>=VLOOKUP(58,main!$A$57:$I$61,4,FALSE)+VLOOKUP(VLOOKUP(G$1,main!$A$3:$I$56,7,FALSE),main!$K$10:$Q$14,6,FALSE),1,0) -> 0 | H178: =IF(VLOOKUP(H$1,main!$A$3:$I$56,5,FALSE)-VLOOKUP($A178,main!$A$3:$I$56,6,FALSE)>=VLOOKUP(58,main!$A$57:$I$61,4,FALSE)+VLOOKUP(VLOOKUP(H$1,main!$A$3:$I$56,7,FALSE),main!$K$10:$Q$14,6,FALSE),1,0) -> 0 | I178: =IF(VLOOKUP(I$1,main!$A$3:$I$56,5,FALSE)-VLOOKUP($A178,main!$A$3:$I$56,6,FALSE)>=VLOOKUP(58,main!$A$57:$I$61,4,FALSE)+VLOOKUP(VLOOKUP(I$1,main!$A$3:$I$56,7,FALSE),main!$K$10:$Q$14,6,FALSE),1,0) -> 0 | J178: =IF(VLOOKUP(J$1,main!$A$3:$I$56,5,FALSE)-VLOOKUP($A178,main!$A$3:$I$56,6,FALSE)>=VLOOKUP(58,main!$A$57:$I$61,4,FALSE)+VLOOKUP(VLOOKUP(J$1,main!$A$3:$I$56,7,FALSE),main!$K$10:$Q$14,6,FALSE),1,0) -> 1 | ... BD178: =IF(VLOOKUP(BD$1,main!$A$3:$I$56,5,FALSE)-VLOOKUP($A178,main!$A$3:$I$56,6,FALSE)>=VLOOKUP(58,main!$A$57:$I$61,4,FALSE)+VLOOKUP(VLOOKUP(BD$1,main!$A$3:$I$56,7,FALSE),main!$K$10:$Q$14,6,FALSE),1,0) -> 0
A179: =A178+1 -> 12 | B179: 0 | C179: =IF(VLOOKUP(C$1,main!$A$3:$I$56,5,FALSE)-VLOOKUP($A179,main!$A$3:$I$56,6,FALSE)>=VLOOKUP(58,main!$A$57:$I$61,4,FALSE)+VLOOKUP(VLOOKUP(C$1,main!$A$3:$I$56,7,FALSE),main!$K$10:$Q$14,6,FALSE),1,0) -> 0 | D179: =IF(VLOOKUP(D$1,main!$A$3:$I$56,5,FALSE)-VLOOKUP($A179,main!$A$3:$I$56,6,FALSE)>=VLOOKUP(58,main!$A$57:$I$61,4,FALSE)+VLOOKUP(VLOOKUP(D$1,main!$A$3:$I$56,7,FALSE),main!$K$10:$Q$14,6,FALSE),1,0) -> 0 | E179: =IF(VLOOKUP(E$1,main!$A$3:$I$56,5,FALSE)-VLOOKUP($A179,main!$A$3:$I$56,6,FALSE)>=VLOOKUP(58,main!$A$57:$I$61,4,FALSE)+VLOOKUP(VLOOKUP(E$1,main!$A$3:$I$56,7,FALSE),main!$K$10:$Q$14,6,FALSE),1,0) -> 0 | F179: =IF(VLOOKUP(F$1,main!$A$3:$I$56,5,FALSE)-VLOOKUP($A179,main!$A$3:$I$56,6,FALSE)>=VLOOKUP(58,main!$A$57:$I$61,4,FALSE)+VLOOKUP(VLOOKUP(F$1,main!$A$3:$I$56,7,FALSE),main!$K$10:$Q$14,6,FALSE),1,0) -> 0 | G179: =IF(VLOOKUP(G$1,main!$A$3:$I$56,5,FALSE)-VLOOKUP($A179,main!$A$3:$I$56,6,FALSE)>=VLOOKUP(58,main!$A$57:$I$61,4,FALSE)+VLOOKUP(VLOOKUP(G$1,main!$A$3:$I$56,7,FALSE),main!$K$10:$Q$14,6,FALSE),1,0) -> 0 | H179: =IF(VLOOKUP(H$1,main!$A$3:$I$56,5,FALSE)-VLOOKUP($A179,main!$A$3:$I$56,6,FALSE)>=VLOOKUP(58,main!$A$57:$I$61,4,FALSE)+VLOOKUP(VLOOKUP(H$1,main!$A$3:$I$56,7,FALSE),main!$K$10:$Q$14,6,FALSE),1,0) -> 0 | I179: =IF(VLOOKUP(I$1,main!$A$3:$I$56,5,FALSE)-VLOOKUP($A179,main!$A$3:$I$56,6,FALSE)>=VLOOKUP(58,main!$A$57:$I$61,4,FALSE)+VLOOKUP(VLOOKUP(I$1,main!$A$3:$I$56,7,FALSE),main!$K$10:$Q$14,6,FALSE),1,0) -> 0 | J179: =IF(VLOOKUP(J$1,main!$A$3:$I$56,5,FALSE)-VLOOKUP($A179,main!$A$3:$I$56,6,FALSE)>=VLOOKUP(58,main!$A$57:$I$61,4,FALSE)+VLOOKUP(VLOOKUP(J$1,main!$A$3:$I$56,7,FALSE),main!$K$10:$Q$14,6,FALSE),1,0) -> 0 | ... BD179: =IF(VLOOKUP(BD$1,main!$A$3:$I$56,5,FALSE)-VLOOKUP($A179,main!$A$3:$I$56,6,FALSE)>=VLOOKUP(58,main!$A$57:$I$61,4,FALSE)+VLOOKUP(VLOOKUP(BD$1,main!$A$3:$I$56,7,FALSE),main!$K$10:$Q$14,6,FALSE),1,0) -> 0
... A221: =A220+1 -> 54 | B221: 0 | C221: =IF(VLOOKUP(C$1,main!$A$3:$I$56,5,FALSE)-VLOOKUP($A221,main!$A$3:$I$56,6,FALSE)>=VLOOKUP(58,main!$A$57:$I$61,4,FALSE)+VLOOKUP(VLOOKUP(C$1,main!$A$3:$I$56,7,FALSE),main!$K$10:$Q$14,6,FALSE),1,0) -> 0 | D221: =IF(VLOOKUP(D$1,main!$A$3:$I$56,5,FALSE)-VLOOKUP($A221,main!$A$3:$I$56,6,FALSE)>=VLOOKUP(58,main!$A$57:$I$61,4,FALSE)+VLOOKUP(VLOOKUP(D$1,main!$A$3:$I$56,7,FALSE),main!$K$10:$Q$14,6,FALSE),1,0) -> 0 | E221: =IF(VLOOKUP(E$1,main!$A$3:$I$56,5,FALSE)-VLOOKUP($A221,main!$A$3:$I$56,6,FALSE)>=VLOOKUP(58,main!$A$57:$I$61,4,FALSE)+VLOOKUP(VLOOKUP(E$1,main!$A$3:$I$56,7,FALSE),main!$K$10:$Q$14,6,FALSE),1,0) -> 0 | F221: =IF(VLOOKUP(F$1,main!$A$3:$I$56,5,FALSE)-VLOOKUP($A221,main!$A$3:$I$56,6,FALSE)>=VLOOKUP(58,main!$A$57:$I$61,4,FALSE)+VLOOKUP(VLOOKUP(F$1,main!$A$3:$I$56,7,FALSE),main!$K$10:$Q$14,6,FALSE),1,0) -> 0 | G221: =IF(VLOOKUP(G$1,main!$A$3:$I$56,5,FALSE)-VLOOKUP($A221,main!$A$3:$I$56,6,FALSE)>=VLOOKUP(58,main!$A$57:$I$61,4,FALSE)+VLOOKUP(VLOOKUP(G$1,main!$A$3:$I$56,7,FALSE),main!$K$10:$Q$14,6,FALSE),1,0) -> 0 | H221: =IF(VLOOKUP(H$1,main!$A$3:$I$56,5,FALSE)-VLOOKUP($A221,main!$A$3:$I$56,6,FALSE)>=VLOOKUP(58,main!$A$57:$I$61,4,FALSE)+VLOOKUP(VLOOKUP(H$1,main!$A$3:$I$56,7,FALSE),main!$K$10:$Q$14,6,FALSE),1,0) -> 0 | I221: =IF(VLOOKUP(I$1,main!$A$3:$I$56,5,FALSE)-VLOOKUP($A221,main!$A$3:$I$56,6,FALSE)>=VLOOKUP(58,main!$A$57:$I$61,4,FALSE)+VLOOKUP(VLOOKUP(I$1,main!$A$3:$I$56,7,FALSE),main!$K$10:$Q$14,6,FALSE),1,0) -> 0 | J221: =IF(VLOOKUP(J$1,main!$A$3:$I$56,5,FALSE)-VLOOKUP($A221,main!$A$3:$I$56,6,FALSE)>=VLOOKUP(58,main!$A$57:$I$61,4,FALSE)+VLOOKUP(VLOOKUP(J$1,main!$A$3:$I$56,7,FALSE),main!$K$10:$Q$14,6,FALSE),1,0) -> 0 | ... BD221: =IF(VLOOKUP(BD$1,main!$A$3:$I$56,5,FALSE)-VLOOKUP($A221,main!$A$3:$I$56,6,FALSE)>=VLOOKUP(58,main!$A$57:$I$61,4,FALSE)+VLOOKUP(VLOOKUP(BD$1,main!$A$3:$I$56,7,FALSE),main!$K$10:$Q$14,6,FALSE),1,0) -> 0
A222: 0 | B222: 0 | C222: 1 | D222: 1 | E222: 1 | F222: 1 | G222: 1 | H222: 1 | I222: 1 | J222: 1 | K222: 1 | L222: 1 | M222: 1 | N222: 1 | O222: 1 | P222: 1 | Q222: 1 | R222: 1 | S222: 1 | T222: 1 | U222: 1 | V222: 1 | W222: 1 | X222: 1 | Y222: 1 | Z222: 1 | AA222: 1 | AB222: 1 | AC222: 1 | AD222: 1 | AE222: 1 | AF222: 1 | AG222: 1 | AH222: 1 | AI222: 1 | AJ222: 1 | AK222: 1 | AL222: 1 | AM222: 1 | AN222: 1 | AO222: 1 | AP222: 1 | AQ222: 1 | AR222: 1 | AS222: 1 | AT222: 1 | AU222: 1 | AV222: 1 | AW222: 1 | AX222: 1 | AY222: 1 | AZ222: 1 | BA222: 1 | BB222: 1 | BC222: 1 | BD222: 1
A223: =A222+1 -> 1 | B223: 0 | C223: =IF(VLOOKUP(C$1,main!$A$3:$I$56,5,FALSE)-VLOOKUP($A223,main!$A$3:$I$56,6,FALSE)>=VLOOKUP(59,main!$A$57:$I$61,4,FALSE)+VLOOKUP(VLOOKUP(C$1,main!$A$3:$I$56,7,FALSE),main!$K$10:$Q$14,7,FALSE),1,0) -> 0 | D223: =IF(VLOOKUP(D$1,main!$A$3:$I$56,5,FALSE)-VLOOKUP($A223,main!$A$3:$I$56,6,FALSE)>=VLOOKUP(59,main!$A$57:$I$61,4,FALSE)+VLOOKUP(VLOOKUP(D$1,main!$A$3:$I$56,7,FALSE),main!$K$10:$Q$14,7,FALSE),1,0) -> 0 | E223: =IF(VLOOKUP(E$1,main!$A$3:$I$56,5,FALSE)-VLOOKUP($A223,main!$A$3:$I$56,6,FALSE)>=VLOOKUP(59,main!$A$57:$I$61,4,FALSE)+VLOOKUP(VLOOKUP(E$1,main!$A$3:$I$56,7,FALSE),main!$K$10:$Q$14,7,FALSE),1,0) -> 0 | F223: =IF(VLOOKUP(F$1,main!$A$3:$I$56,5,FALSE)-VLOOKUP($A223,main!$A$3:$I$56,6,FALSE)>=VLOOKUP(59,main!$A$57:$I$61,4,FALSE)+VLOOKUP(VLOOKUP(F$1,main!$A$3:$I$56,7,FALSE),main!$K$10:$Q$14,7,FALSE),1,0) -> 0 | G223: =IF(VLOOKUP(G$1,main!$A$3:$I$56,5,FALSE)-VLOOKUP($A223,main!$A$3:$I$56,6,FALSE)>=VLOOKUP(59,main!$A$57:$I$61,4,FALSE)+VLOOKUP(VLOOKUP(G$1,main!$A$3:$I$56,7,FALSE),main!$K$10:$Q$14,7,FALSE),1,0) -> 1 | H223: =IF(VLOOKUP(H$1,main!$A$3:$I$56,5,FALSE)-VLOOKUP($A223,main!$A$3:$I$56,6,FALSE)>=VLOOKUP(59,main!$A$57:$I$61,4,FALSE)+VLOOKUP(VLOOKUP(H$1,main!$A$3:$I$56,7,FALSE),main!$K$10:$Q$14,7,FALSE),1,0) -> 1 | I223: =IF(VLOOKUP(I$1,main!$A$3:$I$56,5,FALSE)-VLOOKUP($A223,main!$A$3:$I$56,6,FALSE)>=VLOOKUP(59,main!$A$57:$I$61,4,FALSE)+VLOOKUP(VLOOKUP(I$1,main!$A$3:$I$56,7,FALSE),main!$K$10:$Q$14,7,FALSE),1,0) -> 1 | J223: =IF(VLOOKUP(J$1,main!$A$3:$I$56,5,FALSE)-VLOOKUP($A223,main!$A$3:$I$56,6,FALSE)>=VLOOKUP(59,main!$A$57:$I$61,4,FALSE)+VLOOKUP(VLOOKUP(J$1,main!$A$3:$I$56,7,FALSE),main!$K$10:$Q$14,7,FALSE),1,0) -> 1 | ... BD223: =IF(VLOOKUP(BD$1,main!$A$3:$I$56,5,FALSE)-VLOOKUP($A223,main!$A$3:$I$56,6,FALSE)>=VLOOKUP(59,main!$A$57:$I$61,4,FALSE)+VLOOKUP(VLOOKUP(BD$1,main!$A$3:$I$56,7,FALSE),main!$K$10:$Q$14,7,FALSE),1,0) -> 1
A224: =A223+1 -> 2 | B224: 0 | C224: =IF(VLOOKUP(C$1,main!$A$3:$I$56,5,FALSE)-VLOOKUP($A224,main!$A$3:$I$56,6,FALSE)>=VLOOKUP(59,main!$A$57:$I$61,4,FALSE)+VLOOKUP(VLOOKUP(C$1,main!$A$3:$I$56,7,FALSE),main!$K$10:$Q$14,7,FALSE),1,0) -> 0 | D224: =IF(VLOOKUP(D$1,main!$A$3:$I$56,5,FALSE)-VLOOKUP($A224,main!$A$3:$I$56,6,FALSE)>=VLOOKUP(59,main!$A$57:$I$61,4,FALSE)+VLOOKUP(VLOOKUP(D$1,main!$A$3:$I$56,7,FALSE),main!$K$10:$Q$14,7,FALSE),1,0) -> 0 | E224: =IF(VLOOKUP(E$1,main!$A$3:$I$56,5,FALSE)-VLOOKUP($A224,main!$A$3:$I$56,6,FALSE)>=VLOOKUP(59,main!$A$57:$I$61,4,FALSE)+VLOOKUP(VLOOKUP(E$1,main!$A$3:$I$56,7,FALSE),main!$K$10:$Q$14,7,FALSE),1,0) -> 0 | F224: =IF(VLOOKUP(F$1,main!$A$3:$I$56,5,FALSE)-VLOOKUP($A224,main!$A$3:$I$56,6,FALSE)>=VLOOKUP(59,main!$A$57:$I$61,4,FALSE)+VLOOKUP(VLOOKUP(F$1,main!$A$3:$I$56,7,FALSE),main!$K$10:$Q$14,7,FALSE),1,0) -> 0 | G224: =IF(VLOOKUP(G$1,main!$A$3:$I$56,5,FALSE)-VLOOKUP($A224,main!$A$3:$I$56,6,FALSE)>=VLOOKUP(59,main!$A$57:$I$61,4,FALSE)+VLOOKUP(VLOOKUP(G$1,main!$A$3:$I$56,7,FALSE),main!$K$10:$Q$14,7,FALSE),1,0) -> 0 | H224: =IF(VLOOKUP(H$1,main!$A$3:$I$56,5,FALSE)-VLOOKUP($A224,main!$A$3:$I$56,6,FALSE)>=VLOOKUP(59,main!$A$57:$I$61,4,FALSE)+VLOOKUP(VLOOKUP(H$1,main!$A$3:$I$56,7,FALSE),main!$K$10:$Q$14,7,FALSE),1,0) -> 0 | I224: =IF(VLOOKUP(I$1,main!$A$3:$I$56,5,FALSE)-VLOOKUP($A224,main!$A$3:$I$56,6,FALSE)>=VLOOKUP(59,main!$A$57:$I$61,4,FALSE)+VLOOKUP(VLOOKUP(I$1,main!$A$3:$I$56,7,FALSE),main!$K$10:$Q$14,7,FALSE),1,0) -> 0 | J224: =IF(VLOOKUP(J$1,main!$A$3:$I$56,5,FALSE)-VLOOKUP($A224,main!$A$3:$I$56,6,FALSE)>=VLOOKUP(59,main!$A$57:$I$61,4,FALSE)+VLOOKUP(VLOOKUP(J$1,main!$A$3:$I$56,7,FALSE),main!$K$10:$Q$14,7,FALSE),1,0) -> 1 | ... BD224: =IF(VLOOKUP(BD$1,main!$A$3:$I$56,5,FALSE)-VLOOKUP($A224,main!$A$3:$I$56,6,FALSE)>=VLOOKUP(59,main!$A$57:$I$61,4,FALSE)+VLOOKUP(VLOOKUP(BD$1,main!$A$3:$I$56,7,FALSE),main!$K$10:$Q$14,7,FALSE),1,0) -> 1
A225: =A224+1 -> 3 | B225: 0 | C225: =IF(VLOOKUP(C$1,main!$A$3:$I$56,5,FALSE)-VLOOKUP($A225,main!$A$3:$I$56,6,FALSE)>=VLOOKUP(59,main!$A$57:$I$61,4,FALSE)+VLOOKUP(VLOOKUP(C$1,main!$A$3:$I$56,7,FALSE),main!$K$10:$Q$14,7,FALSE),1,0) -> 0 | D225: =IF(VLOOKUP(D$1,main!$A$3:$I$56,5,FALSE)-VLOOKUP($A225,main!$A$3:$I$56,6,FALSE)>=VLOOKUP(59,main!$A$57:$I$61,4,FALSE)+VLOOKUP(VLOOKUP(D$1,main!$A$3:$I$56,7,FALSE),main!$K$10:$Q$14,7,FALSE),1,0) -> 0 | E225: =IF(VLOOKUP(E$1,main!$A$3:$I$56,5,FALSE)-VLOOKUP($A225,main!$A$3:$I$56,6,FALSE)>=VLOOKUP(59,main!$A$57:$I$61,4,FALSE)+VLOOKUP(VLOOKUP(E$1,main!$A$3:$I$56,7,FALSE),main!$K$10:$Q$14,7,FALSE),1,0) -> 0 | F225: =IF(VLOOKUP(F$1,main!$A$3:$I$56,5,FALSE)-VLOOKUP($A225,main!$A$3:$I$56,6,FALSE)>=VLOOKUP(59,main!$A$57:$I$61,4,FALSE)+VLOOKUP(VLOOKUP(F$1,main!$A$3:$I$56,7,FALSE),main!$K$10:$Q$14,7,FALSE),1,0) -> 0 | G225: =IF(VLOOKUP(G$1,main!$A$3:$I$56,5,FALSE)-VLOOKUP($A225,main!$A$3:$I$56,6,FALSE)>=VLOOKUP(59,main!$A$57:$I$61,4,FALSE)+VLOOKUP(VLOOKUP(G$1,main!$A$3:$I$56,7,FALSE),main!$K$10:$Q$14,7,FALSE),1,0) -> 0 | H225: =IF(VLOOKUP(H$1,main!$A$3:$I$56,5,FALSE)-VLOOKUP($A225,main!$A$3:$I$56,6,FALSE)>=VLOOKUP(59,main!$A$57:$I$61,4,FALSE)+VLOOKUP(VLOOKUP(H$1,main!$A$3:$I$56,7,FALSE),main!$K$10:$Q$14,7,FALSE),1,0) -> 0 | I225: =IF(VLOOKUP(I$1,main!$A$3:$I$56,5,FALSE)-VLOOKUP($A225,main!$A$3:$I$56,6,FALSE)>=VLOOKUP(59,main!$A$57:$I$61,4,FALSE)+VLOOKUP(VLOOKUP(I$1,main!$A$3:$I$56,7,FALSE),main!$K$10:$Q$14,7,FALSE),1,0) -> 0 | J225: =IF(VLOOKUP(J$1,main!$A$3:$I$56,5,FALSE)-VLOOKUP($A225,main!$A$3:$I$56,6,FALSE)>=VLOOKUP(59,main!$A$57:$I$61,4,FALSE)+VLOOKUP(VLOOKUP(J$1,main!$A$3:$I$56,7,FALSE),main!$K$10:$Q$14,7,FALSE),1,0) -> 0 | ... BD225: =IF(VLOOKUP(BD$1,main!$A$3:$I$56,5,FALSE)-VLOOKUP($A225,main!$A$3:$I$56,6,FALSE)>=VLOOKUP(59,main!$A$57:$I$61,4,FALSE)+VLOOKUP(VLOOKUP(BD$1,main!$A$3:$I$56,7,FALSE),main!$K$10:$Q$14,7,FALSE),1,0) -> 0
A226: =A225+1 -> 4 | B226: 0 | C226: =IF(VLOOKUP(C$1,main!$A$3:$I$56,5,FALSE)-VLOOKUP($A226,main!$A$3:$I$56,6,FALSE)>=VLOOKUP(59,main!$A$57:$I$61,4,FALSE)+VLOOKUP(VLOOKUP(C$1,main!$A$3:$I$56,7,FALSE),main!$K$10:$Q$14,7,FALSE),1,0) -> 0 | D226: =IF(VLOOKUP(D$1,main!$A$3:$I$56,5,FALSE)-VLOOKUP($A226,main!$A$3:$I$56,6,FALSE)>=VLOOKUP(59,main!$A$57:$I$61,4,FALSE)+VLOOKUP(VLOOKUP(D$1,main!$A$3:$I$56,7,FALSE),main!$K$10:$Q$14,7,FALSE),1,0) -> 0 | E226: =IF(VLOOKUP(E$1,main!$A$3:$I$56,5,FALSE)-VLOOKUP($A226,main!$A$3:$I$56,6,FALSE)>=VLOOKUP(59,main!$A$57:$I$61,4,FALSE)+VLOOKUP(VLOOKUP(E$1,main!$A$3:$I$56,7,FALSE),main!$K$10:$Q$14,7,FALSE),1,0) -> 0 | F226: =IF(VLOOKUP(F$1,main!$A$3:$I$56,5,FALSE)-VLOOKUP($A226,main!$A$3:$I$56,6,FALSE)>=VLOOKUP(59,main!$A$57:$I$61,4,FALSE)+VLOOKUP(VLOOKUP(F$1,main!$A$3:$I$56,7,FALSE),main!$K$10:$Q$14,7,FALSE),1,0) -> 0 | G226: =IF(VLOOKUP(G$1,main!$A$3:$I$56,5,FALSE)-VLOOKUP($A226,main!$A$3:$I$56,6,FALSE)>=VLOOKUP(59,main!$A$57:$I$61,4,FALSE)+VLOOKUP(VLOOKUP(G$1,main!$A$3:$I$56,7,FALSE),main!$K$10:$Q$14,7,FALSE),1,0) -> 0 | H226: =IF(VLOOKUP(H$1,main!$A$3:$I$56,5,FALSE)-VLOOKUP($A226,main!$A$3:$I$56,6,FALSE)>=VLOOKUP(59,main!$A$57:$I$61,4,FALSE)+VLOOKUP(VLOOKUP(H$1,main!$A$3:$I$56,7,FALSE),main!$K$10:$Q$14,7,FALSE),1,0) -> 0 | I226: =IF(VLOOKUP(I$1,main!$A$3:$I$56,5,FALSE)-VLOOKUP($A226,main!$A$3:$I$56,6,FALSE)>=VLOOKUP(59,main!$A$57:$I$61,4,FALSE)+VLOOKUP(VLOOKUP(I$1,main!$A$3:$I$56,7,FALSE),main!$K$10:$Q$14,7,FALSE),1,0) -> 0 | J226: =IF(VLOOKUP(J$1,main!$A$3:$I$56,5,FALSE)-VLOOKUP($A226,main!$A$3:$I$56,6,FALSE)>=VLOOKUP(59,main!$A$57:$I$61,4,FALSE)+VLOOKUP(VLOOKUP(J$1,main!$A$3:$I$56,7,FALSE),main!$K$10:$Q$14,7,FALSE),1,0) -> 0 | ... BD226: =IF(VLOOKUP(BD$1,main!$A$3:$I$56,5,FALSE)-VLOOKUP($A226,main!$A$3:$I$56,6,FALSE)>=VLOOKUP(59,main!$A$57:$I$61,4,FALSE)+VLOOKUP(VLOOKUP(BD$1,main!$A$3:$I$56,7,FALSE),main!$K$10:$Q$14,7,FALSE),1,0) -> 0
