Workbook

Sheet test
A1: trip_id | B1: duration | C1: dep_terminal | D1: arr_terminal | E1: dep_time | F1: arr_time | G1: cost_to_cs | H1: dep_min | I1: arr_min
A2: DEPOT | B2: 0 | C2: - | D2: - | E2: - | F2: - | G2: 20 | H2: - | I2: -
A3: AB1 | B3: 135 | C3: Terminal A | D3: Terminal B | E3: 0.38888889 | F3: 0.48263889 | G3: =VLOOKUP(D3,$J$11:$L$14,3,FALSE) -> 20 | H3: =ROUND(E3*1440,0) -> 560 | I3: =ROUND(F3*1440,0) -> 695 | U3: 1
A4: AB2 | B4: 135 | C4: Terminal A | D4: Terminal B | E4: 0.51388889 | F4: 0.60763889 | G4: =VLOOKUP(D4,$J$11:$L$14,3,FALSE) -> 20 | H4: =ROUND(E4*1440,0) -> 740 | I4: =ROUND(F4*1440,0) -> 875 | U4: =U3+1 -> 2
A5: AB3 | B5: 135 | C5: Terminal A | D5: Terminal B | E5: 0.57638889 | F5: 0.67013889 | G5: =VLOOKUP(D5,$J$11:$L$14,3,FALSE) -> 20 | H5: =ROUND(E5*1440,0) -> 830 | I5: =ROUND(F5*1440,0) -> 965 | U5: =U4+1 -> 3
A6: AB4 | B6: 135 | C6: Terminal A | D6: Terminal B | E6: 0.63888889 | F6: 0.73263889 | G6: =VLOOKUP(D6,$J$11:$L$14,3,FALSE) -> 20 | H6: =ROUND(E6*1440,0) -> 920 | I6: =ROUND(F6*1440,0) -> 1055 | U6: =U5+1 -> 4
A7: AB5 | B7: 135 | C7: Terminal A | D7: Terminal B | E7: 0.68055556 | F7: 0.77430556 | G7: =VLOOKUP(D7,$J$11:$L$14,3,FALSE) -> 20 | H7: =ROUND(E7*1440,0) -> 980 | I7: =ROUND(F7*1440,0) -> 1115 | U7: =U6+1 -> 5
A8: AB6 | B8: 135 | C8: Terminal A | D8: Terminal B | E8: 0.72222222 | F8: 0.81597222 | G8: =VLOOKUP(D8,$J$11:$L$14,3,FALSE) -> 20 | H8: =ROUND(E8*1440,0) -> 1040 | I8: =ROUND(F8*1440,0) -> 1175 | J8: TMAX | K8: =MAX(F3:F32)*1440 -> 1355 | U8: =U7+1 -> 6
A9: AB7 | B9: 135 | C9: Terminal A | D9: Terminal B | E9: 0.76388889 | F9: 0.85763889 | G9: =VLOOKUP(D9,$J$11:$L$14,3,FALSE) -> 20 | H9: =ROUND(E9*1440,0) -> 1100 | I9: =ROUND(F9*1440,0) -> 1235 | U9: =U8+1 -> 7
A10: AB8 | B10: 135 | C10: Terminal A | D10: Terminal B | E10: 0.82638889 | F10: 0.92013889 | G10: =VLOOKUP(D10,$J$11:$L$14,3,FALSE) -> 20 | H10: =ROUND(E10*1440,0) -> 1190 | I10: =ROUND(F10*1440,0) -> 1325 | J10: Terminal | K10: Min_Layover | L10: Duration to CS | U10: =U9+1 -> 8
A11: AC1 | B11: 140 | C11: Terminal A | D11: Terminal C | E11: 0.38541667 | F11: 0.48263889 | G11: =VLOOKUP(D11,$J$11:$L$14,3,FALSE) -> 20 | H11: =ROUND(E11*1440,0) -> 555 | I11: =ROUND(F11*1440,0) -> 695 | J11: Terminal A | K11: 15 | L11: 20 | U11: =U10+1 -> 9
A12: AC2 | B12: 140 | C12: Terminal A | D12: Terminal C | E12: 0.46875 | F12: 0.56597222 | G12: =VLOOKUP(D12,$J$11:$L$14,3,FALSE) -> 20 | H12: =ROUND(E12*1440,0) -> 675 | I12: =ROUND(F12*1440,0) -> 815 | J12: Terminal B | K12: 15 | L12: 20 | U12: =U11+1 -> 10
A13: AC3 | B13: 140 | C13: Terminal A | D13: Terminal C | E13: 0.55208333 | F13: 0.64930556 | G13: =VLOOKUP(D13,$J$11:$L$14,3,FALSE) -> 20 | H13: =ROUND(E13*1440,0) -> 795 | I13: =ROUND(F13*1440,0) -> 935 | J13: Terminal C | K13: 15 | L13: 20 | U13: =U12+1 -> 11
A14: AC4 | B14: 140 | C14: Terminal A | D14: Terminal C | E14: 0.80208333 | F14: 0.89930556 | G14: =VLOOKUP(D14,$J$11:$L$14,3,FALSE) -> 20 | H14: =ROUND(E14*1440,0) -> 1155 | I14: =ROUND(F14*1440,0) -> 1295 | J14: Terminal D | K14: 15 | L14: 20 | U14: =U13+1 -> 12
A15: AC5 | B15: 140 | C15: Terminal A | D15: Terminal C | E15: 0.84375 | F15: 0.94097222 | G15: =VLOOKUP(D15,$J$11:$L$14,3,FALSE) -> 20 | H15: =ROUND(E15*1440,0) -> 1215 | I15: =ROUND(F15*1440,0) -> 1355 | J15: CS | K15: 100 | L15: (MAX_DURATION == 500, time to recharge = 100 seconds) | U15: =U14+1 -> 13
A16: AD1 | B16: 210 | C16: Terminal A | D16: Terminal D | E16: 0.38888889 | F16: 0.53472222 | G16: =VLOOKUP(D16,$J$11:$L$14,3,FALSE) -> 20 | H16: =ROUND(E16*1440,0) -> 560 | I16: =ROUND(F16*1440,0) -> 770 | J16: MAX_DURATION | K16: 350 | U16: =U15+1 -> 14
A17: BA1 | B17: 135 | C17: Terminal B | D17: Terminal A | E17: 0.375 | F17: 0.46875 | G17: =VLOOKUP(D17,$J$11:$L$14,3,FALSE) -> 20 | H17: =ROUND(E17*1440,0) -> 540 | I17: =ROUND(F17*1440,0) -> 675 | U17: =U16+1 -> 15
A18: BA2 | B18: 135 | C18: Terminal B | D18: Terminal A | E18: 0.4375 | F18: 0.53125 | G18: =VLOOKUP(D18,$J$11:$L$14,3,FALSE) -> 20 | H18: =ROUND(E18*1440,0) -> 630 | I18: =ROUND(F18*1440,0) -> 765 | U18: =U17+1 -> 16
A19: BA3 | B19: 135 | C19: Terminal B | D19: Terminal A | E19: 0.5 | F19: 0.59375 | G19: =VLOOKUP(D19,$J$11:$L$14,3,FALSE) -> 20 | H19: =ROUND(E19*1440,0) -> 720 | I19: =ROUND(F19*1440,0) -> 855 | U19: =U18+1 -> 17
A20: BA4 | B20: 135 | C20: Terminal B | D20: Terminal A | E20: 0.5625 | F20: 0.65625 | G20: =VLOOKUP(D20,$J$11:$L$14,3,FALSE) -> 20 | H20: =ROUND(E20*1440,0) -> 810 | I20: =ROUND(F20*1440,0) -> 945 | N20: =VLOOKUP($A5,test!$A$3:$I$32,9,FALSE) -> 965 | U20: =U19+1 -> 18
A21: BA5 | B21: 135 | C21: Terminal B | D21: Terminal A | E21: 0.625 | F21: 0.71875 | G21: =VLOOKUP(D21,$J$11:$L$14,3,FALSE) -> 20 | H21: =ROUND(E21*1440,0) -> 900 | I21: =ROUND(F21*1440,0) -> 1035 | N21: =VLOOKUP("BA6",test!$A$3:$I$32,8,FALSE) -> 990 | U21: =U20+1 -> 19
A22: BA6 | B22: 135 | C22: Terminal B | D22: Terminal A | E22: 0.6875 | F22: 0.78125 | G22: =VLOOKUP(D22,$J$11:$L$14,3,FALSE) -> 20 | H22: =ROUND(E22*1440,0) -> 990 | I22: =ROUND(F22*1440,0) -> 1125 | U22: =U21+1 -> 20
A23: BA7 | B23: 135 | C23: Terminal B | D23: Terminal A | E23: 0.75 | F23: 0.84375 | G23: =VLOOKUP(D23,$J$11:$L$14,3,FALSE) -> 20 | H23: =ROUND(E23*1440,0) -> 1080 | I23: =ROUND(F23*1440,0) -> 1215 | U23: =U22+1 -> 21
A24: BA8 | B24: 135 | C24: Terminal B | D24: Terminal A | E24: 0.79166667 | F24: 0.88541667 | G24: =VLOOKUP(D24,$J$11:$L$14,3,FALSE) -> 20 | H24: =ROUND(E24*1440,0) -> 1140 | I24: =ROUND(F24*1440,0) -> 1275 | U24: =U23+1 -> 22
A25: CA1 | B25: 140 | C25: Terminal C | D25: Terminal A | E25: 0.39583333 | F25: 0.49305556 | G25: =VLOOKUP(D25,$J$11:$L$14,3,FALSE) -> 20 | H25: =ROUND(E25*1440,0) -> 570 | I25: =ROUND(F25*1440,0) -> 710 | U25: =U24+1 -> 23
A26: CA2 | B26: 140 | C26: Terminal C | D26: Terminal A | E26: 0.51388889 | F26: 0.61111111 | G26: =VLOOKUP(D26,$J$11:$L$14,3,FALSE) -> 20 | H26: =ROUND(E26*1440,0) -> 740 | I26: =ROUND(F26*1440,0) -> 880 | U26: =U25+1 -> 24
A27: CA3 | B27: 140 | C27: Terminal C | D27: Terminal A | E27: 0.59722222 | F27: 0.69444444 | G27: =VLOOKUP(D27,$J$11:$L$14,3,FALSE) -> 20 | H27: =ROUND(E27*1440,0) -> 860 | I27: =ROUND(F27*1440,0) -> 1000 | U27: =U26+1 -> 25
A28: CA4 | B28: 140 | C28: Terminal C | D28: Terminal A | E28: 0.63888889 | F28: 0.73611111 | G28: =VLOOKUP(D28,$J$11:$L$14,3,FALSE) -> 20 | H28: =ROUND(E28*1440,0) -> 920 | I28: =ROUND(F28*1440,0) -> 1060 | U28: =U27+1 -> 26
A29: CA5 | B29: 140 | C29: Terminal C | D29: Terminal A | E29: 0.72222222 | F29: 0.81944444 | G29: =VLOOKUP(D29,$J$11:$L$14,3,FALSE) -> 20 | H29: =ROUND(E29*1440,0) -> 1040 | I29: =ROUND(F29*1440,0) -> 1180 | U29: =U28+1 -> 27
A30: CD1 | B30: 270 | C30: Terminal C | D30: Terminal D | E30: 0.3125 | F30: 0.5 | G30: =VLOOKUP(D30,$J$11:$L$14,3,FALSE) -> 20 | H30: =ROUND(E30*1440,0) -> 450 | I30: =ROUND(F30*1440,0) -> 720 | U30: =U29+1 -> 28
A31: DA1 | B31: 210 | C31: Terminal D | D31: Terminal A | E31: 0.59722222 | F31: 0.74305556 | G31: =VLOOKUP(D31,$J$11:$L$14,3,FALSE) -> 20 | H31: =ROUND(E31*1440,0) -> 860 | I31: =ROUND(F31*1440,0) -> 1070 | U31: =U30+1 -> 29
A32: DC1 | B32: 270 | C32: Terminal D | D32: Terminal C | E32: 0.5625 | F32: 0.75 | G32: =VLOOKUP(D32,$J$11:$L$14,3,FALSE) -> 20 | H32: =ROUND(E32*1440,0) -> 810 | I32: =ROUND(F32*1440,0) -> 1080 | U32: =U31+1 -> 30
A33: CS1 | B33: 60 | C33: - | D33: - | E33: - | F33: - | G33: 0
A34: CS2 | B34: 75 | C34: - | D34: - | E34: - | F34: - | G34: 0
A35: CS3 | B35: 60 | C35: - | D35: - | E35: - | F35: - | G35: 0
A40: RESULTS
A41: ID | B41: Trips | F41: CPLEX | G41: Solution
A42: 0 | B42: DEPOT | G42: 0 | H42: 10 | I42: 26 | J42: 0
A43: =A42+1 -> 1 | B43: AB1 | G43: DEPOT | H43: =VLOOKUP(H42,$A$42:$B$73,2,FALSE) -> AC2 | I43: =VLOOKUP(I42,$A$42:$B$73,2,FALSE) -> CA4 | J43: =VLOOKUP(J42,$A$42:$B$73,2,FALSE) -> DEPOT
A44: =A43+1 -> 2 | B44: AB2 | G44: 0 | H44: 1 | I44: 18 | J44: 31 | K44: 13 | L44: 0
A45: =A44+1 -> 3 | B45: AB3 | G45: =VLOOKUP(G44,$A$42:$B$73,2,FALSE) -> DEPOT | H45: =VLOOKUP(H44,$A$42:$B$73,2,FALSE) -> AB1 | I45: =VLOOKUP(I44,$A$42:$B$73,2,FALSE) -> BA4 | J45: =VLOOKUP(J44,$A$42:$B$73,2,FALSE) -> CS1 | K45: =VLOOKUP(K44,$A$42:$B$73,2,FALSE) -> AC5 | L45: =VLOOKUP(L44,$A$42:$B$73,2,FALSE) -> DEPOT
A46: =A45+1 -> 4 | B46: AB4 | G46: 0 | H46: 2 | I46: 19 | J46: 31 | K46: 8 | L46: 0
A47: =A46+1 -> 5 | B47: AB5 | G47: =VLOOKUP(G46,$A$42:$B$73,2,FALSE) -> DEPOT | H47: =VLOOKUP(H46,$A$42:$B$73,2,FALSE) -> AB2 | I47: =VLOOKUP(I46,$A$42:$B$73,2,FALSE) -> BA5 | J47: =VLOOKUP(J46,$A$42:$B$73,2,FALSE) -> CS1 | K47: =VLOOKUP(K46,$A$42:$B$73,2,FALSE) -> AB8 | L47: =VLOOKUP(L46,$A$42:$B$73,2,FALSE) -> DEPOT
A48: =A47+1 -> 6 | B48: AB6 | G48: 0 | H48: 9 | I48: 31 | J48: 25 | K48: 0
A49: =A48+1 -> 7 | B49: AB7 | G49: =VLOOKUP(G48,$A$42:$B$73,2,FALSE) -> DEPOT | H49: =VLOOKUP(H48,$A$42:$B$73,2,FALSE) -> AC1 | I49: =VLOOKUP(I48,$A$42:$B$73,2,FALSE) -> CS1 | J49: =VLOOKUP(J48,$A$42:$B$73,2,FALSE) -> CA3 | K49: =VLOOKUP(K48,$A$42:$B$73,2,FALSE) -> DEPOT
A50: =A49+1 -> 8 | B50: AB8 | G50: 0 | H50: 11 | I50: 27 | J50: 0
A51: =A50+1 -> 9 | B51: AC1 | G51: =VLOOKUP(G50,$A$42:$B$73,2,FALSE) -> DEPOT | H51: =VLOOKUP(H50,$A$42:$B$73,2,FALSE) -> AC3 | I51: =VLOOKUP(I50,$A$42:$B$73,2,FALSE) -> CA5 | J51: =VLOOKUP(J50,$A$42:$B$73,2,FALSE) -> DEPOT
A52: =A51+1 -> 10 | B52: AC2 | G52: 0 | H52: 14 | I52: 30 | J52: 0
A53: =A52+1 -> 11 | B53: AC3 | G53: =VLOOKUP(G52,$A$42:$B$73,2,FALSE) -> DEPOT | H53: =VLOOKUP(H52,$A$42:$B$73,2,FALSE) -> AD1 | I53: =VLOOKUP(I52,$A$42:$B$73,2,FALSE) -> DC1 | J53: =VLOOKUP(J52,$A$42:$B$73,2,FALSE) -> DEPOT
A54: =A53+1 -> 12 | B54: AC4 | G54: 0 | H54: 15 | I54: 31 | J54: 3 | K54: 20 | L54: 0
A55: =A54+1 -> 13 | B55: AC5 | G55: =VLOOKUP(G54,$A$42:$B$73,2,FALSE) -> DEPOT | H55: =VLOOKUP(H54,$A$42:$B$73,2,FALSE) -> BA1 | I55: =VLOOKUP(I54,$A$42:$B$73,2,FALSE) -> CS1 | J55: =VLOOKUP(J54,$A$42:$B$73,2,FALSE) -> AB3 | K55: =VLOOKUP(K54,$A$42:$B$73,2,FALSE) -> BA6 | L55: =VLOOKUP(L54,$A$42:$B$73,2,FALSE) -> DEPOT
A56: =A55+1 -> 14 | B56: AD1 | G56: 0 | H56: 16 | I56: 31 | J56: 5 | K56: 22 | L56: 0
A57: =A56+1 -> 15 | B57: BA1 | G57: =VLOOKUP(G56,$A$42:$B$73,2,FALSE) -> DEPOT | H57: =VLOOKUP(H56,$A$42:$B$73,2,FALSE) -> BA2 | I57: =VLOOKUP(I56,$A$42:$B$73,2,FALSE) -> CS1 | J57: =VLOOKUP(J56,$A$42:$B$73,2,FALSE) -> AB5 | K57: =VLOOKUP(K56,$A$42:$B$73,2,FALSE) -> BA8 | L57: =VLOOKUP(L56,$A$42:$B$73,2,FALSE) -> DEPOT
A58: =A57+1 -> 16 | B58: BA2 | G58: 0 | H58: 17 | I58: 6 | J58: 0
A59: =A58+1 -> 17 | B59: BA3 | G59: =VLOOKUP(G58,$A$42:$B$73,2,FALSE) -> DEPOT | H59: =VLOOKUP(H58,$A$42:$B$73,2,FALSE) -> BA3 | I59: =VLOOKUP(I58,$A$42:$B$73,2,FALSE) -> AB6 | J59: =VLOOKUP(J58,$A$42:$B$73,2,FALSE) -> DEPOT
A60: =A59+1 -> 18 | B60: BA4 | G60: 0 | H60: 23 | I60: 31 | J60: 4 | K60: 21 | L60: 0
A61: =A60+1 -> 19 | B61: BA5 | G61: =VLOOKUP(G60,$A$42:$B$73,2,FALSE) -> DEPOT | H61: =VLOOKUP(H60,$A$42:$B$73,2,FALSE) -> CA1 | I61: =VLOOKUP(I60,$A$42:$B$73,2,FALSE) -> CS1 | J61: =VLOOKUP(J60,$A$42:$B$73,2,FALSE) -> AB4 | K61: =VLOOKUP(K60,$A$42:$B$73,2,FALSE) -> BA7 | L61: =VLOOKUP(L60,$A$42:$B$73,2,FALSE) -> DEPOT
A62: =A61+1 -> 20 | B62: BA6 | G62: 0 | H62: 24 | I62: 31 | J62: 12 | K62: 0
A63: =A62+1 -> 21 | B63: BA7 | G63: =VLOOKUP(G62,$A$42:$B$73,2,FALSE) -> DEPOT | H63: =VLOOKUP(H62,$A$42:$B$73,2,FALSE) -> CA2 | I63: =VLOOKUP(I62,$A$42:$B$73,2,FALSE) -> CS1 | J63: =VLOOKUP(J62,$A$42:$B$73,2,FALSE) -> AC4 | K63: =VLOOKUP(K62,$A$42:$B$73,2,FALSE) -> DEPOT
A64: =A63+1 -> 22 | B64: BA8 | G64: 0 | H64: 28 | I64: 31 | J64: 29 | K64: 7 | L64: 0
A65: =A64+1 -> 23 | B65: CA1 | G65: =VLOOKUP(G64,$A$42:$B$73,2,FALSE) -> DEPOT | H65: =VLOOKUP(H64,$A$42:$B$73,2,FALSE) -> CD1 | I65: =VLOOKUP(I64,$A$42:$B$73,2,FALSE) -> CS1 | J65: =VLOOKUP(J64,$A$42:$B$73,2,FALSE) -> DA1 | K65: =VLOOKUP(K64,$A$42:$B$73,2,FALSE) -> AB7 | L65: =VLOOKUP(L64,$A$42:$B$73,2,FALSE) -> DEPOT
A66: =A65+1 -> 24 | B66: CA2
A67: =A66+1 -> 25 | B67: CA3
A68: =A67+1 -> 26 | B68: CA4
A69: =A68+1 -> 27 | B69: CA5
A70: =A69+1 -> 28 | B70: CD1
A71: =A70+1 -> 29 | B71: DA1
A72: =A71+1 -> 30 | B72: DC1
A73: =A72+1 -> 31 | B73: CS1

Sheet Result
A1: RESULTS
A2: ID | B2: Trips | F2: CPLEX | G2: Solution
A3: 0 | B3: DEPOT | G3: 0 | H3: 10 | I3: 26 | J3: 0
A4: =A3+1 -> 1 | B4: AB1 | G4: DEPOT | H4: =VLOOKUP(H3,$A$3:$B$34,2,FALSE) -> AC2 | I4: =VLOOKUP(I3,$A$3:$B$34,2,FALSE) -> CA4 | J4: =VLOOKUP(J3,$A$3:$B$34,2,FALSE) -> DEPOT
A5: =A4+1 -> 2 | B5: AB2 | G5: 0 | H5: 1 | I5: 18 | J5: 31 | K5: 13 | L5: 0
A6: =A5+1 -> 3 | B6: AB3 | G6: =VLOOKUP(G5,$A$3:$B$34,2,FALSE) -> DEPOT | H6: =VLOOKUP(H5,$A$3:$B$34,2,FALSE) -> AB1 | I6: =VLOOKUP(I5,$A$3:$B$34,2,FALSE) -> BA4 | J6: =VLOOKUP(J5,$A$3:$B$34,2,FALSE) -> CS1 | K6: =VLOOKUP(K5,$A$3:$B$34,2,FALSE) -> AC5 | L6: =VLOOKUP(L5,$A$3:$B$34,2,FALSE) -> DEPOT
A7: =A6+1 -> 4 | B7: AB4 | G7: 0 | H7: 2 | I7: 19 | J7: 31 | K7: 8 | L7: 0
A8: =A7+1 -> 5 | B8: AB5 | G8: =VLOOKUP(G7,$A$3:$B$34,2,FALSE) -> DEPOT | H8: =VLOOKUP(H7,$A$3:$B$34,2,FALSE) -> AB2 | I8: =VLOOKUP(I7,$A$3:$B$34,2,FALSE) -> BA5 | J8: =VLOOKUP(J7,$A$3:$B$34,2,FALSE) -> CS1 | K8: =VLOOKUP(K7,$A$3:$B$34,2,FALSE) -> AB8 | L8: =VLOOKUP(L7,$A$3:$B$34,2,FALSE) -> DEPOT
A9: =A8+1 -> 6 | B9: AB6 | G9: 0 | H9: 9 | I9: 31 | J9: 25 | K9: 0
A10: =A9+1 -> 7 | B10: AB7 | G10: =VLOOKUP(G9,$A$3:$B$34,2,FALSE) -> DEPOT | H10: =VLOOKUP(H9,$A$3:$B$34,2,FALSE) -> AC1 | I10: =VLOOKUP(I9,$A$3:$B$34,2,FALSE) -> CS1 | J10: =VLOOKUP(J9,$A$3:$B$34,2,FALSE) -> CA3 | K10: =VLOOKUP(K9,$A$3:$B$34,2,FALSE) -> DEPOT
A11: =A10+1 -> 8 | B11: AB8 | G11: 0 | H11: 11 | I11: 27 | J11: 0
A12: =A11+1 -> 9 | B12: AC1 | G12: =VLOOKUP(G11,$A$3:$B$34,2,FALSE) -> DEPOT | H12: =VLOOKUP(H11,$A$3:$B$34,2,FALSE) -> AC3 | I12: =VLOOKUP(I11,$A$3:$B$34,2,FALSE) -> CA5 | J12: =VLOOKUP(J11,$A$3:$B$34,2,FALSE) -> DEPOT
A13: =A12+1 -> 10 | B13: AC2 | G13: 0 | H13: 14 | I13: 30 | J13: 0
A14: =A13+1 -> 11 | B14: AC3 | G14: =VLOOKUP(G13,$A$3:$B$34,2,FALSE) -> DEPOT | H14: =VLOOKUP(H13,$A$3:$B$34,2,FALSE) -> AD1 | I14: =VLOOKUP(I13,$A$3:$B$34,2,FALSE) -> DC1 | J14: =VLOOKUP(J13,$A$3:$B$34,2,FALSE) -> DEPOT
A15: =A14+1 -> 12 | B15: AC4 | G15: 0 | H15: 15 | I15: 31 | J15: 3 | K15: 20 | L15: 0
A16: =A15+1 -> 13 | B16: AC5 | G16: =VLOOKUP(G15,$A$3:$B$34,2,FALSE) -> DEPOT | H16: =VLOOKUP(H15,$A$3:$B$34,2,FALSE) -> BA1 | I16: =VLOOKUP(I15,$A$3:$B$34,2,FALSE) -> CS1 | J16: =VLOOKUP(J15,$A$3:$B$34,2,FALSE) -> AB3 | K16: =VLOOKUP(K15,$A$3:$B$34,2,FALSE) -> BA6 | L16: =VLOOKUP(L15,$A$3:$B$34,2,FALSE) -> DEPOT
A17: =A16+1 -> 14 | B17: AD1 | G17: 0 | H17: 16 | I17: 31 | J17: 5 | K17: 22 | L17: 0
A18: =A17+1 -> 15 | B18: BA1 | G18: =VLOOKUP(G17,$A$3:$B$34,2,FALSE) -> DEPOT | H18: =VLOOKUP(H17,$A$3:$B$34,2,FALSE) -> BA2 | I18: =VLOOKUP(I17,$A$3:$B$34,2,FALSE) -> CS1 | J18: =VLOOKUP(J17,$A$3:$B$34,2,FALSE) -> AB5 | K18: =VLOOKUP(K17,$A$3:$B$34,2,FALSE) -> BA8 | L18: =VLOOKUP(L17,$A$3:$B$34,2,FALSE) -> DEPOT
A19: =A18+1 -> 16 | B19: BA2 | G19: 0 | H19: 17 | I19: 6 | J19: 0
A20: =A19+1 -> 17 | B20: BA3 | G20: =VLOOKUP(G19,$A$3:$B$34,2,FALSE) -> DEPOT | H20: =VLOOKUP(H19,$A$3:$B$34,2,FALSE) -> BA3 | I20: =VLOOKUP(I19,$A$3:$B$34,2,FALSE) -> AB6 | J20: =VLOOKUP(J19,$A$3:$B$34,2,FALSE) -> DEPOT
A21: =A20+1 -> 18 | B21: BA4 | G21: 0 | H21: 23 | I21: 31 | J21: 4 | K21: 21 | L21: 0
A22: =A21+1 -> 19 | B22: BA5 | G22: =VLOOKUP(G21,$A$3:$B$34,2,FALSE) -> DEPOT | H22: =VLOOKUP(H21,$A$3:$B$34,2,FALSE) -> CA1 | I22: =VLOOKUP(I21,$A$3:$B$34,2,FALSE) -> CS1 | J22: =VLOOKUP(J21,$A$3:$B$34,2,FALSE) -> AB4 | K22: =VLOOKUP(K21,$A$3:$B$34,2,FALSE) -> BA7 | L22: =VLOOKUP(L21,$A$3:$B$34,2,FALSE) -> DEPOT
A23: =A22+1 -> 20 | B23: BA6 | G23: 0 | H23: 24 | I23: 31 | J23: 12 | K23: 0
A24: =A23+1 -> 21 | B24: BA7 | G24: =VLOOKUP(G23,$A$3:$B$34,2,FALSE) -> DEPOT | H24: =VLOOKUP(H23,$A$3:$B$34,2,FALSE) -> CA2 | I24: =VLOOKUP(I23,$A$3:$B$34,2,FALSE) -> CS1 | J24: =VLOOKUP(J23,$A$3:$B$34,2,FALSE) -> AC4 | K24: =VLOOKUP(K23,$A$3:$B$34,2,FALSE) -> DEPOT
A25: =A24+1 -> 22 | B25: BA8 | G25: 0 | H25: 28 | I25: 31 | J25: 29 | K25: 7 | L25: 0
A26: =A25+1 -> 23 | B26: CA1 | G26: =VLOOKUP(G25,$A$3:$B$34,2,FALSE) -> DEPOT | H26: =VLOOKUP(H25,$A$3:$B$34,2,FALSE) -> CD1 | I26: =VLOOKUP(I25,$A$3:$B$34,2,FALSE) -> CS1 | J26: =VLOOKUP(J25,$A$3:$B$34,2,FALSE) -> DA1 | K26: =VLOOKUP(K25,$A$3:$B$34,2,FALSE) -> AB7 | L26: =VLOOKUP(L25,$A$3:$B$34,2,FALSE) -> DEPOT
A27: =A26+1 -> 24 | B27: CA2
A28: =A27+1 -> 25 | B28: CA3
A29: =A28+1 -> 26 | B29: CA4
A30: =A29+1 -> 27 | B30: CA5
A31: =A30+1 -> 28 | B31: CD1
A32: =A31+1 -> 29 | B32: DA1
A33: =A32+1 -> 30 | B33: DC1
A34: =A33+1 -> 31 | B34: CS1

Sheet 10Trips
A1: trip_id | B1: duration | C1: dep_terminal | D1: arr_terminal | E1: dep_time | F1: arr_time | G1: cost_to_cs | H1: ID
A2: DEPOT | B2: 0 | C2: - | D2: - | E2: - | F2: - | G2: - | H2: 0
A3: AC1 | B3: 140 | C3: Terminal A | D3: Terminal C | E3: 0.38541667 | F3: 0.48263889 | G3: =VLOOKUP(D3,$J$11:$L$12,3,FALSE) -> 20 | H3: =H2+1 -> 1 | J3: =E3*1440 -> 555
A4: AC2 | B4: 140 | C4: Terminal A | D4: Terminal C | E4: 0.46875 | F4: 0.56597222 | G4: =VLOOKUP(D4,$J$11:$L$12,3,FALSE) -> 20 | H4: =H3+1 -> 2
A5: AC3 | B5: 140 | C5: Terminal A | D5: Terminal C | E5: 0.55208333 | F5: 0.64930556 | G5: =VLOOKUP(D5,$J$11:$L$12,3,FALSE) -> 20 | H5: =H4+1 -> 3 | J5: =F7*1440 -> 1355
A6: AC4 | B6: 140 | C6: Terminal A | D6: Terminal C | E6: 0.80208333 | F6: 0.89930556 | G6: =VLOOKUP(D6,$J$11:$L$12,3,FALSE) -> 20 | H6: =H5+1 -> 4
A7: AC5 | B7: 140 | C7: Terminal A | D7: Terminal C | E7: 0.84375 | F7: 0.94097222 | G7: =VLOOKUP(D7,$J$11:$L$12,3,FALSE) -> 20 | H7: =H6+1 -> 5
A8: CA1 | B8: 140 | C8: Terminal C | D8: Terminal A | E8: 0.39583333 | F8: 0.49305556 | G8: =VLOOKUP(D8,$J$11:$L$12,3,FALSE) -> 20 | H8: =H7+1 -> 6 | J8: TMAX | K8: =MAX(F3:F12)*1440 -> 1355
A9: CA2 | B9: 140 | C9: Terminal C | D9: Terminal A | E9: 0.51388889 | F9: 0.61111111 | G9: =VLOOKUP(D9,$J$11:$L$12,3,FALSE) -> 20 | H9: =H8+1 -> 7
A10: CA3 | B10: 140 | C10: Terminal C | D10: Terminal A | E10: 0.59722222 | F10: 0.69444444 | G10: =VLOOKUP(D10,$J$11:$L$12,3,FALSE) -> 20 | H10: =H9+1 -> 8 | J10: Terminal | K10: Min_Layover | L10: Duration to CS
A11: CA4 | B11: 140 | C11: Terminal C | D11: Terminal A | E11: 0.63888889 | F11: 0.73611111 | G11: =VLOOKUP(D11,$J$11:$L$12,3,FALSE) -> 20 | H11: =H10+1 -> 9 | J11: Terminal A | K11: 15 | L11: 20
A12: CA5 | B12: 140 | C12: Terminal C | D12: Terminal A | E12: 0.72222222 | F12: 0.81944444 | G12: =VLOOKUP(D12,$J$11:$L$12,3,FALSE) -> 20 | H12: =H11+1 -> 10 | J12: Terminal C | K12: 15 | L12: 20
A13: CS1 | B13: 60 | C13: - | D13: - | E13: - | F13: - | G13: - | H13: =H12+1 -> 11 | J13: 100 | K13: (MAX_DURATION == 500, time to recharge = 100mins)
A14: CS2 | B14: 75 | C14: - | D14: - | E14: - | F14: - | G14: - | H14: 12 | J14: MAX_DURATION | K14: 350
A16: \gamma | B16: DEPOT | C16: AC1 | D16: AC2 | E16: AC3 | F16: AC4 | G16: AC5 | H16: CA1 | I16: CA2 | J16: CA3 | K16: CA4 | L16: CA5 | O16: \delta | P16: DEPOT | Q16: AC1 | R16: AC2 | S16: AC3 | T16: AC4 | U16: AC5 | V16: CA1 | W16: CA2 | X16: CA3 | Y16: CA4 | Z16: CA5 | AA16: CS1 | AB16: CS2
A17: DEPOT | B17: 0 | C17: 1 | D17: 1 | E17: 1 | F17: 1 | G17: 1 | H17: 1 | I17: 1 | J17: 1 | K17: 1 | L17: 1 | O17: DEPOT | P17: 0 | Q17: 0 | R17: 0 | S17: 0 | T17: 0 | U17: 0 | V17: 0 | W17: 0 | X17: 0 | Y17: 0 | Z17: 0 | AA17: 0 | AB17: 0
A18: AC1 | B18: 1 | C18: =IF(AND(VLOOKUP(C$16,$A$3:$G$12,5,FALSE) - VLOOKUP($A18,$A$3:$G$12,6,FALSE)>=VLOOKUP(VLOOKUP(C$16,$A$3:$G$12,3,FALSE), $J$11:$L$12, 2, FALSE)/1440, VLOOKUP($A18,$A$3:$G$12,4,FALSE)=VLOOKUP(C$16,$A$3:$G$12,3,FALSE)),1,0) -> 0 | D18: =IF(AND(VLOOKUP(D$16,$A$3:$G$12,5,FALSE) - VLOOKUP($A18,$A$3:$G$12,6,FALSE)>=VLOOKUP(VLOOKUP(D$16,$A$3:$G$12,3,FALSE), $J$11:$L$12, 2, FALSE)/1440, VLOOKUP($A18,$A$3:$G$12,4,FALSE)=VLOOKUP(D$16,$A$3:$G$12,3,FALSE)),1,0) -> 0 | E18: =IF(AND(VLOOKUP(E$16,$A$3:$G$12,5,FALSE) - VLOOKUP($A18,$A$3:$G$12,6,FALSE)>=VLOOKUP(VLOOKUP(E$16,$A$3:$G$12,3,FALSE), $J$11:$L$12, 2, FALSE)/1440, VLOOKUP($A18,$A$3:$G$12,4,FALSE)=VLOOKUP(E$16,$A$3:$G$12,3,FALSE)),1,0) -> 0 | F18: =IF(AND(VLOOKUP(F$16,$A$3:$G$12,5,FALSE) - VLOOKUP($A18,$A$3:$G$12,6,FALSE)>=VLOOKUP(VLOOKUP(F$16,$A$3:$G$12,3,FALSE), $J$11:$L$12, 2, FALSE)/1440, VLOOKUP($A18,$A$3:$G$12,4,FALSE)=VLOOKUP(F$16,$A$3:$G$12,3,FALSE)),1,0) -> 0 | G18: =IF(AND(VLOOKUP(G$16,$A$3:$G$12,5,FALSE) - VLOOKUP($A18,$A$3:$G$12,6,FALSE)>=VLOOKUP(VLOOKUP(G$16,$A$3:$G$12,3,FALSE), $J$11:$L$12, 2, FALSE)/1440, VLOOKUP($A18,$A$3:$G$12,4,FALSE)=VLOOKUP(G$16,$A$3:$G$12,3,FALSE)),1,0) -> 0 | H18: =IF(AND(VLOOKUP(H$16,$A$3:$G$12,5,FALSE) - VLOOKUP($A18,$A$3:$G$12,6,FALSE)>=VLOOKUP(VLOOKUP(H$16,$A$3:$G$12,3,FALSE), $J$11:$L$12, 2, FALSE)/1440, VLOOKUP($A18,$A$3:$G$12,4,FALSE)=VLOOKUP(H$16,$A$3:$G$12,3,FALSE)),1,0) -> 0 | I18: =IF(AND(VLOOKUP(I$16,$A$3:$G$12,5,FALSE) - VLOOKUP($A18,$A$3:$G$12,6,FALSE)>=VLOOKUP(VLOOKUP(I$16,$A$3:$G$12,3,FALSE), $J$11:$L$12, 2, FALSE)/1440, VLOOKUP($A18,$A$3:$G$12,4,FALSE)=VLOOKUP(I$16,$A$3:$G$12,3,FALSE)),1,0) -> 1 | J18: =IF(AND(VLOOKUP(J$16,$A$3:$G$12,5,FALSE) - VLOOKUP($A18,$A$3:$G$12,6,FALSE)>=VLOOKUP(VLOOKUP(J$16,$A$3:$G$12,3,FALSE), $J$11:$L$12, 2, FALSE)/1440, VLOOKUP($A18,$A$3:$G$12,4,FALSE)=VLOOKUP(J$16,$A$3:$G$12,3,FALSE)),1,0) -> 1 | ... L18: =IF(AND(VLOOKUP(L$16,$A$3:$G$12,5,FALSE) - VLOOKUP($A18,$A$3:$G$12,6,FALSE)>=VLOOKUP(VLOOKUP(L$16,$A$3:$G$12,3,FALSE), $J$11:$L$12, 2, FALSE)/1440, VLOOKUP($A18,$A$3:$G$12,4,FALSE)=VLOOKUP(L$16,$A$3:$G$12,3,FALSE)),1,0) -> 1 | O18: AC1 | P18: 0 | Q18: 0 | R18: =IF(AND(SUM(VLOOKUP($O18,$A$3:$G$12,2,FALSE),VLOOKUP(R$16,$A$3:$G$12,2,FALSE))<$K$14,$O18<>R$16,D18=1),SUM(VLOOKUP($O18,$A$3:$G$12,2,FALSE),VLOOKUP(R$16,$A$3:$G$12,2,FALSE)),0) -> 0 | S18: =IF(AND(SUM(VLOOKUP($O18,$A$3:$G$12,2,FALSE),VLOOKUP(S$16,$A$3:$G$12,2,FALSE))<$K$14,$O18<>S$16,E18=1),SUM(VLOOKUP($O18,$A$3:$G$12,2,FALSE),VLOOKUP(S$16,$A$3:$G$12,2,FALSE)),0) -> 0 | T18: =IF(AND(SUM(VLOOKUP($O18,$A$3:$G$12,2,FALSE),VLOOKUP(T$16,$A$3:$G$12,2,FALSE))<$K$14,$O18<>T$16,F18=1),SUM(VLOOKUP($O18,$A$3:$G$12,2,FALSE),VLOOKUP(T$16,$A$3:$G$12,2,FALSE)),0) -> 0 | U18: =IF(AND(SUM(VLOOKUP($O18,$A$3:$G$12,2,FALSE),VLOOKUP(U$16,$A$3:$G$12,2,FALSE))<$K$14,$O18<>U$16,G18=1),SUM(VLOOKUP($O18,$A$3:$G$12,2,FALSE),VLOOKUP(U$16,$A$3:$G$12,2,FALSE)),0) -> 0 | V18: =IF(AND(SUM(VLOOKUP($O18,$A$3:$G$12,2,FALSE),VLOOKUP(V$16,$A$3:$G$12,2,FALSE))<$K$14,$O18<>V$16,H18=1),SUM(VLOOKUP($O18,$A$3:$G$12,2,FALSE),VLOOKUP(V$16,$A$3:$G$12,2,FALSE)),0) -> 0 | W18: 280 | X18: 280 | Y18: 280 | Z18: 280 | AA18: 60 | AB18: 75 | AG18: \zeta | AH18: DEPOT | AI18: AC1 | AJ18: AC2 | AK18: AC3 | AL18: AC4 | AM18: AC5 | AN18: CA1 | AO18: CA2 | AP18: CA3 | AQ18: CA4 | AR18: CA5 | AS18: CS1 | AT18: CS2
A19: AC2 | B19: 1 | C19: =IF(AND(VLOOKUP(C$16,$A$3:$G$12,5,FALSE) - VLOOKUP($A19,$A$3:$G$12,6,FALSE)>=VLOOKUP(VLOOKUP(C$16,$A$3:$G$12,3,FALSE), $J$11:$L$12, 2, FALSE)/1440, VLOOKUP($A19,$A$3:$G$12,4,FALSE)=VLOOKUP(C$16,$A$3:$G$12,3,FALSE)),1,0) -> 0 | D19: =IF(AND(VLOOKUP(D$16,$A$3:$G$12,5,FALSE) - VLOOKUP($A19,$A$3:$G$12,6,FALSE)>=VLOOKUP(VLOOKUP(D$16,$A$3:$G$12,3,FALSE), $J$11:$L$12, 2, FALSE)/1440, VLOOKUP($A19,$A$3:$G$12,4,FALSE)=VLOOKUP(D$16,$A$3:$G$12,3,FALSE)),1,0) -> 0 | E19: =IF(AND(VLOOKUP(E$16,$A$3:$G$12,5,FALSE) - VLOOKUP($A19,$A$3:$G$12,6,FALSE)>=VLOOKUP(VLOOKUP(E$16,$A$3:$G$12,3,FALSE), $J$11:$L$12, 2, FALSE)/1440, VLOOKUP($A19,$A$3:$G$12,4,FALSE)=VLOOKUP(E$16,$A$3:$G$12,3,FALSE)),1,0) -> 0 | F19: =IF(AND(VLOOKUP(F$16,$A$3:$G$12,5,FALSE) - VLOOKUP($A19,$A$3:$G$12,6,FALSE)>=VLOOKUP(VLOOKUP(F$16,$A$3:$G$12,3,FALSE), $J$11:$L$12, 2, FALSE)/1440, VLOOKUP($A19,$A$3:$G$12,4,FALSE)=VLOOKUP(F$16,$A$3:$G$12,3,FALSE)),1,0) -> 0 | G19: =IF(AND(VLOOKUP(G$16,$A$3:$G$12,5,FALSE) - VLOOKUP($A19,$A$3:$G$12,6,FALSE)>=VLOOKUP(VLOOKUP(G$16,$A$3:$G$12,3,FALSE), $J$11:$L$12, 2, FALSE)/1440, VLOOKUP($A19,$A$3:$G$12,4,FALSE)=VLOOKUP(G$16,$A$3:$G$12,3,FALSE)),1,0) -> 0 | H19: =IF(AND(VLOOKUP(H$16,$A$3:$G$12,5,FALSE) - VLOOKUP($A19,$A$3:$G$12,6,FALSE)>=VLOOKUP(VLOOKUP(H$16,$A$3:$G$12,3,FALSE), $J$11:$L$12, 2, FALSE)/1440, VLOOKUP($A19,$A$3:$G$12,4,FALSE)=VLOOKUP(H$16,$A$3:$G$12,3,FALSE)),1,0) -> 0 | I19: =IF(AND(VLOOKUP(I$16,$A$3:$G$12,5,FALSE) - VLOOKUP($A19,$A$3:$G$12,6,FALSE)>=VLOOKUP(VLOOKUP(I$16,$A$3:$G$12,3,FALSE), $J$11:$L$12, 2, FALSE)/1440, VLOOKUP($A19,$A$3:$G$12,4,FALSE)=VLOOKUP(I$16,$A$3:$G$12,3,FALSE)),1,0) -> 0 | J19: =IF(AND(VLOOKUP(J$16,$A$3:$G$12,5,FALSE) - VLOOKUP($A19,$A$3:$G$12,6,FALSE)>=VLOOKUP(VLOOKUP(J$16,$A$3:$G$12,3,FALSE), $J$11:$L$12, 2, FALSE)/1440, VLOOKUP($A19,$A$3:$G$12,4,FALSE)=VLOOKUP(J$16,$A$3:$G$12,3,FALSE)),1,0) -> 1 | ... L19: =IF(AND(VLOOKUP(L$16,$A$3:$G$12,5,FALSE) - VLOOKUP($A19,$A$3:$G$12,6,FALSE)>=VLOOKUP(VLOOKUP(L$16,$A$3:$G$12,3,FALSE), $J$11:$L$12, 2, FALSE)/1440, VLOOKUP($A19,$A$3:$G$12,4,FALSE)=VLOOKUP(L$16,$A$3:$G$12,3,FALSE)),1,0) -> 1 | O19: AC2 | P19: 0 | Q19: =IF(AND(SUM(VLOOKUP($O19,$A$3:$G$12,2,FALSE),VLOOKUP(Q$16,$A$3:$G$12,2,FALSE))<$K$14,$O19<>Q$16,C19=1),SUM(VLOOKUP($O19,$A$3:$G$12,2,FALSE),VLOOKUP(Q$16,$A$3:$G$12,2,FALSE)),0) -> 0 | R19: =IF(AND(SUM(VLOOKUP($O19,$A$3:$G$12,2,FALSE),VLOOKUP(R$16,$A$3:$G$12,2,FALSE))<$K$14,$O19<>R$16,D19=1),SUM(VLOOKUP($O19,$A$3:$G$12,2,FALSE),VLOOKUP(R$16,$A$3:$G$12,2,FALSE)),0) -> 0 | S19: =IF(AND(SUM(VLOOKUP($O19,$A$3:$G$12,2,FALSE),VLOOKUP(S$16,$A$3:$G$12,2,FALSE))<$K$14,$O19<>S$16,E19=1),SUM(VLOOKUP($O19,$A$3:$G$12,2,FALSE),VLOOKUP(S$16,$A$3:$G$12,2,FALSE)),0) -> 0 | T19: =IF(AND(SUM(VLOOKUP($O19,$A$3:$G$12,2,FALSE),VLOOKUP(T$16,$A$3:$G$12,2,FALSE))<$K$14,$O19<>T$16,F19=1),SUM(VLOOKUP($O19,$A$3:$G$12,2,FALSE),VLOOKUP(T$16,$A$3:$G$12,2,FALSE)),0) -> 0 | U19: =IF(AND(SUM(VLOOKUP($O19,$A$3:$G$12,2,FALSE),VLOOKUP(U$16,$A$3:$G$12,2,FALSE))<$K$14,$O19<>U$16,G19=1),SUM(VLOOKUP($O19,$A$3:$G$12,2,FALSE),VLOOKUP(U$16,$A$3:$G$12,2,FALSE)),0) -> 0 | V19: =IF(AND(SUM(VLOOKUP($O19,$A$3:$G$12,2,FALSE),VLOOKUP(V$16,$A$3:$G$12,2,FALSE))<$K$14,$O19<>V$16,H19=1),SUM(VLOOKUP($O19,$A$3:$G$12,2,FALSE),VLOOKUP(V$16,$A$3:$G$12,2,FALSE)),0) -> 0 | W19: =IF(AND(SUM(VLOOKUP($O19,$A$3:$G$12,2,FALSE),VLOOKUP(W$16,$A$3:$G$12,2,FALSE))<$K$14,$O19<>W$16,I19=1),SUM(VLOOKUP($O19,$A$3:$G$12,2,FALSE),VLOOKUP(W$16,$A$3:$G$12,2,FALSE)),0) -> 0 | X19: 280 | Y19: 280 | Z19: 280 | AA19: 60 | AB19: 75 | AG19: DEPOT | AH19: 0 | AI19: 0 | AJ19: 0 | AK19: 0 | AL19: 0 | AM19: 0 | AN19: 0 | AO19: 0 | AP19: 0 | AQ19: 0 | AR19: 0 | AS19: 10 | AT19: 15
A20: AC3 | B20: 1 | C20: =IF(AND(VLOOKUP(C$16,$A$3:$G$12,5,FALSE) - VLOOKUP($A20,$A$3:$G$12,6,FALSE)>=VLOOKUP(VLOOKUP(C$16,$A$3:$G$12,3,FALSE), $J$11:$L$12, 2, FALSE)/1440, VLOOKUP($A20,$A$3:$G$12,4,FALSE)=VLOOKUP(C$16,$A$3:$G$12,3,FALSE)),1,0) -> 0 | D20: =IF(AND(VLOOKUP(D$16,$A$3:$G$12,5,FALSE) - VLOOKUP($A20,$A$3:$G$12,6,FALSE)>=VLOOKUP(VLOOKUP(D$16,$A$3:$G$12,3,FALSE), $J$11:$L$12, 2, FALSE)/1440, VLOOKUP($A20,$A$3:$G$12,4,FALSE)=VLOOKUP(D$16,$A$3:$G$12,3,FALSE)),1,0) -> 0 | E20: =IF(AND(VLOOKUP(E$16,$A$3:$G$12,5,FALSE) - VLOOKUP($A20,$A$3:$G$12,6,FALSE)>=VLOOKUP(VLOOKUP(E$16,$A$3:$G$12,3,FALSE), $J$11:$L$12, 2, FALSE)/1440, VLOOKUP($A20,$A$3:$G$12,4,FALSE)=VLOOKUP(E$16,$A$3:$G$12,3,FALSE)),1,0) -> 0 | F20: =IF(AND(VLOOKUP(F$16,$A$3:$G$12,5,FALSE) - VLOOKUP($A20,$A$3:$G$12,6,FALSE)>=VLOOKUP(VLOOKUP(F$16,$A$3:$G$12,3,FALSE), $J$11:$L$12, 2, FALSE)/1440, VLOOKUP($A20,$A$3:$G$12,4,FALSE)=VLOOKUP(F$16,$A$3:$G$12,3,FALSE)),1,0) -> 0 | G20: =IF(AND(VLOOKUP(G$16,$A$3:$G$12,5,FALSE) - VLOOKUP($A20,$A$3:$G$12,6,FALSE)>=VLOOKUP(VLOOKUP(G$16,$A$3:$G$12,3,FALSE), $J$11:$L$12, 2, FALSE)/1440, VLOOKUP($A20,$A$3:$G$12,4,FALSE)=VLOOKUP(G$16,$A$3:$G$12,3,FALSE)),1,0) -> 0 | H20: =IF(AND(VLOOKUP(H$16,$A$3:$G$12,5,FALSE) - VLOOKUP($A20,$A$3:$G$12,6,FALSE)>=VLOOKUP(VLOOKUP(H$16,$A$3:$G$12,3,FALSE), $J$11:$L$12, 2, FALSE)/1440, VLOOKUP($A20,$A$3:$G$12,4,FALSE)=VLOOKUP(H$16,$A$3:$G$12,3,FALSE)),1,0) -> 0 | I20: =IF(AND(VLOOKUP(I$16,$A$3:$G$12,5,FALSE) - VLOOKUP($A20,$A$3:$G$12,6,FALSE)>=VLOOKUP(VLOOKUP(I$16,$A$3:$G$12,3,FALSE), $J$11:$L$12, 2, FALSE)/1440, VLOOKUP($A20,$A$3:$G$12,4,FALSE)=VLOOKUP(I$16,$A$3:$G$12,3,FALSE)),1,0) -> 0 | J20: =IF(AND(VLOOKUP(J$16,$A$3:$G$12,5,FALSE) - VLOOKUP($A20,$A$3:$G$12,6,FALSE)>=VLOOKUP(VLOOKUP(J$16,$A$3:$G$12,3,FALSE), $J$11:$L$12, 2, FALSE)/1440, VLOOKUP($A20,$A$3:$G$12,4,FALSE)=VLOOKUP(J$16,$A$3:$G$12,3,FALSE)),1,0) -> 0 | ... L20: =IF(AND(VLOOKUP(L$16,$A$3:$G$12,5,FALSE) - VLOOKUP($A20,$A$3:$G$12,6,FALSE)>=VLOOKUP(VLOOKUP(L$16,$A$3:$G$12,3,FALSE), $J$11:$L$12, 2, FALSE)/1440, VLOOKUP($A20,$A$3:$G$12,4,FALSE)=VLOOKUP(L$16,$A$3:$G$12,3,FALSE)),1,0) -> 1 | O20: AC3 | P20: 0 | Q20: =IF(AND(SUM(VLOOKUP($O20,$A$3:$G$12,2,FALSE),VLOOKUP(Q$16,$A$3:$G$12,2,FALSE))<$K$14,$O20<>Q$16,C20=1),SUM(VLOOKUP($O20,$A$3:$G$12,2,FALSE),VLOOKUP(Q$16,$A$3:$G$12,2,FALSE)),0) -> 0 | R20: =IF(AND(SUM(VLOOKUP($O20,$A$3:$G$12,2,FALSE),VLOOKUP(R$16,$A$3:$G$12,2,FALSE))<$K$14,$O20<>R$16,D20=1),SUM(VLOOKUP($O20,$A$3:$G$12,2,FALSE),VLOOKUP(R$16,$A$3:$G$12,2,FALSE)),0) -> 0 | S20: =IF(AND(SUM(VLOOKUP($O20,$A$3:$G$12,2,FALSE),VLOOKUP(S$16,$A$3:$G$12,2,FALSE))<$K$14,$O20<>S$16,E20=1),SUM(VLOOKUP($O20,$A$3:$G$12,2,FALSE),VLOOKUP(S$16,$A$3:$G$12,2,FALSE)),0) -> 0 | T20: =IF(AND(SUM(VLOOKUP($O20,$A$3:$G$12,2,FALSE),VLOOKUP(T$16,$A$3:$G$12,2,FALSE))<$K$14,$O20<>T$16,F20=1),SUM(VLOOKUP($O20,$A$3:$G$12,2,FALSE),VLOOKUP(T$16,$A$3:$G$12,2,FALSE)),0) -> 0 | U20: =IF(AND(SUM(VLOOKUP($O20,$A$3:$G$12,2,FALSE),VLOOKUP(U$16,$A$3:$G$12,2,FALSE))<$K$14,$O20<>U$16,G20=1),SUM(VLOOKUP($O20,$A$3:$G$12,2,FALSE),VLOOKUP(U$16,$A$3:$G$12,2,FALSE)),0) -> 0 | V20: =IF(AND(SUM(VLOOKUP($O20,$A$3:$G$12,2,FALSE),VLOOKUP(V$16,$A$3:$G$12,2,FALSE))<$K$14,$O20<>V$16,H20=1),SUM(VLOOKUP($O20,$A$3:$G$12,2,FALSE),VLOOKUP(V$16,$A$3:$G$12,2,FALSE)),0) -> 0 | W20: =IF(AND(SUM(VLOOKUP($O20,$A$3:$G$12,2,FALSE),VLOOKUP(W$16,$A$3:$G$12,2,FALSE))<$K$14,$O20<>W$16,I20=1),SUM(VLOOKUP($O20,$A$3:$G$12,2,FALSE),VLOOKUP(W$16,$A$3:$G$12,2,FALSE)),0) -> 0 | X20: =IF(AND(SUM(VLOOKUP($O20,$A$3:$G$12,2,FALSE),VLOOKUP(X$16,$A$3:$G$12,2,FALSE))<$K$14,$O20<>X$16,J20=1),SUM(VLOOKUP($O20,$A$3:$G$12,2,FALSE),VLOOKUP(X$16,$A$3:$G$12,2,FALSE)),0) -> 0 | Y20: =IF(AND(SUM(VLOOKUP($O20,$A$3:$G$12,2,FALSE),VLOOKUP(Y$16,$A$3:$G$12,2,FALSE))<$K$14,$O20<>Y$16,K20=1),SUM(VLOOKUP($O20,$A$3:$G$12,2,FALSE),VLOOKUP(Y$16,$A$3:$G$12,2,FALSE)),0) -> 0 | Z20: 280 | AA20: 60 | AB20: 75 | AG20: AC1 | AH20: 0 | AI20: =IF(AND(SUM(VLOOKUP($AG20,$A$2:$H$12,2,FALSE),VLOOKUP(AI$18,$A$2:$H$12,2,FALSE))<$K$14,$AG20<>AI$18,C18=1),(VLOOKUP(AI$18,$A$2:$H$12,5,FALSE)*1440)-(VLOOKUP($AG20,$A$2:$H$12,6,FALSE))*1440,0) -> 0 | AJ20: =IF(AND(SUM(VLOOKUP($AG20,$A$2:$H$12,2,FALSE),VLOOKUP(AJ$18,$A$2:$H$12,2,FALSE))<$K$14,$AG20<>AJ$18,D18=1),(VLOOKUP(AJ$18,$A$2:$H$12,5,FALSE)*1440)-(VLOOKUP($AG20,$A$2:$H$12,6,FALSE))*1440,0) -> 0 | AK20: =IF(AND(SUM(VLOOKUP($AG20,$A$2:$H$12,2,FALSE),VLOOKUP(AK$18,$A$2:$H$12,2,FALSE))<$K$14,$AG20<>AK$18,E18=1),(VLOOKUP(AK$18,$A$2:$H$12,5,FALSE)*1440)-(VLOOKUP($AG20,$A$2:$H$12,6,FALSE))*1440,0) -> 0 | AL20: =IF(AND(SUM(VLOOKUP($AG20,$A$2:$H$12,2,FALSE),VLOOKUP(AL$18,$A$2:$H$12,2,FALSE))<$K$14,$AG20<>AL$18,F18=1),(VLOOKUP(AL$18,$A$2:$H$12,5,FALSE)*1440)-(VLOOKUP($AG20,$A$2:$H$12,6,FALSE))*1440,0) -> 0 | AM20: =IF(AND(SUM(VLOOKUP($AG20,$A$2:$H$12,2,FALSE),VLOOKUP(AM$18,$A$2:$H$12,2,FALSE))<$K$14,$AG20<>AM$18,G18=1),(VLOOKUP(AM$18,$A$2:$H$12,5,FALSE)*1440)-(VLOOKUP($AG20,$A$2:$H$12,6,FALSE))*1440,0) -> 0 | AN20: =IF(AND(SUM(VLOOKUP($AG20,$A$2:$H$12,2,FALSE),VLOOKUP(AN$18,$A$2:$H$12,2,FALSE))<$K$14,$AG20<>AN$18,H18=1),(VLOOKUP(AN$18,$A$2:$H$12,5,FALSE)*1440)-(VLOOKUP($AG20,$A$2:$H$12,6,FALSE))*1440,0) -> 0 | AO20: =IF(AND(SUM(VLOOKUP($AG20,$A$2:$H$12,2,FALSE),VLOOKUP(AO$18,$A$2:$H$12,2,FALSE))<$K$14,$AG20<>AO$18,I18=1),(VLOOKUP(AO$18,$A$2:$H$12,5,FALSE)*1440)-(VLOOKUP($AG20,$A$2:$H$12,6,FALSE))*1440,0) -> 45 | AP20: =IF(AND(SUM(VLOOKUP($AG20,$A$2:$H$12,2,FALSE),VLOOKUP(AP$18,$A$2:$H$12,2,FALSE))<$K$14,$AG20<>AP$18,J18=1),(VLOOKUP(AP$18,$A$2:$H$12,5,FALSE)*1440)-(VLOOKUP($AG20,$A$2:$H$12,6,FALSE))*1440,0) -> 165 | ... AR20: =IF(AND(SUM(VLOOKUP($AG20,$A$2:$H$12,2,FALSE),VLOOKUP(AR$18,$A$2:$H$12,2,FALSE))<$K$14,$AG20<>AR$18,L18=1),(VLOOKUP(AR$18,$A$2:$H$12,5,FALSE)*1440)-(VLOOKUP($AG20,$A$2:$H$12,6,FALSE))*1440,0) -> 345 | AS20: 10 | AT20: 15
A21: AC4 | B21: 1 | C21: =IF(AND(VLOOKUP(C$16,$A$3:$G$12,5,FALSE) - VLOOKUP($A21,$A$3:$G$12,6,FALSE)>=VLOOKUP(VLOOKUP(C$16,$A$3:$G$12,3,FALSE), $J$11:$L$12, 2, FALSE)/1440, VLOOKUP($A21,$A$3:$G$12,4,FALSE)=VLOOKUP(C$16,$A$3:$G$12,3,FALSE)),1,0) -> 0 | D21: =IF(AND(VLOOKUP(D$16,$A$3:$G$12,5,FALSE) - VLOOKUP($A21,$A$3:$G$12,6,FALSE)>=VLOOKUP(VLOOKUP(D$16,$A$3:$G$12,3,FALSE), $J$11:$L$12, 2, FALSE)/1440, VLOOKUP($A21,$A$3:$G$12,4,FALSE)=VLOOKUP(D$16,$A$3:$G$12,3,FALSE)),1,0) -> 0 | E21: =IF(AND(VLOOKUP(E$16,$A$3:$G$12,5,FALSE) - VLOOKUP($A21,$A$3:$G$12,6,FALSE)>=VLOOKUP(VLOOKUP(E$16,$A$3:$G$12,3,FALSE), $J$11:$L$12, 2, FALSE)/1440, VLOOKUP($A21,$A$3:$G$12,4,FALSE)=VLOOKUP(E$16,$A$3:$G$12,3,FALSE)),1,0) -> 0 | F21: =IF(AND(VLOOKUP(F$16,$A$3:$G$12,5,FALSE) - VLOOKUP($A21,$A$3:$G$12,6,FALSE)>=VLOOKUP(VLOOKUP(F$16,$A$3:$G$12,3,FALSE), $J$11:$L$12, 2, FALSE)/1440, VLOOKUP($A21,$A$3:$G$12,4,FALSE)=VLOOKUP(F$16,$A$3:$G$12,3,FALSE)),1,0) -> 0 | G21: =IF(AND(VLOOKUP(G$16,$A$3:$G$12,5,FALSE) - VLOOKUP($A21,$A$3:$G$12,6,FALSE)>=VLOOKUP(VLOOKUP(G$16,$A$3:$G$12,3,FALSE), $J$11:$L$12, 2, FALSE)/1440, VLOOKUP($A21,$A$3:$G$12,4,FALSE)=VLOOKUP(G$16,$A$3:$G$12,3,FALSE)),1,0) -> 0 | H21: =IF(AND(VLOOKUP(H$16,$A$3:$G$12,5,FALSE) - VLOOKUP($A21,$A$3:$G$12,6,FALSE)>=VLOOKUP(VLOOKUP(H$16,$A$3:$G$12,3,FALSE), $J$11:$L$12, 2, FALSE)/1440, VLOOKUP($A21,$A$3:$G$12,4,FALSE)=VLOOKUP(H$16,$A$3:$G$12,3,FALSE)),1,0) -> 0 | I21: =IF(AND(VLOOKUP(I$16,$A$3:$G$12,5,FALSE) - VLOOKUP($A21,$A$3:$G$12,6,FALSE)>=VLOOKUP(VLOOKUP(I$16,$A$3:$G$12,3,FALSE), $J$11:$L$12, 2, FALSE)/1440, VLOOKUP($A21,$A$3:$G$12,4,FALSE)=VLOOKUP(I$16,$A$3:$G$12,3,FALSE)),1,0) -> 0 | J21: =IF(AND(VLOOKUP(J$16,$A$3:$G$12,5,FALSE) - VLOOKUP($A21,$A$3:$G$12,6,FALSE)>=VLOOKUP(VLOOKUP(J$16,$A$3:$G$12,3,FALSE), $J$11:$L$12, 2, FALSE)/1440, VLOOKUP($A21,$A$3:$G$12,4,FALSE)=VLOOKUP(J$16,$A$3:$G$12,3,FALSE)),1,0) -> 0 | ... L21: =IF(AND(VLOOKUP(L$16,$A$3:$G$12,5,FALSE) - VLOOKUP($A21,$A$3:$G$12,6,FALSE)>=VLOOKUP(VLOOKUP(L$16,$A$3:$G$12,3,FALSE), $J$11:$L$12, 2, FALSE)/1440, VLOOKUP($A21,$A$3:$G$12,4,FALSE)=VLOOKUP(L$16,$A$3:$G$12,3,FALSE)),1,0) -> 0 | O21: AC4 | P21: 0 | Q21: =IF(AND(SUM(VLOOKUP($O21,$A$3:$G$12,2,FALSE),VLOOKUP(Q$16,$A$3:$G$12,2,FALSE))<$K$14,$O21<>Q$16,C21=1),SUM(VLOOKUP($O21,$A$3:$G$12,2,FALSE),VLOOKUP(Q$16,$A$3:$G$12,2,FALSE)),0) -> 0 | R21: =IF(AND(SUM(VLOOKUP($O21,$A$3:$G$12,2,FALSE),VLOOKUP(R$16,$A$3:$G$12,2,FALSE))<$K$14,$O21<>R$16,D21=1),SUM(VLOOKUP($O21,$A$3:$G$12,2,FALSE),VLOOKUP(R$16,$A$3:$G$12,2,FALSE)),0) -> 0 | S21: =IF(AND(SUM(VLOOKUP($O21,$A$3:$G$12,2,FALSE),VLOOKUP(S$16,$A$3:$G$12,2,FALSE))<$K$14,$O21<>S$16,E21=1),SUM(VLOOKUP($O21,$A$3:$G$12,2,FALSE),VLOOKUP(S$16,$A$3:$G$12,2,FALSE)),0) -> 0 | T21: =IF(AND(SUM(VLOOKUP($O21,$A$3:$G$12,2,FALSE),VLOOKUP(T$16,$A$3:$G$12,2,FALSE))<$K$14,$O21<>T$16,F21=1),SUM(VLOOKUP($O21,$A$3:$G$12,2,FALSE),VLOOKUP(T$16,$A$3:$G$12,2,FALSE)),0) -> 0 | U21: =IF(AND(SUM(VLOOKUP($O21,$A$3:$G$12,2,FALSE),VLOOKUP(U$16,$A$3:$G$12,2,FALSE))<$K$14,$O21<>U$16,G21=1),SUM(VLOOKUP($O21,$A$3:$G$12,2,FALSE),VLOOKUP(U$16,$A$3:$G$12,2,FALSE)),0) -> 0 | V21: =IF(AND(SUM(VLOOKUP($O21,$A$3:$G$12,2,FALSE),VLOOKUP(V$16,$A$3:$G$12,2,FALSE))<$K$14,$O21<>V$16,H21=1),SUM(VLOOKUP($O21,$A$3:$G$12,2,FALSE),VLOOKUP(V$16,$A$3:$G$12,2,FALSE)),0) -> 0 | W21: =IF(AND(SUM(VLOOKUP($O21,$A$3:$G$12,2,FALSE),VLOOKUP(W$16,$A$3:$G$12,2,FALSE))<$K$14,$O21<>W$16,I21=1),SUM(VLOOKUP($O21,$A$3:$G$12,2,FALSE),VLOOKUP(W$16,$A$3:$G$12,2,FALSE)),0) -> 0 | X21: =IF(AND(SUM(VLOOKUP($O21,$A$3:$G$12,2,FALSE),VLOOKUP(X$16,$A$3:$G$12,2,FALSE))<$K$14,$O21<>X$16,J21=1),SUM(VLOOKUP($O21,$A$3:$G$12,2,FALSE),VLOOKUP(X$16,$A$3:$G$12,2,FALSE)),0) -> 0 | ... Z21: =IF(AND(SUM(VLOOKUP($O21,$A$3:$G$12,2,FALSE),VLOOKUP(Z$16,$A$3:$G$12,2,FALSE))<$K$14,$O21<>Z$16,L21=1),SUM(VLOOKUP($O21,$A$3:$G$12,2,FALSE),VLOOKUP(Z$16,$A$3:$G$12,2,FALSE)),0) -> 0 | AA21: 60 | AB21: 75 | AG21: AC2 | AH21: 0 | AI21: =IF(AND(SUM(VLOOKUP($AG21,$A$2:$H$12,2,FALSE),VLOOKUP(AI$18,$A$2:$H$12,2,FALSE))<$K$14,$AG21<>AI$18,C19=1),(VLOOKUP(AI$18,$A$2:$H$12,5,FALSE)*1440)-(VLOOKUP($AG21,$A$2:$H$12,6,FALSE))*1440,0) -> 0 | AJ21: =IF(AND(SUM(VLOOKUP($AG21,$A$2:$H$12,2,FALSE),VLOOKUP(AJ$18,$A$2:$H$12,2,FALSE))<$K$14,$AG21<>AJ$18,D19=1),(VLOOKUP(AJ$18,$A$2:$H$12,5,FALSE)*1440)-(VLOOKUP($AG21,$A$2:$H$12,6,FALSE))*1440,0) -> 0 | AK21: =IF(AND(SUM(VLOOKUP($AG21,$A$2:$H$12,2,FALSE),VLOOKUP(AK$18,$A$2:$H$12,2,FALSE))<$K$14,$AG21<>AK$18,E19=1),(VLOOKUP(AK$18,$A$2:$H$12,5,FALSE)*1440)-(VLOOKUP($AG21,$A$2:$H$12,6,FALSE))*1440,0) -> 0 | AL21: =IF(AND(SUM(VLOOKUP($AG21,$A$2:$H$12,2,FALSE),VLOOKUP(AL$18,$A$2:$H$12,2,FALSE))<$K$14,$AG21<>AL$18,F19=1),(VLOOKUP(AL$18,$A$2:$H$12,5,FALSE)*1440)-(VLOOKUP($AG21,$A$2:$H$12,6,FALSE))*1440,0) -> 0 | AM21: =IF(AND(SUM(VLOOKUP($AG21,$A$2:$H$12,2,FALSE),VLOOKUP(AM$18,$A$2:$H$12,2,FALSE))<$K$14,$AG21<>AM$18,G19=1),(VLOOKUP(AM$18,$A$2:$H$12,5,FALSE)*1440)-(VLOOKUP($AG21,$A$2:$H$12,6,FALSE))*1440,0) -> 0 | AN21: =IF(AND(SUM(VLOOKUP($AG21,$A$2:$H$12,2,FALSE),VLOOKUP(AN$18,$A$2:$H$12,2,FALSE))<$K$14,$AG21<>AN$18,H19=1),(VLOOKUP(AN$18,$A$2:$H$12,5,FALSE)*1440)-(VLOOKUP($AG21,$A$2:$H$12,6,FALSE))*1440,0) -> 0 | AO21: =IF(AND(SUM(VLOOKUP($AG21,$A$2:$H$12,2,FALSE),VLOOKUP(AO$18,$A$2:$H$12,2,FALSE))<$K$14,$AG21<>AO$18,I19=1),(VLOOKUP(AO$18,$A$2:$H$12,5,FALSE)*1440)-(VLOOKUP($AG21,$A$2:$H$12,6,FALSE))*1440,0) -> 0 | AP21: =IF(AND(SUM(VLOOKUP($AG21,$A$2:$H$12,2,FALSE),VLOOKUP(AP$18,$A$2:$H$12,2,FALSE))<$K$14,$AG21<>AP$18,J19=1),(VLOOKUP(AP$18,$A$2:$H$12,5,FALSE)*1440)-(VLOOKUP($AG21,$A$2:$H$12,6,FALSE))*1440,0) -> 45 | ... AR21: =IF(AND(SUM(VLOOKUP($AG21,$A$2:$H$12,2,FALSE),VLOOKUP(AR$18,$A$2:$H$12,2,FALSE))<$K$14,$AG21<>AR$18,L19=1),(VLOOKUP(AR$18,$A$2:$H$12,5,FALSE)*1440)-(VLOOKUP($AG21,$A$2:$H$12,6,FALSE))*1440,0) -> 225 | AS21: 10 | AT21: 15
A22: AC5 | B22: 1 | C22: =IF(AND(VLOOKUP(C$16,$A$3:$G$12,5,FALSE) - VLOOKUP($A22,$A$3:$G$12,6,FALSE)>=VLOOKUP(VLOOKUP(C$16,$A$3:$G$12,3,FALSE), $J$11:$L$12, 2, FALSE)/1440, VLOOKUP($A22,$A$3:$G$12,4,FALSE)=VLOOKUP(C$16,$A$3:$G$12,3,FALSE)),1,0) -> 0 | D22: =IF(AND(VLOOKUP(D$16,$A$3:$G$12,5,FALSE) - VLOOKUP($A22,$A$3:$G$12,6,FALSE)>=VLOOKUP(VLOOKUP(D$16,$A$3:$G$12,3,FALSE), $J$11:$L$12, 2, FALSE)/1440, VLOOKUP($A22,$A$3:$G$12,4,FALSE)=VLOOKUP(D$16,$A$3:$G$12,3,FALSE)),1,0) -> 0 | E22: =IF(AND(VLOOKUP(E$16,$A$3:$G$12,5,FALSE) - VLOOKUP($A22,$A$3:$G$12,6,FALSE)>=VLOOKUP(VLOOKUP(E$16,$A$3:$G$12,3,FALSE), $J$11:$L$12, 2, FALSE)/1440, VLOOKUP($A22,$A$3:$G$12,4,FALSE)=VLOOKUP(E$16,$A$3:$G$12,3,FALSE)),1,0) -> 0 | F22: =IF(AND(VLOOKUP(F$16,$A$3:$G$12,5,FALSE) - VLOOKUP($A22,$A$3:$G$12,6,FALSE)>=VLOOKUP(VLOOKUP(F$16,$A$3:$G$12,3,FALSE), $J$11:$L$12, 2, FALSE)/1440, VLOOKUP($A22,$A$3:$G$12,4,FALSE)=VLOOKUP(F$16,$A$3:$G$12,3,FALSE)),1,0) -> 0 | G22: =IF(AND(VLOOKUP(G$16,$A$3:$G$12,5,FALSE) - VLOOKUP($A22,$A$3:$G$12,6,FALSE)>=VLOOKUP(VLOOKUP(G$16,$A$3:$G$12,3,FALSE), $J$11:$L$12, 2, FALSE)/1440, VLOOKUP($A22,$A$3:$G$12,4,FALSE)=VLOOKUP(G$16,$A$3:$G$12,3,FALSE)),1,0) -> 0 | H22: =IF(AND(VLOOKUP(H$16,$A$3:$G$12,5,FALSE) - VLOOKUP($A22,$A$3:$G$12,6,FALSE)>=VLOOKUP(VLOOKUP(H$16,$A$3:$G$12,3,FALSE), $J$11:$L$12, 2, FALSE)/1440, VLOOKUP($A22,$A$3:$G$12,4,FALSE)=VLOOKUP(H$16,$A$3:$G$12,3,FALSE)),1,0) -> 0 | I22: =IF(AND(VLOOKUP(I$16,$A$3:$G$12,5,FALSE) - VLOOKUP($A22,$A$3:$G$12,6,FALSE)>=VLOOKUP(VLOOKUP(I$16,$A$3:$G$12,3,FALSE), $J$11:$L$12, 2, FALSE)/1440, VLOOKUP($A22,$A$3:$G$12,4,FALSE)=VLOOKUP(I$16,$A$3:$G$12,3,FALSE)),1,0) -> 0 | J22: =IF(AND(VLOOKUP(J$16,$A$3:$G$12,5,FALSE) - VLOOKUP($A22,$A$3:$G$12,6,FALSE)>=VLOOKUP(VLOOKUP(J$16,$A$3:$G$12,3,FALSE), $J$11:$L$12, 2, FALSE)/1440, VLOOKUP($A22,$A$3:$G$12,4,FALSE)=VLOOKUP(J$16,$A$3:$G$12,3,FALSE)),1,0) -> 0 | ... L22: =IF(AND(VLOOKUP(L$16,$A$3:$G$12,5,FALSE) - VLOOKUP($A22,$A$3:$G$12,6,FALSE)>=VLOOKUP(VLOOKUP(L$16,$A$3:$G$12,3,FALSE), $J$11:$L$12, 2, FALSE)/1440, VLOOKUP($A22,$A$3:$G$12,4,FALSE)=VLOOKUP(L$16,$A$3:$G$12,3,FALSE)),1,0) -> 0 | O22: AC5 | P22: 0 | Q22: =IF(AND(SUM(VLOOKUP($O22,$A$3:$G$12,2,FALSE),VLOOKUP(Q$16,$A$3:$G$12,2,FALSE))<$K$14,$O22<>Q$16,C22=1),SUM(VLOOKUP($O22,$A$3:$G$12,2,FALSE),VLOOKUP(Q$16,$A$3:$G$12,2,FALSE)),0) -> 0 | R22: =IF(AND(SUM(VLOOKUP($O22,$A$3:$G$12,2,FALSE),VLOOKUP(R$16,$A$3:$G$12,2,FALSE))<$K$14,$O22<>R$16,D22=1),SUM(VLOOKUP($O22,$A$3:$G$12,2,FALSE),VLOOKUP(R$16,$A$3:$G$12,2,FALSE)),0) -> 0 | S22: =IF(AND(SUM(VLOOKUP($O22,$A$3:$G$12,2,FALSE),VLOOKUP(S$16,$A$3:$G$12,2,FALSE))<$K$14,$O22<>S$16,E22=1),SUM(VLOOKUP($O22,$A$3:$G$12,2,FALSE),VLOOKUP(S$16,$A$3:$G$12,2,FALSE)),0) -> 0 | T22: =IF(AND(SUM(VLOOKUP($O22,$A$3:$G$12,2,FALSE),VLOOKUP(T$16,$A$3:$G$12,2,FALSE))<$K$14,$O22<>T$16,F22=1),SUM(VLOOKUP($O22,$A$3:$G$12,2,FALSE),VLOOKUP(T$16,$A$3:$G$12,2,FALSE)),0) -> 0 | U22: =IF(AND(SUM(VLOOKUP($O22,$A$3:$G$12,2,FALSE),VLOOKUP(U$16,$A$3:$G$12,2,FALSE))<$K$14,$O22<>U$16,G22=1),SUM(VLOOKUP($O22,$A$3:$G$12,2,FALSE),VLOOKUP(U$16,$A$3:$G$12,2,FALSE)),0) -> 0 | V22: =IF(AND(SUM(VLOOKUP($O22,$A$3:$G$12,2,FALSE),VLOOKUP(V$16,$A$3:$G$12,2,FALSE))<$K$14,$O22<>V$16,H22=1),SUM(VLOOKUP($O22,$A$3:$G$12,2,FALSE),VLOOKUP(V$16,$A$3:$G$12,2,FALSE)),0) -> 0 | W22: =IF(AND(SUM(VLOOKUP($O22,$A$3:$G$12,2,FALSE),VLOOKUP(W$16,$A$3:$G$12,2,FALSE))<$K$14,$O22<>W$16,I22=1),SUM(VLOOKUP($O22,$A$3:$G$12,2,FALSE),VLOOKUP(W$16,$A$3:$G$12,2,FALSE)),0) -> 0 | X22: =IF(AND(SUM(VLOOKUP($O22,$A$3:$G$12,2,FALSE),VLOOKUP(X$16,$A$3:$G$12,2,FALSE))<$K$14,$O22<>X$16,J22=1),SUM(VLOOKUP($O22,$A$3:$G$12,2,FALSE),VLOOKUP(X$16,$A$3:$G$12,2,FALSE)),0) -> 0 | ... Z22: =IF(AND(SUM(VLOOKUP($O22,$A$3:$G$12,2,FALSE),VLOOKUP(Z$16,$A$3:$G$12,2,FALSE))<$K$14,$O22<>Z$16,L22=1),SUM(VLOOKUP($O22,$A$3:$G$12,2,FALSE),VLOOKUP(Z$16,$A$3:$G$12,2,FALSE)),0) -> 0 | AA22: 60 | AB22: 75 | AG22: AC3 | AH22: 0 | AI22: =IF(AND(SUM(VLOOKUP($AG22,$A$2:$H$12,2,FALSE),VLOOKUP(AI$18,$A$2:$H$12,2,FALSE))<$K$14,$AG22<>AI$18,C20=1),(VLOOKUP(AI$18,$A$2:$H$12,5,FALSE)*1440)-(VLOOKUP($AG22,$A$2:$H$12,6,FALSE))*1440,0) -> 0 | AJ22: =IF(AND(SUM(VLOOKUP($AG22,$A$2:$H$12,2,FALSE),VLOOKUP(AJ$18,$A$2:$H$12,2,FALSE))<$K$14,$AG22<>AJ$18,D20=1),(VLOOKUP(AJ$18,$A$2:$H$12,5,FALSE)*1440)-(VLOOKUP($AG22,$A$2:$H$12,6,FALSE))*1440,0) -> 0 | AK22: =IF(AND(SUM(VLOOKUP($AG22,$A$2:$H$12,2,FALSE),VLOOKUP(AK$18,$A$2:$H$12,2,FALSE))<$K$14,$AG22<>AK$18,E20=1),(VLOOKUP(AK$18,$A$2:$H$12,5,FALSE)*1440)-(VLOOKUP($AG22,$A$2:$H$12,6,FALSE))*1440,0) -> 0 | AL22: =IF(AND(SUM(VLOOKUP($AG22,$A$2:$H$12,2,FALSE),VLOOKUP(AL$18,$A$2:$H$12,2,FALSE))<$K$14,$AG22<>AL$18,F20=1),(VLOOKUP(AL$18,$A$2:$H$12,5,FALSE)*1440)-(VLOOKUP($AG22,$A$2:$H$12,6,FALSE))*1440,0) -> 0 | AM22: =IF(AND(SUM(VLOOKUP($AG22,$A$2:$H$12,2,FALSE),VLOOKUP(AM$18,$A$2:$H$12,2,FALSE))<$K$14,$AG22<>AM$18,G20=1),(VLOOKUP(AM$18,$A$2:$H$12,5,FALSE)*1440)-(VLOOKUP($AG22,$A$2:$H$12,6,FALSE))*1440,0) -> 0 | AN22: =IF(AND(SUM(VLOOKUP($AG22,$A$2:$H$12,2,FALSE),VLOOKUP(AN$18,$A$2:$H$12,2,FALSE))<$K$14,$AG22<>AN$18,H20=1),(VLOOKUP(AN$18,$A$2:$H$12,5,FALSE)*1440)-(VLOOKUP($AG22,$A$2:$H$12,6,FALSE))*1440,0) -> 0 | AO22: =IF(AND(SUM(VLOOKUP($AG22,$A$2:$H$12,2,FALSE),VLOOKUP(AO$18,$A$2:$H$12,2,FALSE))<$K$14,$AG22<>AO$18,I20=1),(VLOOKUP(AO$18,$A$2:$H$12,5,FALSE)*1440)-(VLOOKUP($AG22,$A$2:$H$12,6,FALSE))*1440,0) -> 0 | AP22: =IF(AND(SUM(VLOOKUP($AG22,$A$2:$H$12,2,FALSE),VLOOKUP(AP$18,$A$2:$H$12,2,FALSE))<$K$14,$AG22<>AP$18,J20=1),(VLOOKUP(AP$18,$A$2:$H$12,5,FALSE)*1440)-(VLOOKUP($AG22,$A$2:$H$12,6,FALSE))*1440,0) -> 0 | ... AR22: =IF(AND(SUM(VLOOKUP($AG22,$A$2:$H$12,2,FALSE),VLOOKUP(AR$18,$A$2:$H$12,2,FALSE))<$K$14,$AG22<>AR$18,L20=1),(VLOOKUP(AR$18,$A$2:$H$12,5,FALSE)*1440)-(VLOOKUP($AG22,$A$2:$H$12,6,FALSE))*1440,0) -> 105 | AS22: 10 | AT22: 15
A23: CA1 | B23: 1 | C23: =IF(AND(VLOOKUP(C$16,$A$3:$G$12,5,FALSE) - VLOOKUP($A23,$A$3:$G$12,6,FALSE)>=VLOOKUP(VLOOKUP(C$16,$A$3:$G$12,3,FALSE), $J$11:$L$12, 2, FALSE)/1440, VLOOKUP($A23,$A$3:$G$12,4,FALSE)=VLOOKUP(C$16,$A$3:$G$12,3,FALSE)),1,0) -> 0 | D23: =IF(AND(VLOOKUP(D$16,$A$3:$G$12,5,FALSE) - VLOOKUP($A23,$A$3:$G$12,6,FALSE)>=VLOOKUP(VLOOKUP(D$16,$A$3:$G$12,3,FALSE), $J$11:$L$12, 2, FALSE)/1440, VLOOKUP($A23,$A$3:$G$12,4,FALSE)=VLOOKUP(D$16,$A$3:$G$12,3,FALSE)),1,0) -> 0 | E23: =IF(AND(VLOOKUP(E$16,$A$3:$G$12,5,FALSE) - VLOOKUP($A23,$A$3:$G$12,6,FALSE)>=VLOOKUP(VLOOKUP(E$16,$A$3:$G$12,3,FALSE), $J$11:$L$12, 2, FALSE)/1440, VLOOKUP($A23,$A$3:$G$12,4,FALSE)=VLOOKUP(E$16,$A$3:$G$12,3,FALSE)),1,0) -> 1 | F23: =IF(AND(VLOOKUP(F$16,$A$3:$G$12,5,FALSE) - VLOOKUP($A23,$A$3:$G$12,6,FALSE)>=VLOOKUP(VLOOKUP(F$16,$A$3:$G$12,3,FALSE), $J$11:$L$12, 2, FALSE)/1440, VLOOKUP($A23,$A$3:$G$12,4,FALSE)=VLOOKUP(F$16,$A$3:$G$12,3,FALSE)),1,0) -> 1 | G23: =IF(AND(VLOOKUP(G$16,$A$3:$G$12,5,FALSE) - VLOOKUP($A23,$A$3:$G$12,6,FALSE)>=VLOOKUP(VLOOKUP(G$16,$A$3:$G$12,3,FALSE), $J$11:$L$12, 2, FALSE)/1440, VLOOKUP($A23,$A$3:$G$12,4,FALSE)=VLOOKUP(G$16,$A$3:$G$12,3,FALSE)),1,0) -> 1 | H23: =IF(AND(VLOOKUP(H$16,$A$3:$G$12,5,FALSE) - VLOOKUP($A23,$A$3:$G$12,6,FALSE)>=VLOOKUP(VLOOKUP(H$16,$A$3:$G$12,3,FALSE), $J$11:$L$12, 2, FALSE)/1440, VLOOKUP($A23,$A$3:$G$12,4,FALSE)=VLOOKUP(H$16,$A$3:$G$12,3,FALSE)),1,0) -> 0 | I23: =IF(AND(VLOOKUP(I$16,$A$3:$G$12,5,FALSE) - VLOOKUP($A23,$A$3:$G$12,6,FALSE)>=VLOOKUP(VLOOKUP(I$16,$A$3:$G$12,3,FALSE), $J$11:$L$12, 2, FALSE)/1440, VLOOKUP($A23,$A$3:$G$12,4,FALSE)=VLOOKUP(I$16,$A$3:$G$12,3,FALSE)),1,0) -> 0 | J23: =IF(AND(VLOOKUP(J$16,$A$3:$G$12,5,FALSE) - VLOOKUP($A23,$A$3:$G$12,6,FALSE)>=VLOOKUP(VLOOKUP(J$16,$A$3:$G$12,3,FALSE), $J$11:$L$12, 2, FALSE)/1440, VLOOKUP($A23,$A$3:$G$12,4,FALSE)=VLOOKUP(J$16,$A$3:$G$12,3,FALSE)),1,0) -> 0 | ... L23: =IF(AND(VLOOKUP(L$16,$A$3:$G$12,5,FALSE) - VLOOKUP($A23,$A$3:$G$12,6,FALSE)>=VLOOKUP(VLOOKUP(L$16,$A$3:$G$12,3,FALSE), $J$11:$L$12, 2, FALSE)/1440, VLOOKUP($A23,$A$3:$G$12,4,FALSE)=VLOOKUP(L$16,$A$3:$G$12,3,FALSE)),1,0) -> 0 | O23: CA1 | P23: 0 | Q23: =IF(AND(SUM(VLOOKUP($O23,$A$3:$G$12,2,FALSE),VLOOKUP(Q$16,$A$3:$G$12,2,FALSE))<$K$14,$O23<>Q$16,C23=1),SUM(VLOOKUP($O23,$A$3:$G$12,2,FALSE),VLOOKUP(Q$16,$A$3:$G$12,2,FALSE)),0) -> 0 | R23: =IF(AND(SUM(VLOOKUP($O23,$A$3:$G$12,2,FALSE),VLOOKUP(R$16,$A$3:$G$12,2,FALSE))<$K$14,$O23<>R$16,D23=1),SUM(VLOOKUP($O23,$A$3:$G$12,2,FALSE),VLOOKUP(R$16,$A$3:$G$12,2,FALSE)),0) -> 0 | S23: 280 | T23: 280 | U23: 280 | V23: =IF(AND(SUM(VLOOKUP($O23,$A$3:$G$12,2,FALSE),VLOOKUP(V$16,$A$3:$G$12,2,FALSE))<$K$14,$O23<>V$16,H23=1),SUM(VLOOKUP($O23,$A$3:$G$12,2,FALSE),VLOOKUP(V$16,$A$3:$G$12,2,FALSE)),0) -> 0 | W23: =IF(AND(SUM(VLOOKUP($O23,$A$3:$G$12,2,FALSE),VLOOKUP(W$16,$A$3:$G$12,2,FALSE))<$K$14,$O23<>W$16,I23=1),SUM(VLOOKUP($O23,$A$3:$G$12,2,FALSE),VLOOKUP(W$16,$A$3:$G$12,2,FALSE)),0) -> 0 | X23: =IF(AND(SUM(VLOOKUP($O23,$A$3:$G$12,2,FALSE),VLOOKUP(X$16,$A$3:$G$12,2,FALSE))<$K$14,$O23<>X$16,J23=1),SUM(VLOOKUP($O23,$A$3:$G$12,2,FALSE),VLOOKUP(X$16,$A$3:$G$12,2,FALSE)),0) -> 0 | Y23: =IF(AND(SUM(VLOOKUP($O23,$A$3:$G$12,2,FALSE),VLOOKUP(Y$16,$A$3:$G$12,2,FALSE))<$K$14,$O23<>Y$16,K23=1),SUM(VLOOKUP($O23,$A$3:$G$12,2,FALSE),VLOOKUP(Y$16,$A$3:$G$12,2,FALSE)),0) -> 0 | Z23: =IF(AND(SUM(VLOOKUP($O23,$A$3:$G$12,2,FALSE),VLOOKUP(Z$16,$A$3:$G$12,2,FALSE))<$K$14,$O23<>Z$16,L23=1),SUM(VLOOKUP($O23,$A$3:$G$12,2,FALSE),VLOOKUP(Z$16,$A$3:$G$12,2,FALSE)),0) -> 0 | AA23: 60 | AB23: 75 | AG23: AC4 | AH23: 0 | AI23: =IF(AND(SUM(VLOOKUP($AG23,$A$2:$H$12,2,FALSE),VLOOKUP(AI$18,$A$2:$H$12,2,FALSE))<$K$14,$AG23<>AI$18,C21=1),(VLOOKUP(AI$18,$A$2:$H$12,5,FALSE)*1440)-(VLOOKUP($AG23,$A$2:$H$12,6,FALSE))*1440,0) -> 0 | AJ23: =IF(AND(SUM(VLOOKUP($AG23,$A$2:$H$12,2,FALSE),VLOOKUP(AJ$18,$A$2:$H$12,2,FALSE))<$K$14,$AG23<>AJ$18,D21=1),(VLOOKUP(AJ$18,$A$2:$H$12,5,FALSE)*1440)-(VLOOKUP($AG23,$A$2:$H$12,6,FALSE))*1440,0) -> 0 | AK23: =IF(AND(SUM(VLOOKUP($AG23,$A$2:$H$12,2,FALSE),VLOOKUP(AK$18,$A$2:$H$12,2,FALSE))<$K$14,$AG23<>AK$18,E21=1),(VLOOKUP(AK$18,$A$2:$H$12,5,FALSE)*1440)-(VLOOKUP($AG23,$A$2:$H$12,6,FALSE))*1440,0) -> 0 | AL23: =IF(AND(SUM(VLOOKUP($AG23,$A$2:$H$12,2,FALSE),VLOOKUP(AL$18,$A$2:$H$12,2,FALSE))<$K$14,$AG23<>AL$18,F21=1),(VLOOKUP(AL$18,$A$2:$H$12,5,FALSE)*1440)-(VLOOKUP($AG23,$A$2:$H$12,6,FALSE))*1440,0) -> 0 | AM23: =IF(AND(SUM(VLOOKUP($AG23,$A$2:$H$12,2,FALSE),VLOOKUP(AM$18,$A$2:$H$12,2,FALSE))<$K$14,$AG23<>AM$18,G21=1),(VLOOKUP(AM$18,$A$2:$H$12,5,FALSE)*1440)-(VLOOKUP($AG23,$A$2:$H$12,6,FALSE))*1440,0) -> 0 | AN23: =IF(AND(SUM(VLOOKUP($AG23,$A$2:$H$12,2,FALSE),VLOOKUP(AN$18,$A$2:$H$12,2,FALSE))<$K$14,$AG23<>AN$18,H21=1),(VLOOKUP(AN$18,$A$2:$H$12,5,FALSE)*1440)-(VLOOKUP($AG23,$A$2:$H$12,6,FALSE))*1440,0) -> 0 | AO23: =IF(AND(SUM(VLOOKUP($AG23,$A$2:$H$12,2,FALSE),VLOOKUP(AO$18,$A$2:$H$12,2,FALSE))<$K$14,$AG23<>AO$18,I21=1),(VLOOKUP(AO$18,$A$2:$H$12,5,FALSE)*1440)-(VLOOKUP($AG23,$A$2:$H$12,6,FALSE))*1440,0) -> 0 | AP23: =IF(AND(SUM(VLOOKUP($AG23,$A$2:$H$12,2,FALSE),VLOOKUP(AP$18,$A$2:$H$12,2,FALSE))<$K$14,$AG23<>AP$18,J21=1),(VLOOKUP(AP$18,$A$2:$H$12,5,FALSE)*1440)-(VLOOKUP($AG23,$A$2:$H$12,6,FALSE))*1440,0) -> 0 | ... AR23: =IF(AND(SUM(VLOOKUP($AG23,$A$2:$H$12,2,FALSE),VLOOKUP(AR$18,$A$2:$H$12,2,FALSE))<$K$14,$AG23<>AR$18,L21=1),(VLOOKUP(AR$18,$A$2:$H$12,5,FALSE)*1440)-(VLOOKUP($AG23,$A$2:$H$12,6,FALSE))*1440,0) -> 0 | AS23: 10 | AT23: 15
A24: CA2 | B24: 1 | C24: =IF(AND(VLOOKUP(C$16,$A$3:$G$12,5,FALSE) - VLOOKUP($A24,$A$3:$G$12,6,FALSE)>=VLOOKUP(VLOOKUP(C$16,$A$3:$G$12,3,FALSE), $J$11:$L$12, 2, FALSE)/1440, VLOOKUP($A24,$A$3:$G$12,4,FALSE)=VLOOKUP(C$16,$A$3:$G$12,3,FALSE)),1,0) -> 0 | D24: =IF(AND(VLOOKUP(D$16,$A$3:$G$12,5,FALSE) - VLOOKUP($A24,$A$3:$G$12,6,FALSE)>=VLOOKUP(VLOOKUP(D$16,$A$3:$G$12,3,FALSE), $J$11:$L$12, 2, FALSE)/1440, VLOOKUP($A24,$A$3:$G$12,4,FALSE)=VLOOKUP(D$16,$A$3:$G$12,3,FALSE)),1,0) -> 0 | E24: =IF(AND(VLOOKUP(E$16,$A$3:$G$12,5,FALSE) - VLOOKUP($A24,$A$3:$G$12,6,FALSE)>=VLOOKUP(VLOOKUP(E$16,$A$3:$G$12,3,FALSE), $J$11:$L$12, 2, FALSE)/1440, VLOOKUP($A24,$A$3:$G$12,4,FALSE)=VLOOKUP(E$16,$A$3:$G$12,3,FALSE)),1,0) -> 0 | F24: =IF(AND(VLOOKUP(F$16,$A$3:$G$12,5,FALSE) - VLOOKUP($A24,$A$3:$G$12,6,FALSE)>=VLOOKUP(VLOOKUP(F$16,$A$3:$G$12,3,FALSE), $J$11:$L$12, 2, FALSE)/1440, VLOOKUP($A24,$A$3:$G$12,4,FALSE)=VLOOKUP(F$16,$A$3:$G$12,3,FALSE)),1,0) -> 1 | G24: =IF(AND(VLOOKUP(G$16,$A$3:$G$12,5,FALSE) - VLOOKUP($A24,$A$3:$G$12,6,FALSE)>=VLOOKUP(VLOOKUP(G$16,$A$3:$G$12,3,FALSE), $J$11:$L$12, 2, FALSE)/1440, VLOOKUP($A24,$A$3:$G$12,4,FALSE)=VLOOKUP(G$16,$A$3:$G$12,3,FALSE)),1,0) -> 1 | H24: =IF(AND(VLOOKUP(H$16,$A$3:$G$12,5,FALSE) - VLOOKUP($A24,$A$3:$G$12,6,FALSE)>=VLOOKUP(VLOOKUP(H$16,$A$3:$G$12,3,FALSE), $J$11:$L$12, 2, FALSE)/1440, VLOOKUP($A24,$A$3:$G$12,4,FALSE)=VLOOKUP(H$16,$A$3:$G$12,3,FALSE)),1,0) -> 0 | I24: =IF(AND(VLOOKUP(I$16,$A$3:$G$12,5,FALSE) - VLOOKUP($A24,$A$3:$G$12,6,FALSE)>=VLOOKUP(VLOOKUP(I$16,$A$3:$G$12,3,FALSE), $J$11:$L$12, 2, FALSE)/1440, VLOOKUP($A24,$A$3:$G$12,4,FALSE)=VLOOKUP(I$16,$A$3:$G$12,3,FALSE)),1,0) -> 0 | J24: =IF(AND(VLOOKUP(J$16,$A$3:$G$12,5,FALSE) - VLOOKUP($A24,$A$3:$G$12,6,FALSE)>=VLOOKUP(VLOOKUP(J$16,$A$3:$G$12,3,FALSE), $J$11:$L$12, 2, FALSE)/1440, VLOOKUP($A24,$A$3:$G$12,4,FALSE)=VLOOKUP(J$16,$A$3:$G$12,3,FALSE)),1,0) -> 0 | ... L24: =IF(AND(VLOOKUP(L$16,$A$3:$G$12,5,FALSE) - VLOOKUP($A24,$A$3:$G$12,6,FALSE)>=VLOOKUP(VLOOKUP(L$16,$A$3:$G$12,3,FALSE), $J$11:$L$12, 2, FALSE)/1440, VLOOKUP($A24,$A$3:$G$12,4,FALSE)=VLOOKUP(L$16,$A$3:$G$12,3,FALSE)),1,0) -> 0 | O24: CA2 | P24: 0 | Q24: =IF(AND(SUM(VLOOKUP($O24,$A$3:$G$12,2,FALSE),VLOOKUP(Q$16,$A$3:$G$12,2,FALSE))<$K$14,$O24<>Q$16,C24=1),SUM(VLOOKUP($O24,$A$3:$G$12,2,FALSE),VLOOKUP(Q$16,$A$3:$G$12,2,FALSE)),0) -> 0 | R24: =IF(AND(SUM(VLOOKUP($O24,$A$3:$G$12,2,FALSE),VLOOKUP(R$16,$A$3:$G$12,2,FALSE))<$K$14,$O24<>R$16,D24=1),SUM(VLOOKUP($O24,$A$3:$G$12,2,FALSE),VLOOKUP(R$16,$A$3:$G$12,2,FALSE)),0) -> 0 | S24: =IF(AND(SUM(VLOOKUP($O24,$A$3:$G$12,2,FALSE),VLOOKUP(S$16,$A$3:$G$12,2,FALSE))<$K$14,$O24<>S$16,E24=1),SUM(VLOOKUP($O24,$A$3:$G$12,2,FALSE),VLOOKUP(S$16,$A$3:$G$12,2,FALSE)),0) -> 0 | T24: 280 | U24: 280 | V24: =IF(AND(SUM(VLOOKUP($O24,$A$3:$G$12,2,FALSE),VLOOKUP(V$16,$A$3:$G$12,2,FALSE))<$K$14,$O24<>V$16,H24=1),SUM(VLOOKUP($O24,$A$3:$G$12,2,FALSE),VLOOKUP(V$16,$A$3:$G$12,2,FALSE)),0) -> 0 | W24: =IF(AND(SUM(VLOOKUP($O24,$A$3:$G$12,2,FALSE),VLOOKUP(W$16,$A$3:$G$12,2,FALSE))<$K$14,$O24<>W$16,I24=1),SUM(VLOOKUP($O24,$A$3:$G$12,2,FALSE),VLOOKUP(W$16,$A$3:$G$12,2,FALSE)),0) -> 0 | X24: =IF(AND(SUM(VLOOKUP($O24,$A$3:$G$12,2,FALSE),VLOOKUP(X$16,$A$3:$G$12,2,FALSE))<$K$14,$O24<>X$16,J24=1),SUM(VLOOKUP($O24,$A$3:$G$12,2,FALSE),VLOOKUP(X$16,$A$3:$G$12,2,FALSE)),0) -> 0 | Y24: =IF(AND(SUM(VLOOKUP($O24,$A$3:$G$12,2,FALSE),VLOOKUP(Y$16,$A$3:$G$12,2,FALSE))<$K$14,$O24<>Y$16,K24=1),SUM(VLOOKUP($O24,$A$3:$G$12,2,FALSE),VLOOKUP(Y$16,$A$3:$G$12,2,FALSE)),0) -> 0 | Z24: =IF(AND(SUM(VLOOKUP($O24,$A$3:$G$12,2,FALSE),VLOOKUP(Z$16,$A$3:$G$12,2,FALSE))<$K$14,$O24<>Z$16,L24=1),SUM(VLOOKUP($O24,$A$3:$G$12,2,FALSE),VLOOKUP(Z$16,$A$3:$G$12,2,FALSE)),0) -> 0 | AA24: 60 | AB24: 75 | AG24: AC5 | AH24: 0 | AI24: =IF(AND(SUM(VLOOKUP($AG24,$A$2:$H$12,2,FALSE),VLOOKUP(AI$18,$A$2:$H$12,2,FALSE))<$K$14,$AG24<>AI$18,C22=1),(VLOOKUP(AI$18,$A$2:$H$12,5,FALSE)*1440)-(VLOOKUP($AG24,$A$2:$H$12,6,FALSE))*1440,0) -> 0 | AJ24: =IF(AND(SUM(VLOOKUP($AG24,$A$2:$H$12,2,FALSE),VLOOKUP(AJ$18,$A$2:$H$12,2,FALSE))<$K$14,$AG24<>AJ$18,D22=1),(VLOOKUP(AJ$18,$A$2:$H$12,5,FALSE)*1440)-(VLOOKUP($AG24,$A$2:$H$12,6,FALSE))*1440,0) -> 0 | AK24: =IF(AND(SUM(VLOOKUP($AG24,$A$2:$H$12,2,FALSE),VLOOKUP(AK$18,$A$2:$H$12,2,FALSE))<$K$14,$AG24<>AK$18,E22=1),(VLOOKUP(AK$18,$A$2:$H$12,5,FALSE)*1440)-(VLOOKUP($AG24,$A$2:$H$12,6,FALSE))*1440,0) -> 0 | AL24: =IF(AND(SUM(VLOOKUP($AG24,$A$2:$H$12,2,FALSE),VLOOKUP(AL$18,$A$2:$H$12,2,FALSE))<$K$14,$AG24<>AL$18,F22=1),(VLOOKUP(AL$18,$A$2:$H$12,5,FALSE)*1440)-(VLOOKUP($AG24,$A$2:$H$12,6,FALSE))*1440,0) -> 0 | AM24: =IF(AND(SUM(VLOOKUP($AG24,$A$2:$H$12,2,FALSE),VLOOKUP(AM$18,$A$2:$H$12,2,FALSE))<$K$14,$AG24<>AM$18,G22=1),(VLOOKUP(AM$18,$A$2:$H$12,5,FALSE)*1440)-(VLOOKUP($AG24,$A$2:$H$12,6,FALSE))*1440,0) -> 0 | AN24: =IF(AND(SUM(VLOOKUP($AG24,$A$2:$H$12,2,FALSE),VLOOKUP(AN$18,$A$2:$H$12,2,FALSE))<$K$14,$AG24<>AN$18,H22=1),(VLOOKUP(AN$18,$A$2:$H$12,5,FALSE)*1440)-(VLOOKUP($AG24,$A$2:$H$12,6,FALSE))*1440,0) -> 0 | AO24: =IF(AND(SUM(VLOOKUP($AG24,$A$2:$H$12,2,FALSE),VLOOKUP(AO$18,$A$2:$H$12,2,FALSE))<$K$14,$AG24<>AO$18,I22=1),(VLOOKUP(AO$18,$A$2:$H$12,5,FALSE)*1440)-(VLOOKUP($AG24,$A$2:$H$12,6,FALSE))*1440,0) -> 0 | AP24: =IF(AND(SUM(VLOOKUP($AG24,$A$2:$H$12,2,FALSE),VLOOKUP(AP$18,$A$2:$H$12,2,FALSE))<$K$14,$AG24<>AP$18,J22=1),(VLOOKUP(AP$18,$A$2:$H$12,5,FALSE)*1440)-(VLOOKUP($AG24,$A$2:$H$12,6,FALSE))*1440,0) -> 0 | ... AR24: =IF(AND(SUM(VLOOKUP($AG24,$A$2:$H$12,2,FALSE),VLOOKUP(AR$18,$A$2:$H$12,2,FALSE))<$K$14,$AG24<>AR$18,L22=1),(VLOOKUP(AR$18,$A$2:$H$12,5,FALSE)*1440)-(VLOOKUP($AG24,$A$2:$H$12,6,FALSE))*1440,0) -> 0 | AS24: 10 | AT24: 15
A25: CA3 | B25: 1 | C25: =IF(AND(VLOOKUP(C$16,$A$3:$G$12,5,FALSE) - VLOOKUP($A25,$A$3:$G$12,6,FALSE)>=VLOOKUP(VLOOKUP(C$16,$A$3:$G$12,3,FALSE), $J$11:$L$12, 2, FALSE)/1440, VLOOKUP($A25,$A$3:$G$12,4,FALSE)=VLOOKUP(C$16,$A$3:$G$12,3,FALSE)),1,0) -> 0 | D25: =IF(AND(VLOOKUP(D$16,$A$3:$G$12,5,FALSE) - VLOOKUP($A25,$A$3:$G$12,6,FALSE)>=VLOOKUP(VLOOKUP(D$16,$A$3:$G$12,3,FALSE), $J$11:$L$12, 2, FALSE)/1440, VLOOKUP($A25,$A$3:$G$12,4,FALSE)=VLOOKUP(D$16,$A$3:$G$12,3,FALSE)),1,0) -> 0 | E25: =IF(AND(VLOOKUP(E$16,$A$3:$G$12,5,FALSE) - VLOOKUP($A25,$A$3:$G$12,6,FALSE)>=VLOOKUP(VLOOKUP(E$16,$A$3:$G$12,3,FALSE), $J$11:$L$12, 2, FALSE)/1440, VLOOKUP($A25,$A$3:$G$12,4,FALSE)=VLOOKUP(E$16,$A$3:$G$12,3,FALSE)),1,0) -> 0 | F25: =IF(AND(VLOOKUP(F$16,$A$3:$G$12,5,FALSE) - VLOOKUP($A25,$A$3:$G$12,6,FALSE)>=VLOOKUP(VLOOKUP(F$16,$A$3:$G$12,3,FALSE), $J$11:$L$12, 2, FALSE)/1440, VLOOKUP($A25,$A$3:$G$12,4,FALSE)=VLOOKUP(F$16,$A$3:$G$12,3,FALSE)),1,0) -> 1 | G25: =IF(AND(VLOOKUP(G$16,$A$3:$G$12,5,FALSE) - VLOOKUP($A25,$A$3:$G$12,6,FALSE)>=VLOOKUP(VLOOKUP(G$16,$A$3:$G$12,3,FALSE), $J$11:$L$12, 2, FALSE)/1440, VLOOKUP($A25,$A$3:$G$12,4,FALSE)=VLOOKUP(G$16,$A$3:$G$12,3,FALSE)),1,0) -> 1 | H25: =IF(AND(VLOOKUP(H$16,$A$3:$G$12,5,FALSE) - VLOOKUP($A25,$A$3:$G$12,6,FALSE)>=VLOOKUP(VLOOKUP(H$16,$A$3:$G$12,3,FALSE), $J$11:$L$12, 2, FALSE)/1440, VLOOKUP($A25,$A$3:$G$12,4,FALSE)=VLOOKUP(H$16,$A$3:$G$12,3,FALSE)),1,0) -> 0 | I25: =IF(AND(VLOOKUP(I$16,$A$3:$G$12,5,FALSE) - VLOOKUP($A25,$A$3:$G$12,6,FALSE)>=VLOOKUP(VLOOKUP(I$16,$A$3:$G$12,3,FALSE), $J$11:$L$12, 2, FALSE)/1440, VLOOKUP($A25,$A$3:$G$12,4,FALSE)=VLOOKUP(I$16,$A$3:$G$12,3,FALSE)),1,0) -> 0 | J25: =IF(AND(VLOOKUP(J$16,$A$3:$G$12,5,FALSE) - VLOOKUP($A25,$A$3:$G$12,6,FALSE)>=VLOOKUP(VLOOKUP(J$16,$A$3:$G$12,3,FALSE), $J$11:$L$12, 2, FALSE)/1440, VLOOKUP($A25,$A$3:$G$12,4,FALSE)=VLOOKUP(J$16,$A$3:$G$12,3,FALSE)),1,0) -> 0 | ... L25: =IF(AND(VLOOKUP(L$16,$A$3:$G$12,5,FALSE) - VLOOKUP($A25,$A$3:$G$12,6,FALSE)>=VLOOKUP(VLOOKUP(L$16,$A$3:$G$12,3,FALSE), $J$11:$L$12, 2, FALSE)/1440, VLOOKUP($A25,$A$3:$G$12,4,FALSE)=VLOOKUP(L$16,$A$3:$G$12,3,FALSE)),1,0) -> 0 | O25: CA3 | P25: 0 | Q25: =IF(AND(SUM(VLOOKUP($O25,$A$3:$G$12,2,FALSE),VLOOKUP(Q$16,$A$3:$G$12,2,FALSE))<$K$14,$O25<>Q$16,C25=1),SUM(VLOOKUP($O25,$A$3:$G$12,2,FALSE),VLOOKUP(Q$16,$A$3:$G$12,2,FALSE)),0) -> 0 | R25: =IF(AND(SUM(VLOOKUP($O25,$A$3:$G$12,2,FALSE),VLOOKUP(R$16,$A$3:$G$12,2,FALSE))<$K$14,$O25<>R$16,D25=1),SUM(VLOOKUP($O25,$A$3:$G$12,2,FALSE),VLOOKUP(R$16,$A$3:$G$12,2,FALSE)),0) -> 0 | S25: =IF(AND(SUM(VLOOKUP($O25,$A$3:$G$12,2,FALSE),VLOOKUP(S$16,$A$3:$G$12,2,FALSE))<$K$14,$O25<>S$16,E25=1),SUM(VLOOKUP($O25,$A$3:$G$12,2,FALSE),VLOOKUP(S$16,$A$3:$G$12,2,FALSE)),0) -> 0 | T25: 280 | U25: 280 | V25: =IF(AND(SUM(VLOOKUP($O25,$A$3:$G$12,2,FALSE),VLOOKUP(V$16,$A$3:$G$12,2,FALSE))<$K$14,$O25<>V$16,H25=1),SUM(VLOOKUP($O25,$A$3:$G$12,2,FALSE),VLOOKUP(V$16,$A$3:$G$12,2,FALSE)),0) -> 0 | W25: =IF(AND(SUM(VLOOKUP($O25,$A$3:$G$12,2,FALSE),VLOOKUP(W$16,$A$3:$G$12,2,FALSE))<$K$14,$O25<>W$16,I25=1),SUM(VLOOKUP($O25,$A$3:$G$12,2,FALSE),VLOOKUP(W$16,$A$3:$G$12,2,FALSE)),0) -> 0 | X25: =IF(AND(SUM(VLOOKUP($O25,$A$3:$G$12,2,FALSE),VLOOKUP(X$16,$A$3:$G$12,2,FALSE))<$K$14,$O25<>X$16,J25=1),SUM(VLOOKUP($O25,$A$3:$G$12,2,FALSE),VLOOKUP(X$16,$A$3:$G$12,2,FALSE)),0) -> 0 | Y25: =IF(AND(SUM(VLOOKUP($O25,$A$3:$G$12,2,FALSE),VLOOKUP(Y$16,$A$3:$G$12,2,FALSE))<$K$14,$O25<>Y$16,K25=1),SUM(VLOOKUP($O25,$A$3:$G$12,2,FALSE),VLOOKUP(Y$16,$A$3:$G$12,2,FALSE)),0) -> 0 | Z25: =IF(AND(SUM(VLOOKUP($O25,$A$3:$G$12,2,FALSE),VLOOKUP(Z$16,$A$3:$G$12,2,FALSE))<$K$14,$O25<>Z$16,L25=1),SUM(VLOOKUP($O25,$A$3:$G$12,2,FALSE),VLOOKUP(Z$16,$A$3:$G$12,2,FALSE)),0) -> 0 | AA25: 60 | AB25: 75 | AG25: CA1 | AH25: 0 | AI25: =IF(AND(SUM(VLOOKUP($AG25,$A$2:$H$12,2,FALSE),VLOOKUP(AI$18,$A$2:$H$12,2,FALSE))<$K$14,$AG25<>AI$18,C23=1),(VLOOKUP(AI$18,$A$2:$H$12,5,FALSE)*1440)-(VLOOKUP($AG25,$A$2:$H$12,6,FALSE))*1440,0) -> 0 | AJ25: =IF(AND(SUM(VLOOKUP($AG25,$A$2:$H$12,2,FALSE),VLOOKUP(AJ$18,$A$2:$H$12,2,FALSE))<$K$14,$AG25<>AJ$18,D23=1),(VLOOKUP(AJ$18,$A$2:$H$12,5,FALSE)*1440)-(VLOOKUP($AG25,$A$2:$H$12,6,FALSE))*1440,0) -> 0 | AK25: =IF(AND(SUM(VLOOKUP($AG25,$A$2:$H$12,2,FALSE),VLOOKUP(AK$18,$A$2:$H$12,2,FALSE))<$K$14,$AG25<>AK$18,E23=1),(VLOOKUP(AK$18,$A$2:$H$12,5,FALSE)*1440)-(VLOOKUP($AG25,$A$2:$H$12,6,FALSE))*1440,0) -> 85 | AL25: =IF(AND(SUM(VLOOKUP($AG25,$A$2:$H$12,2,FALSE),VLOOKUP(AL$18,$A$2:$H$12,2,FALSE))<$K$14,$AG25<>AL$18,F23=1),(VLOOKUP(AL$18,$A$2:$H$12,5,FALSE)*1440)-(VLOOKUP($AG25,$A$2:$H$12,6,FALSE))*1440,0) -> 445 | AM25: =IF(AND(SUM(VLOOKUP($AG25,$A$2:$H$12,2,FALSE),VLOOKUP(AM$18,$A$2:$H$12,2,FALSE))<$K$14,$AG25<>AM$18,G23=1),(VLOOKUP(AM$18,$A$2:$H$12,5,FALSE)*1440)-(VLOOKUP($AG25,$A$2:$H$12,6,FALSE))*1440,0) -> 505 | AN25: =IF(AND(SUM(VLOOKUP($AG25,$A$2:$H$12,2,FALSE),VLOOKUP(AN$18,$A$2:$H$12,2,FALSE))<$K$14,$AG25<>AN$18,H23=1),(VLOOKUP(AN$18,$A$2:$H$12,5,FALSE)*1440)-(VLOOKUP($AG25,$A$2:$H$12,6,FALSE))*1440,0) -> 0 | AO25: =IF(AND(SUM(VLOOKUP($AG25,$A$2:$H$12,2,FALSE),VLOOKUP(AO$18,$A$2:$H$12,2,FALSE))<$K$14,$AG25<>AO$18,I23=1),(VLOOKUP(AO$18,$A$2:$H$12,5,FALSE)*1440)-(VLOOKUP($AG25,$A$2:$H$12,6,FALSE))*1440,0) -> 0 | AP25: =IF(AND(SUM(VLOOKUP($AG25,$A$2:$H$12,2,FALSE),VLOOKUP(AP$18,$A$2:$H$12,2,FALSE))<$K$14,$AG25<>AP$18,J23=1),(VLOOKUP(AP$18,$A$2:$H$12,5,FALSE)*1440)-(VLOOKUP($AG25,$A$2:$H$12,6,FALSE))*1440,0) -> 0 | ... AR25: =IF(AND(SUM(VLOOKUP($AG25,$A$2:$H$12,2,FALSE),VLOOKUP(AR$18,$A$2:$H$12,2,FALSE))<$K$14,$AG25<>AR$18,L23=1),(VLOOKUP(AR$18,$A$2:$H$12,5,FALSE)*1440)-(VLOOKUP($AG25,$A$2:$H$12,6,FALSE))*1440,0) -> 0 | AS25: 10 | AT25: 15
A26: CA4 | B26: 1 | C26: =IF(AND(VLOOKUP(C$16,$A$3:$G$12,5,FALSE) - VLOOKUP($A26,$A$3:$G$12,6,FALSE)>=VLOOKUP(VLOOKUP(C$16,$A$3:$G$12,3,FALSE), $J$11:$L$12, 2, FALSE)/1440, VLOOKUP($A26,$A$3:$G$12,4,FALSE)=VLOOKUP(C$16,$A$3:$G$12,3,FALSE)),1,0) -> 0 | D26: =IF(AND(VLOOKUP(D$16,$A$3:$G$12,5,FALSE) - VLOOKUP($A26,$A$3:$G$12,6,FALSE)>=VLOOKUP(VLOOKUP(D$16,$A$3:$G$12,3,FALSE), $J$11:$L$12, 2, FALSE)/1440, VLOOKUP($A26,$A$3:$G$12,4,FALSE)=VLOOKUP(D$16,$A$3:$G$12,3,FALSE)),1,0) -> 0 | E26: =IF(AND(VLOOKUP(E$16,$A$3:$G$12,5,FALSE) - VLOOKUP($A26,$A$3:$G$12,6,FALSE)>=VLOOKUP(VLOOKUP(E$16,$A$3:$G$12,3,FALSE), $J$11:$L$12, 2, FALSE)/1440, VLOOKUP($A26,$A$3:$G$12,4,FALSE)=VLOOKUP(E$16,$A$3:$G$12,3,FALSE)),1,0) -> 0 | F26: =IF(AND(VLOOKUP(F$16,$A$3:$G$12,5,FALSE) - VLOOKUP($A26,$A$3:$G$12,6,FALSE)>=VLOOKUP(VLOOKUP(F$16,$A$3:$G$12,3,FALSE), $J$11:$L$12, 2, FALSE)/1440, VLOOKUP($A26,$A$3:$G$12,4,FALSE)=VLOOKUP(F$16,$A$3:$G$12,3,FALSE)),1,0) -> 1 | G26: =IF(AND(VLOOKUP(G$16,$A$3:$G$12,5,FALSE) - VLOOKUP($A26,$A$3:$G$12,6,FALSE)>=VLOOKUP(VLOOKUP(G$16,$A$3:$G$12,3,FALSE), $J$11:$L$12, 2, FALSE)/1440, VLOOKUP($A26,$A$3:$G$12,4,FALSE)=VLOOKUP(G$16,$A$3:$G$12,3,FALSE)),1,0) -> 1 | H26: =IF(AND(VLOOKUP(H$16,$A$3:$G$12,5,FALSE) - VLOOKUP($A26,$A$3:$G$12,6,FALSE)>=VLOOKUP(VLOOKUP(H$16,$A$3:$G$12,3,FALSE), $J$11:$L$12, 2, FALSE)/1440, VLOOKUP($A26,$A$3:$G$12,4,FALSE)=VLOOKUP(H$16,$A$3:$G$12,3,FALSE)),1,0) -> 0 | I26: =IF(AND(VLOOKUP(I$16,$A$3:$G$12,5,FALSE) - VLOOKUP($A26,$A$3:$G$12,6,FALSE)>=VLOOKUP(VLOOKUP(I$16,$A$3:$G$12,3,FALSE), $J$11:$L$12, 2, FALSE)/1440, VLOOKUP($A26,$A$3:$G$12,4,FALSE)=VLOOKUP(I$16,$A$3:$G$12,3,FALSE)),1,0) -> 0 | J26: =IF(AND(VLOOKUP(J$16,$A$3:$G$12,5,FALSE) - VLOOKUP($A26,$A$3:$G$12,6,FALSE)>=VLOOKUP(VLOOKUP(J$16,$A$3:$G$12,3,FALSE), $J$11:$L$12, 2, FALSE)/1440, VLOOKUP($A26,$A$3:$G$12,4,FALSE)=VLOOKUP(J$16,$A$3:$G$12,3,FALSE)),1,0) -> 0 | ... L26: =IF(AND(VLOOKUP(L$16,$A$3:$G$12,5,FALSE) - VLOOKUP($A26,$A$3:$G$12,6,FALSE)>=VLOOKUP(VLOOKUP(L$16,$A$3:$G$12,3,FALSE), $J$11:$L$12, 2, FALSE)/1440, VLOOKUP($A26,$A$3:$G$12,4,FALSE)=VLOOKUP(L$16,$A$3:$G$12,3,FALSE)),1,0) -> 0 | O26: CA4 | P26: 0 | Q26: =IF(AND(SUM(VLOOKUP($O26,$A$3:$G$12,2,FALSE),VLOOKUP(Q$16,$A$3:$G$12,2,FALSE))<$K$14,$O26<>Q$16,C26=1),SUM(VLOOKUP($O26,$A$3:$G$12,2,FALSE),VLOOKUP(Q$16,$A$3:$G$12,2,FALSE)),0) -> 0 | R26: =IF(AND(SUM(VLOOKUP($O26,$A$3:$G$12,2,FALSE),VLOOKUP(R$16,$A$3:$G$12,2,FALSE))<$K$14,$O26<>R$16,D26=1),SUM(VLOOKUP($O26,$A$3:$G$12,2,FALSE),VLOOKUP(R$16,$A$3:$G$12,2,FALSE)),0) -> 0 | S26: =IF(AND(SUM(VLOOKUP($O26,$A$3:$G$12,2,FALSE),VLOOKUP(S$16,$A$3:$G$12,2,FALSE))<$K$14,$O26<>S$16,E26=1),SUM(VLOOKUP($O26,$A$3:$G$12,2,FALSE),VLOOKUP(S$16,$A$3:$G$12,2,FALSE)),0) -> 0 | T26: 280 | U26: 280 | V26: =IF(AND(SUM(VLOOKUP($O26,$A$3:$G$12,2,FALSE),VLOOKUP(V$16,$A$3:$G$12,2,FALSE))<$K$14,$O26<>V$16,H26=1),SUM(VLOOKUP($O26,$A$3:$G$12,2,FALSE),VLOOKUP(V$16,$A$3:$G$12,2,FALSE)),0) -> 0 | W26: =IF(AND(SUM(VLOOKUP($O26,$A$3:$G$12,2,FALSE),VLOOKUP(W$16,$A$3:$G$12,2,FALSE))<$K$14,$O26<>W$16,I26=1),SUM(VLOOKUP($O26,$A$3:$G$12,2,FALSE),VLOOKUP(W$16,$A$3:$G$12,2,FALSE)),0) -> 0 | X26: =IF(AND(SUM(VLOOKUP($O26,$A$3:$G$12,2,FALSE),VLOOKUP(X$16,$A$3:$G$12,2,FALSE))<$K$14,$O26<>X$16,J26=1),SUM(VLOOKUP($O26,$A$3:$G$12,2,FALSE),VLOOKUP(X$16,$A$3:$G$12,2,FALSE)),0) -> 0 | Y26: =IF(AND(SUM(VLOOKUP($O26,$A$3:$G$12,2,FALSE),VLOOKUP(Y$16,$A$3:$G$12,2,FALSE))<$K$14,$O26<>Y$16,K26=1),SUM(VLOOKUP($O26,$A$3:$G$12,2,FALSE),VLOOKUP(Y$16,$A$3:$G$12,2,FALSE)),0) -> 0 | Z26: =IF(AND(SUM(VLOOKUP($O26,$A$3:$G$12,2,FALSE),VLOOKUP(Z$16,$A$3:$G$12,2,FALSE))<$K$14,$O26<>Z$16,L26=1),SUM(VLOOKUP($O26,$A$3:$G$12,2,FALSE),VLOOKUP(Z$16,$A$3:$G$12,2,FALSE)),0) -> 0 | AA26: 60 | AB26: 75 | AG26: CA2 | AH26: 0 | AI26: =IF(AND(SUM(VLOOKUP($AG26,$A$2:$H$12,2,FALSE),VLOOKUP(AI$18,$A$2:$H$12,2,FALSE))<$K$14,$AG26<>AI$18,C24=1),(VLOOKUP(AI$18,$A$2:$H$12,5,FALSE)*1440)-(VLOOKUP($AG26,$A$2:$H$12,6,FALSE))*1440,0) -> 0 | AJ26: =IF(AND(SUM(VLOOKUP($AG26,$A$2:$H$12,2,FALSE),VLOOKUP(AJ$18,$A$2:$H$12,2,FALSE))<$K$14,$AG26<>AJ$18,D24=1),(VLOOKUP(AJ$18,$A$2:$H$12,5,FALSE)*1440)-(VLOOKUP($AG26,$A$2:$H$12,6,FALSE))*1440,0) -> 0 | AK26: =IF(AND(SUM(VLOOKUP($AG26,$A$2:$H$12,2,FALSE),VLOOKUP(AK$18,$A$2:$H$12,2,FALSE))<$K$14,$AG26<>AK$18,E24=1),(VLOOKUP(AK$18,$A$2:$H$12,5,FALSE)*1440)-(VLOOKUP($AG26,$A$2:$H$12,6,FALSE))*1440,0) -> 0 | AL26: =IF(AND(SUM(VLOOKUP($AG26,$A$2:$H$12,2,FALSE),VLOOKUP(AL$18,$A$2:$H$12,2,FALSE))<$K$14,$AG26<>AL$18,F24=1),(VLOOKUP(AL$18,$A$2:$H$12,5,FALSE)*1440)-(VLOOKUP($AG26,$A$2:$H$12,6,FALSE))*1440,0) -> 275 | AM26: =IF(AND(SUM(VLOOKUP($AG26,$A$2:$H$12,2,FALSE),VLOOKUP(AM$18,$A$2:$H$12,2,FALSE))<$K$14,$AG26<>AM$18,G24=1),(VLOOKUP(AM$18,$A$2:$H$12,5,FALSE)*1440)-(VLOOKUP($AG26,$A$2:$H$12,6,FALSE))*1440,0) -> 335 | AN26: =IF(AND(SUM(VLOOKUP($AG26,$A$2:$H$12,2,FALSE),VLOOKUP(AN$18,$A$2:$H$12,2,FALSE))<$K$14,$AG26<>AN$18,H24=1),(VLOOKUP(AN$18,$A$2:$H$12,5,FALSE)*1440)-(VLOOKUP($AG26,$A$2:$H$12,6,FALSE))*1440,0) -> 0 | AO26: =IF(AND(SUM(VLOOKUP($AG26,$A$2:$H$12,2,FALSE),VLOOKUP(AO$18,$A$2:$H$12,2,FALSE))<$K$14,$AG26<>AO$18,I24=1),(VLOOKUP(AO$18,$A$2:$H$12,5,FALSE)*1440)-(VLOOKUP($AG26,$A$2:$H$12,6,FALSE))*1440,0) -> 0 | AP26: =IF(AND(SUM(VLOOKUP($AG26,$A$2:$H$12,2,FALSE),VLOOKUP(AP$18,$A$2:$H$12,2,FALSE))<$K$14,$AG26<>AP$18,J24=1),(VLOOKUP(AP$18,$A$2:$H$12,5,FALSE)*1440)-(VLOOKUP($AG26,$A$2:$H$12,6,FALSE))*1440,0) -> 0 | ... AR26: =IF(AND(SUM(VLOOKUP($AG26,$A$2:$H$12,2,FALSE),VLOOKUP(AR$18,$A$2:$H$12,2,FALSE))<$K$14,$AG26<>AR$18,L24=1),(VLOOKUP(AR$18,$A$2:$H$12,5,FALSE)*1440)-(VLOOKUP($AG26,$A$2:$H$12,6,FALSE))*1440,0) -> 0 | AS26: 10 | AT26: 15
A27: CA5 | B27: 1 | C27: =IF(AND(VLOOKUP(C$16,$A$3:$G$12,5,FALSE) - VLOOKUP($A27,$A$3:$G$12,6,FALSE)>=VLOOKUP(VLOOKUP(C$16,$A$3:$G$12,3,FALSE), $J$11:$L$12, 2, FALSE)/1440, VLOOKUP($A27,$A$3:$G$12,4,FALSE)=VLOOKUP(C$16,$A$3:$G$12,3,FALSE)),1,0) -> 0 | D27: =IF(AND(VLOOKUP(D$16,$A$3:$G$12,5,FALSE) - VLOOKUP($A27,$A$3:$G$12,6,FALSE)>=VLOOKUP(VLOOKUP(D$16,$A$3:$G$12,3,FALSE), $J$11:$L$12, 2, FALSE)/1440, VLOOKUP($A27,$A$3:$G$12,4,FALSE)=VLOOKUP(D$16,$A$3:$G$12,3,FALSE)),1,0) -> 0 | E27: =IF(AND(VLOOKUP(E$16,$A$3:$G$12,5,FALSE) - VLOOKUP($A27,$A$3:$G$12,6,FALSE)>=VLOOKUP(VLOOKUP(E$16,$A$3:$G$12,3,FALSE), $J$11:$L$12, 2, FALSE)/1440, VLOOKUP($A27,$A$3:$G$12,4,FALSE)=VLOOKUP(E$16,$A$3:$G$12,3,FALSE)),1,0) -> 0 | F27: =IF(AND(VLOOKUP(F$16,$A$3:$G$12,5,FALSE) - VLOOKUP($A27,$A$3:$G$12,6,FALSE)>=VLOOKUP(VLOOKUP(F$16,$A$3:$G$12,3,FALSE), $J$11:$L$12, 2, FALSE)/1440, VLOOKUP($A27,$A$3:$G$12,4,FALSE)=VLOOKUP(F$16,$A$3:$G$12,3,FALSE)),1,0) -> 0 | G27: =IF(AND(VLOOKUP(G$16,$A$3:$G$12,5,FALSE) - VLOOKUP($A27,$A$3:$G$12,6,FALSE)>=VLOOKUP(VLOOKUP(G$16,$A$3:$G$12,3,FALSE), $J$11:$L$12, 2, FALSE)/1440, VLOOKUP($A27,$A$3:$G$12,4,FALSE)=VLOOKUP(G$16,$A$3:$G$12,3,FALSE)),1,0) -> 1 | H27: =IF(AND(VLOOKUP(H$16,$A$3:$G$12,5,FALSE) - VLOOKUP($A27,$A$3:$G$12,6,FALSE)>=VLOOKUP(VLOOKUP(H$16,$A$3:$G$12,3,FALSE), $J$11:$L$12, 2, FALSE)/1440, VLOOKUP($A27,$A$3:$G$12,4,FALSE)=VLOOKUP(H$16,$A$3:$G$12,3,FALSE)),1,0) -> 0 | I27: =IF(AND(VLOOKUP(I$16,$A$3:$G$12,5,FALSE) - VLOOKUP($A27,$A$3:$G$12,6,FALSE)>=VLOOKUP(VLOOKUP(I$16,$A$3:$G$12,3,FALSE), $J$11:$L$12, 2, FALSE)/1440, VLOOKUP($A27,$A$3:$G$12,4,FALSE)=VLOOKUP(I$16,$A$3:$G$12,3,FALSE)),1,0) -> 0 | J27: =IF(AND(VLOOKUP(J$16,$A$3:$G$12,5,FALSE) - VLOOKUP($A27,$A$3:$G$12,6,FALSE)>=VLOOKUP(VLOOKUP(J$16,$A$3:$G$12,3,FALSE), $J$11:$L$12, 2, FALSE)/1440, VLOOKUP($A27,$A$3:$G$12,4,FALSE)=VLOOKUP(J$16,$A$3:$G$12,3,FALSE)),1,0) -> 0 | ... L27: =IF(AND(VLOOKUP(L$16,$A$3:$G$12,5,FALSE) - VLOOKUP($A27,$A$3:$G$12,6,FALSE)>=VLOOKUP(VLOOKUP(L$16,$A$3:$G$12,3,FALSE), $J$11:$L$12, 2, FALSE)/1440, VLOOKUP($A27,$A$3:$G$12,4,FALSE)=VLOOKUP(L$16,$A$3:$G$12,3,FALSE)),1,0) -> 0 | O27: CA5 | P27: 0 | Q27: =IF(AND(SUM(VLOOKUP($O27,$A$3:$G$12,2,FALSE),VLOOKUP(Q$16,$A$3:$G$12,2,FALSE))<$K$14,$O27<>Q$16,C27=1),SUM(VLOOKUP($O27,$A$3:$G$12,2,FALSE),VLOOKUP(Q$16,$A$3:$G$12,2,FALSE)),0) -> 0 | R27: =IF(AND(SUM(VLOOKUP($O27,$A$3:$G$12,2,FALSE),VLOOKUP(R$16,$A$3:$G$12,2,FALSE))<$K$14,$O27<>R$16,D27=1),SUM(VLOOKUP($O27,$A$3:$G$12,2,FALSE),VLOOKUP(R$16,$A$3:$G$12,2,FALSE)),0) -> 0 | S27: =IF(AND(SUM(VLOOKUP($O27,$A$3:$G$12,2,FALSE),VLOOKUP(S$16,$A$3:$G$12,2,FALSE))<$K$14,$O27<>S$16,E27=1),SUM(VLOOKUP($O27,$A$3:$G$12,2,FALSE),VLOOKUP(S$16,$A$3:$G$12,2,FALSE)),0) -> 0 | T27: =IF(AND(SUM(VLOOKUP($O27,$A$3:$G$12,2,FALSE),VLOOKUP(T$16,$A$3:$G$12,2,FALSE))<$K$14,$O27<>T$16,F27=1),SUM(VLOOKUP($O27,$A$3:$G$12,2,FALSE),VLOOKUP(T$16,$A$3:$G$12,2,FALSE)),0) -> 0 | U27: 280 | V27: =IF(AND(SUM(VLOOKUP($O27,$A$3:$G$12,2,FALSE),VLOOKUP(V$16,$A$3:$G$12,2,FALSE))<$K$14,$O27<>V$16,H27=1),SUM(VLOOKUP($O27,$A$3:$G$12,2,FALSE),VLOOKUP(V$16,$A$3:$G$12,2,FALSE)),0) -> 0 | W27: =IF(AND(SUM(VLOOKUP($O27,$A$3:$G$12,2,FALSE),VLOOKUP(W$16,$A$3:$G$12,2,FALSE))<$K$14,$O27<>W$16,I27=1),SUM(VLOOKUP($O27,$A$3:$G$12,2,FALSE),VLOOKUP(W$16,$A$3:$G$12,2,FALSE)),0) -> 0 | X27: =IF(AND(SUM(VLOOKUP($O27,$A$3:$G$12,2,FALSE),VLOOKUP(X$16,$A$3:$G$12,2,FALSE))<$K$14,$O27<>X$16,J27=1),SUM(VLOOKUP($O27,$A$3:$G$12,2,FALSE),VLOOKUP(X$16,$A$3:$G$12,2,FALSE)),0) -> 0 | Y27: =IF(AND(SUM(VLOOKUP($O27,$A$3:$G$12,2,FALSE),VLOOKUP(Y$16,$A$3:$G$12,2,FALSE))<$K$14,$O27<>Y$16,K27=1),SUM(VLOOKUP($O27,$A$3:$G$12,2,FALSE),VLOOKUP(Y$16,$A$3:$G$12,2,FALSE)),0) -> 0 | Z27: =IF(AND(SUM(VLOOKUP($O27,$A$3:$G$12,2,FALSE),VLOOKUP(Z$16,$A$3:$G$12,2,FALSE))<$K$14,$O27<>Z$16,L27=1),SUM(VLOOKUP($O27,$A$3:$G$12,2,FALSE),VLOOKUP(Z$16,$A$3:$G$12,2,FALSE)),0) -> 0 | AA27: 60 | AB27: 75 | AG27: CA3 | AH27: 0 | AI27: =IF(AND(SUM(VLOOKUP($AG27,$A$2:$H$12,2,FALSE),VLOOKUP(AI$18,$A$2:$H$12,2,FALSE))<$K$14,$AG27<>AI$18,C25=1),(VLOOKUP(AI$18,$A$2:$H$12,5,FALSE)*1440)-(VLOOKUP($AG27,$A$2:$H$12,6,FALSE))*1440,0) -> 0 | AJ27: =IF(AND(SUM(VLOOKUP($AG27,$A$2:$H$12,2,FALSE),VLOOKUP(AJ$18,$A$2:$H$12,2,FALSE))<$K$14,$AG27<>AJ$18,D25=1),(VLOOKUP(AJ$18,$A$2:$H$12,5,FALSE)*1440)-(VLOOKUP($AG27,$A$2:$H$12,6,FALSE))*1440,0) -> 0 | AK27: =IF(AND(SUM(VLOOKUP($AG27,$A$2:$H$12,2,FALSE),VLOOKUP(AK$18,$A$2:$H$12,2,FALSE))<$K$14,$AG27<>AK$18,E25=1),(VLOOKUP(AK$18,$A$2:$H$12,5,FALSE)*1440)-(VLOOKUP($AG27,$A$2:$H$12,6,FALSE))*1440,0) -> 0 | AL27: =IF(AND(SUM(VLOOKUP($AG27,$A$2:$H$12,2,FALSE),VLOOKUP(AL$18,$A$2:$H$12,2,FALSE))<$K$14,$AG27<>AL$18,F25=1),(VLOOKUP(AL$18,$A$2:$H$12,5,FALSE)*1440)-(VLOOKUP($AG27,$A$2:$H$12,6,FALSE))*1440,0) -> 155 | AM27: =IF(AND(SUM(VLOOKUP($AG27,$A$2:$H$12,2,FALSE),VLOOKUP(AM$18,$A$2:$H$12,2,FALSE))<$K$14,$AG27<>AM$18,G25=1),(VLOOKUP(AM$18,$A$2:$H$12,5,FALSE)*1440)-(VLOOKUP($AG27,$A$2:$H$12,6,FALSE))*1440,0) -> 215 | AN27: =IF(AND(SUM(VLOOKUP($AG27,$A$2:$H$12,2,FALSE),VLOOKUP(AN$18,$A$2:$H$12,2,FALSE))<$K$14,$AG27<>AN$18,H25=1),(VLOOKUP(AN$18,$A$2:$H$12,5,FALSE)*1440)-(VLOOKUP($AG27,$A$2:$H$12,6,FALSE))*1440,0) -> 0 | AO27: =IF(AND(SUM(VLOOKUP($AG27,$A$2:$H$12,2,FALSE),VLOOKUP(AO$18,$A$2:$H$12,2,FALSE))<$K$14,$AG27<>AO$18,I25=1),(VLOOKUP(AO$18,$A$2:$H$12,5,FALSE)*1440)-(VLOOKUP($AG27,$A$2:$H$12,6,FALSE))*1440,0) -> 0 | AP27: =IF(AND(SUM(VLOOKUP($AG27,$A$2:$H$12,2,FALSE),VLOOKUP(AP$18,$A$2:$H$12,2,FALSE))<$K$14,$AG27<>AP$18,J25=1),(VLOOKUP(AP$18,$A$2:$H$12,5,FALSE)*1440)-(VLOOKUP($AG27,$A$2:$H$12,6,FALSE))*1440,0) -> 0 | ... AR27: =IF(AND(SUM(VLOOKUP($AG27,$A$2:$H$12,2,FALSE),VLOOKUP(AR$18,$A$2:$H$12,2,FALSE))<$K$14,$AG27<>AR$18,L25=1),(VLOOKUP(AR$18,$A$2:$H$12,5,FALSE)*1440)-(VLOOKUP($AG27,$A$2:$H$12,6,FALSE))*1440,0) -> 0 | AS27: 10 | AT27: 15
O28: CS1 | P28: 0 | Q28: 60 | R28: 60 | S28: 60 | T28: 60 | U28: 60 | V28: 60 | W28: 60 | X28: 60 | Y28: 60 | Z28: 60 | AA28: 0 | AB28: 0 | AG28: CA4 | AH28: 0 | AI28: =IF(AND(SUM(VLOOKUP($AG28,$A$2:$H$12,2,FALSE),VLOOKUP(AI$18,$A$2:$H$12,2,FALSE))<$K$14,$AG28<>AI$18,C26=1),(VLOOKUP(AI$18,$A$2:$H$12,5,FALSE)*1440)-(VLOOKUP($AG28,$A$2:$H$12,6,FALSE))*1440,0) -> 0 | AJ28: =IF(AND(SUM(VLOOKUP($AG28,$A$2:$H$12,2,FALSE),VLOOKUP(AJ$18,$A$2:$H$12,2,FALSE))<$K$14,$AG28<>AJ$18,D26=1),(VLOOKUP(AJ$18,$A$2:$H$12,5,FALSE)*1440)-(VLOOKUP($AG28,$A$2:$H$12,6,FALSE))*1440,0) -> 0 | AK28: =IF(AND(SUM(VLOOKUP($AG28,$A$2:$H$12,2,FALSE),VLOOKUP(AK$18,$A$2:$H$12,2,FALSE))<$K$14,$AG28<>AK$18,E26=1),(VLOOKUP(AK$18,$A$2:$H$12,5,FALSE)*1440)-(VLOOKUP($AG28,$A$2:$H$12,6,FALSE))*1440,0) -> 0 | AL28: =IF(AND(SUM(VLOOKUP($AG28,$A$2:$H$12,2,FALSE),VLOOKUP(AL$18,$A$2:$H$12,2,FALSE))<$K$14,$AG28<>AL$18,F26=1),(VLOOKUP(AL$18,$A$2:$H$12,5,FALSE)*1440)-(VLOOKUP($AG28,$A$2:$H$12,6,FALSE))*1440,0) -> 95 | AM28: =IF(AND(SUM(VLOOKUP($AG28,$A$2:$H$12,2,FALSE),VLOOKUP(AM$18,$A$2:$H$12,2,FALSE))<$K$14,$AG28<>AM$18,G26=1),(VLOOKUP(AM$18,$A$2:$H$12,5,FALSE)*1440)-(VLOOKUP($AG28,$A$2:$H$12,6,FALSE))*1440,0) -> 155 | AN28: =IF(AND(SUM(VLOOKUP($AG28,$A$2:$H$12,2,FALSE),VLOOKUP(AN$18,$A$2:$H$12,2,FALSE))<$K$14,$AG28<>AN$18,H26=1),(VLOOKUP(AN$18,$A$2:$H$12,5,FALSE)*1440)-(VLOOKUP($AG28,$A$2:$H$12,6,FALSE))*1440,0) -> 0 | AO28: =IF(AND(SUM(VLOOKUP($AG28,$A$2:$H$12,2,FALSE),VLOOKUP(AO$18,$A$2:$H$12,2,FALSE))<$K$14,$AG28<>AO$18,I26=1),(VLOOKUP(AO$18,$A$2:$H$12,5,FALSE)*1440)-(VLOOKUP($AG28,$A$2:$H$12,6,FALSE))*1440,0) -> 0 | AP28: =IF(AND(SUM(VLOOKUP($AG28,$A$2:$H$12,2,FALSE),VLOOKUP(AP$18,$A$2:$H$12,2,FALSE))<$K$14,$AG28<>AP$18,J26=1),(VLOOKUP(AP$18,$A$2:$H$12,5,FALSE)*1440)-(VLOOKUP($AG28,$A$2:$H$12,6,FALSE))*1440,0) -> 0 | ... AR28: =IF(AND(SUM(VLOOKUP($AG28,$A$2:$H$12,2,FALSE),VLOOKUP(AR$18,$A$2:$H$12,2,FALSE))<$K$14,$AG28<>AR$18,L26=1),(VLOOKUP(AR$18,$A$2:$H$12,5,FALSE)*1440)-(VLOOKUP($AG28,$A$2:$H$12,6,FALSE))*1440,0) -> 0 | AS28: 10 | AT28: 15
O29: CS2 | P29: 0 | Q29: 75 | R29: 75 | S29: 75 | T29: 75 | U29: 75 | V29: 75 | W29: 75 | X29: 75 | Y29: 75 | Z29: 75 | AA29: 0 | AB29: 0 | AG29: CA5 | AH29: 0 | AI29: =IF(AND(SUM(VLOOKUP($AG29,$A$2:$H$12,2,FALSE),VLOOKUP(AI$18,$A$2:$H$12,2,FALSE))<$K$14,$AG29<>AI$18,C27=1),(VLOOKUP(AI$18,$A$2:$H$12,5,FALSE)*1440)-(VLOOKUP($AG29,$A$2:$H$12,6,FALSE))*1440,0) -> 0 | AJ29: =IF(AND(SUM(VLOOKUP($AG29,$A$2:$H$12,2,FALSE),VLOOKUP(AJ$18,$A$2:$H$12,2,FALSE))<$K$14,$AG29<>AJ$18,D27=1),(VLOOKUP(AJ$18,$A$2:$H$12,5,FALSE)*1440)-(VLOOKUP($AG29,$A$2:$H$12,6,FALSE))*1440,0) -> 0 | AK29: =IF(AND(SUM(VLOOKUP($AG29,$A$2:$H$12,2,FALSE),VLOOKUP(AK$18,$A$2:$H$12,2,FALSE))<$K$14,$AG29<>AK$18,E27=1),(VLOOKUP(AK$18,$A$2:$H$12,5,FALSE)*1440)-(VLOOKUP($AG29,$A$2:$H$12,6,FALSE))*1440,0) -> 0 | AL29: =IF(AND(SUM(VLOOKUP($AG29,$A$2:$H$12,2,FALSE),VLOOKUP(AL$18,$A$2:$H$12,2,FALSE))<$K$14,$AG29<>AL$18,F27=1),(VLOOKUP(AL$18,$A$2:$H$12,5,FALSE)*1440)-(VLOOKUP($AG29,$A$2:$H$12,6,FALSE))*1440,0) -> 0 | AM29: =IF(AND(SUM(VLOOKUP($AG29,$A$2:$H$12,2,FALSE),VLOOKUP(AM$18,$A$2:$H$12,2,FALSE))<$K$14,$AG29<>AM$18,G27=1),(VLOOKUP(AM$18,$A$2:$H$12,5,FALSE)*1440)-(VLOOKUP($AG29,$A$2:$H$12,6,FALSE))*1440,0) -> 35 | AN29: =IF(AND(SUM(VLOOKUP($AG29,$A$2:$H$12,2,FALSE),VLOOKUP(AN$18,$A$2:$H$12,2,FALSE))<$K$14,$AG29<>AN$18,H27=1),(VLOOKUP(AN$18,$A$2:$H$12,5,FALSE)*1440)-(VLOOKUP($AG29,$A$2:$H$12,6,FALSE))*1440,0) -> 0 | AO29: =IF(AND(SUM(VLOOKUP($AG29,$A$2:$H$12,2,FALSE),VLOOKUP(AO$18,$A$2:$H$12,2,FALSE))<$K$14,$AG29<>AO$18,I27=1),(VLOOKUP(AO$18,$A$2:$H$12,5,FALSE)*1440)-(VLOOKUP($AG29,$A$2:$H$12,6,FALSE))*1440,0) -> 0 | AP29: =IF(AND(SUM(VLOOKUP($AG29,$A$2:$H$12,2,FALSE),VLOOKUP(AP$18,$A$2:$H$12,2,FALSE))<$K$14,$AG29<>AP$18,J27=1),(VLOOKUP(AP$18,$A$2:$H$12,5,FALSE)*1440)-(VLOOKUP($AG29,$A$2:$H$12,6,FALSE))*1440,0) -> 0 | ... AR29: =IF(AND(SUM(VLOOKUP($AG29,$A$2:$H$12,2,FALSE),VLOOKUP(AR$18,$A$2:$H$12,2,FALSE))<$K$14,$AG29<>AR$18,L27=1),(VLOOKUP(AR$18,$A$2:$H$12,5,FALSE)*1440)-(VLOOKUP($AG29,$A$2:$H$12,6,FALSE))*1440,0) -> 0 | AS29: 10 | AT29: 15
A30: \phi | B30: DEPOT | C30: AC1 | D30: AC2 | E30: AC3 | F30: AC4 | G30: AC5 | H30: CA1 | I30: CA2 | J30: CA3 | K30: CA4 | L30: CA5 | O30: \phi | P30: DEPOT | Q30: AC1 | R30: AC2 | S30: AC3 | T30: AC4 | U30: AC5 | V30: CA1 | W30: CA2 | X30: CA3 | Y30: CA4 | Z30: CA5 | AG30: DEPOT | AH30: 0 | AI30: 0 | AJ30: 0 | AK30: 0 | AL30: 0 | AM30: 0 | AN30: 0 | AO30: 0 | AP30: 0 | AQ30: 0 | AR30: 0 | AS30: 10 | AT30: 15
A31: DEPOT | B31: 0 | C31: 0 | D31: 0 | E31: 0 | F31: 0 | G31: 0 | H31: 0 | I31: 0 | J31: 0 | K31: 0 | L31: 0 | O31: DEPOT | P31: 0 | Q31: 0 | R31: 0 | S31: 0 | T31: 0 | U31: 0 | V31: 0 | W31: 0 | X31: 0 | Y31: 0 | Z31: 0 | AG31: CS1 | AH31: 0 | AS31: 0 | AT31: 0
A32: AC1 | B32: 0 | C32: =IF(AND(VLOOKUP(C$30,$A$3:$G$12,5,FALSE) - VLOOKUP($A32,$A$3:$G$12,6,FALSE)>=(( $B$13)/1440)),1,0) -> 0 | D32: =IF(AND(VLOOKUP(D$30,$A$3:$G$12,5,FALSE) - VLOOKUP($A32,$A$3:$G$12,6,FALSE)>=(( $B$13)/1440)),1,0) -> 0 | E32: =IF(AND(VLOOKUP(E$30,$A$3:$G$12,5,FALSE) - VLOOKUP($A32,$A$3:$G$12,6,FALSE)>=(( $B$13)/1440)),1,0) -> 1 | F32: =IF(AND(VLOOKUP(F$30,$A$3:$G$12,5,FALSE) - VLOOKUP($A32,$A$3:$G$12,6,FALSE)>=(( $B$13)/1440)),1,0) -> 1 | G32: =IF(AND(VLOOKUP(G$30,$A$3:$G$12,5,FALSE) - VLOOKUP($A32,$A$3:$G$12,6,FALSE)>=(( $B$13)/1440)),1,0) -> 1 | H32: =IF(AND(VLOOKUP(H$30,$A$3:$G$12,5,FALSE) - VLOOKUP($A32,$A$3:$G$12,6,FALSE)>=(( $B$13)/1440)),1,0) -> 0 | I32: =IF(AND(VLOOKUP(I$30,$A$3:$G$12,5,FALSE) - VLOOKUP($A32,$A$3:$G$12,6,FALSE)>=(( $B$13)/1440)),1,0) -> 0 | J32: =IF(AND(VLOOKUP(J$30,$A$3:$G$12,5,FALSE) - VLOOKUP($A32,$A$3:$G$12,6,FALSE)>=(( $B$13)/1440)),1,0) -> 1 | ... L32: =IF(AND(VLOOKUP(L$30,$A$3:$G$12,5,FALSE) - VLOOKUP($A32,$A$3:$G$12,6,FALSE)>=(( $B$13)/1440)),1,0) -> 1 | O32: AC1 | P32: 0 | Q32: 0 | R32: 0 | S32: 0 | T32: 1 | U32: 1 | V32: 0 | W32: 0 | X32: 1 | Y32: 1 | Z32: 1 | AG32: CS2 | AH32: 0 | AS32: 0 | AT32: 0
A33: AC2 | B33: 0 | C33: =IF(AND(VLOOKUP(C$30,$A$3:$G$12,5,FALSE) - VLOOKUP($A33,$A$3:$G$12,6,FALSE)>=(( $B$13)/1440)),1,0) -> 0 | D33: =IF(AND(VLOOKUP(D$30,$A$3:$G$12,5,FALSE) - VLOOKUP($A33,$A$3:$G$12,6,FALSE)>=(( $B$13)/1440)),1,0) -> 0 | E33: =IF(AND(VLOOKUP(E$30,$A$3:$G$12,5,FALSE) - VLOOKUP($A33,$A$3:$G$12,6,FALSE)>=(( $B$13)/1440)),1,0) -> 0 | F33: =IF(AND(VLOOKUP(F$30,$A$3:$G$12,5,FALSE) - VLOOKUP($A33,$A$3:$G$12,6,FALSE)>=(( $B$13)/1440)),1,0) -> 1 | G33: =IF(AND(VLOOKUP(G$30,$A$3:$G$12,5,FALSE) - VLOOKUP($A33,$A$3:$G$12,6,FALSE)>=(( $B$13)/1440)),1,0) -> 1 | H33: =IF(AND(VLOOKUP(H$30,$A$3:$G$12,5,FALSE) - VLOOKUP($A33,$A$3:$G$12,6,FALSE)>=(( $B$13)/1440)),1,0) -> 0 | I33: =IF(AND(VLOOKUP(I$30,$A$3:$G$12,5,FALSE) - VLOOKUP($A33,$A$3:$G$12,6,FALSE)>=(( $B$13)/1440)),1,0) -> 0 | J33: =IF(AND(VLOOKUP(J$30,$A$3:$G$12,5,FALSE) - VLOOKUP($A33,$A$3:$G$12,6,FALSE)>=(( $B$13)/1440)),1,0) -> 0 | ... L33: =IF(AND(VLOOKUP(L$30,$A$3:$G$12,5,FALSE) - VLOOKUP($A33,$A$3:$G$12,6,FALSE)>=(( $B$13)/1440)),1,0) -> 1 | O33: AC2 | P33: 0 | Q33: 0 | R33: 0 | S33: 0 | T33: 1 | U33: 1 | V33: 0 | W33: 0 | X33: 0 | Y33: 0 | Z33: 1
A34: AC3 | B34: 0 | C34: =IF(AND(VLOOKUP(C$30,$A$3:$G$12,5,FALSE) - VLOOKUP($A34,$A$3:$G$12,6,FALSE)>=(( $B$13)/1440)),1,0) -> 0 | D34: =IF(AND(VLOOKUP(D$30,$A$3:$G$12,5,FALSE) - VLOOKUP($A34,$A$3:$G$12,6,FALSE)>=(( $B$13)/1440)),1,0) -> 0 | E34: =IF(AND(VLOOKUP(E$30,$A$3:$G$12,5,FALSE) - VLOOKUP($A34,$A$3:$G$12,6,FALSE)>=(( $B$13)/1440)),1,0) -> 0 | F34: =IF(AND(VLOOKUP(F$30,$A$3:$G$12,5,FALSE) - VLOOKUP($A34,$A$3:$G$12,6,FALSE)>=(( $B$13)/1440)),1,0) -> 1 | G34: =IF(AND(VLOOKUP(G$30,$A$3:$G$12,5,FALSE) - VLOOKUP($A34,$A$3:$G$12,6,FALSE)>=(( $B$13)/1440)),1,0) -> 1 | H34: =IF(AND(VLOOKUP(H$30,$A$3:$G$12,5,FALSE) - VLOOKUP($A34,$A$3:$G$12,6,FALSE)>=(( $B$13)/1440)),1,0) -> 0 | I34: =IF(AND(VLOOKUP(I$30,$A$3:$G$12,5,FALSE) - VLOOKUP($A34,$A$3:$G$12,6,FALSE)>=(( $B$13)/1440)),1,0) -> 0 | J34: =IF(AND(VLOOKUP(J$30,$A$3:$G$12,5,FALSE) - VLOOKUP($A34,$A$3:$G$12,6,FALSE)>=(( $B$13)/1440)),1,0) -> 0 | ... L34: =IF(AND(VLOOKUP(L$30,$A$3:$G$12,5,FALSE) - VLOOKUP($A34,$A$3:$G$12,6,FALSE)>=(( $B$13)/1440)),1,0) -> 1 | O34: AC3 | P34: 0 | Q34: 0 | R34: 0 | S34: 0 | T34: 1 | U34: 1 | V34: 0 | W34: 0 | X34: 0 | Y34: 0 | Z34: 0
A35: AC4 | B35: 0 | C35: =IF(AND(VLOOKUP(C$30,$A$3:$G$12,5,FALSE) - VLOOKUP($A35,$A$3:$G$12,6,FALSE)>=(( $B$13)/1440)),1,0) -> 0 | D35: =IF(AND(VLOOKUP(D$30,$A$3:$G$12,5,FALSE) - VLOOKUP($A35,$A$3:$G$12,6,FALSE)>=(( $B$13)/1440)),1,0) -> 0 | E35: =IF(AND(VLOOKUP(E$30,$A$3:$G$12,5,FALSE) - VLOOKUP($A35,$A$3:$G$12,6,FALSE)>=(( $B$13)/1440)),1,0) -> 0 | F35: =IF(AND(VLOOKUP(F$30,$A$3:$G$12,5,FALSE) - VLOOKUP($A35,$A$3:$G$12,6,FALSE)>=(( $B$13)/1440)),1,0) -> 0 | G35: =IF(AND(VLOOKUP(G$30,$A$3:$G$12,5,FALSE) - VLOOKUP($A35,$A$3:$G$12,6,FALSE)>=(( $B$13)/1440)),1,0) -> 0 | H35: =IF(AND(VLOOKUP(H$30,$A$3:$G$12,5,FALSE) - VLOOKUP($A35,$A$3:$G$12,6,FALSE)>=(( $B$13)/1440)),1,0) -> 0 | I35: =IF(AND(VLOOKUP(I$30,$A$3:$G$12,5,FALSE) - VLOOKUP($A35,$A$3:$G$12,6,FALSE)>=(( $B$13)/1440)),1,0) -> 0 | J35: =IF(AND(VLOOKUP(J$30,$A$3:$G$12,5,FALSE) - VLOOKUP($A35,$A$3:$G$12,6,FALSE)>=(( $B$13)/1440)),1,0) -> 0 | ... L35: =IF(AND(VLOOKUP(L$30,$A$3:$G$12,5,FALSE) - VLOOKUP($A35,$A$3:$G$12,6,FALSE)>=(( $B$13)/1440)),1,0) -> 0 | O35: AC4 | P35: 0 | Q35: 0 | R35: 0 | S35: 0 | T35: 0 | U35: 0 | V35: 0 | W35: 0 | X35: 0 | Y35: 0 | Z35: 0
A36: AC5 | B36: 0 | C36: =IF(AND(VLOOKUP(C$30,$A$3:$G$12,5,FALSE) - VLOOKUP($A36,$A$3:$G$12,6,FALSE)>=(( $B$13)/1440)),1,0) -> 0 | D36: =IF(AND(VLOOKUP(D$30,$A$3:$G$12,5,FALSE) - VLOOKUP($A36,$A$3:$G$12,6,FALSE)>=(( $B$13)/1440)),1,0) -> 0 | E36: =IF(AND(VLOOKUP(E$30,$A$3:$G$12,5,FALSE) - VLOOKUP($A36,$A$3:$G$12,6,FALSE)>=(( $B$13)/1440)),1,0) -> 0 | F36: =IF(AND(VLOOKUP(F$30,$A$3:$G$12,5,FALSE) - VLOOKUP($A36,$A$3:$G$12,6,FALSE)>=(( $B$13)/1440)),1,0) -> 0 | G36: =IF(AND(VLOOKUP(G$30,$A$3:$G$12,5,FALSE) - VLOOKUP($A36,$A$3:$G$12,6,FALSE)>=(( $B$13)/1440)),1,0) -> 0 | H36: =IF(AND(VLOOKUP(H$30,$A$3:$G$12,5,FALSE) - VLOOKUP($A36,$A$3:$G$12,6,FALSE)>=(( $B$13)/1440)),1,0) -> 0 | I36: =IF(AND(VLOOKUP(I$30,$A$3:$G$12,5,FALSE) - VLOOKUP($A36,$A$3:$G$12,6,FALSE)>=(( $B$13)/1440)),1,0) -> 0 | J36: =IF(AND(VLOOKUP(J$30,$A$3:$G$12,5,FALSE) - VLOOKUP($A36,$A$3:$G$12,6,FALSE)>=(( $B$13)/1440)),1,0) -> 0 | ... L36: =IF(AND(VLOOKUP(L$30,$A$3:$G$12,5,FALSE) - VLOOKUP($A36,$A$3:$G$12,6,FALSE)>=(( $B$13)/1440)),1,0) -> 0 | O36: AC5 | P36: 0 | Q36: 0 | R36: 0 | S36: 0 | T36: 0 | U36: 0 | V36: 0 | W36: 0 | X36: 0 | Y36: 0 | Z36: 0
A37: CA1 | B37: 0 | C37: =IF(AND(VLOOKUP(C$30,$A$3:$G$12,5,FALSE) - VLOOKUP($A37,$A$3:$G$12,6,FALSE)>=(( $B$13)/1440)),1,0) -> 0 | D37: =IF(AND(VLOOKUP(D$30,$A$3:$G$12,5,FALSE) - VLOOKUP($A37,$A$3:$G$12,6,FALSE)>=(( $B$13)/1440)),1,0) -> 0 | E37: =IF(AND(VLOOKUP(E$30,$A$3:$G$12,5,FALSE) - VLOOKUP($A37,$A$3:$G$12,6,FALSE)>=(( $B$13)/1440)),1,0) -> 1 | F37: =IF(AND(VLOOKUP(F$30,$A$3:$G$12,5,FALSE) - VLOOKUP($A37,$A$3:$G$12,6,FALSE)>=(( $B$13)/1440)),1,0) -> 1 | G37: =IF(AND(VLOOKUP(G$30,$A$3:$G$12,5,FALSE) - VLOOKUP($A37,$A$3:$G$12,6,FALSE)>=(( $B$13)/1440)),1,0) -> 1 | H37: =IF(AND(VLOOKUP(H$30,$A$3:$G$12,5,FALSE) - VLOOKUP($A37,$A$3:$G$12,6,FALSE)>=(( $B$13)/1440)),1,0) -> 0 | I37: =IF(AND(VLOOKUP(I$30,$A$3:$G$12,5,FALSE) - VLOOKUP($A37,$A$3:$G$12,6,FALSE)>=(( $B$13)/1440)),1,0) -> 0 | J37: =IF(AND(VLOOKUP(J$30,$A$3:$G$12,5,FALSE) - VLOOKUP($A37,$A$3:$G$12,6,FALSE)>=(( $B$13)/1440)),1,0) -> 1 | ... L37: =IF(AND(VLOOKUP(L$30,$A$3:$G$12,5,FALSE) - VLOOKUP($A37,$A$3:$G$12,6,FALSE)>=(( $B$13)/1440)),1,0) -> 1 | O37: CA1 | P37: 0 | Q37: 0 | R37: 0 | S37: 0 | T37: 1 | U37: 1 | V37: 0 | W37: 0 | X37: 1 | Y37: 1 | Z37: 1
A38: CA2 | B38: 0 | C38: =IF(AND(VLOOKUP(C$30,$A$3:$G$12,5,FALSE) - VLOOKUP($A38,$A$3:$G$12,6,FALSE)>=(( $B$13)/1440)),1,0) -> 0 | D38: =IF(AND(VLOOKUP(D$30,$A$3:$G$12,5,FALSE) - VLOOKUP($A38,$A$3:$G$12,6,FALSE)>=(( $B$13)/1440)),1,0) -> 0 | E38: =IF(AND(VLOOKUP(E$30,$A$3:$G$12,5,FALSE) - VLOOKUP($A38,$A$3:$G$12,6,FALSE)>=(( $B$13)/1440)),1,0) -> 0 | F38: =IF(AND(VLOOKUP(F$30,$A$3:$G$12,5,FALSE) - VLOOKUP($A38,$A$3:$G$12,6,FALSE)>=(( $B$13)/1440)),1,0) -> 1 | G38: =IF(AND(VLOOKUP(G$30,$A$3:$G$12,5,FALSE) - VLOOKUP($A38,$A$3:$G$12,6,FALSE)>=(( $B$13)/1440)),1,0) -> 1 | H38: =IF(AND(VLOOKUP(H$30,$A$3:$G$12,5,FALSE) - VLOOKUP($A38,$A$3:$G$12,6,FALSE)>=(( $B$13)/1440)),1,0) -> 0 | I38: =IF(AND(VLOOKUP(I$30,$A$3:$G$12,5,FALSE) - VLOOKUP($A38,$A$3:$G$12,6,FALSE)>=(( $B$13)/1440)),1,0) -> 0 | J38: =IF(AND(VLOOKUP(J$30,$A$3:$G$12,5,FALSE) - VLOOKUP($A38,$A$3:$G$12,6,FALSE)>=(( $B$13)/1440)),1,0) -> 0 | ... L38: =IF(AND(VLOOKUP(L$30,$A$3:$G$12,5,FALSE) - VLOOKUP($A38,$A$3:$G$12,6,FALSE)>=(( $B$13)/1440)),1,0) -> 1 | O38: CA2 | P38: 0 | Q38: 0 | R38: 0 | S38: 0 | T38: 1 | U38: 1 | V38: 0 | W38: 0 | X38: 0 | Y38: 0 | Z38: 1
A39: CA3 | B39: 0 | C39: =IF(AND(VLOOKUP(C$30,$A$3:$G$12,5,FALSE) - VLOOKUP($A39,$A$3:$G$12,6,FALSE)>=(( $B$13)/1440)),1,0) -> 0 | D39: =IF(AND(VLOOKUP(D$30,$A$3:$G$12,5,FALSE) - VLOOKUP($A39,$A$3:$G$12,6,FALSE)>=(( $B$13)/1440)),1,0) -> 0 | E39: =IF(AND(VLOOKUP(E$30,$A$3:$G$12,5,FALSE) - VLOOKUP($A39,$A$3:$G$12,6,FALSE)>=(( $B$13)/1440)),1,0) -> 0 | F39: =IF(AND(VLOOKUP(F$30,$A$3:$G$12,5,FALSE) - VLOOKUP($A39,$A$3:$G$12,6,FALSE)>=(( $B$13)/1440)),1,0) -> 1 | G39: =IF(AND(VLOOKUP(G$30,$A$3:$G$12,5,FALSE) - VLOOKUP($A39,$A$3:$G$12,6,FALSE)>=(( $B$13)/1440)),1,0) -> 1 | H39: =IF(AND(VLOOKUP(H$30,$A$3:$G$12,5,FALSE) - VLOOKUP($A39,$A$3:$G$12,6,FALSE)>=(( $B$13)/1440)),1,0) -> 0 | I39: =IF(AND(VLOOKUP(I$30,$A$3:$G$12,5,FALSE) - VLOOKUP($A39,$A$3:$G$12,6,FALSE)>=(( $B$13)/1440)),1,0) -> 0 | J39: =IF(AND(VLOOKUP(J$30,$A$3:$G$12,5,FALSE) - VLOOKUP($A39,$A$3:$G$12,6,FALSE)>=(( $B$13)/1440)),1,0) -> 0 | ... L39: =IF(AND(VLOOKUP(L$30,$A$3:$G$12,5,FALSE) - VLOOKUP($A39,$A$3:$G$12,6,FALSE)>=(( $B$13)/1440)),1,0) -> 0 | O39: CA3 | P39: 0 | Q39: 0 | R39: 0 | S39: 0 | T39: 1 | U39: 1 | V39: 0 | W39: 0 | X39: 0 | Y39: 0 | Z39: 0
A40: CA4 | B40: 0 | C40: =IF(AND(VLOOKUP(C$30,$A$3:$G$12,5,FALSE) - VLOOKUP($A40,$A$3:$G$12,6,FALSE)>=(( $B$13)/1440)),1,0) -> 0 | D40: =IF(AND(VLOOKUP(D$30,$A$3:$G$12,5,FALSE) - VLOOKUP($A40,$A$3:$G$12,6,FALSE)>=(( $B$13)/1440)),1,0) -> 0 | E40: =IF(AND(VLOOKUP(E$30,$A$3:$G$12,5,FALSE) - VLOOKUP($A40,$A$3:$G$12,6,FALSE)>=(( $B$13)/1440)),1,0) -> 0 | F40: =IF(AND(VLOOKUP(F$30,$A$3:$G$12,5,FALSE) - VLOOKUP($A40,$A$3:$G$12,6,FALSE)>=(( $B$13)/1440)),1,0) -> 1 | G40: =IF(AND(VLOOKUP(G$30,$A$3:$G$12,5,FALSE) - VLOOKUP($A40,$A$3:$G$12,6,FALSE)>=(( $B$13)/1440)),1,0) -> 1 | H40: =IF(AND(VLOOKUP(H$30,$A$3:$G$12,5,FALSE) - VLOOKUP($A40,$A$3:$G$12,6,FALSE)>=(( $B$13)/1440)),1,0) -> 0 | I40: =IF(AND(VLOOKUP(I$30,$A$3:$G$12,5,FALSE) - VLOOKUP($A40,$A$3:$G$12,6,FALSE)>=(( $B$13)/1440)),1,0) -> 0 | J40: =IF(AND(VLOOKUP(J$30,$A$3:$G$12,5,FALSE) - VLOOKUP($A40,$A$3:$G$12,6,FALSE)>=(( $B$13)/1440)),1,0) -> 0 | ... L40: =IF(AND(VLOOKUP(L$30,$A$3:$G$12,5,FALSE) - VLOOKUP($A40,$A$3:$G$12,6,FALSE)>=(( $B$13)/1440)),1,0) -> 0 | O40: CA4 | P40: 0 | Q40: 0 | R40: 0 | S40: 0 | T40: 0 | U40: 1 | V40: 0 | W40: 0 | X40: 0 | Y40: 0 | Z40: 0
A41: CA5 | B41: 0 | C41: =IF(AND(VLOOKUP(C$30,$A$3:$G$12,5,FALSE) - VLOOKUP($A41,$A$3:$G$12,6,FALSE)>=(( $B$13)/1440)),1,0) -> 0 | D41: =IF(AND(VLOOKUP(D$30,$A$3:$G$12,5,FALSE) - VLOOKUP($A41,$A$3:$G$12,6,FALSE)>=(( $B$13)/1440)),1,0) -> 0 | E41: =IF(AND(VLOOKUP(E$30,$A$3:$G$12,5,FALSE) - VLOOKUP($A41,$A$3:$G$12,6,FALSE)>=(( $B$13)/1440)),1,0) -> 0 | F41: =IF(AND(VLOOKUP(F$30,$A$3:$G$12,5,FALSE) - VLOOKUP($A41,$A$3:$G$12,6,FALSE)>=(( $B$13)/1440)),1,0) -> 0 | G41: =IF(AND(VLOOKUP(G$30,$A$3:$G$12,5,FALSE) - VLOOKUP($A41,$A$3:$G$12,6,FALSE)>=(( $B$13)/1440)),1,0) -> 0 | H41: =IF(AND(VLOOKUP(H$30,$A$3:$G$12,5,FALSE) - VLOOKUP($A41,$A$3:$G$12,6,FALSE)>=(( $B$13)/1440)),1,0) -> 0 | I41: =IF(AND(VLOOKUP(I$30,$A$3:$G$12,5,FALSE) - VLOOKUP($A41,$A$3:$G$12,6,FALSE)>=(( $B$13)/1440)),1,0) -> 0 | J41: =IF(AND(VLOOKUP(J$30,$A$3:$G$12,5,FALSE) - VLOOKUP($A41,$A$3:$G$12,6,FALSE)>=(( $B$13)/1440)),1,0) -> 0 | ... L41: =IF(AND(VLOOKUP(L$30,$A$3:$G$12,5,FALSE) - VLOOKUP($A41,$A$3:$G$12,6,FALSE)>=(( $B$13)/1440)),1,0) -> 0 | O41: CA5 | P41: 0 | Q41: 0 | R41: 0 | S41: 0 | T41: 0 | U41: 0 | V41: 0 | W41: 0 | X41: 0 | Y41: 0 | Z41: 0
A42: DEPOT | B42: 0 | C42: 0 | D42: 0 | E42: 0 | F42: 0 | G42: 0 | H42: 0 | I42: 0 | J42: 0 | K42: 0 | L42: 0
A43: AC1 | B43: 0 | C43: =IF(AND(VLOOKUP(C$30,$A$3:$G$12,5,FALSE) - VLOOKUP($A43,$A$3:$G$12,6,FALSE)>=(( $B$14)/1440)),1,0) -> 0 | D43: =IF(AND(VLOOKUP(D$30,$A$3:$G$12,5,FALSE) - VLOOKUP($A43,$A$3:$G$12,6,FALSE)>=(( $B$14)/1440)),1,0) -> 0 | E43: =IF(AND(VLOOKUP(E$30,$A$3:$G$12,5,FALSE) - VLOOKUP($A43,$A$3:$G$12,6,FALSE)>=(( $B$14)/1440)),1,0) -> 1 | F43: =IF(AND(VLOOKUP(F$30,$A$3:$G$12,5,FALSE) - VLOOKUP($A43,$A$3:$G$12,6,FALSE)>=(( $B$14)/1440)),1,0) -> 1 | G43: =IF(AND(VLOOKUP(G$30,$A$3:$G$12,5,FALSE) - VLOOKUP($A43,$A$3:$G$12,6,FALSE)>=(( $B$14)/1440)),1,0) -> 1 | H43: =IF(AND(VLOOKUP(H$30,$A$3:$G$12,5,FALSE) - VLOOKUP($A43,$A$3:$G$12,6,FALSE)>=(( $B$14)/1440)),1,0) -> 0 | I43: =IF(AND(VLOOKUP(I$30,$A$3:$G$12,5,FALSE) - VLOOKUP($A43,$A$3:$G$12,6,FALSE)>=(( $B$14)/1440)),1,0) -> 0 | J43: =IF(AND(VLOOKUP(J$30,$A$3:$G$12,5,FALSE) - VLOOKUP($A43,$A$3:$G$12,6,FALSE)>=(( $B$14)/1440)),1,0) -> 1 | ... L43: =IF(AND(VLOOKUP(L$30,$A$3:$G$12,5,FALSE) - VLOOKUP($A43,$A$3:$G$12,6,FALSE)>=(( $B$14)/1440)),1,0) -> 1
A44: AC2 | B44: 0 | C44: =IF(AND(VLOOKUP(C$30,$A$3:$G$12,5,FALSE) - VLOOKUP($A44,$A$3:$G$12,6,FALSE)>=(( $B$14)/1440)),1,0) -> 0 | D44: =IF(AND(VLOOKUP(D$30,$A$3:$G$12,5,FALSE) - VLOOKUP($A44,$A$3:$G$12,6,FALSE)>=(( $B$14)/1440)),1,0) -> 0 | E44: =IF(AND(VLOOKUP(E$30,$A$3:$G$12,5,FALSE) - VLOOKUP($A44,$A$3:$G$12,6,FALSE)>=(( $B$14)/1440)),1,0) -> 0 | F44: =IF(AND(VLOOKUP(F$30,$A$3:$G$12,5,FALSE) - VLOOKUP($A44,$A$3:$G$12,6,FALSE)>=(( $B$14)/1440)),1,0) -> 1 | G44: =IF(AND(VLOOKUP(G$30,$A$3:$G$12,5,FALSE) - VLOOKUP($A44,$A$3:$G$12,6,FALSE)>=(( $B$14)/1440)),1,0) -> 1 | H44: =IF(AND(VLOOKUP(H$30,$A$3:$G$12,5,FALSE) - VLOOKUP($A44,$A$3:$G$12,6,FALSE)>=(( $B$14)/1440)),1,0) -> 0 | I44: =IF(AND(VLOOKUP(I$30,$A$3:$G$12,5,FALSE) - VLOOKUP($A44,$A$3:$G$12,6,FALSE)>=(( $B$14)/1440)),1,0) -> 0 | J44: =IF(AND(VLOOKUP(J$30,$A$3:$G$12,5,FALSE) - VLOOKUP($A44,$A$3:$G$12,6,FALSE)>=(( $B$14)/1440)),1,0) -> 0 | ... L44: =IF(AND(VLOOKUP(L$30,$A$3:$G$12,5,FALSE) - VLOOKUP($A44,$A$3:$G$12,6,FALSE)>=(( $B$14)/1440)),1,0) -> 1
A45: AC3 | B45: 0 | C45: =IF(AND(VLOOKUP(C$30,$A$3:$G$12,5,FALSE) - VLOOKUP($A45,$A$3:$G$12,6,FALSE)>=(( $B$14)/1440)),1,0) -> 0 | D45: =IF(AND(VLOOKUP(D$30,$A$3:$G$12,5,FALSE) - VLOOKUP($A45,$A$3:$G$12,6,FALSE)>=(( $B$14)/1440)),1,0) -> 0 | E45: =IF(AND(VLOOKUP(E$30,$A$3:$G$12,5,FALSE) - VLOOKUP($A45,$A$3:$G$12,6,FALSE)>=(( $B$14)/1440)),1,0) -> 0 | F45: =IF(AND(VLOOKUP(F$30,$A$3:$G$12,5,FALSE) - VLOOKUP($A45,$A$3:$G$12,6,FALSE)>=(( $B$14)/1440)),1,0) -> 1 | G45: =IF(AND(VLOOKUP(G$30,$A$3:$G$12,5,FALSE) - VLOOKUP($A45,$A$3:$G$12,6,FALSE)>=(( $B$14)/1440)),1,0) -> 1 | H45: =IF(AND(VLOOKUP(H$30,$A$3:$G$12,5,FALSE) - VLOOKUP($A45,$A$3:$G$12,6,FALSE)>=(( $B$14)/1440)),1,0) -> 0 | I45: =IF(AND(VLOOKUP(I$30,$A$3:$G$12,5,FALSE) - VLOOKUP($A45,$A$3:$G$12,6,FALSE)>=(( $B$14)/1440)),1,0) -> 0 | J45: =IF(AND(VLOOKUP(J$30,$A$3:$G$12,5,FALSE) - VLOOKUP($A45,$A$3:$G$12,6,FALSE)>=(( $B$14)/1440)),1,0) -> 0 | ... L45: =IF(AND(VLOOKUP(L$30,$A$3:$G$12,5,FALSE) - VLOOKUP($A45,$A$3:$G$12,6,FALSE)>=(( $B$14)/1440)),1,0) -> 1 | O45: \zeta | P45: DEPOT | Q45: AC1 | R45: AC2 | S45: AC3 | T45: AC4 | U45: AC5 | V45: CA1 | W45: CA2 | X45: CA3 | Y45: CA4 | Z45: CA5
A46: AC4 | B46: 0 | C46: =IF(AND(VLOOKUP(C$30,$A$3:$G$12,5,FALSE) - VLOOKUP($A46,$A$3:$G$12,6,FALSE)>=(( $B$14)/1440)),1,0) -> 0 | D46: =IF(AND(VLOOKUP(D$30,$A$3:$G$12,5,FALSE) - VLOOKUP($A46,$A$3:$G$12,6,FALSE)>=(( $B$14)/1440)),1,0) -> 0 | E46: =IF(AND(VLOOKUP(E$30,$A$3:$G$12,5,FALSE) - VLOOKUP($A46,$A$3:$G$12,6,FALSE)>=(( $B$14)/1440)),1,0) -> 0 | F46: =IF(AND(VLOOKUP(F$30,$A$3:$G$12,5,FALSE) - VLOOKUP($A46,$A$3:$G$12,6,FALSE)>=(( $B$14)/1440)),1,0) -> 0 | G46: =IF(AND(VLOOKUP(G$30,$A$3:$G$12,5,FALSE) - VLOOKUP($A46,$A$3:$G$12,6,FALSE)>=(( $B$14)/1440)),1,0) -> 0 | H46: =IF(AND(VLOOKUP(H$30,$A$3:$G$12,5,FALSE) - VLOOKUP($A46,$A$3:$G$12,6,FALSE)>=(( $B$14)/1440)),1,0) -> 0 | I46: =IF(AND(VLOOKUP(I$30,$A$3:$G$12,5,FALSE) - VLOOKUP($A46,$A$3:$G$12,6,FALSE)>=(( $B$14)/1440)),1,0) -> 0 | J46: =IF(AND(VLOOKUP(J$30,$A$3:$G$12,5,FALSE) - VLOOKUP($A46,$A$3:$G$12,6,FALSE)>=(( $B$14)/1440)),1,0) -> 0 | ... L46: =IF(AND(VLOOKUP(L$30,$A$3:$G$12,5,FALSE) - VLOOKUP($A46,$A$3:$G$12,6,FALSE)>=(( $B$14)/1440)),1,0) -> 0 | N46: 0 | O46: DEPOT | P46: 0 | Q46: 0 | R46: 0 | S46: 0 | T46: 0 | U46: 0 | V46: 0 | W46: 0 | X46: 0 | Y46: 0 | Z46: 0 | AA46: 0
A47: AC5 | B47: 0 | C47: =IF(AND(VLOOKUP(C$30,$A$3:$G$12,5,FALSE) - VLOOKUP($A47,$A$3:$G$12,6,FALSE)>=(( $B$14)/1440)),1,0) -> 0 | D47: =IF(AND(VLOOKUP(D$30,$A$3:$G$12,5,FALSE) - VLOOKUP($A47,$A$3:$G$12,6,FALSE)>=(( $B$14)/1440)),1,0) -> 0 | E47: =IF(AND(VLOOKUP(E$30,$A$3:$G$12,5,FALSE) - VLOOKUP($A47,$A$3:$G$12,6,FALSE)>=(( $B$14)/1440)),1,0) -> 0 | F47: =IF(AND(VLOOKUP(F$30,$A$3:$G$12,5,FALSE) - VLOOKUP($A47,$A$3:$G$12,6,FALSE)>=(( $B$14)/1440)),1,0) -> 0 | G47: =IF(AND(VLOOKUP(G$30,$A$3:$G$12,5,FALSE) - VLOOKUP($A47,$A$3:$G$12,6,FALSE)>=(( $B$14)/1440)),1,0) -> 0 | H47: =IF(AND(VLOOKUP(H$30,$A$3:$G$12,5,FALSE) - VLOOKUP($A47,$A$3:$G$12,6,FALSE)>=(( $B$14)/1440)),1,0) -> 0 | I47: =IF(AND(VLOOKUP(I$30,$A$3:$G$12,5,FALSE) - VLOOKUP($A47,$A$3:$G$12,6,FALSE)>=(( $B$14)/1440)),1,0) -> 0 | J47: =IF(AND(VLOOKUP(J$30,$A$3:$G$12,5,FALSE) - VLOOKUP($A47,$A$3:$G$12,6,FALSE)>=(( $B$14)/1440)),1,0) -> 0 | ... L47: =IF(AND(VLOOKUP(L$30,$A$3:$G$12,5,FALSE) - VLOOKUP($A47,$A$3:$G$12,6,FALSE)>=(( $B$14)/1440)),1,0) -> 0 | N47: 0 | O47: AC1 | P47: 0 | Q47: =IF(AND(SUM(VLOOKUP($O47,$A$2:$H$12,2,FALSE),VLOOKUP(Q$45,$A$2:$H$12,2,FALSE))<$K$14,$O47<>Q$45,C18=1),(VLOOKUP(Q$45,$A$2:$H$12,5,FALSE)*1440)-(VLOOKUP($O47,$A$2:$H$12,6,FALSE))*1440,0) -> 0 | R47: =IF(AND(SUM(VLOOKUP($O47,$A$2:$H$12,2,FALSE),VLOOKUP(R$45,$A$2:$H$12,2,FALSE))<$K$14,$O47<>R$45,D18=1),(VLOOKUP(R$45,$A$2:$H$12,5,FALSE)*1440)-(VLOOKUP($O47,$A$2:$H$12,6,FALSE))*1440,0) -> 0 | S47: =IF(AND(SUM(VLOOKUP($O47,$A$2:$H$12,2,FALSE),VLOOKUP(S$45,$A$2:$H$12,2,FALSE))<$K$14,$O47<>S$45,E18=1),(VLOOKUP(S$45,$A$2:$H$12,5,FALSE)*1440)-(VLOOKUP($O47,$A$2:$H$12,6,FALSE))*1440,0) -> 0 | T47: =IF(AND(SUM(VLOOKUP($O47,$A$2:$H$12,2,FALSE),VLOOKUP(T$45,$A$2:$H$12,2,FALSE))<$K$14,$O47<>T$45,F18=1),(VLOOKUP(T$45,$A$2:$H$12,5,FALSE)*1440)-(VLOOKUP($O47,$A$2:$H$12,6,FALSE))*1440,0) -> 0 | U47: =IF(AND(SUM(VLOOKUP($O47,$A$2:$H$12,2,FALSE),VLOOKUP(U$45,$A$2:$H$12,2,FALSE))<$K$14,$O47<>U$45,G18=1),(VLOOKUP(U$45,$A$2:$H$12,5,FALSE)*1440)-(VLOOKUP($O47,$A$2:$H$12,6,FALSE))*1440,0) -> 0 | V47: =IF(AND(SUM(VLOOKUP($O47,$A$2:$H$12,2,FALSE),VLOOKUP(V$45,$A$2:$H$12,2,FALSE))<$K$14,$O47<>V$45,H18=1),(VLOOKUP(V$45,$A$2:$H$12,5,FALSE)*1440)-(VLOOKUP($O47,$A$2:$H$12,6,FALSE))*1440,0) -> 0 | W47: 45 | X47: =IF(AND(SUM(VLOOKUP($O47,$A$2:$H$12,2,FALSE),VLOOKUP(X$45,$A$2:$H$12,2,FALSE))<$K$14,$O47<>X$45,J18=1),(VLOOKUP(X$45,$A$2:$H$12,5,FALSE)*1440)-(VLOOKUP($O47,$A$2:$H$12,6,FALSE))*1440,0) -> 165 | Y47: 225 | Z47: =IF(AND(SUM(VLOOKUP($O47,$A$2:$H$12,2,FALSE),VLOOKUP(Z$45,$A$2:$H$12,2,FALSE))<$K$14,$O47<>Z$45,L18=1),(VLOOKUP(Z$45,$A$2:$H$12,5,FALSE)*1440)-(VLOOKUP($O47,$A$2:$H$12,6,FALSE))*1440,0) -> 345 | AA47: =AA46+1 -> 1
A48: CA1 | B48: 0 | C48: =IF(AND(VLOOKUP(C$30,$A$3:$G$12,5,FALSE) - VLOOKUP($A48,$A$3:$G$12,6,FALSE)>=(( $B$14)/1440)),1,0) -> 0 | D48: =IF(AND(VLOOKUP(D$30,$A$3:$G$12,5,FALSE) - VLOOKUP($A48,$A$3:$G$12,6,FALSE)>=(( $B$14)/1440)),1,0) -> 0 | E48: =IF(AND(VLOOKUP(E$30,$A$3:$G$12,5,FALSE) - VLOOKUP($A48,$A$3:$G$12,6,FALSE)>=(( $B$14)/1440)),1,0) -> 1 | F48: =IF(AND(VLOOKUP(F$30,$A$3:$G$12,5,FALSE) - VLOOKUP($A48,$A$3:$G$12,6,FALSE)>=(( $B$14)/1440)),1,0) -> 1 | G48: =IF(AND(VLOOKUP(G$30,$A$3:$G$12,5,FALSE) - VLOOKUP($A48,$A$3:$G$12,6,FALSE)>=(( $B$14)/1440)),1,0) -> 1 | H48: =IF(AND(VLOOKUP(H$30,$A$3:$G$12,5,FALSE) - VLOOKUP($A48,$A$3:$G$12,6,FALSE)>=(( $B$14)/1440)),1,0) -> 0 | I48: =IF(AND(VLOOKUP(I$30,$A$3:$G$12,5,FALSE) - VLOOKUP($A48,$A$3:$G$12,6,FALSE)>=(( $B$14)/1440)),1,0) -> 0 | J48: =IF(AND(VLOOKUP(J$30,$A$3:$G$12,5,FALSE) - VLOOKUP($A48,$A$3:$G$12,6,FALSE)>=(( $B$14)/1440)),1,0) -> 1 | ... L48: =IF(AND(VLOOKUP(L$30,$A$3:$G$12,5,FALSE) - VLOOKUP($A48,$A$3:$G$12,6,FALSE)>=(( $B$14)/1440)),1,0) -> 1 | N48: 0 | O48: AC2 | P48: 0 | Q48: =IF(AND(SUM(VLOOKUP($O48,$A$2:$H$12,2,FALSE),VLOOKUP(Q$45,$A$2:$H$12,2,FALSE))<$K$14,$O48<>Q$45,C19=1),(VLOOKUP(Q$45,$A$2:$H$12,5,FALSE)*1440)-(VLOOKUP($O48,$A$2:$H$12,6,FALSE))*1440,0) -> 0 | R48: =IF(AND(SUM(VLOOKUP($O48,$A$2:$H$12,2,FALSE),VLOOKUP(R$45,$A$2:$H$12,2,FALSE))<$K$14,$O48<>R$45,D19=1),(VLOOKUP(R$45,$A$2:$H$12,5,FALSE)*1440)-(VLOOKUP($O48,$A$2:$H$12,6,FALSE))*1440,0) -> 0 | S48: =IF(AND(SUM(VLOOKUP($O48,$A$2:$H$12,2,FALSE),VLOOKUP(S$45,$A$2:$H$12,2,FALSE))<$K$14,$O48<>S$45,E19=1),(VLOOKUP(S$45,$A$2:$H$12,5,FALSE)*1440)-(VLOOKUP($O48,$A$2:$H$12,6,FALSE))*1440,0) -> 0 | T48: =IF(AND(SUM(VLOOKUP($O48,$A$2:$H$12,2,FALSE),VLOOKUP(T$45,$A$2:$H$12,2,FALSE))<$K$14,$O48<>T$45,F19=1),(VLOOKUP(T$45,$A$2:$H$12,5,FALSE)*1440)-(VLOOKUP($O48,$A$2:$H$12,6,FALSE))*1440,0) -> 0 | U48: =IF(AND(SUM(VLOOKUP($O48,$A$2:$H$12,2,FALSE),VLOOKUP(U$45,$A$2:$H$12,2,FALSE))<$K$14,$O48<>U$45,G19=1),(VLOOKUP(U$45,$A$2:$H$12,5,FALSE)*1440)-(VLOOKUP($O48,$A$2:$H$12,6,FALSE))*1440,0) -> 0 | V48: =IF(AND(SUM(VLOOKUP($O48,$A$2:$H$12,2,FALSE),VLOOKUP(V$45,$A$2:$H$12,2,FALSE))<$K$14,$O48<>V$45,H19=1),(VLOOKUP(V$45,$A$2:$H$12,5,FALSE)*1440)-(VLOOKUP($O48,$A$2:$H$12,6,FALSE))*1440,0) -> 0 | W48: =IF(AND(SUM(VLOOKUP($O48,$A$2:$H$12,2,FALSE),VLOOKUP(W$45,$A$2:$H$12,2,FALSE))<$K$14,$O48<>W$45,I19=1),(VLOOKUP(W$45,$A$2:$H$12,5,FALSE)*1440)-(VLOOKUP($O48,$A$2:$H$12,6,FALSE))*1440,0) -> 0 | X48: =IF(AND(SUM(VLOOKUP($O48,$A$2:$H$12,2,FALSE),VLOOKUP(X$45,$A$2:$H$12,2,FALSE))<$K$14,$O48<>X$45,J19=1),(VLOOKUP(X$45,$A$2:$H$12,5,FALSE)*1440)-(VLOOKUP($O48,$A$2:$H$12,6,FALSE))*1440,0) -> 45 | Y48: 105 | Z48: =IF(AND(SUM(VLOOKUP($O48,$A$2:$H$12,2,FALSE),VLOOKUP(Z$45,$A$2:$H$12,2,FALSE))<$K$14,$O48<>Z$45,L19=1),(VLOOKUP(Z$45,$A$2:$H$12,5,FALSE)*1440)-(VLOOKUP($O48,$A$2:$H$12,6,FALSE))*1440,0) -> 225 | AA48: =AA47+1 -> 2
A49: CA2 | B49: 0 | C49: =IF(AND(VLOOKUP(C$30,$A$3:$G$12,5,FALSE) - VLOOKUP($A49,$A$3:$G$12,6,FALSE)>=(( $B$14)/1440)),1,0) -> 0 | D49: =IF(AND(VLOOKUP(D$30,$A$3:$G$12,5,FALSE) - VLOOKUP($A49,$A$3:$G$12,6,FALSE)>=(( $B$14)/1440)),1,0) -> 0 | E49: =IF(AND(VLOOKUP(E$30,$A$3:$G$12,5,FALSE) - VLOOKUP($A49,$A$3:$G$12,6,FALSE)>=(( $B$14)/1440)),1,0) -> 0 | F49: =IF(AND(VLOOKUP(F$30,$A$3:$G$12,5,FALSE) - VLOOKUP($A49,$A$3:$G$12,6,FALSE)>=(( $B$14)/1440)),1,0) -> 1 | G49: =IF(AND(VLOOKUP(G$30,$A$3:$G$12,5,FALSE) - VLOOKUP($A49,$A$3:$G$12,6,FALSE)>=(( $B$14)/1440)),1,0) -> 1 | H49: =IF(AND(VLOOKUP(H$30,$A$3:$G$12,5,FALSE) - VLOOKUP($A49,$A$3:$G$12,6,FALSE)>=(( $B$14)/1440)),1,0) -> 0 | I49: =IF(AND(VLOOKUP(I$30,$A$3:$G$12,5,FALSE) - VLOOKUP($A49,$A$3:$G$12,6,FALSE)>=(( $B$14)/1440)),1,0) -> 0 | J49: =IF(AND(VLOOKUP(J$30,$A$3:$G$12,5,FALSE) - VLOOKUP($A49,$A$3:$G$12,6,FALSE)>=(( $B$14)/1440)),1,0) -> 0 | ... L49: =IF(AND(VLOOKUP(L$30,$A$3:$G$12,5,FALSE) - VLOOKUP($A49,$A$3:$G$12,6,FALSE)>=(( $B$14)/1440)),1,0) -> 1 | N49: 0 | O49: AC3 | P49: 0 | Q49: =IF(AND(SUM(VLOOKUP($O49,$A$2:$H$12,2,FALSE),VLOOKUP(Q$45,$A$2:$H$12,2,FALSE))<$K$14,$O49<>Q$45,C20=1),(VLOOKUP(Q$45,$A$2:$H$12,5,FALSE)*1440)-(VLOOKUP($O49,$A$2:$H$12,6,FALSE))*1440,0) -> 0 | R49: =IF(AND(SUM(VLOOKUP($O49,$A$2:$H$12,2,FALSE),VLOOKUP(R$45,$A$2:$H$12,2,FALSE))<$K$14,$O49<>R$45,D20=1),(VLOOKUP(R$45,$A$2:$H$12,5,FALSE)*1440)-(VLOOKUP($O49,$A$2:$H$12,6,FALSE))*1440,0) -> 0 | S49: =IF(AND(SUM(VLOOKUP($O49,$A$2:$H$12,2,FALSE),VLOOKUP(S$45,$A$2:$H$12,2,FALSE))<$K$14,$O49<>S$45,E20=1),(VLOOKUP(S$45,$A$2:$H$12,5,FALSE)*1440)-(VLOOKUP($O49,$A$2:$H$12,6,FALSE))*1440,0) -> 0 | T49: =IF(AND(SUM(VLOOKUP($O49,$A$2:$H$12,2,FALSE),VLOOKUP(T$45,$A$2:$H$12,2,FALSE))<$K$14,$O49<>T$45,F20=1),(VLOOKUP(T$45,$A$2:$H$12,5,FALSE)*1440)-(VLOOKUP($O49,$A$2:$H$12,6,FALSE))*1440,0) -> 0 | U49: =IF(AND(SUM(VLOOKUP($O49,$A$2:$H$12,2,FALSE),VLOOKUP(U$45,$A$2:$H$12,2,FALSE))<$K$14,$O49<>U$45,G20=1),(VLOOKUP(U$45,$A$2:$H$12,5,FALSE)*1440)-(VLOOKUP($O49,$A$2:$H$12,6,FALSE))*1440,0) -> 0 | V49: =IF(AND(SUM(VLOOKUP($O49,$A$2:$H$12,2,FALSE),VLOOKUP(V$45,$A$2:$H$12,2,FALSE))<$K$14,$O49<>V$45,H20=1),(VLOOKUP(V$45,$A$2:$H$12,5,FALSE)*1440)-(VLOOKUP($O49,$A$2:$H$12,6,FALSE))*1440,0) -> 0 | W49: =IF(AND(SUM(VLOOKUP($O49,$A$2:$H$12,2,FALSE),VLOOKUP(W$45,$A$2:$H$12,2,FALSE))<$K$14,$O49<>W$45,I20=1),(VLOOKUP(W$45,$A$2:$H$12,5,FALSE)*1440)-(VLOOKUP($O49,$A$2:$H$12,6,FALSE))*1440,0) -> 0 | X49: =IF(AND(SUM(VLOOKUP($O49,$A$2:$H$12,2,FALSE),VLOOKUP(X$45,$A$2:$H$12,2,FALSE))<$K$14,$O49<>X$45,J20=1),(VLOOKUP(X$45,$A$2:$H$12,5,FALSE)*1440)-(VLOOKUP($O49,$A$2:$H$12,6,FALSE))*1440,0) -> 0 | ... Z49: =IF(AND(SUM(VLOOKUP($O49,$A$2:$H$12,2,FALSE),VLOOKUP(Z$45,$A$2:$H$12,2,FALSE))<$K$14,$O49<>Z$45,L20=1),(VLOOKUP(Z$45,$A$2:$H$12,5,FALSE)*1440)-(VLOOKUP($O49,$A$2:$H$12,6,FALSE))*1440,0) -> 105 | AA49: =AA48+1 -> 3
A50: CA3 | B50: 0 | C50: =IF(AND(VLOOKUP(C$30,$A$3:$G$12,5,FALSE) - VLOOKUP($A50,$A$3:$G$12,6,FALSE)>=(( $B$14)/1440)),1,0) -> 0 | D50: =IF(AND(VLOOKUP(D$30,$A$3:$G$12,5,FALSE) - VLOOKUP($A50,$A$3:$G$12,6,FALSE)>=(( $B$14)/1440)),1,0) -> 0 | E50: =IF(AND(VLOOKUP(E$30,$A$3:$G$12,5,FALSE) - VLOOKUP($A50,$A$3:$G$12,6,FALSE)>=(( $B$14)/1440)),1,0) -> 0 | F50: =IF(AND(VLOOKUP(F$30,$A$3:$G$12,5,FALSE) - VLOOKUP($A50,$A$3:$G$12,6,FALSE)>=(( $B$14)/1440)),1,0) -> 1 | G50: =IF(AND(VLOOKUP(G$30,$A$3:$G$12,5,FALSE) - VLOOKUP($A50,$A$3:$G$12,6,FALSE)>=(( $B$14)/1440)),1,0) -> 1 | H50: =IF(AND(VLOOKUP(H$30,$A$3:$G$12,5,FALSE) - VLOOKUP($A50,$A$3:$G$12,6,FALSE)>=(( $B$14)/1440)),1,0) -> 0 | I50: =IF(AND(VLOOKUP(I$30,$A$3:$G$12,5,FALSE) - VLOOKUP($A50,$A$3:$G$12,6,FALSE)>=(( $B$14)/1440)),1,0) -> 0 | J50: =IF(AND(VLOOKUP(J$30,$A$3:$G$12,5,FALSE) - VLOOKUP($A50,$A$3:$G$12,6,FALSE)>=(( $B$14)/1440)),1,0) -> 0 | ... L50: =IF(AND(VLOOKUP(L$30,$A$3:$G$12,5,FALSE) - VLOOKUP($A50,$A$3:$G$12,6,FALSE)>=(( $B$14)/1440)),1,0) -> 0 | N50: 0 | O50: AC4 | P50: 0 | Q50: =IF(AND(SUM(VLOOKUP($O50,$A$2:$H$12,2,FALSE),VLOOKUP(Q$45,$A$2:$H$12,2,FALSE))<$K$14,$O50<>Q$45,C21=1),(VLOOKUP(Q$45,$A$2:$H$12,5,FALSE)*1440)-(VLOOKUP($O50,$A$2:$H$12,6,FALSE))*1440,0) -> 0 | R50: =IF(AND(SUM(VLOOKUP($O50,$A$2:$H$12,2,FALSE),VLOOKUP(R$45,$A$2:$H$12,2,FALSE))<$K$14,$O50<>R$45,D21=1),(VLOOKUP(R$45,$A$2:$H$12,5,FALSE)*1440)-(VLOOKUP($O50,$A$2:$H$12,6,FALSE))*1440,0) -> 0 | S50: =IF(AND(SUM(VLOOKUP($O50,$A$2:$H$12,2,FALSE),VLOOKUP(S$45,$A$2:$H$12,2,FALSE))<$K$14,$O50<>S$45,E21=1),(VLOOKUP(S$45,$A$2:$H$12,5,FALSE)*1440)-(VLOOKUP($O50,$A$2:$H$12,6,FALSE))*1440,0) -> 0 | T50: =IF(AND(SUM(VLOOKUP($O50,$A$2:$H$12,2,FALSE),VLOOKUP(T$45,$A$2:$H$12,2,FALSE))<$K$14,$O50<>T$45,F21=1),(VLOOKUP(T$45,$A$2:$H$12,5,FALSE)*1440)-(VLOOKUP($O50,$A$2:$H$12,6,FALSE))*1440,0) -> 0 | U50: =IF(AND(SUM(VLOOKUP($O50,$A$2:$H$12,2,FALSE),VLOOKUP(U$45,$A$2:$H$12,2,FALSE))<$K$14,$O50<>U$45,G21=1),(VLOOKUP(U$45,$A$2:$H$12,5,FALSE)*1440)-(VLOOKUP($O50,$A$2:$H$12,6,FALSE))*1440,0) -> 0 | V50: =IF(AND(SUM(VLOOKUP($O50,$A$2:$H$12,2,FALSE),VLOOKUP(V$45,$A$2:$H$12,2,FALSE))<$K$14,$O50<>V$45,H21=1),(VLOOKUP(V$45,$A$2:$H$12,5,FALSE)*1440)-(VLOOKUP($O50,$A$2:$H$12,6,FALSE))*1440,0) -> 0 | W50: =IF(AND(SUM(VLOOKUP($O50,$A$2:$H$12,2,FALSE),VLOOKUP(W$45,$A$2:$H$12,2,FALSE))<$K$14,$O50<>W$45,I21=1),(VLOOKUP(W$45,$A$2:$H$12,5,FALSE)*1440)-(VLOOKUP($O50,$A$2:$H$12,6,FALSE))*1440,0) -> 0 | X50: =IF(AND(SUM(VLOOKUP($O50,$A$2:$H$12,2,FALSE),VLOOKUP(X$45,$A$2:$H$12,2,FALSE))<$K$14,$O50<>X$45,J21=1),(VLOOKUP(X$45,$A$2:$H$12,5,FALSE)*1440)-(VLOOKUP($O50,$A$2:$H$12,6,FALSE))*1440,0) -> 0 | ... Z50: =IF(AND(SUM(VLOOKUP($O50,$A$2:$H$12,2,FALSE),VLOOKUP(Z$45,$A$2:$H$12,2,FALSE))<$K$14,$O50<>Z$45,L21=1),(VLOOKUP(Z$45,$A$2:$H$12,5,FALSE)*1440)-(VLOOKUP($O50,$A$2:$H$12,6,FALSE))*1440,0) -> 0 | AA50: =AA49+1 -> 4 | AC50: r | AD50: i | AE50: j | AF50: x | AG50: y | AH50: ZETA
A51: CA4 | B51: 0 | C51: =IF(AND(VLOOKUP(C$30,$A$3:$G$12,5,FALSE) - VLOOKUP($A51,$A$3:$G$12,6,FALSE)>=(( $B$14)/1440)),1,0) -> 0 | D51: =IF(AND(VLOOKUP(D$30,$A$3:$G$12,5,FALSE) - VLOOKUP($A51,$A$3:$G$12,6,FALSE)>=(( $B$14)/1440)),1,0) -> 0 | E51: =IF(AND(VLOOKUP(E$30,$A$3:$G$12,5,FALSE) - VLOOKUP($A51,$A$3:$G$12,6,FALSE)>=(( $B$14)/1440)),1,0) -> 0 | F51: =IF(AND(VLOOKUP(F$30,$A$3:$G$12,5,FALSE) - VLOOKUP($A51,$A$3:$G$12,6,FALSE)>=(( $B$14)/1440)),1,0) -> 1 | G51: =IF(AND(VLOOKUP(G$30,$A$3:$G$12,5,FALSE) - VLOOKUP($A51,$A$3:$G$12,6,FALSE)>=(( $B$14)/1440)),1,0) -> 1 | H51: =IF(AND(VLOOKUP(H$30,$A$3:$G$12,5,FALSE) - VLOOKUP($A51,$A$3:$G$12,6,FALSE)>=(( $B$14)/1440)),1,0) -> 0 | I51: =IF(AND(VLOOKUP(I$30,$A$3:$G$12,5,FALSE) - VLOOKUP($A51,$A$3:$G$12,6,FALSE)>=(( $B$14)/1440)),1,0) -> 0 | J51: =IF(AND(VLOOKUP(J$30,$A$3:$G$12,5,FALSE) - VLOOKUP($A51,$A$3:$G$12,6,FALSE)>=(( $B$14)/1440)),1,0) -> 0 | ... L51: =IF(AND(VLOOKUP(L$30,$A$3:$G$12,5,FALSE) - VLOOKUP($A51,$A$3:$G$12,6,FALSE)>=(( $B$14)/1440)),1,0) -> 0 | N51: 0 | O51: AC5 | P51: 0 | Q51: =IF(AND(SUM(VLOOKUP($O51,$A$2:$H$12,2,FALSE),VLOOKUP(Q$45,$A$2:$H$12,2,FALSE))<$K$14,$O51<>Q$45,C22=1),(VLOOKUP(Q$45,$A$2:$H$12,5,FALSE)*1440)-(VLOOKUP($O51,$A$2:$H$12,6,FALSE))*1440,0) -> 0 | R51: =IF(AND(SUM(VLOOKUP($O51,$A$2:$H$12,2,FALSE),VLOOKUP(R$45,$A$2:$H$12,2,FALSE))<$K$14,$O51<>R$45,D22=1),(VLOOKUP(R$45,$A$2:$H$12,5,FALSE)*1440)-(VLOOKUP($O51,$A$2:$H$12,6,FALSE))*1440,0) -> 0 | S51: =IF(AND(SUM(VLOOKUP($O51,$A$2:$H$12,2,FALSE),VLOOKUP(S$45,$A$2:$H$12,2,FALSE))<$K$14,$O51<>S$45,E22=1),(VLOOKUP(S$45,$A$2:$H$12,5,FALSE)*1440)-(VLOOKUP($O51,$A$2:$H$12,6,FALSE))*1440,0) -> 0 | T51: =IF(AND(SUM(VLOOKUP($O51,$A$2:$H$12,2,FALSE),VLOOKUP(T$45,$A$2:$H$12,2,FALSE))<$K$14,$O51<>T$45,F22=1),(VLOOKUP(T$45,$A$2:$H$12,5,FALSE)*1440)-(VLOOKUP($O51,$A$2:$H$12,6,FALSE))*1440,0) -> 0 | U51: =IF(AND(SUM(VLOOKUP($O51,$A$2:$H$12,2,FALSE),VLOOKUP(U$45,$A$2:$H$12,2,FALSE))<$K$14,$O51<>U$45,G22=1),(VLOOKUP(U$45,$A$2:$H$12,5,FALSE)*1440)-(VLOOKUP($O51,$A$2:$H$12,6,FALSE))*1440,0) -> 0 | V51: =IF(AND(SUM(VLOOKUP($O51,$A$2:$H$12,2,FALSE),VLOOKUP(V$45,$A$2:$H$12,2,FALSE))<$K$14,$O51<>V$45,H22=1),(VLOOKUP(V$45,$A$2:$H$12,5,FALSE)*1440)-(VLOOKUP($O51,$A$2:$H$12,6,FALSE))*1440,0) -> 0 | W51: =IF(AND(SUM(VLOOKUP($O51,$A$2:$H$12,2,FALSE),VLOOKUP(W$45,$A$2:$H$12,2,FALSE))<$K$14,$O51<>W$45,I22=1),(VLOOKUP(W$45,$A$2:$H$12,5,FALSE)*1440)-(VLOOKUP($O51,$A$2:$H$12,6,FALSE))*1440,0) -> 0 | X51: =IF(AND(SUM(VLOOKUP($O51,$A$2:$H$12,2,FALSE),VLOOKUP(X$45,$A$2:$H$12,2,FALSE))<$K$14,$O51<>X$45,J22=1),(VLOOKUP(X$45,$A$2:$H$12,5,FALSE)*1440)-(VLOOKUP($O51,$A$2:$H$12,6,FALSE))*1440,0) -> 0 | ... Z51: =IF(AND(SUM(VLOOKUP($O51,$A$2:$H$12,2,FALSE),VLOOKUP(Z$45,$A$2:$H$12,2,FALSE))<$K$14,$O51<>Z$45,L22=1),(VLOOKUP(Z$45,$A$2:$H$12,5,FALSE)*1440)-(VLOOKUP($O51,$A$2:$H$12,6,FALSE))*1440,0) -> 0 | AA51: =AA50+1 -> 5 | AC51: 11 | AD51: 4 | AE51: 5 | AF51: =(AC51-10)*11+AD51+1 -> 16 | AG51: =AE51+1 -> 6 | AH51: =OFFSET($O$45,AF51,AG51) -> 0
A52: CA5 | B52: 0 | C52: =IF(AND(VLOOKUP(C$30,$A$3:$G$12,5,FALSE) - VLOOKUP($A52,$A$3:$G$12,6,FALSE)>=(( $B$14)/1440)),1,0) -> 0 | D52: =IF(AND(VLOOKUP(D$30,$A$3:$G$12,5,FALSE) - VLOOKUP($A52,$A$3:$G$12,6,FALSE)>=(( $B$14)/1440)),1,0) -> 0 | E52: =IF(AND(VLOOKUP(E$30,$A$3:$G$12,5,FALSE) - VLOOKUP($A52,$A$3:$G$12,6,FALSE)>=(( $B$14)/1440)),1,0) -> 0 | F52: =IF(AND(VLOOKUP(F$30,$A$3:$G$12,5,FALSE) - VLOOKUP($A52,$A$3:$G$12,6,FALSE)>=(( $B$14)/1440)),1,0) -> 0 | G52: =IF(AND(VLOOKUP(G$30,$A$3:$G$12,5,FALSE) - VLOOKUP($A52,$A$3:$G$12,6,FALSE)>=(( $B$14)/1440)),1,0) -> 0 | H52: =IF(AND(VLOOKUP(H$30,$A$3:$G$12,5,FALSE) - VLOOKUP($A52,$A$3:$G$12,6,FALSE)>=(( $B$14)/1440)),1,0) -> 0 | I52: =IF(AND(VLOOKUP(I$30,$A$3:$G$12,5,FALSE) - VLOOKUP($A52,$A$3:$G$12,6,FALSE)>=(( $B$14)/1440)),1,0) -> 0 | J52: =IF(AND(VLOOKUP(J$30,$A$3:$G$12,5,FALSE) - VLOOKUP($A52,$A$3:$G$12,6,FALSE)>=(( $B$14)/1440)),1,0) -> 0 | ... L52: =IF(AND(VLOOKUP(L$30,$A$3:$G$12,5,FALSE) - VLOOKUP($A52,$A$3:$G$12,6,FALSE)>=(( $B$14)/1440)),1,0) -> 0 | N52: 0 | O52: CA1 | P52: 0 | Q52: =IF(AND(SUM(VLOOKUP($O52,$A$2:$H$12,2,FALSE),VLOOKUP(Q$45,$A$2:$H$12,2,FALSE))<$K$14,$O52<>Q$45,C23=1),(VLOOKUP(Q$45,$A$2:$H$12,5,FALSE)*1440)-(VLOOKUP($O52,$A$2:$H$12,6,FALSE))*1440,0) -> 0 | R52: =IF(AND(SUM(VLOOKUP($O52,$A$2:$H$12,2,FALSE),VLOOKUP(R$45,$A$2:$H$12,2,FALSE))<$K$14,$O52<>R$45,D23=1),(VLOOKUP(R$45,$A$2:$H$12,5,FALSE)*1440)-(VLOOKUP($O52,$A$2:$H$12,6,FALSE))*1440,0) -> 0 | S52: =IF(AND(SUM(VLOOKUP($O52,$A$2:$H$12,2,FALSE),VLOOKUP(S$45,$A$2:$H$12,2,FALSE))<$K$14,$O52<>S$45,E23=1),(VLOOKUP(S$45,$A$2:$H$12,5,FALSE)*1440)-(VLOOKUP($O52,$A$2:$H$12,6,FALSE))*1440,0) -> 85 | T52: =IF(AND(SUM(VLOOKUP($O52,$A$2:$H$12,2,FALSE),VLOOKUP(T$45,$A$2:$H$12,2,FALSE))<$K$14,$O52<>T$45,F23=1),(VLOOKUP(T$45,$A$2:$H$12,5,FALSE)*1440)-(VLOOKUP($O52,$A$2:$H$12,6,FALSE))*1440,0) -> 445 | U52: =IF(AND(SUM(VLOOKUP($O52,$A$2:$H$12,2,FALSE),VLOOKUP(U$45,$A$2:$H$12,2,FALSE))<$K$14,$O52<>U$45,G23=1),(VLOOKUP(U$45,$A$2:$H$12,5,FALSE)*1440)-(VLOOKUP($O52,$A$2:$H$12,6,FALSE))*1440,0) -> 505 | V52: =IF(AND(SUM(VLOOKUP($O52,$A$2:$H$12,2,FALSE),VLOOKUP(V$45,$A$2:$H$12,2,FALSE))<$K$14,$O52<>V$45,H23=1),(VLOOKUP(V$45,$A$2:$H$12,5,FALSE)*1440)-(VLOOKUP($O52,$A$2:$H$12,6,FALSE))*1440,0) -> 0 | W52: =IF(AND(SUM(VLOOKUP($O52,$A$2:$H$12,2,FALSE),VLOOKUP(W$45,$A$2:$H$12,2,FALSE))<$K$14,$O52<>W$45,I23=1),(VLOOKUP(W$45,$A$2:$H$12,5,FALSE)*1440)-(VLOOKUP($O52,$A$2:$H$12,6,FALSE))*1440,0) -> 0 | X52: =IF(AND(SUM(VLOOKUP($O52,$A$2:$H$12,2,FALSE),VLOOKUP(X$45,$A$2:$H$12,2,FALSE))<$K$14,$O52<>X$45,J23=1),(VLOOKUP(X$45,$A$2:$H$12,5,FALSE)*1440)-(VLOOKUP($O52,$A$2:$H$12,6,FALSE))*1440,0) -> 0 | ... Z52: =IF(AND(SUM(VLOOKUP($O52,$A$2:$H$12,2,FALSE),VLOOKUP(Z$45,$A$2:$H$12,2,FALSE))<$K$14,$O52<>Z$45,L23=1),(VLOOKUP(Z$45,$A$2:$H$12,5,FALSE)*1440)-(VLOOKUP($O52,$A$2:$H$12,6,FALSE))*1440,0) -> 0 | AA52: =AA51+1 -> 6 | AC52: 11 | AD52: 1 | AE52: 7 | AF52: =(AC52-10)*11+AD52+1 -> 13 | AG52: =AE52+1 -> 8 | AH52: =OFFSET($O$45,AF52,AG52) -> 0
N53: 0 | O53: CA2 | P53: 0 | Q53: =IF(AND(SUM(VLOOKUP($O53,$A$2:$H$12,2,FALSE),VLOOKUP(Q$45,$A$2:$H$12,2,FALSE))<$K$14,$O53<>Q$45,C24=1),(VLOOKUP(Q$45,$A$2:$H$12,5,FALSE)*1440)-(VLOOKUP($O53,$A$2:$H$12,6,FALSE))*1440,0) -> 0 | R53: =IF(AND(SUM(VLOOKUP($O53,$A$2:$H$12,2,FALSE),VLOOKUP(R$45,$A$2:$H$12,2,FALSE))<$K$14,$O53<>R$45,D24=1),(VLOOKUP(R$45,$A$2:$H$12,5,FALSE)*1440)-(VLOOKUP($O53,$A$2:$H$12,6,FALSE))*1440,0) -> 0 | S53: =IF(AND(SUM(VLOOKUP($O53,$A$2:$H$12,2,FALSE),VLOOKUP(S$45,$A$2:$H$12,2,FALSE))<$K$14,$O53<>S$45,E24=1),(VLOOKUP(S$45,$A$2:$H$12,5,FALSE)*1440)-(VLOOKUP($O53,$A$2:$H$12,6,FALSE))*1440,0) -> 0 | T53: 275 | U53: 335 | V53: =IF(AND(SUM(VLOOKUP($O53,$A$2:$H$12,2,FALSE),VLOOKUP(V$45,$A$2:$H$12,2,FALSE))<$K$14,$O53<>V$45,H24=1),(VLOOKUP(V$45,$A$2:$H$12,5,FALSE)*1440)-(VLOOKUP($O53,$A$2:$H$12,6,FALSE))*1440,0) -> 0 | W53: =IF(AND(SUM(VLOOKUP($O53,$A$2:$H$12,2,FALSE),VLOOKUP(W$45,$A$2:$H$12,2,FALSE))<$K$14,$O53<>W$45,I24=1),(VLOOKUP(W$45,$A$2:$H$12,5,FALSE)*1440)-(VLOOKUP($O53,$A$2:$H$12,6,FALSE))*1440,0) -> 0 | X53: =IF(AND(SUM(VLOOKUP($O53,$A$2:$H$12,2,FALSE),VLOOKUP(X$45,$A$2:$H$12,2,FALSE))<$K$14,$O53<>X$45,J24=1),(VLOOKUP(X$45,$A$2:$H$12,5,FALSE)*1440)-(VLOOKUP($O53,$A$2:$H$12,6,FALSE))*1440,0) -> 0 | Y53: =IF(AND(SUM(VLOOKUP($O53,$A$2:$H$12,2,FALSE),VLOOKUP(Y$45,$A$2:$H$12,2,FALSE))<$K$14,$O53<>Y$45,K24=1),(VLOOKUP(Y$45,$A$2:$H$12,5,FALSE)*1440)-(VLOOKUP($O53,$A$2:$H$12,6,FALSE))*1440,0) -> 0 | Z53: =IF(AND(SUM(VLOOKUP($O53,$A$2:$H$12,2,FALSE),VLOOKUP(Z$45,$A$2:$H$12,2,FALSE))<$K$14,$O53<>Z$45,L24=1),(VLOOKUP(Z$45,$A$2:$H$12,5,FALSE)*1440)-(VLOOKUP($O53,$A$2:$H$12,6,FALSE))*1440,0) -> 0 | AA53: =AA52+1 -> 7 | AC53: 10 | AD53: 1 | AE53: 7 | AF53: =(AC53-10)*11+AD53+1 -> 2 | AG53: =AE53+1 -> 8 | AH53: =OFFSET($O$45,AF53,AG53) -> 45
N54: 0 | O54: CA3 | P54: 0 | Q54: =IF(AND(SUM(VLOOKUP($O54,$A$2:$H$12,2,FALSE),VLOOKUP(Q$45,$A$2:$H$12,2,FALSE))<$K$14,$O54<>Q$45,C25=1),(VLOOKUP(Q$45,$A$2:$H$12,5,FALSE)*1440)-(VLOOKUP($O54,$A$2:$H$12,6,FALSE))*1440,0) -> 0 | R54: =IF(AND(SUM(VLOOKUP($O54,$A$2:$H$12,2,FALSE),VLOOKUP(R$45,$A$2:$H$12,2,FALSE))<$K$14,$O54<>R$45,D25=1),(VLOOKUP(R$45,$A$2:$H$12,5,FALSE)*1440)-(VLOOKUP($O54,$A$2:$H$12,6,FALSE))*1440,0) -> 0 | S54: =IF(AND(SUM(VLOOKUP($O54,$A$2:$H$12,2,FALSE),VLOOKUP(S$45,$A$2:$H$12,2,FALSE))<$K$14,$O54<>S$45,E25=1),(VLOOKUP(S$45,$A$2:$H$12,5,FALSE)*1440)-(VLOOKUP($O54,$A$2:$H$12,6,FALSE))*1440,0) -> 0 | T54: 155 | U54: 215 | V54: =IF(AND(SUM(VLOOKUP($O54,$A$2:$H$12,2,FALSE),VLOOKUP(V$45,$A$2:$H$12,2,FALSE))<$K$14,$O54<>V$45,H25=1),(VLOOKUP(V$45,$A$2:$H$12,5,FALSE)*1440)-(VLOOKUP($O54,$A$2:$H$12,6,FALSE))*1440,0) -> 0 | W54: =IF(AND(SUM(VLOOKUP($O54,$A$2:$H$12,2,FALSE),VLOOKUP(W$45,$A$2:$H$12,2,FALSE))<$K$14,$O54<>W$45,I25=1),(VLOOKUP(W$45,$A$2:$H$12,5,FALSE)*1440)-(VLOOKUP($O54,$A$2:$H$12,6,FALSE))*1440,0) -> 0 | X54: =IF(AND(SUM(VLOOKUP($O54,$A$2:$H$12,2,FALSE),VLOOKUP(X$45,$A$2:$H$12,2,FALSE))<$K$14,$O54<>X$45,J25=1),(VLOOKUP(X$45,$A$2:$H$12,5,FALSE)*1440)-(VLOOKUP($O54,$A$2:$H$12,6,FALSE))*1440,0) -> 0 | Y54: =IF(AND(SUM(VLOOKUP($O54,$A$2:$H$12,2,FALSE),VLOOKUP(Y$45,$A$2:$H$12,2,FALSE))<$K$14,$O54<>Y$45,K25=1),(VLOOKUP(Y$45,$A$2:$H$12,5,FALSE)*1440)-(VLOOKUP($O54,$A$2:$H$12,6,FALSE))*1440,0) -> 0 | Z54: =IF(AND(SUM(VLOOKUP($O54,$A$2:$H$12,2,FALSE),VLOOKUP(Z$45,$A$2:$H$12,2,FALSE))<$K$14,$O54<>Z$45,L25=1),(VLOOKUP(Z$45,$A$2:$H$12,5,FALSE)*1440)-(VLOOKUP($O54,$A$2:$H$12,6,FALSE))*1440,0) -> 0 | AA54: =AA53+1 -> 8 | AF54: 3 | AG54: 8 | AH54: =OFFSET($O$45,AF54,AG54) -> 0
N55: 0 | O55: CA4 | P55: 0 | Q55: =IF(AND(SUM(VLOOKUP($O55,$A$2:$H$12,2,FALSE),VLOOKUP(Q$45,$A$2:$H$12,2,FALSE))<$K$14,$O55<>Q$45,C26=1),(VLOOKUP(Q$45,$A$2:$H$12,5,FALSE)*1440)-(VLOOKUP($O55,$A$2:$H$12,6,FALSE))*1440,0) -> 0 | R55: =IF(AND(SUM(VLOOKUP($O55,$A$2:$H$12,2,FALSE),VLOOKUP(R$45,$A$2:$H$12,2,FALSE))<$K$14,$O55<>R$45,D26=1),(VLOOKUP(R$45,$A$2:$H$12,5,FALSE)*1440)-(VLOOKUP($O55,$A$2:$H$12,6,FALSE))*1440,0) -> 0 | S55: =IF(AND(SUM(VLOOKUP($O55,$A$2:$H$12,2,FALSE),VLOOKUP(S$45,$A$2:$H$12,2,FALSE))<$K$14,$O55<>S$45,E26=1),(VLOOKUP(S$45,$A$2:$H$12,5,FALSE)*1440)-(VLOOKUP($O55,$A$2:$H$12,6,FALSE))*1440,0) -> 0 | T55: =IF(AND(SUM(VLOOKUP($O55,$A$2:$H$12,2,FALSE),VLOOKUP(T$45,$A$2:$H$12,2,FALSE))<$K$14,$O55<>T$45,F26=1),(VLOOKUP(T$45,$A$2:$H$12,5,FALSE)*1440)-(VLOOKUP($O55,$A$2:$H$12,6,FALSE))*1440,0) -> 95 | U55: =IF(AND(SUM(VLOOKUP($O55,$A$2:$H$12,2,FALSE),VLOOKUP(U$45,$A$2:$H$12,2,FALSE))<$K$14,$O55<>U$45,G26=1),(VLOOKUP(U$45,$A$2:$H$12,5,FALSE)*1440)-(VLOOKUP($O55,$A$2:$H$12,6,FALSE))*1440,0) -> 155 | V55: =IF(AND(SUM(VLOOKUP($O55,$A$2:$H$12,2,FALSE),VLOOKUP(V$45,$A$2:$H$12,2,FALSE))<$K$14,$O55<>V$45,H26=1),(VLOOKUP(V$45,$A$2:$H$12,5,FALSE)*1440)-(VLOOKUP($O55,$A$2:$H$12,6,FALSE))*1440,0) -> 0 | W55: =IF(AND(SUM(VLOOKUP($O55,$A$2:$H$12,2,FALSE),VLOOKUP(W$45,$A$2:$H$12,2,FALSE))<$K$14,$O55<>W$45,I26=1),(VLOOKUP(W$45,$A$2:$H$12,5,FALSE)*1440)-(VLOOKUP($O55,$A$2:$H$12,6,FALSE))*1440,0) -> 0 | X55: =IF(AND(SUM(VLOOKUP($O55,$A$2:$H$12,2,FALSE),VLOOKUP(X$45,$A$2:$H$12,2,FALSE))<$K$14,$O55<>X$45,J26=1),(VLOOKUP(X$45,$A$2:$H$12,5,FALSE)*1440)-(VLOOKUP($O55,$A$2:$H$12,6,FALSE))*1440,0) -> 0 | ... Z55: =IF(AND(SUM(VLOOKUP($O55,$A$2:$H$12,2,FALSE),VLOOKUP(Z$45,$A$2:$H$12,2,FALSE))<$K$14,$O55<>Z$45,L26=1),(VLOOKUP(Z$45,$A$2:$H$12,5,FALSE)*1440)-(VLOOKUP($O55,$A$2:$H$12,6,FALSE))*1440,0) -> 0 | AA55: =AA54+1 -> 9 | AC55: 11 | AD55: 2 | AE55: 10 | AF55: =(AC55-10)*11+AD55+1 -> 14 | AG55: =AE55+1 -> 11 | AH55: =OFFSET($O$45,AF55,AG55) -> 165
N56: 0 | O56: CA5 | P56: 0 | Q56: =IF(AND(SUM(VLOOKUP($O56,$A$2:$H$12,2,FALSE),VLOOKUP(Q$45,$A$2:$H$12,2,FALSE))<$K$14,$O56<>Q$45,C27=1),(VLOOKUP(Q$45,$A$2:$H$12,5,FALSE)*1440)-(VLOOKUP($O56,$A$2:$H$12,6,FALSE))*1440,0) -> 0 | R56: =IF(AND(SUM(VLOOKUP($O56,$A$2:$H$12,2,FALSE),VLOOKUP(R$45,$A$2:$H$12,2,FALSE))<$K$14,$O56<>R$45,D27=1),(VLOOKUP(R$45,$A$2:$H$12,5,FALSE)*1440)-(VLOOKUP($O56,$A$2:$H$12,6,FALSE))*1440,0) -> 0 | S56: =IF(AND(SUM(VLOOKUP($O56,$A$2:$H$12,2,FALSE),VLOOKUP(S$45,$A$2:$H$12,2,FALSE))<$K$14,$O56<>S$45,E27=1),(VLOOKUP(S$45,$A$2:$H$12,5,FALSE)*1440)-(VLOOKUP($O56,$A$2:$H$12,6,FALSE))*1440,0) -> 0 | T56: =IF(AND(SUM(VLOOKUP($O56,$A$2:$H$12,2,FALSE),VLOOKUP(T$45,$A$2:$H$12,2,FALSE))<$K$14,$O56<>T$45,F27=1),(VLOOKUP(T$45,$A$2:$H$12,5,FALSE)*1440)-(VLOOKUP($O56,$A$2:$H$12,6,FALSE))*1440,0) -> 0 | U56: 35 | V56: =IF(AND(SUM(VLOOKUP($O56,$A$2:$H$12,2,FALSE),VLOOKUP(V$45,$A$2:$H$12,2,FALSE))<$K$14,$O56<>V$45,H27=1),(VLOOKUP(V$45,$A$2:$H$12,5,FALSE)*1440)-(VLOOKUP($O56,$A$2:$H$12,6,FALSE))*1440,0) -> 0 | W56: =IF(AND(SUM(VLOOKUP($O56,$A$2:$H$12,2,FALSE),VLOOKUP(W$45,$A$2:$H$12,2,FALSE))<$K$14,$O56<>W$45,I27=1),(VLOOKUP(W$45,$A$2:$H$12,5,FALSE)*1440)-(VLOOKUP($O56,$A$2:$H$12,6,FALSE))*1440,0) -> 0 | X56: =IF(AND(SUM(VLOOKUP($O56,$A$2:$H$12,2,FALSE),VLOOKUP(X$45,$A$2:$H$12,2,FALSE))<$K$14,$O56<>X$45,J27=1),(VLOOKUP(X$45,$A$2:$H$12,5,FALSE)*1440)-(VLOOKUP($O56,$A$2:$H$12,6,FALSE))*1440,0) -> 0 | Y56: =IF(AND(SUM(VLOOKUP($O56,$A$2:$H$12,2,FALSE),VLOOKUP(Y$45,$A$2:$H$12,2,FALSE))<$K$14,$O56<>Y$45,K27=1),(VLOOKUP(Y$45,$A$2:$H$12,5,FALSE)*1440)-(VLOOKUP($O56,$A$2:$H$12,6,FALSE))*1440,0) -> 0 | Z56: =IF(AND(SUM(VLOOKUP($O56,$A$2:$H$12,2,FALSE),VLOOKUP(Z$45,$A$2:$H$12,2,FALSE))<$K$14,$O56<>Z$45,L27=1),(VLOOKUP(Z$45,$A$2:$H$12,5,FALSE)*1440)-(VLOOKUP($O56,$A$2:$H$12,6,FALSE))*1440,0) -> 0 | AA56: =AA55+1 -> 10 | AC56: 10 | AD56: 8 | AE56: 4 | AF56: =(AC56-10)*11+AD56+1 -> 9 | AG56: =AE56+1 -> 5 | AH56: =OFFSET($O$45,AF56,AG56) -> 155
N57: 1 | O57: DEPOT | P57: 0 | Q57: 0 | R57: 0 | S57: 0 | T57: 0 | U57: 0 | V57: 0 | W57: 0 | X57: 0 | Y57: 0 | Z57: 0 | AA57: 0
N58: 1 | O58: AC1 | P58: 0 | Q58: =IF(AND(SUM(VLOOKUP($O58,$A$2:$H$12,2,FALSE),VLOOKUP(Q$45,$A$2:$H$12,2,FALSE))<$K$14,$O58<>Q$45,C32=1),(VLOOKUP(Q$45,$A$2:$H$12,5,FALSE)*1440)-(VLOOKUP($O58,$A$2:$H$12,6,FALSE))*1440-$B$13,0) -> 0 | R58: =IF(AND(SUM(VLOOKUP($O58,$A$2:$H$12,2,FALSE),VLOOKUP(R$45,$A$2:$H$12,2,FALSE))<$K$14,$O58<>R$45,D32=1),(VLOOKUP(R$45,$A$2:$H$12,5,FALSE)*1440)-(VLOOKUP($O58,$A$2:$H$12,6,FALSE))*1440-$B$13,0) -> 0 | S58: =IF(AND(SUM(VLOOKUP($O58,$A$2:$H$12,2,FALSE),VLOOKUP(S$45,$A$2:$H$12,2,FALSE))<$K$14,$O58<>S$45,E32=1),(VLOOKUP(S$45,$A$2:$H$12,5,FALSE)*1440)-(VLOOKUP($O58,$A$2:$H$12,6,FALSE))*1440-$B$13,0) -> 40 | T58: =IF(AND(SUM(VLOOKUP($O58,$A$2:$H$12,2,FALSE),VLOOKUP(T$45,$A$2:$H$12,2,FALSE))<$K$14,$O58<>T$45,F32=1),(VLOOKUP(T$45,$A$2:$H$12,5,FALSE)*1440)-(VLOOKUP($O58,$A$2:$H$12,6,FALSE))*1440-$B$13,0) -> 400 | U58: =IF(AND(SUM(VLOOKUP($O58,$A$2:$H$12,2,FALSE),VLOOKUP(U$45,$A$2:$H$12,2,FALSE))<$K$14,$O58<>U$45,G32=1),(VLOOKUP(U$45,$A$2:$H$12,5,FALSE)*1440)-(VLOOKUP($O58,$A$2:$H$12,6,FALSE))*1440-$B$13,0) -> 460 | V58: =IF(AND(SUM(VLOOKUP($O58,$A$2:$H$12,2,FALSE),VLOOKUP(V$45,$A$2:$H$12,2,FALSE))<$K$14,$O58<>V$45,H32=1),(VLOOKUP(V$45,$A$2:$H$12,5,FALSE)*1440)-(VLOOKUP($O58,$A$2:$H$12,6,FALSE))*1440-$B$13,0) -> 0 | W58: =IF(AND(SUM(VLOOKUP($O58,$A$2:$H$12,2,FALSE),VLOOKUP(W$45,$A$2:$H$12,2,FALSE))<$K$14,$O58<>W$45,I32=1),(VLOOKUP(W$45,$A$2:$H$12,5,FALSE)*1440)-(VLOOKUP($O58,$A$2:$H$12,6,FALSE))*1440-$B$13,0) -> 0 | X58: =IF(AND(SUM(VLOOKUP($O58,$A$2:$H$12,2,FALSE),VLOOKUP(X$45,$A$2:$H$12,2,FALSE))<$K$14,$O58<>X$45,J32=1),(VLOOKUP(X$45,$A$2:$H$12,5,FALSE)*1440)-(VLOOKUP($O58,$A$2:$H$12,6,FALSE))*1440-$B$13,0) -> 105 | Y58: 165 | Z58: =IF(AND(SUM(VLOOKUP($O58,$A$2:$H$12,2,FALSE),VLOOKUP(Z$45,$A$2:$H$12,2,FALSE))<$K$14,$O58<>Z$45,L32=1),(VLOOKUP(Z$45,$A$2:$H$12,5,FALSE)*1440)-(VLOOKUP($O58,$A$2:$H$12,6,FALSE))*1440-$B$13,0) -> 285 | AA58: =AA57+1 -> 1
N59: 1 | O59: AC2 | P59: 0 | Q59: =IF(AND(SUM(VLOOKUP($O59,$A$2:$H$12,2,FALSE),VLOOKUP(Q$45,$A$2:$H$12,2,FALSE))<$K$14,$O59<>Q$45,C33=1),(VLOOKUP(Q$45,$A$2:$H$12,5,FALSE)*1440)-(VLOOKUP($O59,$A$2:$H$12,6,FALSE))*1440-$B$13,0) -> 0 | R59: =IF(AND(SUM(VLOOKUP($O59,$A$2:$H$12,2,FALSE),VLOOKUP(R$45,$A$2:$H$12,2,FALSE))<$K$14,$O59<>R$45,D33=1),(VLOOKUP(R$45,$A$2:$H$12,5,FALSE)*1440)-(VLOOKUP($O59,$A$2:$H$12,6,FALSE))*1440-$B$13,0) -> 0 | S59: =IF(AND(SUM(VLOOKUP($O59,$A$2:$H$12,2,FALSE),VLOOKUP(S$45,$A$2:$H$12,2,FALSE))<$K$14,$O59<>S$45,E33=1),(VLOOKUP(S$45,$A$2:$H$12,5,FALSE)*1440)-(VLOOKUP($O59,$A$2:$H$12,6,FALSE))*1440-$B$13,0) -> 0 | T59: =IF(AND(SUM(VLOOKUP($O59,$A$2:$H$12,2,FALSE),VLOOKUP(T$45,$A$2:$H$12,2,FALSE))<$K$14,$O59<>T$45,F33=1),(VLOOKUP(T$45,$A$2:$H$12,5,FALSE)*1440)-(VLOOKUP($O59,$A$2:$H$12,6,FALSE))*1440-$B$13,0) -> 280 | U59: =IF(AND(SUM(VLOOKUP($O59,$A$2:$H$12,2,FALSE),VLOOKUP(U$45,$A$2:$H$12,2,FALSE))<$K$14,$O59<>U$45,G33=1),(VLOOKUP(U$45,$A$2:$H$12,5,FALSE)*1440)-(VLOOKUP($O59,$A$2:$H$12,6,FALSE))*1440-$B$13,0) -> 340 | V59: =IF(AND(SUM(VLOOKUP($O59,$A$2:$H$12,2,FALSE),VLOOKUP(V$45,$A$2:$H$12,2,FALSE))<$K$14,$O59<>V$45,H33=1),(VLOOKUP(V$45,$A$2:$H$12,5,FALSE)*1440)-(VLOOKUP($O59,$A$2:$H$12,6,FALSE))*1440-$B$13,0) -> 0 | W59: =IF(AND(SUM(VLOOKUP($O59,$A$2:$H$12,2,FALSE),VLOOKUP(W$45,$A$2:$H$12,2,FALSE))<$K$14,$O59<>W$45,I33=1),(VLOOKUP(W$45,$A$2:$H$12,5,FALSE)*1440)-(VLOOKUP($O59,$A$2:$H$12,6,FALSE))*1440-$B$13,0) -> 0 | X59: =IF(AND(SUM(VLOOKUP($O59,$A$2:$H$12,2,FALSE),VLOOKUP(X$45,$A$2:$H$12,2,FALSE))<$K$14,$O59<>X$45,J33=1),(VLOOKUP(X$45,$A$2:$H$12,5,FALSE)*1440)-(VLOOKUP($O59,$A$2:$H$12,6,FALSE))*1440-$B$13,0) -> 0 | Y59: 45 | Z59: =IF(AND(SUM(VLOOKUP($O59,$A$2:$H$12,2,FALSE),VLOOKUP(Z$45,$A$2:$H$12,2,FALSE))<$K$14,$O59<>Z$45,L33=1),(VLOOKUP(Z$45,$A$2:$H$12,5,FALSE)*1440)-(VLOOKUP($O59,$A$2:$H$12,6,FALSE))*1440-$B$13,0) -> 165 | AA59: =AA58+1 -> 2
L60: =VLOOKUP(K$30,$A$3:$G$12,5,FALSE) - VLOOKUP($A38,$A$3:$G$12,6,FALSE) -> 0.027777778 | M60: =($B$13)/1440 -> 0.041666667 | N60: 1 | O60: AC3 | P60: 0 | Q60: =IF(AND(SUM(VLOOKUP($O60,$A$2:$H$12,2,FALSE),VLOOKUP(Q$45,$A$2:$H$12,2,FALSE))<$K$14,$O60<>Q$45,C34=1),(VLOOKUP(Q$45,$A$2:$H$12,5,FALSE)*1440)-(VLOOKUP($O60,$A$2:$H$12,6,FALSE))*1440-$B$13,0) -> 0 | R60: =IF(AND(SUM(VLOOKUP($O60,$A$2:$H$12,2,FALSE),VLOOKUP(R$45,$A$2:$H$12,2,FALSE))<$K$14,$O60<>R$45,D34=1),(VLOOKUP(R$45,$A$2:$H$12,5,FALSE)*1440)-(VLOOKUP($O60,$A$2:$H$12,6,FALSE))*1440-$B$13,0) -> 0 | S60: =IF(AND(SUM(VLOOKUP($O60,$A$2:$H$12,2,FALSE),VLOOKUP(S$45,$A$2:$H$12,2,FALSE))<$K$14,$O60<>S$45,E34=1),(VLOOKUP(S$45,$A$2:$H$12,5,FALSE)*1440)-(VLOOKUP($O60,$A$2:$H$12,6,FALSE))*1440-$B$13,0) -> 0 | T60: =IF(AND(SUM(VLOOKUP($O60,$A$2:$H$12,2,FALSE),VLOOKUP(T$45,$A$2:$H$12,2,FALSE))<$K$14,$O60<>T$45,F34=1),(VLOOKUP(T$45,$A$2:$H$12,5,FALSE)*1440)-(VLOOKUP($O60,$A$2:$H$12,6,FALSE))*1440-$B$13,0) -> 160 | U60: =IF(AND(SUM(VLOOKUP($O60,$A$2:$H$12,2,FALSE),VLOOKUP(U$45,$A$2:$H$12,2,FALSE))<$K$14,$O60<>U$45,G34=1),(VLOOKUP(U$45,$A$2:$H$12,5,FALSE)*1440)-(VLOOKUP($O60,$A$2:$H$12,6,FALSE))*1440-$B$13,0) -> 220 | V60: =IF(AND(SUM(VLOOKUP($O60,$A$2:$H$12,2,FALSE),VLOOKUP(V$45,$A$2:$H$12,2,FALSE))<$K$14,$O60<>V$45,H34=1),(VLOOKUP(V$45,$A$2:$H$12,5,FALSE)*1440)-(VLOOKUP($O60,$A$2:$H$12,6,FALSE))*1440-$B$13,0) -> 0 | W60: =IF(AND(SUM(VLOOKUP($O60,$A$2:$H$12,2,FALSE),VLOOKUP(W$45,$A$2:$H$12,2,FALSE))<$K$14,$O60<>W$45,I34=1),(VLOOKUP(W$45,$A$2:$H$12,5,FALSE)*1440)-(VLOOKUP($O60,$A$2:$H$12,6,FALSE))*1440-$B$13,0) -> 0 | X60: =IF(AND(SUM(VLOOKUP($O60,$A$2:$H$12,2,FALSE),VLOOKUP(X$45,$A$2:$H$12,2,FALSE))<$K$14,$O60<>X$45,J34=1),(VLOOKUP(X$45,$A$2:$H$12,5,FALSE)*1440)-(VLOOKUP($O60,$A$2:$H$12,6,FALSE))*1440-$B$13,0) -> 0 | ... Z60: =IF(AND(SUM(VLOOKUP($O60,$A$2:$H$12,2,FALSE),VLOOKUP(Z$45,$A$2:$H$12,2,FALSE))<$K$14,$O60<>Z$45,L34=1),(VLOOKUP(Z$45,$A$2:$H$12,5,FALSE)*1440)-(VLOOKUP($O60,$A$2:$H$12,6,FALSE))*1440-$B$13,0) -> 45 | AA60: =AA59+1 -> 3
N61: 1 | O61: AC4 | P61: 0 | Q61: =IF(AND(SUM(VLOOKUP($O61,$A$2:$H$12,2,FALSE),VLOOKUP(Q$45,$A$2:$H$12,2,FALSE))<$K$14,$O61<>Q$45,C35=1),(VLOOKUP(Q$45,$A$2:$H$12,5,FALSE)*1440)-(VLOOKUP($O61,$A$2:$H$12,6,FALSE))*1440-$B$13,0) -> 0 | R61: =IF(AND(SUM(VLOOKUP($O61,$A$2:$H$12,2,FALSE),VLOOKUP(R$45,$A$2:$H$12,2,FALSE))<$K$14,$O61<>R$45,D35=1),(VLOOKUP(R$45,$A$2:$H$12,5,FALSE)*1440)-(VLOOKUP($O61,$A$2:$H$12,6,FALSE))*1440-$B$13,0) -> 0 | S61: =IF(AND(SUM(VLOOKUP($O61,$A$2:$H$12,2,FALSE),VLOOKUP(S$45,$A$2:$H$12,2,FALSE))<$K$14,$O61<>S$45,E35=1),(VLOOKUP(S$45,$A$2:$H$12,5,FALSE)*1440)-(VLOOKUP($O61,$A$2:$H$12,6,FALSE))*1440-$B$13,0) -> 0 | T61: =IF(AND(SUM(VLOOKUP($O61,$A$2:$H$12,2,FALSE),VLOOKUP(T$45,$A$2:$H$12,2,FALSE))<$K$14,$O61<>T$45,F35=1),(VLOOKUP(T$45,$A$2:$H$12,5,FALSE)*1440)-(VLOOKUP($O61,$A$2:$H$12,6,FALSE))*1440-$B$13,0) -> 0 | U61: =IF(AND(SUM(VLOOKUP($O61,$A$2:$H$12,2,FALSE),VLOOKUP(U$45,$A$2:$H$12,2,FALSE))<$K$14,$O61<>U$45,G35=1),(VLOOKUP(U$45,$A$2:$H$12,5,FALSE)*1440)-(VLOOKUP($O61,$A$2:$H$12,6,FALSE))*1440-$B$13,0) -> 0 | V61: =IF(AND(SUM(VLOOKUP($O61,$A$2:$H$12,2,FALSE),VLOOKUP(V$45,$A$2:$H$12,2,FALSE))<$K$14,$O61<>V$45,H35=1),(VLOOKUP(V$45,$A$2:$H$12,5,FALSE)*1440)-(VLOOKUP($O61,$A$2:$H$12,6,FALSE))*1440-$B$13,0) -> 0 | W61: =IF(AND(SUM(VLOOKUP($O61,$A$2:$H$12,2,FALSE),VLOOKUP(W$45,$A$2:$H$12,2,FALSE))<$K$14,$O61<>W$45,I35=1),(VLOOKUP(W$45,$A$2:$H$12,5,FALSE)*1440)-(VLOOKUP($O61,$A$2:$H$12,6,FALSE))*1440-$B$13,0) -> 0 | X61: =IF(AND(SUM(VLOOKUP($O61,$A$2:$H$12,2,FALSE),VLOOKUP(X$45,$A$2:$H$12,2,FALSE))<$K$14,$O61<>X$45,J35=1),(VLOOKUP(X$45,$A$2:$H$12,5,FALSE)*1440)-(VLOOKUP($O61,$A$2:$H$12,6,FALSE))*1440-$B$13,0) -> 0 | ... Z61: =IF(AND(SUM(VLOOKUP($O61,$A$2:$H$12,2,FALSE),VLOOKUP(Z$45,$A$2:$H$12,2,FALSE))<$K$14,$O61<>Z$45,L35=1),(VLOOKUP(Z$45,$A$2:$H$12,5,FALSE)*1440)-(VLOOKUP($O61,$A$2:$H$12,6,FALSE))*1440-$B$13,0) -> 0 | AA61: =AA60+1 -> 4
N62: 1 | O62: AC5 | P62: 0 | Q62: =IF(AND(SUM(VLOOKUP($O62,$A$2:$H$12,2,FALSE),VLOOKUP(Q$45,$A$2:$H$12,2,FALSE))<$K$14,$O62<>Q$45,C36=1),(VLOOKUP(Q$45,$A$2:$H$12,5,FALSE)*1440)-(VLOOKUP($O62,$A$2:$H$12,6,FALSE))*1440-$B$13,0) -> 0 | R62: =IF(AND(SUM(VLOOKUP($O62,$A$2:$H$12,2,FALSE),VLOOKUP(R$45,$A$2:$H$12,2,FALSE))<$K$14,$O62<>R$45,D36=1),(VLOOKUP(R$45,$A$2:$H$12,5,FALSE)*1440)-(VLOOKUP($O62,$A$2:$H$12,6,FALSE))*1440-$B$13,0) -> 0 | S62: =IF(AND(SUM(VLOOKUP($O62,$A$2:$H$12,2,FALSE),VLOOKUP(S$45,$A$2:$H$12,2,FALSE))<$K$14,$O62<>S$45,E36=1),(VLOOKUP(S$45,$A$2:$H$12,5,FALSE)*1440)-(VLOOKUP($O62,$A$2:$H$12,6,FALSE))*1440-$B$13,0) -> 0 | T62: =IF(AND(SUM(VLOOKUP($O62,$A$2:$H$12,2,FALSE),VLOOKUP(T$45,$A$2:$H$12,2,FALSE))<$K$14,$O62<>T$45,F36=1),(VLOOKUP(T$45,$A$2:$H$12,5,FALSE)*1440)-(VLOOKUP($O62,$A$2:$H$12,6,FALSE))*1440-$B$13,0) -> 0 | U62: =IF(AND(SUM(VLOOKUP($O62,$A$2:$H$12,2,FALSE),VLOOKUP(U$45,$A$2:$H$12,2,FALSE))<$K$14,$O62<>U$45,G36=1),(VLOOKUP(U$45,$A$2:$H$12,5,FALSE)*1440)-(VLOOKUP($O62,$A$2:$H$12,6,FALSE))*1440-$B$13,0) -> 0 | V62: =IF(AND(SUM(VLOOKUP($O62,$A$2:$H$12,2,FALSE),VLOOKUP(V$45,$A$2:$H$12,2,FALSE))<$K$14,$O62<>V$45,H36=1),(VLOOKUP(V$45,$A$2:$H$12,5,FALSE)*1440)-(VLOOKUP($O62,$A$2:$H$12,6,FALSE))*1440-$B$13,0) -> 0 | W62: =IF(AND(SUM(VLOOKUP($O62,$A$2:$H$12,2,FALSE),VLOOKUP(W$45,$A$2:$H$12,2,FALSE))<$K$14,$O62<>W$45,I36=1),(VLOOKUP(W$45,$A$2:$H$12,5,FALSE)*1440)-(VLOOKUP($O62,$A$2:$H$12,6,FALSE))*1440-$B$13,0) -> 0 | X62: =IF(AND(SUM(VLOOKUP($O62,$A$2:$H$12,2,FALSE),VLOOKUP(X$45,$A$2:$H$12,2,FALSE))<$K$14,$O62<>X$45,J36=1),(VLOOKUP(X$45,$A$2:$H$12,5,FALSE)*1440)-(VLOOKUP($O62,$A$2:$H$12,6,FALSE))*1440-$B$13,0) -> 0 | ... Z62: =IF(AND(SUM(VLOOKUP($O62,$A$2:$H$12,2,FALSE),VLOOKUP(Z$45,$A$2:$H$12,2,FALSE))<$K$14,$O62<>Z$45,L36=1),(VLOOKUP(Z$45,$A$2:$H$12,5,FALSE)*1440)-(VLOOKUP($O62,$A$2:$H$12,6,FALSE))*1440-$B$13,0) -> 0 | AA62: =AA61+1 -> 5
N63: 1 | O63: CA1 | P63: 0 | Q63: =IF(AND(SUM(VLOOKUP($O63,$A$2:$H$12,2,FALSE),VLOOKUP(Q$45,$A$2:$H$12,2,FALSE))<$K$14,$O63<>Q$45,C37=1),(VLOOKUP(Q$45,$A$2:$H$12,5,FALSE)*1440)-(VLOOKUP($O63,$A$2:$H$12,6,FALSE))*1440-$B$13,0) -> 0 | R63: =IF(AND(SUM(VLOOKUP($O63,$A$2:$H$12,2,FALSE),VLOOKUP(R$45,$A$2:$H$12,2,FALSE))<$K$14,$O63<>R$45,D37=1),(VLOOKUP(R$45,$A$2:$H$12,5,FALSE)*1440)-(VLOOKUP($O63,$A$2:$H$12,6,FALSE))*1440-$B$13,0) -> 0 | S63: =IF(AND(SUM(VLOOKUP($O63,$A$2:$H$12,2,FALSE),VLOOKUP(S$45,$A$2:$H$12,2,FALSE))<$K$14,$O63<>S$45,E37=1),(VLOOKUP(S$45,$A$2:$H$12,5,FALSE)*1440)-(VLOOKUP($O63,$A$2:$H$12,6,FALSE))*1440-$B$13,0) -> 25 | T63: =IF(AND(SUM(VLOOKUP($O63,$A$2:$H$12,2,FALSE),VLOOKUP(T$45,$A$2:$H$12,2,FALSE))<$K$14,$O63<>T$45,F37=1),(VLOOKUP(T$45,$A$2:$H$12,5,FALSE)*1440)-(VLOOKUP($O63,$A$2:$H$12,6,FALSE))*1440-$B$13,0) -> 385 | U63: =IF(AND(SUM(VLOOKUP($O63,$A$2:$H$12,2,FALSE),VLOOKUP(U$45,$A$2:$H$12,2,FALSE))<$K$14,$O63<>U$45,G37=1),(VLOOKUP(U$45,$A$2:$H$12,5,FALSE)*1440)-(VLOOKUP($O63,$A$2:$H$12,6,FALSE))*1440-$B$13,0) -> 445 | V63: =IF(AND(SUM(VLOOKUP($O63,$A$2:$H$12,2,FALSE),VLOOKUP(V$45,$A$2:$H$12,2,FALSE))<$K$14,$O63<>V$45,H37=1),(VLOOKUP(V$45,$A$2:$H$12,5,FALSE)*1440)-(VLOOKUP($O63,$A$2:$H$12,6,FALSE))*1440-$B$13,0) -> 0 | W63: =IF(AND(SUM(VLOOKUP($O63,$A$2:$H$12,2,FALSE),VLOOKUP(W$45,$A$2:$H$12,2,FALSE))<$K$14,$O63<>W$45,I37=1),(VLOOKUP(W$45,$A$2:$H$12,5,FALSE)*1440)-(VLOOKUP($O63,$A$2:$H$12,6,FALSE))*1440-$B$13,0) -> 0 | X63: =IF(AND(SUM(VLOOKUP($O63,$A$2:$H$12,2,FALSE),VLOOKUP(X$45,$A$2:$H$12,2,FALSE))<$K$14,$O63<>X$45,J37=1),(VLOOKUP(X$45,$A$2:$H$12,5,FALSE)*1440)-(VLOOKUP($O63,$A$2:$H$12,6,FALSE))*1440-$B$13,0) -> 90 | Y63: 150 | Z63: =IF(AND(SUM(VLOOKUP($O63,$A$2:$H$12,2,FALSE),VLOOKUP(Z$45,$A$2:$H$12,2,FALSE))<$K$14,$O63<>Z$45,L37=1),(VLOOKUP(Z$45,$A$2:$H$12,5,FALSE)*1440)-(VLOOKUP($O63,$A$2:$H$12,6,FALSE))*1440-$B$13,0) -> 270 | AA63: =AA62+1 -> 6
I64: AC1 | J64: CA2 | K64: CS1 | L64: CA5 | M64: AC5 | N64: 1 | O64: CA2 | P64: 0 | Q64: =IF(AND(SUM(VLOOKUP($O64,$A$2:$H$12,2,FALSE),VLOOKUP(Q$45,$A$2:$H$12,2,FALSE))<$K$14,$O64<>Q$45,C38=1),(VLOOKUP(Q$45,$A$2:$H$12,5,FALSE)*1440)-(VLOOKUP($O64,$A$2:$H$12,6,FALSE))*1440-$B$13,0) -> 0 | R64: =IF(AND(SUM(VLOOKUP($O64,$A$2:$H$12,2,FALSE),VLOOKUP(R$45,$A$2:$H$12,2,FALSE))<$K$14,$O64<>R$45,D38=1),(VLOOKUP(R$45,$A$2:$H$12,5,FALSE)*1440)-(VLOOKUP($O64,$A$2:$H$12,6,FALSE))*1440-$B$13,0) -> 0 | S64: =IF(AND(SUM(VLOOKUP($O64,$A$2:$H$12,2,FALSE),VLOOKUP(S$45,$A$2:$H$12,2,FALSE))<$K$14,$O64<>S$45,E38=1),(VLOOKUP(S$45,$A$2:$H$12,5,FALSE)*1440)-(VLOOKUP($O64,$A$2:$H$12,6,FALSE))*1440-$B$13,0) -> 0 | T64: 215 | U64: 275 | V64: =IF(AND(SUM(VLOOKUP($O64,$A$2:$H$12,2,FALSE),VLOOKUP(V$45,$A$2:$H$12,2,FALSE))<$K$14,$O64<>V$45,H38=1),(VLOOKUP(V$45,$A$2:$H$12,5,FALSE)*1440)-(VLOOKUP($O64,$A$2:$H$12,6,FALSE))*1440-$B$13,0) -> 0 | W64: =IF(AND(SUM(VLOOKUP($O64,$A$2:$H$12,2,FALSE),VLOOKUP(W$45,$A$2:$H$12,2,FALSE))<$K$14,$O64<>W$45,I38=1),(VLOOKUP(W$45,$A$2:$H$12,5,FALSE)*1440)-(VLOOKUP($O64,$A$2:$H$12,6,FALSE))*1440-$B$13,0) -> 0 | X64: =IF(AND(SUM(VLOOKUP($O64,$A$2:$H$12,2,FALSE),VLOOKUP(X$45,$A$2:$H$12,2,FALSE))<$K$14,$O64<>X$45,J38=1),(VLOOKUP(X$45,$A$2:$H$12,5,FALSE)*1440)-(VLOOKUP($O64,$A$2:$H$12,6,FALSE))*1440-$B$13,0) -> 0 | Y64: =IF(AND(SUM(VLOOKUP($O64,$A$2:$H$12,2,FALSE),VLOOKUP(Y$45,$A$2:$H$12,2,FALSE))<$K$14,$O64<>Y$45,K38=1),(VLOOKUP(Y$45,$A$2:$H$12,5,FALSE)*1440)-(VLOOKUP($O64,$A$2:$H$12,6,FALSE))*1440-$B$13,0) -> 0 | Z64: 100 | AA64: =AA63+1 -> 7
I65: =(VLOOKUP(J64,A3:H12,5,FALSE)-VLOOKUP(I64,A3:H12,6,FALSE))*60 -> 1.875 | N65: 1 | O65: CA3 | P65: 0 | Q65: =IF(AND(SUM(VLOOKUP($O65,$A$2:$H$12,2,FALSE),VLOOKUP(Q$45,$A$2:$H$12,2,FALSE))<$K$14,$O65<>Q$45,C39=1),(VLOOKUP(Q$45,$A$2:$H$12,5,FALSE)*1440)-(VLOOKUP($O65,$A$2:$H$12,6,FALSE))*1440-$B$13,0) -> 0 | R65: =IF(AND(SUM(VLOOKUP($O65,$A$2:$H$12,2,FALSE),VLOOKUP(R$45,$A$2:$H$12,2,FALSE))<$K$14,$O65<>R$45,D39=1),(VLOOKUP(R$45,$A$2:$H$12,5,FALSE)*1440)-(VLOOKUP($O65,$A$2:$H$12,6,FALSE))*1440-$B$13,0) -> 0 | S65: =IF(AND(SUM(VLOOKUP($O65,$A$2:$H$12,2,FALSE),VLOOKUP(S$45,$A$2:$H$12,2,FALSE))<$K$14,$O65<>S$45,E39=1),(VLOOKUP(S$45,$A$2:$H$12,5,FALSE)*1440)-(VLOOKUP($O65,$A$2:$H$12,6,FALSE))*1440-$B$13,0) -> 0 | T65: 95 | U65: 155 | V65: =IF(AND(SUM(VLOOKUP($O65,$A$2:$H$12,2,FALSE),VLOOKUP(V$45,$A$2:$H$12,2,FALSE))<$K$14,$O65<>V$45,H39=1),(VLOOKUP(V$45,$A$2:$H$12,5,FALSE)*1440)-(VLOOKUP($O65,$A$2:$H$12,6,FALSE))*1440-$B$13,0) -> 0 | W65: =IF(AND(SUM(VLOOKUP($O65,$A$2:$H$12,2,FALSE),VLOOKUP(W$45,$A$2:$H$12,2,FALSE))<$K$14,$O65<>W$45,I39=1),(VLOOKUP(W$45,$A$2:$H$12,5,FALSE)*1440)-(VLOOKUP($O65,$A$2:$H$12,6,FALSE))*1440-$B$13,0) -> 0 | X65: =IF(AND(SUM(VLOOKUP($O65,$A$2:$H$12,2,FALSE),VLOOKUP(X$45,$A$2:$H$12,2,FALSE))<$K$14,$O65<>X$45,J39=1),(VLOOKUP(X$45,$A$2:$H$12,5,FALSE)*1440)-(VLOOKUP($O65,$A$2:$H$12,6,FALSE))*1440-$B$13,0) -> 0 | Y65: =IF(AND(SUM(VLOOKUP($O65,$A$2:$H$12,2,FALSE),VLOOKUP(Y$45,$A$2:$H$12,2,FALSE))<$K$14,$O65<>Y$45,K39=1),(VLOOKUP(Y$45,$A$2:$H$12,5,FALSE)*1440)-(VLOOKUP($O65,$A$2:$H$12,6,FALSE))*1440-$B$13,0) -> 0 | Z65: =IF(AND(SUM(VLOOKUP($O65,$A$2:$H$12,2,FALSE),VLOOKUP(Z$45,$A$2:$H$12,2,FALSE))<$K$14,$O65<>Z$45,L39=1),(VLOOKUP(Z$45,$A$2:$H$12,5,FALSE)*1440)-(VLOOKUP($O65,$A$2:$H$12,6,FALSE))*1440-$B$13,0) -> 0 | AA65: =AA64+1 -> 8
N66: 1 | O66: CA4 | P66: 0 | Q66: =IF(AND(SUM(VLOOKUP($O66,$A$2:$H$12,2,FALSE),VLOOKUP(Q$45,$A$2:$H$12,2,FALSE))<$K$14,$O66<>Q$45,C40=1),(VLOOKUP(Q$45,$A$2:$H$12,5,FALSE)*1440)-(VLOOKUP($O66,$A$2:$H$12,6,FALSE))*1440-$B$13,0) -> 0 | R66: =IF(AND(SUM(VLOOKUP($O66,$A$2:$H$12,2,FALSE),VLOOKUP(R$45,$A$2:$H$12,2,FALSE))<$K$14,$O66<>R$45,D40=1),(VLOOKUP(R$45,$A$2:$H$12,5,FALSE)*1440)-(VLOOKUP($O66,$A$2:$H$12,6,FALSE))*1440-$B$13,0) -> 0 | S66: =IF(AND(SUM(VLOOKUP($O66,$A$2:$H$12,2,FALSE),VLOOKUP(S$45,$A$2:$H$12,2,FALSE))<$K$14,$O66<>S$45,E40=1),(VLOOKUP(S$45,$A$2:$H$12,5,FALSE)*1440)-(VLOOKUP($O66,$A$2:$H$12,6,FALSE))*1440-$B$13,0) -> 0 | T66: =IF(AND(SUM(VLOOKUP($O66,$A$2:$H$12,2,FALSE),VLOOKUP(T$45,$A$2:$H$12,2,FALSE))<$K$14,$O66<>T$45,F40=1),(VLOOKUP(T$45,$A$2:$H$12,5,FALSE)*1440)-(VLOOKUP($O66,$A$2:$H$12,6,FALSE))*1440-$B$13,0) -> 35 | U66: =IF(AND(SUM(VLOOKUP($O66,$A$2:$H$12,2,FALSE),VLOOKUP(U$45,$A$2:$H$12,2,FALSE))<$K$14,$O66<>U$45,G40=1),(VLOOKUP(U$45,$A$2:$H$12,5,FALSE)*1440)-(VLOOKUP($O66,$A$2:$H$12,6,FALSE))*1440-$B$13,0) -> 95 | V66: =IF(AND(SUM(VLOOKUP($O66,$A$2:$H$12,2,FALSE),VLOOKUP(V$45,$A$2:$H$12,2,FALSE))<$K$14,$O66<>V$45,H40=1),(VLOOKUP(V$45,$A$2:$H$12,5,FALSE)*1440)-(VLOOKUP($O66,$A$2:$H$12,6,FALSE))*1440-$B$13,0) -> 0 | W66: =IF(AND(SUM(VLOOKUP($O66,$A$2:$H$12,2,FALSE),VLOOKUP(W$45,$A$2:$H$12,2,FALSE))<$K$14,$O66<>W$45,I40=1),(VLOOKUP(W$45,$A$2:$H$12,5,FALSE)*1440)-(VLOOKUP($O66,$A$2:$H$12,6,FALSE))*1440-$B$13,0) -> 0 | X66: =IF(AND(SUM(VLOOKUP($O66,$A$2:$H$12,2,FALSE),VLOOKUP(X$45,$A$2:$H$12,2,FALSE))<$K$14,$O66<>X$45,J40=1),(VLOOKUP(X$45,$A$2:$H$12,5,FALSE)*1440)-(VLOOKUP($O66,$A$2:$H$12,6,FALSE))*1440-$B$13,0) -> 0 | ... Z66: =IF(AND(SUM(VLOOKUP($O66,$A$2:$H$12,2,FALSE),VLOOKUP(Z$45,$A$2:$H$12,2,FALSE))<$K$14,$O66<>Z$45,L40=1),(VLOOKUP(Z$45,$A$2:$H$12,5,FALSE)*1440)-(VLOOKUP($O66,$A$2:$H$12,6,FALSE))*1440-$B$13,0) -> 0 | AA66: =AA65+1 -> 9
N67: 1 | O67: CA5 | P67: 0 | Q67: =IF(AND(SUM(VLOOKUP($O67,$A$2:$H$12,2,FALSE),VLOOKUP(Q$45,$A$2:$H$12,2,FALSE))<$K$14,$O67<>Q$45,C41=1),(VLOOKUP(Q$45,$A$2:$H$12,5,FALSE)*1440)-(VLOOKUP($O67,$A$2:$H$12,6,FALSE))*1440-$B$13,0) -> 0 | R67: =IF(AND(SUM(VLOOKUP($O67,$A$2:$H$12,2,FALSE),VLOOKUP(R$45,$A$2:$H$12,2,FALSE))<$K$14,$O67<>R$45,D41=1),(VLOOKUP(R$45,$A$2:$H$12,5,FALSE)*1440)-(VLOOKUP($O67,$A$2:$H$12,6,FALSE))*1440-$B$13,0) -> 0 | S67: =IF(AND(SUM(VLOOKUP($O67,$A$2:$H$12,2,FALSE),VLOOKUP(S$45,$A$2:$H$12,2,FALSE))<$K$14,$O67<>S$45,E41=1),(VLOOKUP(S$45,$A$2:$H$12,5,FALSE)*1440)-(VLOOKUP($O67,$A$2:$H$12,6,FALSE))*1440-$B$13,0) -> 0 | T67: =IF(AND(SUM(VLOOKUP($O67,$A$2:$H$12,2,FALSE),VLOOKUP(T$45,$A$2:$H$12,2,FALSE))<$K$14,$O67<>T$45,F41=1),(VLOOKUP(T$45,$A$2:$H$12,5,FALSE)*1440)-(VLOOKUP($O67,$A$2:$H$12,6,FALSE))*1440-$B$13,0) -> 0 | U67: =IF(AND(SUM(VLOOKUP($O67,$A$2:$H$12,2,FALSE),VLOOKUP(U$45,$A$2:$H$12,2,FALSE))<$K$14,$O67<>U$45,G41=1),(VLOOKUP(U$45,$A$2:$H$12,5,FALSE)*1440)-(VLOOKUP($O67,$A$2:$H$12,6,FALSE))*1440-$B$13,0) -> 0 | V67: =IF(AND(SUM(VLOOKUP($O67,$A$2:$H$12,2,FALSE),VLOOKUP(V$45,$A$2:$H$12,2,FALSE))<$K$14,$O67<>V$45,H41=1),(VLOOKUP(V$45,$A$2:$H$12,5,FALSE)*1440)-(VLOOKUP($O67,$A$2:$H$12,6,FALSE))*1440-$B$13,0) -> 0 | W67: =IF(AND(SUM(VLOOKUP($O67,$A$2:$H$12,2,FALSE),VLOOKUP(W$45,$A$2:$H$12,2,FALSE))<$K$14,$O67<>W$45,I41=1),(VLOOKUP(W$45,$A$2:$H$12,5,FALSE)*1440)-(VLOOKUP($O67,$A$2:$H$12,6,FALSE))*1440-$B$13,0) -> 0 | X67: =IF(AND(SUM(VLOOKUP($O67,$A$2:$H$12,2,FALSE),VLOOKUP(X$45,$A$2:$H$12,2,FALSE))<$K$14,$O67<>X$45,J41=1),(VLOOKUP(X$45,$A$2:$H$12,5,FALSE)*1440)-(VLOOKUP($O67,$A$2:$H$12,6,FALSE))*1440-$B$13,0) -> 0 | ... Z67: =IF(AND(SUM(VLOOKUP($O67,$A$2:$H$12,2,FALSE),VLOOKUP(Z$45,$A$2:$H$12,2,FALSE))<$K$14,$O67<>Z$45,L41=1),(VLOOKUP(Z$45,$A$2:$H$12,5,FALSE)*1440)-(VLOOKUP($O67,$A$2:$H$12,6,FALSE))*1440-$B$13,0) -> 0 | AA67: =AA66+1 -> 10
N68: 2 | O68: DEPOT | P68: 0 | Q68: 0 | R68: 0 | S68: 0 | T68: 0 | U68: 0 | V68: 0 | W68: 0 | X68: 0 | Y68: 0 | Z68: 0 | AA68: 0
N69: 2 | O69: AC1 | P69: 0 | Q69: =IF(AND(SUM(VLOOKUP($O69,$A$2:$H$12,2,FALSE),VLOOKUP(Q$45,$A$2:$H$12,2,FALSE))<$K$14,$O69<>Q$45,C43=1),(VLOOKUP(Q$45,$A$2:$H$12,5,FALSE)*1440)-(VLOOKUP($O69,$A$2:$H$12,6,FALSE))*1440-$B$14,0) -> 0 | R69: =IF(AND(SUM(VLOOKUP($O69,$A$2:$H$12,2,FALSE),VLOOKUP(R$45,$A$2:$H$12,2,FALSE))<$K$14,$O69<>R$45,D43=1),(VLOOKUP(R$45,$A$2:$H$12,5,FALSE)*1440)-(VLOOKUP($O69,$A$2:$H$12,6,FALSE))*1440-$B$14,0) -> 0 | S69: =IF(AND(SUM(VLOOKUP($O69,$A$2:$H$12,2,FALSE),VLOOKUP(S$45,$A$2:$H$12,2,FALSE))<$K$14,$O69<>S$45,E43=1),(VLOOKUP(S$45,$A$2:$H$12,5,FALSE)*1440)-(VLOOKUP($O69,$A$2:$H$12,6,FALSE))*1440-$B$14,0) -> 25 | T69: =IF(AND(SUM(VLOOKUP($O69,$A$2:$H$12,2,FALSE),VLOOKUP(T$45,$A$2:$H$12,2,FALSE))<$K$14,$O69<>T$45,F43=1),(VLOOKUP(T$45,$A$2:$H$12,5,FALSE)*1440)-(VLOOKUP($O69,$A$2:$H$12,6,FALSE))*1440-$B$14,0) -> 385 | U69: =IF(AND(SUM(VLOOKUP($O69,$A$2:$H$12,2,FALSE),VLOOKUP(U$45,$A$2:$H$12,2,FALSE))<$K$14,$O69<>U$45,G43=1),(VLOOKUP(U$45,$A$2:$H$12,5,FALSE)*1440)-(VLOOKUP($O69,$A$2:$H$12,6,FALSE))*1440-$B$14,0) -> 445 | V69: =IF(AND(SUM(VLOOKUP($O69,$A$2:$H$12,2,FALSE),VLOOKUP(V$45,$A$2:$H$12,2,FALSE))<$K$14,$O69<>V$45,H43=1),(VLOOKUP(V$45,$A$2:$H$12,5,FALSE)*1440)-(VLOOKUP($O69,$A$2:$H$12,6,FALSE))*1440-$B$14,0) -> 0 | W69: =IF(AND(SUM(VLOOKUP($O69,$A$2:$H$12,2,FALSE),VLOOKUP(W$45,$A$2:$H$12,2,FALSE))<$K$14,$O69<>W$45,I43=1),(VLOOKUP(W$45,$A$2:$H$12,5,FALSE)*1440)-(VLOOKUP($O69,$A$2:$H$12,6,FALSE))*1440-$B$14,0) -> 0 | X69: =IF(AND(SUM(VLOOKUP($O69,$A$2:$H$12,2,FALSE),VLOOKUP(X$45,$A$2:$H$12,2,FALSE))<$K$14,$O69<>X$45,J43=1),(VLOOKUP(X$45,$A$2:$H$12,5,FALSE)*1440)-(VLOOKUP($O69,$A$2:$H$12,6,FALSE))*1440-$B$14,0) -> 90 | Y69: 150 | Z69: =IF(AND(SUM(VLOOKUP($O69,$A$2:$H$12,2,FALSE),VLOOKUP(Z$45,$A$2:$H$12,2,FALSE))<$K$14,$O69<>Z$45,L43=1),(VLOOKUP(Z$45,$A$2:$H$12,5,FALSE)*1440)-(VLOOKUP($O69,$A$2:$H$12,6,FALSE))*1440-$B$14,0) -> 270 | AA69: =AA68+1 -> 1
N70: 2 | O70: AC2 | P70: 0 | Q70: =IF(AND(SUM(VLOOKUP($O70,$A$2:$H$12,2,FALSE),VLOOKUP(Q$45,$A$2:$H$12,2,FALSE))<$K$14,$O70<>Q$45,C44=1),(VLOOKUP(Q$45,$A$2:$H$12,5,FALSE)*1440)-(VLOOKUP($O70,$A$2:$H$12,6,FALSE))*1440-$B$14,0) -> 0 | R70: =IF(AND(SUM(VLOOKUP($O70,$A$2:$H$12,2,FALSE),VLOOKUP(R$45,$A$2:$H$12,2,FALSE))<$K$14,$O70<>R$45,D44=1),(VLOOKUP(R$45,$A$2:$H$12,5,FALSE)*1440)-(VLOOKUP($O70,$A$2:$H$12,6,FALSE))*1440-$B$14,0) -> 0 | S70: =IF(AND(SUM(VLOOKUP($O70,$A$2:$H$12,2,FALSE),VLOOKUP(S$45,$A$2:$H$12,2,FALSE))<$K$14,$O70<>S$45,E44=1),(VLOOKUP(S$45,$A$2:$H$12,5,FALSE)*1440)-(VLOOKUP($O70,$A$2:$H$12,6,FALSE))*1440-$B$14,0) -> 0 | T70: =IF(AND(SUM(VLOOKUP($O70,$A$2:$H$12,2,FALSE),VLOOKUP(T$45,$A$2:$H$12,2,FALSE))<$K$14,$O70<>T$45,F44=1),(VLOOKUP(T$45,$A$2:$H$12,5,FALSE)*1440)-(VLOOKUP($O70,$A$2:$H$12,6,FALSE))*1440-$B$14,0) -> 265 | U70: =IF(AND(SUM(VLOOKUP($O70,$A$2:$H$12,2,FALSE),VLOOKUP(U$45,$A$2:$H$12,2,FALSE))<$K$14,$O70<>U$45,G44=1),(VLOOKUP(U$45,$A$2:$H$12,5,FALSE)*1440)-(VLOOKUP($O70,$A$2:$H$12,6,FALSE))*1440-$B$14,0) -> 325 | V70: =IF(AND(SUM(VLOOKUP($O70,$A$2:$H$12,2,FALSE),VLOOKUP(V$45,$A$2:$H$12,2,FALSE))<$K$14,$O70<>V$45,H44=1),(VLOOKUP(V$45,$A$2:$H$12,5,FALSE)*1440)-(VLOOKUP($O70,$A$2:$H$12,6,FALSE))*1440-$B$14,0) -> 0 | W70: =IF(AND(SUM(VLOOKUP($O70,$A$2:$H$12,2,FALSE),VLOOKUP(W$45,$A$2:$H$12,2,FALSE))<$K$14,$O70<>W$45,I44=1),(VLOOKUP(W$45,$A$2:$H$12,5,FALSE)*1440)-(VLOOKUP($O70,$A$2:$H$12,6,FALSE))*1440-$B$14,0) -> 0 | X70: =IF(AND(SUM(VLOOKUP($O70,$A$2:$H$12,2,FALSE),VLOOKUP(X$45,$A$2:$H$12,2,FALSE))<$K$14,$O70<>X$45,J44=1),(VLOOKUP(X$45,$A$2:$H$12,5,FALSE)*1440)-(VLOOKUP($O70,$A$2:$H$12,6,FALSE))*1440-$B$14,0) -> 0 | Y70: 30 | Z70: =IF(AND(SUM(VLOOKUP($O70,$A$2:$H$12,2,FALSE),VLOOKUP(Z$45,$A$2:$H$12,2,FALSE))<$K$14,$O70<>Z$45,L44=1),(VLOOKUP(Z$45,$A$2:$H$12,5,FALSE)*1440)-(VLOOKUP($O70,$A$2:$H$12,6,FALSE))*1440-$B$14,0) -> 150 | AA70: =AA69+1 -> 2
N71: 2 | O71: AC3 | P71: 0 | Q71: =IF(AND(SUM(VLOOKUP($O71,$A$2:$H$12,2,FALSE),VLOOKUP(Q$45,$A$2:$H$12,2,FALSE))<$K$14,$O71<>Q$45,C45=1),(VLOOKUP(Q$45,$A$2:$H$12,5,FALSE)*1440)-(VLOOKUP($O71,$A$2:$H$12,6,FALSE))*1440-$B$14,0) -> 0 | R71: =IF(AND(SUM(VLOOKUP($O71,$A$2:$H$12,2,FALSE),VLOOKUP(R$45,$A$2:$H$12,2,FALSE))<$K$14,$O71<>R$45,D45=1),(VLOOKUP(R$45,$A$2:$H$12,5,FALSE)*1440)-(VLOOKUP($O71,$A$2:$H$12,6,FALSE))*1440-$B$14,0) -> 0 | S71: =IF(AND(SUM(VLOOKUP($O71,$A$2:$H$12,2,FALSE),VLOOKUP(S$45,$A$2:$H$12,2,FALSE))<$K$14,$O71<>S$45,E45=1),(VLOOKUP(S$45,$A$2:$H$12,5,FALSE)*1440)-(VLOOKUP($O71,$A$2:$H$12,6,FALSE))*1440-$B$14,0) -> 0 | T71: =IF(AND(SUM(VLOOKUP($O71,$A$2:$H$12,2,FALSE),VLOOKUP(T$45,$A$2:$H$12,2,FALSE))<$K$14,$O71<>T$45,F45=1),(VLOOKUP(T$45,$A$2:$H$12,5,FALSE)*1440)-(VLOOKUP($O71,$A$2:$H$12,6,FALSE))*1440-$B$14,0) -> 145 | U71: =IF(AND(SUM(VLOOKUP($O71,$A$2:$H$12,2,FALSE),VLOOKUP(U$45,$A$2:$H$12,2,FALSE))<$K$14,$O71<>U$45,G45=1),(VLOOKUP(U$45,$A$2:$H$12,5,FALSE)*1440)-(VLOOKUP($O71,$A$2:$H$12,6,FALSE))*1440-$B$14,0) -> 205 | V71: =IF(AND(SUM(VLOOKUP($O71,$A$2:$H$12,2,FALSE),VLOOKUP(V$45,$A$2:$H$12,2,FALSE))<$K$14,$O71<>V$45,H45=1),(VLOOKUP(V$45,$A$2:$H$12,5,FALSE)*1440)-(VLOOKUP($O71,$A$2:$H$12,6,FALSE))*1440-$B$14,0) -> 0 | W71: =IF(AND(SUM(VLOOKUP($O71,$A$2:$H$12,2,FALSE),VLOOKUP(W$45,$A$2:$H$12,2,FALSE))<$K$14,$O71<>W$45,I45=1),(VLOOKUP(W$45,$A$2:$H$12,5,FALSE)*1440)-(VLOOKUP($O71,$A$2:$H$12,6,FALSE))*1440-$B$14,0) -> 0 | X71: =IF(AND(SUM(VLOOKUP($O71,$A$2:$H$12,2,FALSE),VLOOKUP(X$45,$A$2:$H$12,2,FALSE))<$K$14,$O71<>X$45,J45=1),(VLOOKUP(X$45,$A$2:$H$12,5,FALSE)*1440)-(VLOOKUP($O71,$A$2:$H$12,6,FALSE))*1440-$B$14,0) -> 0 | ... Z71: =IF(AND(SUM(VLOOKUP($O71,$A$2:$H$12,2,FALSE),VLOOKUP(Z$45,$A$2:$H$12,2,FALSE))<$K$14,$O71<>Z$45,L45=1),(VLOOKUP(Z$45,$A$2:$H$12,5,FALSE)*1440)-(VLOOKUP($O71,$A$2:$H$12,6,FALSE))*1440-$B$14,0) -> 30 | AA71: =AA70+1 -> 3
N72: 2 | O72: AC4 | P72: 0 | Q72: =IF(AND(SUM(VLOOKUP($O72,$A$2:$H$12,2,FALSE),VLOOKUP(Q$45,$A$2:$H$12,2,FALSE))<$K$14,$O72<>Q$45,C46=1),(VLOOKUP(Q$45,$A$2:$H$12,5,FALSE)*1440)-(VLOOKUP($O72,$A$2:$H$12,6,FALSE))*1440-$B$14,0) -> 0 | R72: =IF(AND(SUM(VLOOKUP($O72,$A$2:$H$12,2,FALSE),VLOOKUP(R$45,$A$2:$H$12,2,FALSE))<$K$14,$O72<>R$45,D46=1),(VLOOKUP(R$45,$A$2:$H$12,5,FALSE)*1440)-(VLOOKUP($O72,$A$2:$H$12,6,FALSE))*1440-$B$14,0) -> 0 | S72: =IF(AND(SUM(VLOOKUP($O72,$A$2:$H$12,2,FALSE),VLOOKUP(S$45,$A$2:$H$12,2,FALSE))<$K$14,$O72<>S$45,E46=1),(VLOOKUP(S$45,$A$2:$H$12,5,FALSE)*1440)-(VLOOKUP($O72,$A$2:$H$12,6,FALSE))*1440-$B$14,0) -> 0 | T72: =IF(AND(SUM(VLOOKUP($O72,$A$2:$H$12,2,FALSE),VLOOKUP(T$45,$A$2:$H$12,2,FALSE))<$K$14,$O72<>T$45,F46=1),(VLOOKUP(T$45,$A$2:$H$12,5,FALSE)*1440)-(VLOOKUP($O72,$A$2:$H$12,6,FALSE))*1440-$B$14,0) -> 0 | U72: =IF(AND(SUM(VLOOKUP($O72,$A$2:$H$12,2,FALSE),VLOOKUP(U$45,$A$2:$H$12,2,FALSE))<$K$14,$O72<>U$45,G46=1),(VLOOKUP(U$45,$A$2:$H$12,5,FALSE)*1440)-(VLOOKUP($O72,$A$2:$H$12,6,FALSE))*1440-$B$14,0) -> 0 | V72: =IF(AND(SUM(VLOOKUP($O72,$A$2:$H$12,2,FALSE),VLOOKUP(V$45,$A$2:$H$12,2,FALSE))<$K$14,$O72<>V$45,H46=1),(VLOOKUP(V$45,$A$2:$H$12,5,FALSE)*1440)-(VLOOKUP($O72,$A$2:$H$12,6,FALSE))*1440-$B$14,0) -> 0 | W72: =IF(AND(SUM(VLOOKUP($O72,$A$2:$H$12,2,FALSE),VLOOKUP(W$45,$A$2:$H$12,2,FALSE))<$K$14,$O72<>W$45,I46=1),(VLOOKUP(W$45,$A$2:$H$12,5,FALSE)*1440)-(VLOOKUP($O72,$A$2:$H$12,6,FALSE))*1440-$B$14,0) -> 0 | X72: =IF(AND(SUM(VLOOKUP($O72,$A$2:$H$12,2,FALSE),VLOOKUP(X$45,$A$2:$H$12,2,FALSE))<$K$14,$O72<>X$45,J46=1),(VLOOKUP(X$45,$A$2:$H$12,5,FALSE)*1440)-(VLOOKUP($O72,$A$2:$H$12,6,FALSE))*1440-$B$14,0) -> 0 | ... Z72: =IF(AND(SUM(VLOOKUP($O72,$A$2:$H$12,2,FALSE),VLOOKUP(Z$45,$A$2:$H$12,2,FALSE))<$K$14,$O72<>Z$45,L46=1),(VLOOKUP(Z$45,$A$2:$H$12,5,FALSE)*1440)-(VLOOKUP($O72,$A$2:$H$12,6,FALSE))*1440-$B$14,0) -> 0 | AA72: =AA71+1 -> 4
N73: 2 | O73: AC5 | P73: 0 | Q73: =IF(AND(SUM(VLOOKUP($O73,$A$2:$H$12,2,FALSE),VLOOKUP(Q$45,$A$2:$H$12,2,FALSE))<$K$14,$O73<>Q$45,C47=1),(VLOOKUP(Q$45,$A$2:$H$12,5,FALSE)*1440)-(VLOOKUP($O73,$A$2:$H$12,6,FALSE))*1440-$B$14,0) -> 0 | R73: =IF(AND(SUM(VLOOKUP($O73,$A$2:$H$12,2,FALSE),VLOOKUP(R$45,$A$2:$H$12,2,FALSE))<$K$14,$O73<>R$45,D47=1),(VLOOKUP(R$45,$A$2:$H$12,5,FALSE)*1440)-(VLOOKUP($O73,$A$2:$H$12,6,FALSE))*1440-$B$14,0) -> 0 | S73: =IF(AND(SUM(VLOOKUP($O73,$A$2:$H$12,2,FALSE),VLOOKUP(S$45,$A$2:$H$12,2,FALSE))<$K$14,$O73<>S$45,E47=1),(VLOOKUP(S$45,$A$2:$H$12,5,FALSE)*1440)-(VLOOKUP($O73,$A$2:$H$12,6,FALSE))*1440-$B$14,0) -> 0 | T73: =IF(AND(SUM(VLOOKUP($O73,$A$2:$H$12,2,FALSE),VLOOKUP(T$45,$A$2:$H$12,2,FALSE))<$K$14,$O73<>T$45,F47=1),(VLOOKUP(T$45,$A$2:$H$12,5,FALSE)*1440)-(VLOOKUP($O73,$A$2:$H$12,6,FALSE))*1440-$B$14,0) -> 0 | U73: =IF(AND(SUM(VLOOKUP($O73,$A$2:$H$12,2,FALSE),VLOOKUP(U$45,$A$2:$H$12,2,FALSE))<$K$14,$O73<>U$45,G47=1),(VLOOKUP(U$45,$A$2:$H$12,5,FALSE)*1440)-(VLOOKUP($O73,$A$2:$H$12,6,FALSE))*1440-$B$14,0) -> 0 | V73: =IF(AND(SUM(VLOOKUP($O73,$A$2:$H$12,2,FALSE),VLOOKUP(V$45,$A$2:$H$12,2,FALSE))<$K$14,$O73<>V$45,H47=1),(VLOOKUP(V$45,$A$2:$H$12,5,FALSE)*1440)-(VLOOKUP($O73,$A$2:$H$12,6,FALSE))*1440-$B$14,0) -> 0 | W73: =IF(AND(SUM(VLOOKUP($O73,$A$2:$H$12,2,FALSE),VLOOKUP(W$45,$A$2:$H$12,2,FALSE))<$K$14,$O73<>W$45,I47=1),(VLOOKUP(W$45,$A$2:$H$12,5,FALSE)*1440)-(VLOOKUP($O73,$A$2:$H$12,6,FALSE))*1440-$B$14,0) -> 0 | X73: =IF(AND(SUM(VLOOKUP($O73,$A$2:$H$12,2,FALSE),VLOOKUP(X$45,$A$2:$H$12,2,FALSE))<$K$14,$O73<>X$45,J47=1),(VLOOKUP(X$45,$A$2:$H$12,5,FALSE)*1440)-(VLOOKUP($O73,$A$2:$H$12,6,FALSE))*1440-$B$14,0) -> 0 | ... Z73: =IF(AND(SUM(VLOOKUP($O73,$A$2:$H$12,2,FALSE),VLOOKUP(Z$45,$A$2:$H$12,2,FALSE))<$K$14,$O73<>Z$45,L47=1),(VLOOKUP(Z$45,$A$2:$H$12,5,FALSE)*1440)-(VLOOKUP($O73,$A$2:$H$12,6,FALSE))*1440-$B$14,0) -> 0 | AA73: =AA72+1 -> 5
N74: 2 | O74: CA1 | P74: 0 | Q74: =IF(AND(SUM(VLOOKUP($O74,$A$2:$H$12,2,FALSE),VLOOKUP(Q$45,$A$2:$H$12,2,FALSE))<$K$14,$O74<>Q$45,C48=1),(VLOOKUP(Q$45,$A$2:$H$12,5,FALSE)*1440)-(VLOOKUP($O74,$A$2:$H$12,6,FALSE))*1440-$B$14,0) -> 0 | R74: =IF(AND(SUM(VLOOKUP($O74,$A$2:$H$12,2,FALSE),VLOOKUP(R$45,$A$2:$H$12,2,FALSE))<$K$14,$O74<>R$45,D48=1),(VLOOKUP(R$45,$A$2:$H$12,5,FALSE)*1440)-(VLOOKUP($O74,$A$2:$H$12,6,FALSE))*1440-$B$14,0) -> 0 | S74: =IF(AND(SUM(VLOOKUP($O74,$A$2:$H$12,2,FALSE),VLOOKUP(S$45,$A$2:$H$12,2,FALSE))<$K$14,$O74<>S$45,E48=1),(VLOOKUP(S$45,$A$2:$H$12,5,FALSE)*1440)-(VLOOKUP($O74,$A$2:$H$12,6,FALSE))*1440-$B$14,0) -> 10 | T74: =IF(AND(SUM(VLOOKUP($O74,$A$2:$H$12,2,FALSE),VLOOKUP(T$45,$A$2:$H$12,2,FALSE))<$K$14,$O74<>T$45,F48=1),(VLOOKUP(T$45,$A$2:$H$12,5,FALSE)*1440)-(VLOOKUP($O74,$A$2:$H$12,6,FALSE))*1440-$B$14,0) -> 370 | U74: =IF(AND(SUM(VLOOKUP($O74,$A$2:$H$12,2,FALSE),VLOOKUP(U$45,$A$2:$H$12,2,FALSE))<$K$14,$O74<>U$45,G48=1),(VLOOKUP(U$45,$A$2:$H$12,5,FALSE)*1440)-(VLOOKUP($O74,$A$2:$H$12,6,FALSE))*1440-$B$14,0) -> 430 | V74: =IF(AND(SUM(VLOOKUP($O74,$A$2:$H$12,2,FALSE),VLOOKUP(V$45,$A$2:$H$12,2,FALSE))<$K$14,$O74<>V$45,H48=1),(VLOOKUP(V$45,$A$2:$H$12,5,FALSE)*1440)-(VLOOKUP($O74,$A$2:$H$12,6,FALSE))*1440-$B$14,0) -> 0 | W74: =IF(AND(SUM(VLOOKUP($O74,$A$2:$H$12,2,FALSE),VLOOKUP(W$45,$A$2:$H$12,2,FALSE))<$K$14,$O74<>W$45,I48=1),(VLOOKUP(W$45,$A$2:$H$12,5,FALSE)*1440)-(VLOOKUP($O74,$A$2:$H$12,6,FALSE))*1440-$B$14,0) -> 0 | X74: =IF(AND(SUM(VLOOKUP($O74,$A$2:$H$12,2,FALSE),VLOOKUP(X$45,$A$2:$H$12,2,FALSE))<$K$14,$O74<>X$45,J48=1),(VLOOKUP(X$45,$A$2:$H$12,5,FALSE)*1440)-(VLOOKUP($O74,$A$2:$H$12,6,FALSE))*1440-$B$14,0) -> 75 | Y74: 135 | Z74: =IF(AND(SUM(VLOOKUP($O74,$A$2:$H$12,2,FALSE),VLOOKUP(Z$45,$A$2:$H$12,2,FALSE))<$K$14,$O74<>Z$45,L48=1),(VLOOKUP(Z$45,$A$2:$H$12,5,FALSE)*1440)-(VLOOKUP($O74,$A$2:$H$12,6,FALSE))*1440-$B$14,0) -> 255 | AA74: =AA73+1 -> 6
N75: 2 | O75: CA2 | P75: 0 | Q75: =IF(AND(SUM(VLOOKUP($O75,$A$2:$H$12,2,FALSE),VLOOKUP(Q$45,$A$2:$H$12,2,FALSE))<$K$14,$O75<>Q$45,C49=1),(VLOOKUP(Q$45,$A$2:$H$12,5,FALSE)*1440)-(VLOOKUP($O75,$A$2:$H$12,6,FALSE))*1440-$B$14,0) -> 0 | R75: =IF(AND(SUM(VLOOKUP($O75,$A$2:$H$12,2,FALSE),VLOOKUP(R$45,$A$2:$H$12,2,FALSE))<$K$14,$O75<>R$45,D49=1),(VLOOKUP(R$45,$A$2:$H$12,5,FALSE)*1440)-(VLOOKUP($O75,$A$2:$H$12,6,FALSE))*1440-$B$14,0) -> 0 | S75: =IF(AND(SUM(VLOOKUP($O75,$A$2:$H$12,2,FALSE),VLOOKUP(S$45,$A$2:$H$12,2,FALSE))<$K$14,$O75<>S$45,E49=1),(VLOOKUP(S$45,$A$2:$H$12,5,FALSE)*1440)-(VLOOKUP($O75,$A$2:$H$12,6,FALSE))*1440-$B$14,0) -> 0 | T75: 200 | U75: 260 | V75: =IF(AND(SUM(VLOOKUP($O75,$A$2:$H$12,2,FALSE),VLOOKUP(V$45,$A$2:$H$12,2,FALSE))<$K$14,$O75<>V$45,H49=1),(VLOOKUP(V$45,$A$2:$H$12,5,FALSE)*1440)-(VLOOKUP($O75,$A$2:$H$12,6,FALSE))*1440-$B$14,0) -> 0 | W75: =IF(AND(SUM(VLOOKUP($O75,$A$2:$H$12,2,FALSE),VLOOKUP(W$45,$A$2:$H$12,2,FALSE))<$K$14,$O75<>W$45,I49=1),(VLOOKUP(W$45,$A$2:$H$12,5,FALSE)*1440)-(VLOOKUP($O75,$A$2:$H$12,6,FALSE))*1440-$B$14,0) -> 0 | X75: =IF(AND(SUM(VLOOKUP($O75,$A$2:$H$12,2,FALSE),VLOOKUP(X$45,$A$2:$H$12,2,FALSE))<$K$14,$O75<>X$45,J49=1),(VLOOKUP(X$45,$A$2:$H$12,5,FALSE)*1440)-(VLOOKUP($O75,$A$2:$H$12,6,FALSE))*1440-$B$14,0) -> 0 | Y75: =IF(AND(SUM(VLOOKUP($O75,$A$2:$H$12,2,FALSE),VLOOKUP(Y$45,$A$2:$H$12,2,FALSE))<$K$14,$O75<>Y$45,K49=1),(VLOOKUP(Y$45,$A$2:$H$12,5,FALSE)*1440)-(VLOOKUP($O75,$A$2:$H$12,6,FALSE))*1440-$B$14,0) -> 0 | Z75: 85 | AA75: =AA74+1 -> 7
N76: 2 | O76: CA3 | P76: 0 | Q76: =IF(AND(SUM(VLOOKUP($O76,$A$2:$H$12,2,FALSE),VLOOKUP(Q$45,$A$2:$H$12,2,FALSE))<$K$14,$O76<>Q$45,C50=1),(VLOOKUP(Q$45,$A$2:$H$12,5,FALSE)*1440)-(VLOOKUP($O76,$A$2:$H$12,6,FALSE))*1440-$B$14,0) -> 0 | R76: =IF(AND(SUM(VLOOKUP($O76,$A$2:$H$12,2,FALSE),VLOOKUP(R$45,$A$2:$H$12,2,FALSE))<$K$14,$O76<>R$45,D50=1),(VLOOKUP(R$45,$A$2:$H$12,5,FALSE)*1440)-(VLOOKUP($O76,$A$2:$H$12,6,FALSE))*1440-$B$14,0) -> 0 | S76: =IF(AND(SUM(VLOOKUP($O76,$A$2:$H$12,2,FALSE),VLOOKUP(S$45,$A$2:$H$12,2,FALSE))<$K$14,$O76<>S$45,E50=1),(VLOOKUP(S$45,$A$2:$H$12,5,FALSE)*1440)-(VLOOKUP($O76,$A$2:$H$12,6,FALSE))*1440-$B$14,0) -> 0 | T76: 80 | U76: 140 | V76: =IF(AND(SUM(VLOOKUP($O76,$A$2:$H$12,2,FALSE),VLOOKUP(V$45,$A$2:$H$12,2,FALSE))<$K$14,$O76<>V$45,H50=1),(VLOOKUP(V$45,$A$2:$H$12,5,FALSE)*1440)-(VLOOKUP($O76,$A$2:$H$12,6,FALSE))*1440-$B$14,0) -> 0 | W76: =IF(AND(SUM(VLOOKUP($O76,$A$2:$H$12,2,FALSE),VLOOKUP(W$45,$A$2:$H$12,2,FALSE))<$K$14,$O76<>W$45,I50=1),(VLOOKUP(W$45,$A$2:$H$12,5,FALSE)*1440)-(VLOOKUP($O76,$A$2:$H$12,6,FALSE))*1440-$B$14,0) -> 0 | X76: =IF(AND(SUM(VLOOKUP($O76,$A$2:$H$12,2,FALSE),VLOOKUP(X$45,$A$2:$H$12,2,FALSE))<$K$14,$O76<>X$45,J50=1),(VLOOKUP(X$45,$A$2:$H$12,5,FALSE)*1440)-(VLOOKUP($O76,$A$2:$H$12,6,FALSE))*1440-$B$14,0) -> 0 | Y76: =IF(AND(SUM(VLOOKUP($O76,$A$2:$H$12,2,FALSE),VLOOKUP(Y$45,$A$2:$H$12,2,FALSE))<$K$14,$O76<>Y$45,K50=1),(VLOOKUP(Y$45,$A$2:$H$12,5,FALSE)*1440)-(VLOOKUP($O76,$A$2:$H$12,6,FALSE))*1440-$B$14,0) -> 0 | Z76: =IF(AND(SUM(VLOOKUP($O76,$A$2:$H$12,2,FALSE),VLOOKUP(Z$45,$A$2:$H$12,2,FALSE))<$K$14,$O76<>Z$45,L50=1),(VLOOKUP(Z$45,$A$2:$H$12,5,FALSE)*1440)-(VLOOKUP($O76,$A$2:$H$12,6,FALSE))*1440-$B$14,0) -> 0 | AA76: =AA75+1 -> 8
N77: 2 | O77: CA4 | P77: 0 | Q77: =IF(AND(SUM(VLOOKUP($O77,$A$2:$H$12,2,FALSE),VLOOKUP(Q$45,$A$2:$H$12,2,FALSE))<$K$14,$O77<>Q$45,C51=1),(VLOOKUP(Q$45,$A$2:$H$12,5,FALSE)*1440)-(VLOOKUP($O77,$A$2:$H$12,6,FALSE))*1440-$B$14,0) -> 0 | R77: =IF(AND(SUM(VLOOKUP($O77,$A$2:$H$12,2,FALSE),VLOOKUP(R$45,$A$2:$H$12,2,FALSE))<$K$14,$O77<>R$45,D51=1),(VLOOKUP(R$45,$A$2:$H$12,5,FALSE)*1440)-(VLOOKUP($O77,$A$2:$H$12,6,FALSE))*1440-$B$14,0) -> 0 | S77: =IF(AND(SUM(VLOOKUP($O77,$A$2:$H$12,2,FALSE),VLOOKUP(S$45,$A$2:$H$12,2,FALSE))<$K$14,$O77<>S$45,E51=1),(VLOOKUP(S$45,$A$2:$H$12,5,FALSE)*1440)-(VLOOKUP($O77,$A$2:$H$12,6,FALSE))*1440-$B$14,0) -> 0 | T77: 20 | U77: 80 | V77: =IF(AND(SUM(VLOOKUP($O77,$A$2:$H$12,2,FALSE),VLOOKUP(V$45,$A$2:$H$12,2,FALSE))<$K$14,$O77<>V$45,H51=1),(VLOOKUP(V$45,$A$2:$H$12,5,FALSE)*1440)-(VLOOKUP($O77,$A$2:$H$12,6,FALSE))*1440-$B$14,0) -> 0 | W77: =IF(AND(SUM(VLOOKUP($O77,$A$2:$H$12,2,FALSE),VLOOKUP(W$45,$A$2:$H$12,2,FALSE))<$K$14,$O77<>W$45,I51=1),(VLOOKUP(W$45,$A$2:$H$12,5,FALSE)*1440)-(VLOOKUP($O77,$A$2:$H$12,6,FALSE))*1440-$B$14,0) -> 0 | X77: =IF(AND(SUM(VLOOKUP($O77,$A$2:$H$12,2,FALSE),VLOOKUP(X$45,$A$2:$H$12,2,FALSE))<$K$14,$O77<>X$45,J51=1),(VLOOKUP(X$45,$A$2:$H$12,5,FALSE)*1440)-(VLOOKUP($O77,$A$2:$H$12,6,FALSE))*1440-$B$14,0) -> 0 | Y77: =IF(AND(SUM(VLOOKUP($O77,$A$2:$H$12,2,FALSE),VLOOKUP(Y$45,$A$2:$H$12,2,FALSE))<$K$14,$O77<>Y$45,K51=1),(VLOOKUP(Y$45,$A$2:$H$12,5,FALSE)*1440)-(VLOOKUP($O77,$A$2:$H$12,6,FALSE))*1440-$B$14,0) -> 0 | Z77: =IF(AND(SUM(VLOOKUP($O77,$A$2:$H$12,2,FALSE),VLOOKUP(Z$45,$A$2:$H$12,2,FALSE))<$K$14,$O77<>Z$45,L51=1),(VLOOKUP(Z$45,$A$2:$H$12,5,FALSE)*1440)-(VLOOKUP($O77,$A$2:$H$12,6,FALSE))*1440-$B$14,0) -> 0 | AA77: =AA76+1 -> 9
N78: 2 | O78: CA5 | P78: 0 | Q78: =IF(AND(SUM(VLOOKUP($O78,$A$2:$H$12,2,FALSE),VLOOKUP(Q$45,$A$2:$H$12,2,FALSE))<$K$14,$O78<>Q$45,C52=1),(VLOOKUP(Q$45,$A$2:$H$12,5,FALSE)*1440)-(VLOOKUP($O78,$A$2:$H$12,6,FALSE))*1440-$B$14,0) -> 0 | R78: =IF(AND(SUM(VLOOKUP($O78,$A$2:$H$12,2,FALSE),VLOOKUP(R$45,$A$2:$H$12,2,FALSE))<$K$14,$O78<>R$45,D52=1),(VLOOKUP(R$45,$A$2:$H$12,5,FALSE)*1440)-(VLOOKUP($O78,$A$2:$H$12,6,FALSE))*1440-$B$14,0) -> 0 | S78: =IF(AND(SUM(VLOOKUP($O78,$A$2:$H$12,2,FALSE),VLOOKUP(S$45,$A$2:$H$12,2,FALSE))<$K$14,$O78<>S$45,E52=1),(VLOOKUP(S$45,$A$2:$H$12,5,FALSE)*1440)-(VLOOKUP($O78,$A$2:$H$12,6,FALSE))*1440-$B$14,0) -> 0 | T78: =IF(AND(SUM(VLOOKUP($O78,$A$2:$H$12,2,FALSE),VLOOKUP(T$45,$A$2:$H$12,2,FALSE))<$K$14,$O78<>T$45,F52=1),(VLOOKUP(T$45,$A$2:$H$12,5,FALSE)*1440)-(VLOOKUP($O78,$A$2:$H$12,6,FALSE))*1440-$B$14,0) -> 0 | U78: =IF(AND(SUM(VLOOKUP($O78,$A$2:$H$12,2,FALSE),VLOOKUP(U$45,$A$2:$H$12,2,FALSE))<$K$14,$O78<>U$45,G52=1),(VLOOKUP(U$45,$A$2:$H$12,5,FALSE)*1440)-(VLOOKUP($O78,$A$2:$H$12,6,FALSE))*1440-$B$14,0) -> 0 | V78: =IF(AND(SUM(VLOOKUP($O78,$A$2:$H$12,2,FALSE),VLOOKUP(V$45,$A$2:$H$12,2,FALSE))<$K$14,$O78<>V$45,H52=1),(VLOOKUP(V$45,$A$2:$H$12,5,FALSE)*1440)-(VLOOKUP($O78,$A$2:$H$12,6,FALSE))*1440-$B$14,0) -> 0 | W78: =IF(AND(SUM(VLOOKUP($O78,$A$2:$H$12,2,FALSE),VLOOKUP(W$45,$A$2:$H$12,2,FALSE))<$K$14,$O78<>W$45,I52=1),(VLOOKUP(W$45,$A$2:$H$12,5,FALSE)*1440)-(VLOOKUP($O78,$A$2:$H$12,6,FALSE))*1440-$B$14,0) -> 0 | X78: =IF(AND(SUM(VLOOKUP($O78,$A$2:$H$12,2,FALSE),VLOOKUP(X$45,$A$2:$H$12,2,FALSE))<$K$14,$O78<>X$45,J52=1),(VLOOKUP(X$45,$A$2:$H$12,5,FALSE)*1440)-(VLOOKUP($O78,$A$2:$H$12,6,FALSE))*1440-$B$14,0) -> 0 | ... Z78: =IF(AND(SUM(VLOOKUP($O78,$A$2:$H$12,2,FALSE),VLOOKUP(Z$45,$A$2:$H$12,2,FALSE))<$K$14,$O78<>Z$45,L52=1),(VLOOKUP(Z$45,$A$2:$H$12,5,FALSE)*1440)-(VLOOKUP($O78,$A$2:$H$12,6,FALSE))*1440-$B$14,0) -> 0 | AA78: =AA77+1 -> 10
A80: 1 | B80: =A80+1 -> 2 | C80: =B80+1 -> 3 | D80: =C80+1 -> 4 | E80: =D80+1 -> 5 | F80: =E80+1 -> 6 | G80: =F80+1 -> 7 | H80: =G80+1 -> 8 | I80: =H80+1 -> 9 | ... AA80: =Z80+1 -> 27

Sheet feasible_mat
B1: DEPOT | C1: AB1 | D1: AB2 | E1: AB3 | F1: AB4 | G1: AB5 | H1: AB6 | I1: AB7 | J1: AB8 | K1: AC1 | L1: AC2 | M1: AC3 | N1: AC4 | O1: AC5 | P1: AD1 | Q1: BA1 | R1: BA2 | S1: BA3 | T1: BA4 | U1: BA5 | V1: BA6 | W1: BA7 | X1: BA8 | Y1: CA1 | Z1: CA2 | AA1: CA3 | AB1: CA4 | AC1: CA5 | AD1: CD1 | AE1: DA1 | AF1: DC1
A2: DEPOT | B2: 0 | C2: 1 | D2: 1 | E2: 1 | F2: 1 | G2: 1 | H2: 1 | I2: 1 | J2: 1 | K2: 1 | L2: 1 | M2: 1 | N2: 1 | O2: 1 | P2: 1 | Q2: 1 | R2: 1 | S2: 1 | T2: 1 | U2: 1 | V2: 1 | W2: 1 | X2: 1 | Y2: 1 | Z2: 1 | AA2: 1 | AB2: 1 | AC2: 1 | AD2: 1 | AE2: 1 | AF2: 1
A3: AB1 | B3: 1 | C3: =IF(AND(VLOOKUP(C$1,test!$A$3:$G$32,5,FALSE)-VLOOKUP($A3,test!$A$3:$G$32,6,FALSE)>=VLOOKUP(VLOOKUP(C$1, test!$A$3:$G$32,3,FALSE), test!$J$11:$K$14, 2, FALSE)/1440,VLOOKUP($A3,test!$A$3:$F$32,4,FALSE)=VLOOKUP(C$1,test!$A$3:$F$32,3,FALSE)),1,0) -> 0 | D3: =IF(AND(VLOOKUP(D$1,test!$A$3:$G$32,5,FALSE)-VLOOKUP($A3,test!$A$3:$G$32,6,FALSE)>=VLOOKUP(VLOOKUP(D$1, test!$A$3:$G$32,3,FALSE), test!$J$11:$K$14, 2, FALSE)/1440,VLOOKUP($A3,test!$A$3:$F$32,4,FALSE)=VLOOKUP(D$1,test!$A$3:$F$32,3,FALSE)),1,0) -> 0 | E3: =IF(AND(VLOOKUP(E$1,test!$A$3:$G$32,5,FALSE)-VLOOKUP($A3,test!$A$3:$G$32,6,FALSE)>=VLOOKUP(VLOOKUP(E$1, test!$A$3:$G$32,3,FALSE), test!$J$11:$K$14, 2, FALSE)/1440,VLOOKUP($A3,test!$A$3:$F$32,4,FALSE)=VLOOKUP(E$1,test!$A$3:$F$32,3,FALSE)),1,0) -> 0 | F3: =IF(AND(VLOOKUP(F$1,test!$A$3:$G$32,5,FALSE)-VLOOKUP($A3,test!$A$3:$G$32,6,FALSE)>=VLOOKUP(VLOOKUP(F$1, test!$A$3:$G$32,3,FALSE), test!$J$11:$K$14, 2, FALSE)/1440,VLOOKUP($A3,test!$A$3:$F$32,4,FALSE)=VLOOKUP(F$1,test!$A$3:$F$32,3,FALSE)),1,0) -> 0 | G3: =IF(AND(VLOOKUP(G$1,test!$A$3:$G$32,5,FALSE)-VLOOKUP($A3,test!$A$3:$G$32,6,FALSE)>=VLOOKUP(VLOOKUP(G$1, test!$A$3:$G$32,3,FALSE), test!$J$11:$K$14, 2, FALSE)/1440,VLOOKUP($A3,test!$A$3:$F$32,4,FALSE)=VLOOKUP(G$1,test!$A$3:$F$32,3,FALSE)),1,0) -> 0 | H3: =IF(AND(VLOOKUP(H$1,test!$A$3:$G$32,5,FALSE)-VLOOKUP($A3,test!$A$3:$G$32,6,FALSE)>=VLOOKUP(VLOOKUP(H$1, test!$A$3:$G$32,3,FALSE), test!$J$11:$K$14, 2, FALSE)/1440,VLOOKUP($A3,test!$A$3:$F$32,4,FALSE)=VLOOKUP(H$1,test!$A$3:$F$32,3,FALSE)),1,0) -> 0 | I3: =IF(AND(VLOOKUP(I$1,test!$A$3:$G$32,5,FALSE)-VLOOKUP($A3,test!$A$3:$G$32,6,FALSE)>=VLOOKUP(VLOOKUP(I$1, test!$A$3:$G$32,3,FALSE), test!$J$11:$K$14, 2, FALSE)/1440,VLOOKUP($A3,test!$A$3:$F$32,4,FALSE)=VLOOKUP(I$1,test!$A$3:$F$32,3,FALSE)),1,0) -> 0 | J3: =IF(AND(VLOOKUP(J$1,test!$A$3:$G$32,5,FALSE)-VLOOKUP($A3,test!$A$3:$G$32,6,FALSE)>=VLOOKUP(VLOOKUP(J$1, test!$A$3:$G$32,3,FALSE), test!$J$11:$K$14, 2, FALSE)/1440,VLOOKUP($A3,test!$A$3:$F$32,4,FALSE)=VLOOKUP(J$1,test!$A$3:$F$32,3,FALSE)),1,0) -> 0 | ... AF3: =IF(AND(VLOOKUP(AF$1,test!$A$3:$G$32,5,FALSE)-VLOOKUP($A3,test!$A$3:$G$32,6,FALSE)>=VLOOKUP(VLOOKUP(AF$1, test!$A$3:$G$32,3,FALSE), test!$J$11:$K$14, 2, FALSE)/1440,VLOOKUP($A3,test!$A$3:$F$32,4,FALSE)=VLOOKUP(AF$1,test!$A$3:$F$32,3,FALSE)),1,0) -> 0
A4: AB2 | B4: 1 | C4: =IF(AND(VLOOKUP(C$1,test!$A$3:$G$32,5,FALSE)-VLOOKUP($A4,test!$A$3:$G$32,6,FALSE)>=VLOOKUP(VLOOKUP(C$1, test!$A$3:$G$32,3,FALSE), test!$J$11:$K$14, 2, FALSE)/1440,VLOOKUP($A4,test!$A$3:$F$32,4,FALSE)=VLOOKUP(C$1,test!$A$3:$F$32,3,FALSE)),1,0) -> 0 | D4: =IF(AND(VLOOKUP(D$1,test!$A$3:$G$32,5,FALSE)-VLOOKUP($A4,test!$A$3:$G$32,6,FALSE)>=VLOOKUP(VLOOKUP(D$1, test!$A$3:$G$32,3,FALSE), test!$J$11:$K$14, 2, FALSE)/1440,VLOOKUP($A4,test!$A$3:$F$32,4,FALSE)=VLOOKUP(D$1,test!$A$3:$F$32,3,FALSE)),1,0) -> 0 | E4: =IF(AND(VLOOKUP(E$1,test!$A$3:$G$32,5,FALSE)-VLOOKUP($A4,test!$A$3:$G$32,6,FALSE)>=VLOOKUP(VLOOKUP(E$1, test!$A$3:$G$32,3,FALSE), test!$J$11:$K$14, 2, FALSE)/1440,VLOOKUP($A4,test!$A$3:$F$32,4,FALSE)=VLOOKUP(E$1,test!$A$3:$F$32,3,FALSE)),1,0) -> 0 | F4: =IF(AND(VLOOKUP(F$1,test!$A$3:$G$32,5,FALSE)-VLOOKUP($A4,test!$A$3:$G$32,6,FALSE)>=VLOOKUP(VLOOKUP(F$1, test!$A$3:$G$32,3,FALSE), test!$J$11:$K$14, 2, FALSE)/1440,VLOOKUP($A4,test!$A$3:$F$32,4,FALSE)=VLOOKUP(F$1,test!$A$3:$F$32,3,FALSE)),1,0) -> 0 | G4: =IF(AND(VLOOKUP(G$1,test!$A$3:$G$32,5,FALSE)-VLOOKUP($A4,test!$A$3:$G$32,6,FALSE)>=VLOOKUP(VLOOKUP(G$1, test!$A$3:$G$32,3,FALSE), test!$J$11:$K$14, 2, FALSE)/1440,VLOOKUP($A4,test!$A$3:$F$32,4,FALSE)=VLOOKUP(G$1,test!$A$3:$F$32,3,FALSE)),1,0) -> 0 | H4: =IF(AND(VLOOKUP(H$1,test!$A$3:$G$32,5,FALSE)-VLOOKUP($A4,test!$A$3:$G$32,6,FALSE)>=VLOOKUP(VLOOKUP(H$1, test!$A$3:$G$32,3,FALSE), test!$J$11:$K$14, 2, FALSE)/1440,VLOOKUP($A4,test!$A$3:$F$32,4,FALSE)=VLOOKUP(H$1,test!$A$3:$F$32,3,FALSE)),1,0) -> 0 | I4: =IF(AND(VLOOKUP(I$1,test!$A$3:$G$32,5,FALSE)-VLOOKUP($A4,test!$A$3:$G$32,6,FALSE)>=VLOOKUP(VLOOKUP(I$1, test!$A$3:$G$32,3,FALSE), test!$J$11:$K$14, 2, FALSE)/1440,VLOOKUP($A4,test!$A$3:$F$32,4,FALSE)=VLOOKUP(I$1,test!$A$3:$F$32,3,FALSE)),1,0) -> 0 | J4: =IF(AND(VLOOKUP(J$1,test!$A$3:$G$32,5,FALSE)-VLOOKUP($A4,test!$A$3:$G$32,6,FALSE)>=VLOOKUP(VLOOKUP(J$1, test!$A$3:$G$32,3,FALSE), test!$J$11:$K$14, 2, FALSE)/1440,VLOOKUP($A4,test!$A$3:$F$32,4,FALSE)=VLOOKUP(J$1,test!$A$3:$F$32,3,FALSE)),1,0) -> 0 | ... AF4: =IF(AND(VLOOKUP(AF$1,test!$A$3:$G$32,5,FALSE)-VLOOKUP($A4,test!$A$3:$G$32,6,FALSE)>=VLOOKUP(VLOOKUP(AF$1, test!$A$3:$G$32,3,FALSE), test!$J$11:$K$14, 2, FALSE)/1440,VLOOKUP($A4,test!$A$3:$F$32,4,FALSE)=VLOOKUP(AF$1,test!$A$3:$F$32,3,FALSE)),1,0) -> 0
A5: AB3 | B5: 1 | C5: =IF(AND(VLOOKUP(C$1,test!$A$3:$G$32,5,FALSE)-VLOOKUP($A5,test!$A$3:$G$32,6,FALSE)>=VLOOKUP(VLOOKUP(C$1, test!$A$3:$G$32,3,FALSE), test!$J$11:$K$14, 2, FALSE)/1440,VLOOKUP($A5,test!$A$3:$F$32,4,FALSE)=VLOOKUP(C$1,test!$A$3:$F$32,3,FALSE)),1,0) -> 0 | D5: =IF(AND(VLOOKUP(D$1,test!$A$3:$G$32,5,FALSE)-VLOOKUP($A5,test!$A$3:$G$32,6,FALSE)>=VLOOKUP(VLOOKUP(D$1, test!$A$3:$G$32,3,FALSE), test!$J$11:$K$14, 2, FALSE)/1440,VLOOKUP($A5,test!$A$3:$F$32,4,FALSE)=VLOOKUP(D$1,test!$A$3:$F$32,3,FALSE)),1,0) -> 0 | E5: =IF(AND(VLOOKUP(E$1,test!$A$3:$G$32,5,FALSE)-VLOOKUP($A5,test!$A$3:$G$32,6,FALSE)>=VLOOKUP(VLOOKUP(E$1, test!$A$3:$G$32,3,FALSE), test!$J$11:$K$14, 2, FALSE)/1440,VLOOKUP($A5,test!$A$3:$F$32,4,FALSE)=VLOOKUP(E$1,test!$A$3:$F$32,3,FALSE)),1,0) -> 0 | F5: =IF(AND(VLOOKUP(F$1,test!$A$3:$G$32,5,FALSE)-VLOOKUP($A5,test!$A$3:$G$32,6,FALSE)>=VLOOKUP(VLOOKUP(F$1, test!$A$3:$G$32,3,FALSE), test!$J$11:$K$14, 2, FALSE)/1440,VLOOKUP($A5,test!$A$3:$F$32,4,FALSE)=VLOOKUP(F$1,test!$A$3:$F$32,3,FALSE)),1,0) -> 0 | G5: =IF(AND(VLOOKUP(G$1,test!$A$3:$G$32,5,FALSE)-VLOOKUP($A5,test!$A$3:$G$32,6,FALSE)>=VLOOKUP(VLOOKUP(G$1, test!$A$3:$G$32,3,FALSE), test!$J$11:$K$14, 2, FALSE)/1440,VLOOKUP($A5,test!$A$3:$F$32,4,FALSE)=VLOOKUP(G$1,test!$A$3:$F$32,3,FALSE)),1,0) -> 0 | H5: =IF(AND(VLOOKUP(H$1,test!$A$3:$G$32,5,FALSE)-VLOOKUP($A5,test!$A$3:$G$32,6,FALSE)>=VLOOKUP(VLOOKUP(H$1, test!$A$3:$G$32,3,FALSE), test!$J$11:$K$14, 2, FALSE)/1440,VLOOKUP($A5,test!$A$3:$F$32,4,FALSE)=VLOOKUP(H$1,test!$A$3:$F$32,3,FALSE)),1,0) -> 0 | I5: =IF(AND(VLOOKUP(I$1,test!$A$3:$G$32,5,FALSE)-VLOOKUP($A5,test!$A$3:$G$32,6,FALSE)>=VLOOKUP(VLOOKUP(I$1, test!$A$3:$G$32,3,FALSE), test!$J$11:$K$14, 2, FALSE)/1440,VLOOKUP($A5,test!$A$3:$F$32,4,FALSE)=VLOOKUP(I$1,test!$A$3:$F$32,3,FALSE)),1,0) -> 0 | J5: =IF(AND(VLOOKUP(J$1,test!$A$3:$G$32,5,FALSE)-VLOOKUP($A5,test!$A$3:$G$32,6,FALSE)>=VLOOKUP(VLOOKUP(J$1, test!$A$3:$G$32,3,FALSE), test!$J$11:$K$14, 2, FALSE)/1440,VLOOKUP($A5,test!$A$3:$F$32,4,FALSE)=VLOOKUP(J$1,test!$A$3:$F$32,3,FALSE)),1,0) -> 0 | ... AF5: =IF(AND(VLOOKUP(AF$1,test!$A$3:$G$32,5,FALSE)-VLOOKUP($A5,test!$A$3:$G$32,6,FALSE)>=VLOOKUP(VLOOKUP(AF$1, test!$A$3:$G$32,3,FALSE), test!$J$11:$K$14, 2, FALSE)/1440,VLOOKUP($A5,test!$A$3:$F$32,4,FALSE)=VLOOKUP(AF$1,test!$A$3:$F$32,3,FALSE)),1,0) -> 0
A6: AB4 | B6: 1 | C6: =IF(AND(VLOOKUP(C$1,test!$A$3:$G$32,5,FALSE)-VLOOKUP($A6,test!$A$3:$G$32,6,FALSE)>=VLOOKUP(VLOOKUP(C$1, test!$A$3:$G$32,3,FALSE), test!$J$11:$K$14, 2, FALSE)/1440,VLOOKUP($A6,test!$A$3:$F$32,4,FALSE)=VLOOKUP(C$1,test!$A$3:$F$32,3,FALSE)),1,0) -> 0 | D6: =IF(AND(VLOOKUP(D$1,test!$A$3:$G$32,5,FALSE)-VLOOKUP($A6,test!$A$3:$G$32,6,FALSE)>=VLOOKUP(VLOOKUP(D$1, test!$A$3:$G$32,3,FALSE), test!$J$11:$K$14, 2, FALSE)/1440,VLOOKUP($A6,test!$A$3:$F$32,4,FALSE)=VLOOKUP(D$1,test!$A$3:$F$32,3,FALSE)),1,0) -> 0 | E6: =IF(AND(VLOOKUP(E$1,test!$A$3:$G$32,5,FALSE)-VLOOKUP($A6,test!$A$3:$G$32,6,FALSE)>=VLOOKUP(VLOOKUP(E$1, test!$A$3:$G$32,3,FALSE), test!$J$11:$K$14, 2, FALSE)/1440,VLOOKUP($A6,test!$A$3:$F$32,4,FALSE)=VLOOKUP(E$1,test!$A$3:$F$32,3,FALSE)),1,0) -> 0 | F6: =IF(AND(VLOOKUP(F$1,test!$A$3:$G$32,5,FALSE)-VLOOKUP($A6,test!$A$3:$G$32,6,FALSE)>=VLOOKUP(VLOOKUP(F$1, test!$A$3:$G$32,3,FALSE), test!$J$11:$K$14, 2, FALSE)/1440,VLOOKUP($A6,test!$A$3:$F$32,4,FALSE)=VLOOKUP(F$1,test!$A$3:$F$32,3,FALSE)),1,0) -> 0 | G6: =IF(AND(VLOOKUP(G$1,test!$A$3:$G$32,5,FALSE)-VLOOKUP($A6,test!$A$3:$G$32,6,FALSE)>=VLOOKUP(VLOOKUP(G$1, test!$A$3:$G$32,3,FALSE), test!$J$11:$K$14, 2, FALSE)/1440,VLOOKUP($A6,test!$A$3:$F$32,4,FALSE)=VLOOKUP(G$1,test!$A$3:$F$32,3,FALSE)),1,0) -> 0 | H6: =IF(AND(VLOOKUP(H$1,test!$A$3:$G$32,5,FALSE)-VLOOKUP($A6,test!$A$3:$G$32,6,FALSE)>=VLOOKUP(VLOOKUP(H$1, test!$A$3:$G$32,3,FALSE), test!$J$11:$K$14, 2, FALSE)/1440,VLOOKUP($A6,test!$A$3:$F$32,4,FALSE)=VLOOKUP(H$1,test!$A$3:$F$32,3,FALSE)),1,0) -> 0 | I6: =IF(AND(VLOOKUP(I$1,test!$A$3:$G$32,5,FALSE)-VLOOKUP($A6,test!$A$3:$G$32,6,FALSE)>=VLOOKUP(VLOOKUP(I$1, test!$A$3:$G$32,3,FALSE), test!$J$11:$K$14, 2, FALSE)/1440,VLOOKUP($A6,test!$A$3:$F$32,4,FALSE)=VLOOKUP(I$1,test!$A$3:$F$32,3,FALSE)),1,0) -> 0 | J6: =IF(AND(VLOOKUP(J$1,test!$A$3:$G$32,5,FALSE)-VLOOKUP($A6,test!$A$3:$G$32,6,FALSE)>=VLOOKUP(VLOOKUP(J$1, test!$A$3:$G$32,3,FALSE), test!$J$11:$K$14, 2, FALSE)/1440,VLOOKUP($A6,test!$A$3:$F$32,4,FALSE)=VLOOKUP(J$1,test!$A$3:$F$32,3,FALSE)),1,0) -> 0 | ... AF6: =IF(AND(VLOOKUP(AF$1,test!$A$3:$G$32,5,FALSE)-VLOOKUP($A6,test!$A$3:$G$32,6,FALSE)>=VLOOKUP(VLOOKUP(AF$1, test!$A$3:$G$32,3,FALSE), test!$J$11:$K$14, 2, FALSE)/1440,VLOOKUP($A6,test!$A$3:$F$32,4,FALSE)=VLOOKUP(AF$1,test!$A$3:$F$32,3,FALSE)),1,0) -> 0
A7: AB5 | B7: 1 | C7: =IF(AND(VLOOKUP(C$1,test!$A$3:$G$32,5,FALSE)-VLOOKUP($A7,test!$A$3:$G$32,6,FALSE)>=VLOOKUP(VLOOKUP(C$1, test!$A$3:$G$32,3,FALSE), test!$J$11:$K$14, 2, FALSE)/1440,VLOOKUP($A7,test!$A$3:$F$32,4,FALSE)=VLOOKUP(C$1,test!$A$3:$F$32,3,FALSE)),1,0) -> 0 | D7: =IF(AND(VLOOKUP(D$1,test!$A$3:$G$32,5,FALSE)-VLOOKUP($A7,test!$A$3:$G$32,6,FALSE)>=VLOOKUP(VLOOKUP(D$1, test!$A$3:$G$32,3,FALSE), test!$J$11:$K$14, 2, FALSE)/1440,VLOOKUP($A7,test!$A$3:$F$32,4,FALSE)=VLOOKUP(D$1,test!$A$3:$F$32,3,FALSE)),1,0) -> 0 | E7: =IF(AND(VLOOKUP(E$1,test!$A$3:$G$32,5,FALSE)-VLOOKUP($A7,test!$A$3:$G$32,6,FALSE)>=VLOOKUP(VLOOKUP(E$1, test!$A$3:$G$32,3,FALSE), test!$J$11:$K$14, 2, FALSE)/1440,VLOOKUP($A7,test!$A$3:$F$32,4,FALSE)=VLOOKUP(E$1,test!$A$3:$F$32,3,FALSE)),1,0) -> 0 | F7: =IF(AND(VLOOKUP(F$1,test!$A$3:$G$32,5,FALSE)-VLOOKUP($A7,test!$A$3:$G$32,6,FALSE)>=VLOOKUP(VLOOKUP(F$1, test!$A$3:$G$32,3,FALSE), test!$J$11:$K$14, 2, FALSE)/1440,VLOOKUP($A7,test!$A$3:$F$32,4,FALSE)=VLOOKUP(F$1,test!$A$3:$F$32,3,FALSE)),1,0) -> 0 | G7: =IF(AND(VLOOKUP(G$1,test!$A$3:$G$32,5,FALSE)-VLOOKUP($A7,test!$A$3:$G$32,6,FALSE)>=VLOOKUP(VLOOKUP(G$1, test!$A$3:$G$32,3,FALSE), test!$J$11:$K$14, 2, FALSE)/1440,VLOOKUP($A7,test!$A$3:$F$32,4,FALSE)=VLOOKUP(G$1,test!$A$3:$F$32,3,FALSE)),1,0) -> 0 | H7: =IF(AND(VLOOKUP(H$1,test!$A$3:$G$32,5,FALSE)-VLOOKUP($A7,test!$A$3:$G$32,6,FALSE)>=VLOOKUP(VLOOKUP(H$1, test!$A$3:$G$32,3,FALSE), test!$J$11:$K$14, 2, FALSE)/1440,VLOOKUP($A7,test!$A$3:$F$32,4,FALSE)=VLOOKUP(H$1,test!$A$3:$F$32,3,FALSE)),1,0) -> 0 | I7: =IF(AND(VLOOKUP(I$1,test!$A$3:$G$32,5,FALSE)-VLOOKUP($A7,test!$A$3:$G$32,6,FALSE)>=VLOOKUP(VLOOKUP(I$1, test!$A$3:$G$32,3,FALSE), test!$J$11:$K$14, 2, FALSE)/1440,VLOOKUP($A7,test!$A$3:$F$32,4,FALSE)=VLOOKUP(I$1,test!$A$3:$F$32,3,FALSE)),1,0) -> 0 | J7: =IF(AND(VLOOKUP(J$1,test!$A$3:$G$32,5,FALSE)-VLOOKUP($A7,test!$A$3:$G$32,6,FALSE)>=VLOOKUP(VLOOKUP(J$1, test!$A$3:$G$32,3,FALSE), test!$J$11:$K$14, 2, FALSE)/1440,VLOOKUP($A7,test!$A$3:$F$32,4,FALSE)=VLOOKUP(J$1,test!$A$3:$F$32,3,FALSE)),1,0) -> 0 | ... AF7: =IF(AND(VLOOKUP(AF$1,test!$A$3:$G$32,5,FALSE)-VLOOKUP($A7,test!$A$3:$G$32,6,FALSE)>=VLOOKUP(VLOOKUP(AF$1, test!$A$3:$G$32,3,FALSE), test!$J$11:$K$14, 2, FALSE)/1440,VLOOKUP($A7,test!$A$3:$F$32,4,FALSE)=VLOOKUP(AF$1,test!$A$3:$F$32,3,FALSE)),1,0) -> 0
A8: AB6 | B8: 1 | C8: =IF(AND(VLOOKUP(C$1,test!$A$3:$G$32,5,FALSE)-VLOOKUP($A8,test!$A$3:$G$32,6,FALSE)>=VLOOKUP(VLOOKUP(C$1, test!$A$3:$G$32,3,FALSE), test!$J$11:$K$14, 2, FALSE)/1440,VLOOKUP($A8,test!$A$3:$F$32,4,FALSE)=VLOOKUP(C$1,test!$A$3:$F$32,3,FALSE)),1,0) -> 0 | D8: =IF(AND(VLOOKUP(D$1,test!$A$3:$G$32,5,FALSE)-VLOOKUP($A8,test!$A$3:$G$32,6,FALSE)>=VLOOKUP(VLOOKUP(D$1, test!$A$3:$G$32,3,FALSE), test!$J$11:$K$14, 2, FALSE)/1440,VLOOKUP($A8,test!$A$3:$F$32,4,FALSE)=VLOOKUP(D$1,test!$A$3:$F$32,3,FALSE)),1,0) -> 0 | E8: =IF(AND(VLOOKUP(E$1,test!$A$3:$G$32,5,FALSE)-VLOOKUP($A8,test!$A$3:$G$32,6,FALSE)>=VLOOKUP(VLOOKUP(E$1, test!$A$3:$G$32,3,FALSE), test!$J$11:$K$14, 2, FALSE)/1440,VLOOKUP($A8,test!$A$3:$F$32,4,FALSE)=VLOOKUP(E$1,test!$A$3:$F$32,3,FALSE)),1,0) -> 0 | F8: =IF(AND(VLOOKUP(F$1,test!$A$3:$G$32,5,FALSE)-VLOOKUP($A8,test!$A$3:$G$32,6,FALSE)>=VLOOKUP(VLOOKUP(F$1, test!$A$3:$G$32,3,FALSE), test!$J$11:$K$14, 2, FALSE)/1440,VLOOKUP($A8,test!$A$3:$F$32,4,FALSE)=VLOOKUP(F$1,test!$A$3:$F$32,3,FALSE)),1,0) -> 0 | G8: =IF(AND(VLOOKUP(G$1,test!$A$3:$G$32,5,FALSE)-VLOOKUP($A8,test!$A$3:$G$32,6,FALSE)>=VLOOKUP(VLOOKUP(G$1, test!$A$3:$G$32,3,FALSE), test!$J$11:$K$14, 2, FALSE)/1440,VLOOKUP($A8,test!$A$3:$F$32,4,FALSE)=VLOOKUP(G$1,test!$A$3:$F$32,3,FALSE)),1,0) -> 0 | H8: =IF(AND(VLOOKUP(H$1,test!$A$3:$G$32,5,FALSE)-VLOOKUP($A8,test!$A$3:$G$32,6,FALSE)>=VLOOKUP(VLOOKUP(H$1, test!$A$3:$G$32,3,FALSE), test!$J$11:$K$14, 2, FALSE)/1440,VLOOKUP($A8,test!$A$3:$F$32,4,FALSE)=VLOOKUP(H$1,test!$A$3:$F$32,3,FALSE)),1,0) -> 0 | I8: =IF(AND(VLOOKUP(I$1,test!$A$3:$G$32,5,FALSE)-VLOOKUP($A8,test!$A$3:$G$32,6,FALSE)>=VLOOKUP(VLOOKUP(I$1, test!$A$3:$G$32,3,FALSE), test!$J$11:$K$14, 2, FALSE)/1440,VLOOKUP($A8,test!$A$3:$F$32,4,FALSE)=VLOOKUP(I$1,test!$A$3:$F$32,3,FALSE)),1,0) -> 0 | J8: =IF(AND(VLOOKUP(J$1,test!$A$3:$G$32,5,FALSE)-VLOOKUP($A8,test!$A$3:$G$32,6,FALSE)>=VLOOKUP(VLOOKUP(J$1, test!$A$3:$G$32,3,FALSE), test!$J$11:$K$14, 2, FALSE)/1440,VLOOKUP($A8,test!$A$3:$F$32,4,FALSE)=VLOOKUP(J$1,test!$A$3:$F$32,3,FALSE)),1,0) -> 0 | ... AF8: =IF(AND(VLOOKUP(AF$1,test!$A$3:$G$32,5,FALSE)-VLOOKUP($A8,test!$A$3:$G$32,6,FALSE)>=VLOOKUP(VLOOKUP(AF$1, test!$A$3:$G$32,3,FALSE), test!$J$11:$K$14, 2, FALSE)/1440,VLOOKUP($A8,test!$A$3:$F$32,4,FALSE)=VLOOKUP(AF$1,test!$A$3:$F$32,3,FALSE)),1,0) -> 0
A9: AB7 | B9: 1 | C9: =IF(AND(VLOOKUP(C$1,test!$A$3:$G$32,5,FALSE)-VLOOKUP($A9,test!$A$3:$G$32,6,FALSE)>=VLOOKUP(VLOOKUP(C$1, test!$A$3:$G$32,3,FALSE), test!$J$11:$K$14, 2, FALSE)/1440,VLOOKUP($A9,test!$A$3:$F$32,4,FALSE)=VLOOKUP(C$1,test!$A$3:$F$32,3,FALSE)),1,0) -> 0 | D9: =IF(AND(VLOOKUP(D$1,test!$A$3:$G$32,5,FALSE)-VLOOKUP($A9,test!$A$3:$G$32,6,FALSE)>=VLOOKUP(VLOOKUP(D$1, test!$A$3:$G$32,3,FALSE), test!$J$11:$K$14, 2, FALSE)/1440,VLOOKUP($A9,test!$A$3:$F$32,4,FALSE)=VLOOKUP(D$1,test!$A$3:$F$32,3,FALSE)),1,0) -> 0 | E9: =IF(AND(VLOOKUP(E$1,test!$A$3:$G$32,5,FALSE)-VLOOKUP($A9,test!$A$3:$G$32,6,FALSE)>=VLOOKUP(VLOOKUP(E$1, test!$A$3:$G$32,3,FALSE), test!$J$11:$K$14, 2, FALSE)/1440,VLOOKUP($A9,test!$A$3:$F$32,4,FALSE)=VLOOKUP(E$1,test!$A$3:$F$32,3,FALSE)),1,0) -> 0 | F9: =IF(AND(VLOOKUP(F$1,test!$A$3:$G$32,5,FALSE)-VLOOKUP($A9,test!$A$3:$G$32,6,FALSE)>=VLOOKUP(VLOOKUP(F$1, test!$A$3:$G$32,3,FALSE), test!$J$11:$K$14, 2, FALSE)/1440,VLOOKUP($A9,test!$A$3:$F$32,4,FALSE)=VLOOKUP(F$1,test!$A$3:$F$32,3,FALSE)),1,0) -> 0 | G9: =IF(AND(VLOOKUP(G$1,test!$A$3:$G$32,5,FALSE)-VLOOKUP($A9,test!$A$3:$G$32,6,FALSE)>=VLOOKUP(VLOOKUP(G$1, test!$A$3:$G$32,3,FALSE), test!$J$11:$K$14, 2, FALSE)/1440,VLOOKUP($A9,test!$A$3:$F$32,4,FALSE)=VLOOKUP(G$1,test!$A$3:$F$32,3,FALSE)),1,0) -> 0 | H9: =IF(AND(VLOOKUP(H$1,test!$A$3:$G$32,5,FALSE)-VLOOKUP($A9,test!$A$3:$G$32,6,FALSE)>=VLOOKUP(VLOOKUP(H$1, test!$A$3:$G$32,3,FALSE), test!$J$11:$K$14, 2, FALSE)/1440,VLOOKUP($A9,test!$A$3:$F$32,4,FALSE)=VLOOKUP(H$1,test!$A$3:$F$32,3,FALSE)),1,0) -> 0 | I9: =IF(AND(VLOOKUP(I$1,test!$A$3:$G$32,5,FALSE)-VLOOKUP($A9,test!$A$3:$G$32,6,FALSE)>=VLOOKUP(VLOOKUP(I$1, test!$A$3:$G$32,3,FALSE), test!$J$11:$K$14, 2, FALSE)/1440,VLOOKUP($A9,test!$A$3:$F$32,4,FALSE)=VLOOKUP(I$1,test!$A$3:$F$32,3,FALSE)),1,0) -> 0 | J9: =IF(AND(VLOOKUP(J$1,test!$A$3:$G$32,5,FALSE)-VLOOKUP($A9,test!$A$3:$G$32,6,FALSE)>=VLOOKUP(VLOOKUP(J$1, test!$A$3:$G$32,3,FALSE), test!$J$11:$K$14, 2, FALSE)/1440,VLOOKUP($A9,test!$A$3:$F$32,4,FALSE)=VLOOKUP(J$1,test!$A$3:$F$32,3,FALSE)),1,0) -> 0 | ... AF9: =IF(AND(VLOOKUP(AF$1,test!$A$3:$G$32,5,FALSE)-VLOOKUP($A9,test!$A$3:$G$32,6,FALSE)>=VLOOKUP(VLOOKUP(AF$1, test!$A$3:$G$32,3,FALSE), test!$J$11:$K$14, 2, FALSE)/1440,VLOOKUP($A9,test!$A$3:$F$32,4,FALSE)=VLOOKUP(AF$1,test!$A$3:$F$32,3,FALSE)),1,0) -> 0
A10: AB8 | B10: 1 | C10: =IF(AND(VLOOKUP(C$1,test!$A$3:$G$32,5,FALSE)-VLOOKUP($A10,test!$A$3:$G$32,6,FALSE)>=VLOOKUP(VLOOKUP(C$1, test!$A$3:$G$32,3,FALSE), test!$J$11:$K$14, 2, FALSE)/1440,VLOOKUP($A10,test!$A$3:$F$32,4,FALSE)=VLOOKUP(C$1,test!$A$3:$F$32,3,FALSE)),1,0) -> 0 | D10: =IF(AND(VLOOKUP(D$1,test!$A$3:$G$32,5,FALSE)-VLOOKUP($A10,test!$A$3:$G$32,6,FALSE)>=VLOOKUP(VLOOKUP(D$1, test!$A$3:$G$32,3,FALSE), test!$J$11:$K$14, 2, FALSE)/1440,VLOOKUP($A10,test!$A$3:$F$32,4,FALSE)=VLOOKUP(D$1,test!$A$3:$F$32,3,FALSE)),1,0) -> 0 | E10: =IF(AND(VLOOKUP(E$1,test!$A$3:$G$32,5,FALSE)-VLOOKUP($A10,test!$A$3:$G$32,6,FALSE)>=VLOOKUP(VLOOKUP(E$1, test!$A$3:$G$32,3,FALSE), test!$J$11:$K$14, 2, FALSE)/1440,VLOOKUP($A10,test!$A$3:$F$32,4,FALSE)=VLOOKUP(E$1,test!$A$3:$F$32,3,FALSE)),1,0) -> 0 | F10: =IF(AND(VLOOKUP(F$1,test!$A$3:$G$32,5,FALSE)-VLOOKUP($A10,test!$A$3:$G$32,6,FALSE)>=VLOOKUP(VLOOKUP(F$1, test!$A$3:$G$32,3,FALSE), test!$J$11:$K$14, 2, FALSE)/1440,VLOOKUP($A10,test!$A$3:$F$32,4,FALSE)=VLOOKUP(F$1,test!$A$3:$F$32,3,FALSE)),1,0) -> 0 | G10: =IF(AND(VLOOKUP(G$1,test!$A$3:$G$32,5,FALSE)-VLOOKUP($A10,test!$A$3:$G$32,6,FALSE)>=VLOOKUP(VLOOKUP(G$1, test!$A$3:$G$32,3,FALSE), test!$J$11:$K$14, 2, FALSE)/1440,VLOOKUP($A10,test!$A$3:$F$32,4,FALSE)=VLOOKUP(G$1,test!$A$3:$F$32,3,FALSE)),1,0) -> 0 | H10: =IF(AND(VLOOKUP(H$1,test!$A$3:$G$32,5,FALSE)-VLOOKUP($A10,test!$A$3:$G$32,6,FALSE)>=VLOOKUP(VLOOKUP(H$1, test!$A$3:$G$32,3,FALSE), test!$J$11:$K$14, 2, FALSE)/1440,VLOOKUP($A10,test!$A$3:$F$32,4,FALSE)=VLOOKUP(H$1,test!$A$3:$F$32,3,FALSE)),1,0) -> 0 | I10: =IF(AND(VLOOKUP(I$1,test!$A$3:$G$32,5,FALSE)-VLOOKUP($A10,test!$A$3:$G$32,6,FALSE)>=VLOOKUP(VLOOKUP(I$1, test!$A$3:$G$32,3,FALSE), test!$J$11:$K$14, 2, FALSE)/1440,VLOOKUP($A10,test!$A$3:$F$32,4,FALSE)=VLOOKUP(I$1,test!$A$3:$F$32,3,FALSE)),1,0) -> 0 | J10: =IF(AND(VLOOKUP(J$1,test!$A$3:$G$32,5,FALSE)-VLOOKUP($A10,test!$A$3:$G$32,6,FALSE)>=VLOOKUP(VLOOKUP(J$1, test!$A$3:$G$32,3,FALSE), test!$J$11:$K$14, 2, FALSE)/1440,VLOOKUP($A10,test!$A$3:$F$32,4,FALSE)=VLOOKUP(J$1,test!$A$3:$F$32,3,FALSE)),1,0) -> 0 | ... AF10: =IF(AND(VLOOKUP(AF$1,test!$A$3:$G$32,5,FALSE)-VLOOKUP($A10,test!$A$3:$G$32,6,FALSE)>=VLOOKUP(VLOOKUP(AF$1, test!$A$3:$G$32,3,FALSE), test!$J$11:$K$14, 2, FALSE)/1440,VLOOKUP($A10,test!$A$3:$F$32,4,FALSE)=VLOOKUP(AF$1,test!$A$3:$F$32,3,FALSE)),1,0) -> 0
A11: AC1 | B11: 1 | C11: =IF(AND(VLOOKUP(C$1,test!$A$3:$G$32,5,FALSE)-VLOOKUP($A11,test!$A$3:$G$32,6,FALSE)>=VLOOKUP(VLOOKUP(C$1, test!$A$3:$G$32,3,FALSE), test!$J$11:$K$14, 2, FALSE)/1440,VLOOKUP($A11,test!$A$3:$F$32,4,FALSE)=VLOOKUP(C$1,test!$A$3:$F$32,3,FALSE)),1,0) -> 0 | D11: =IF(AND(VLOOKUP(D$1,test!$A$3:$G$32,5,FALSE)-VLOOKUP($A11,test!$A$3:$G$32,6,FALSE)>=VLOOKUP(VLOOKUP(D$1, test!$A$3:$G$32,3,FALSE), test!$J$11:$K$14, 2, FALSE)/1440,VLOOKUP($A11,test!$A$3:$F$32,4,FALSE)=VLOOKUP(D$1,test!$A$3:$F$32,3,FALSE)),1,0) -> 0 | E11: =IF(AND(VLOOKUP(E$1,test!$A$3:$G$32,5,FALSE)-VLOOKUP($A11,test!$A$3:$G$32,6,FALSE)>=VLOOKUP(VLOOKUP(E$1, test!$A$3:$G$32,3,FALSE), test!$J$11:$K$14, 2, FALSE)/1440,VLOOKUP($A11,test!$A$3:$F$32,4,FALSE)=VLOOKUP(E$1,test!$A$3:$F$32,3,FALSE)),1,0) -> 0 | F11: =IF(AND(VLOOKUP(F$1,test!$A$3:$G$32,5,FALSE)-VLOOKUP($A11,test!$A$3:$G$32,6,FALSE)>=VLOOKUP(VLOOKUP(F$1, test!$A$3:$G$32,3,FALSE), test!$J$11:$K$14, 2, FALSE)/1440,VLOOKUP($A11,test!$A$3:$F$32,4,FALSE)=VLOOKUP(F$1,test!$A$3:$F$32,3,FALSE)),1,0) -> 0 | G11: =IF(AND(VLOOKUP(G$1,test!$A$3:$G$32,5,FALSE)-VLOOKUP($A11,test!$A$3:$G$32,6,FALSE)>=VLOOKUP(VLOOKUP(G$1, test!$A$3:$G$32,3,FALSE), test!$J$11:$K$14, 2, FALSE)/1440,VLOOKUP($A11,test!$A$3:$F$32,4,FALSE)=VLOOKUP(G$1,test!$A$3:$F$32,3,FALSE)),1,0) -> 0 | H11: =IF(AND(VLOOKUP(H$1,test!$A$3:$G$32,5,FALSE)-VLOOKUP($A11,test!$A$3:$G$32,6,FALSE)>=VLOOKUP(VLOOKUP(H$1, test!$A$3:$G$32,3,FALSE), test!$J$11:$K$14, 2, FALSE)/1440,VLOOKUP($A11,test!$A$3:$F$32,4,FALSE)=VLOOKUP(H$1,test!$A$3:$F$32,3,FALSE)),1,0) -> 0 | I11: =IF(AND(VLOOKUP(I$1,test!$A$3:$G$32,5,FALSE)-VLOOKUP($A11,test!$A$3:$G$32,6,FALSE)>=VLOOKUP(VLOOKUP(I$1, test!$A$3:$G$32,3,FALSE), test!$J$11:$K$14, 2, FALSE)/1440,VLOOKUP($A11,test!$A$3:$F$32,4,FALSE)=VLOOKUP(I$1,test!$A$3:$F$32,3,FALSE)),1,0) -> 0 | J11: =IF(AND(VLOOKUP(J$1,test!$A$3:$G$32,5,FALSE)-VLOOKUP($A11,test!$A$3:$G$32,6,FALSE)>=VLOOKUP(VLOOKUP(J$1, test!$A$3:$G$32,3,FALSE), test!$J$11:$K$14, 2, FALSE)/1440,VLOOKUP($A11,test!$A$3:$F$32,4,FALSE)=VLOOKUP(J$1,test!$A$3:$F$32,3,FALSE)),1,0) -> 0 | ... AF11: =IF(AND(VLOOKUP(AF$1,test!$A$3:$G$32,5,FALSE)-VLOOKUP($A11,test!$A$3:$G$32,6,FALSE)>=VLOOKUP(VLOOKUP(AF$1, test!$A$3:$G$32,3,FALSE), test!$J$11:$K$14, 2, FALSE)/1440,VLOOKUP($A11,test!$A$3:$F$32,4,FALSE)=VLOOKUP(AF$1,test!$A$3:$F$32,3,FALSE)),1,0) -> 0
A12: AC2 | B12: 1 | C12: =IF(AND(VLOOKUP(C$1,test!$A$3:$G$32,5,FALSE)-VLOOKUP($A12,test!$A$3:$G$32,6,FALSE)>=VLOOKUP(VLOOKUP(C$1, test!$A$3:$G$32,3,FALSE), test!$J$11:$K$14, 2, FALSE)/1440,VLOOKUP($A12,test!$A$3:$F$32,4,FALSE)=VLOOKUP(C$1,test!$A$3:$F$32,3,FALSE)),1,0) -> 0 | D12: =IF(AND(VLOOKUP(D$1,test!$A$3:$G$32,5,FALSE)-VLOOKUP($A12,test!$A$3:$G$32,6,FALSE)>=VLOOKUP(VLOOKUP(D$1, test!$A$3:$G$32,3,FALSE), test!$J$11:$K$14, 2, FALSE)/1440,VLOOKUP($A12,test!$A$3:$F$32,4,FALSE)=VLOOKUP(D$1,test!$A$3:$F$32,3,FALSE)),1,0) -> 0 | E12: =IF(AND(VLOOKUP(E$1,test!$A$3:$G$32,5,FALSE)-VLOOKUP($A12,test!$A$3:$G$32,6,FALSE)>=VLOOKUP(VLOOKUP(E$1, test!$A$3:$G$32,3,FALSE), test!$J$11:$K$14, 2, FALSE)/1440,VLOOKUP($A12,test!$A$3:$F$32,4,FALSE)=VLOOKUP(E$1,test!$A$3:$F$32,3,FALSE)),1,0) -> 0 | F12: =IF(AND(VLOOKUP(F$1,test!$A$3:$G$32,5,FALSE)-VLOOKUP($A12,test!$A$3:$G$32,6,FALSE)>=VLOOKUP(VLOOKUP(F$1, test!$A$3:$G$32,3,FALSE), test!$J$11:$K$14, 2, FALSE)/1440,VLOOKUP($A12,test!$A$3:$F$32,4,FALSE)=VLOOKUP(F$1,test!$A$3:$F$32,3,FALSE)),1,0) -> 0 | G12: =IF(AND(VLOOKUP(G$1,test!$A$3:$G$32,5,FALSE)-VLOOKUP($A12,test!$A$3:$G$32,6,FALSE)>=VLOOKUP(VLOOKUP(G$1, test!$A$3:$G$32,3,FALSE), test!$J$11:$K$14, 2, FALSE)/1440,VLOOKUP($A12,test!$A$3:$F$32,4,FALSE)=VLOOKUP(G$1,test!$A$3:$F$32,3,FALSE)),1,0) -> 0 | H12: =IF(AND(VLOOKUP(H$1,test!$A$3:$G$32,5,FALSE)-VLOOKUP($A12,test!$A$3:$G$32,6,FALSE)>=VLOOKUP(VLOOKUP(H$1, test!$A$3:$G$32,3,FALSE), test!$J$11:$K$14, 2, FALSE)/1440,VLOOKUP($A12,test!$A$3:$F$32,4,FALSE)=VLOOKUP(H$1,test!$A$3:$F$32,3,FALSE)),1,0) -> 0 | I12: =IF(AND(VLOOKUP(I$1,test!$A$3:$G$32,5,FALSE)-VLOOKUP($A12,test!$A$3:$G$32,6,FALSE)>=VLOOKUP(VLOOKUP(I$1, test!$A$3:$G$32,3,FALSE), test!$J$11:$K$14, 2, FALSE)/1440,VLOOKUP($A12,test!$A$3:$F$32,4,FALSE)=VLOOKUP(I$1,test!$A$3:$F$32,3,FALSE)),1,0) -> 0 | J12: =IF(AND(VLOOKUP(J$1,test!$A$3:$G$32,5,FALSE)-VLOOKUP($A12,test!$A$3:$G$32,6,FALSE)>=VLOOKUP(VLOOKUP(J$1, test!$A$3:$G$32,3,FALSE), test!$J$11:$K$14, 2, FALSE)/1440,VLOOKUP($A12,test!$A$3:$F$32,4,FALSE)=VLOOKUP(J$1,test!$A$3:$F$32,3,FALSE)),1,0) -> 0 | ... AF12: =IF(AND(VLOOKUP(AF$1,test!$A$3:$G$32,5,FALSE)-VLOOKUP($A12,test!$A$3:$G$32,6,FALSE)>=VLOOKUP(VLOOKUP(AF$1, test!$A$3:$G$32,3,FALSE), test!$J$11:$K$14, 2, FALSE)/1440,VLOOKUP($A12,test!$A$3:$F$32,4,FALSE)=VLOOKUP(AF$1,test!$A$3:$F$32,3,FALSE)),1,0) -> 0
A13: AC3 | B13: 1 | C13: =IF(AND(VLOOKUP(C$1,test!$A$3:$G$32,5,FALSE)-VLOOKUP($A13,test!$A$3:$G$32,6,FALSE)>=VLOOKUP(VLOOKUP(C$1, test!$A$3:$G$32,3,FALSE), test!$J$11:$K$14, 2, FALSE)/1440,VLOOKUP($A13,test!$A$3:$F$32,4,FALSE)=VLOOKUP(C$1,test!$A$3:$F$32,3,FALSE)),1,0) -> 0 | D13: =IF(AND(VLOOKUP(D$1,test!$A$3:$G$32,5,FALSE)-VLOOKUP($A13,test!$A$3:$G$32,6,FALSE)>=VLOOKUP(VLOOKUP(D$1, test!$A$3:$G$32,3,FALSE), test!$J$11:$K$14, 2, FALSE)/1440,VLOOKUP($A13,test!$A$3:$F$32,4,FALSE)=VLOOKUP(D$1,test!$A$3:$F$32,3,FALSE)),1,0) -> 0 | E13: =IF(AND(VLOOKUP(E$1,test!$A$3:$G$32,5,FALSE)-VLOOKUP($A13,test!$A$3:$G$32,6,FALSE)>=VLOOKUP(VLOOKUP(E$1, test!$A$3:$G$32,3,FALSE), test!$J$11:$K$14, 2, FALSE)/1440,VLOOKUP($A13,test!$A$3:$F$32,4,FALSE)=VLOOKUP(E$1,test!$A$3:$F$32,3,FALSE)),1,0) -> 0 | F13: =IF(AND(VLOOKUP(F$1,test!$A$3:$G$32,5,FALSE)-VLOOKUP($A13,test!$A$3:$G$32,6,FALSE)>=VLOOKUP(VLOOKUP(F$1, test!$A$3:$G$32,3,FALSE), test!$J$11:$K$14, 2, FALSE)/1440,VLOOKUP($A13,test!$A$3:$F$32,4,FALSE)=VLOOKUP(F$1,test!$A$3:$F$32,3,FALSE)),1,0) -> 0 | G13: =IF(AND(VLOOKUP(G$1,test!$A$3:$G$32,5,FALSE)-VLOOKUP($A13,test!$A$3:$G$32,6,FALSE)>=VLOOKUP(VLOOKUP(G$1, test!$A$3:$G$32,3,FALSE), test!$J$11:$K$14, 2, FALSE)/1440,VLOOKUP($A13,test!$A$3:$F$32,4,FALSE)=VLOOKUP(G$1,test!$A$3:$F$32,3,FALSE)),1,0) -> 0 | H13: =IF(AND(VLOOKUP(H$1,test!$A$3:$G$32,5,FALSE)-VLOOKUP($A13,test!$A$3:$G$32,6,FALSE)>=VLOOKUP(VLOOKUP(H$1, test!$A$3:$G$32,3,FALSE), test!$J$11:$K$14, 2, FALSE)/1440,VLOOKUP($A13,test!$A$3:$F$32,4,FALSE)=VLOOKUP(H$1,test!$A$3:$F$32,3,FALSE)),1,0) -> 0 | I13: =IF(AND(VLOOKUP(I$1,test!$A$3:$G$32,5,FALSE)-VLOOKUP($A13,test!$A$3:$G$32,6,FALSE)>=VLOOKUP(VLOOKUP(I$1, test!$A$3:$G$32,3,FALSE), test!$J$11:$K$14, 2, FALSE)/1440,VLOOKUP($A13,test!$A$3:$F$32,4,FALSE)=VLOOKUP(I$1,test!$A$3:$F$32,3,FALSE)),1,0) -> 0 | J13: =IF(AND(VLOOKUP(J$1,test!$A$3:$G$32,5,FALSE)-VLOOKUP($A13,test!$A$3:$G$32,6,FALSE)>=VLOOKUP(VLOOKUP(J$1, test!$A$3:$G$32,3,FALSE), test!$J$11:$K$14, 2, FALSE)/1440,VLOOKUP($A13,test!$A$3:$F$32,4,FALSE)=VLOOKUP(J$1,test!$A$3:$F$32,3,FALSE)),1,0) -> 0 | ... AF13: =IF(AND(VLOOKUP(AF$1,test!$A$3:$G$32,5,FALSE)-VLOOKUP($A13,test!$A$3:$G$32,6,FALSE)>=VLOOKUP(VLOOKUP(AF$1, test!$A$3:$G$32,3,FALSE), test!$J$11:$K$14, 2, FALSE)/1440,VLOOKUP($A13,test!$A$3:$F$32,4,FALSE)=VLOOKUP(AF$1,test!$A$3:$F$32,3,FALSE)),1,0) -> 0
A14: AC4 | B14: 1 | C14: =IF(AND(VLOOKUP(C$1,test!$A$3:$G$32,5,FALSE)-VLOOKUP($A14,test!$A$3:$G$32,6,FALSE)>=VLOOKUP(VLOOKUP(C$1, test!$A$3:$G$32,3,FALSE), test!$J$11:$K$14, 2, FALSE)/1440,VLOOKUP($A14,test!$A$3:$F$32,4,FALSE)=VLOOKUP(C$1,test!$A$3:$F$32,3,FALSE)),1,0) -> 0 | D14: =IF(AND(VLOOKUP(D$1,test!$A$3:$G$32,5,FALSE)-VLOOKUP($A14,test!$A$3:$G$32,6,FALSE)>=VLOOKUP(VLOOKUP(D$1, test!$A$3:$G$32,3,FALSE), test!$J$11:$K$14, 2, FALSE)/1440,VLOOKUP($A14,test!$A$3:$F$32,4,FALSE)=VLOOKUP(D$1,test!$A$3:$F$32,3,FALSE)),1,0) -> 0 | E14: =IF(AND(VLOOKUP(E$1,test!$A$3:$G$32,5,FALSE)-VLOOKUP($A14,test!$A$3:$G$32,6,FALSE)>=VLOOKUP(VLOOKUP(E$1, test!$A$3:$G$32,3,FALSE), test!$J$11:$K$14, 2, FALSE)/1440,VLOOKUP($A14,test!$A$3:$F$32,4,FALSE)=VLOOKUP(E$1,test!$A$3:$F$32,3,FALSE)),1,0) -> 0 | F14: =IF(AND(VLOOKUP(F$1,test!$A$3:$G$32,5,FALSE)-VLOOKUP($A14,test!$A$3:$G$32,6,FALSE)>=VLOOKUP(VLOOKUP(F$1, test!$A$3:$G$32,3,FALSE), test!$J$11:$K$14, 2, FALSE)/1440,VLOOKUP($A14,test!$A$3:$F$32,4,FALSE)=VLOOKUP(F$1,test!$A$3:$F$32,3,FALSE)),1,0) -> 0 | G14: =IF(AND(VLOOKUP(G$1,test!$A$3:$G$32,5,FALSE)-VLOOKUP($A14,test!$A$3:$G$32,6,FALSE)>=VLOOKUP(VLOOKUP(G$1, test!$A$3:$G$32,3,FALSE), test!$J$11:$K$14, 2, FALSE)/1440,VLOOKUP($A14,test!$A$3:$F$32,4,FALSE)=VLOOKUP(G$1,test!$A$3:$F$32,3,FALSE)),1,0) -> 0 | H14: =IF(AND(VLOOKUP(H$1,test!$A$3:$G$32,5,FALSE)-VLOOKUP($A14,test!$A$3:$G$32,6,FALSE)>=VLOOKUP(VLOOKUP(H$1, test!$A$3:$G$32,3,FALSE), test!$J$11:$K$14, 2, FALSE)/1440,VLOOKUP($A14,test!$A$3:$F$32,4,FALSE)=VLOOKUP(H$1,test!$A$3:$F$32,3,FALSE)),1,0) -> 0 | I14: =IF(AND(VLOOKUP(I$1,test!$A$3:$G$32,5,FALSE)-VLOOKUP($A14,test!$A$3:$G$32,6,FALSE)>=VLOOKUP(VLOOKUP(I$1, test!$A$3:$G$32,3,FALSE), test!$J$11:$K$14, 2, FALSE)/1440,VLOOKUP($A14,test!$A$3:$F$32,4,FALSE)=VLOOKUP(I$1,test!$A$3:$F$32,3,FALSE)),1,0) -> 0 | J14: =IF(AND(VLOOKUP(J$1,test!$A$3:$G$32,5,FALSE)-VLOOKUP($A14,test!$A$3:$G$32,6,FALSE)>=VLOOKUP(VLOOKUP(J$1, test!$A$3:$G$32,3,FALSE), test!$J$11:$K$14, 2, FALSE)/1440,VLOOKUP($A14,test!$A$3:$F$32,4,FALSE)=VLOOKUP(J$1,test!$A$3:$F$32,3,FALSE)),1,0) -> 0 | ... AF14: =IF(AND(VLOOKUP(AF$1,test!$A$3:$G$32,5,FALSE)-VLOOKUP($A14,test!$A$3:$G$32,6,FALSE)>=VLOOKUP(VLOOKUP(AF$1, test!$A$3:$G$32,3,FALSE), test!$J$11:$K$14, 2, FALSE)/1440,VLOOKUP($A14,test!$A$3:$F$32,4,FALSE)=VLOOKUP(AF$1,test!$A$3:$F$32,3,FALSE)),1,0) -> 0
... A32: DC1 | B32: 1 | C32: =IF(AND(VLOOKUP(C$1,test!$A$3:$G$32,5,FALSE)-VLOOKUP($A32,test!$A$3:$G$32,6,FALSE)>=VLOOKUP(VLOOKUP(C$1, test!$A$3:$G$32,3,FALSE), test!$J$11:$K$14, 2, FALSE)/1440,VLOOKUP($A32,test!$A$3:$F$32,4,FALSE)=VLOOKUP(C$1,test!$A$3:$F$32,3,FALSE)),1,0) -> 0 | D32: =IF(AND(VLOOKUP(D$1,test!$A$3:$G$32,5,FALSE)-VLOOKUP($A32,test!$A$3:$G$32,6,FALSE)>=VLOOKUP(VLOOKUP(D$1, test!$A$3:$G$32,3,FALSE), test!$J$11:$K$14, 2, FALSE)/1440,VLOOKUP($A32,test!$A$3:$F$32,4,FALSE)=VLOOKUP(D$1,test!$A$3:$F$32,3,FALSE)),1,0) -> 0 | E32: =IF(AND(VLOOKUP(E$1,test!$A$3:$G$32,5,FALSE)-VLOOKUP($A32,test!$A$3:$G$32,6,FALSE)>=VLOOKUP(VLOOKUP(E$1, test!$A$3:$G$32,3,FALSE), test!$J$11:$K$14, 2, FALSE)/1440,VLOOKUP($A32,test!$A$3:$F$32,4,FALSE)=VLOOKUP(E$1,test!$A$3:$F$32,3,FALSE)),1,0) -> 0 | F32: =IF(AND(VLOOKUP(F$1,test!$A$3:$G$32,5,FALSE)-VLOOKUP($A32,test!$A$3:$G$32,6,FALSE)>=VLOOKUP(VLOOKUP(F$1, test!$A$3:$G$32,3,FALSE), test!$J$11:$K$14, 2, FALSE)/1440,VLOOKUP($A32,test!$A$3:$F$32,4,FALSE)=VLOOKUP(F$1,test!$A$3:$F$32,3,FALSE)),1,0) -> 0 | G32: =IF(AND(VLOOKUP(G$1,test!$A$3:$G$32,5,FALSE)-VLOOKUP($A32,test!$A$3:$G$32,6,FALSE)>=VLOOKUP(VLOOKUP(G$1, test!$A$3:$G$32,3,FALSE), test!$J$11:$K$14, 2, FALSE)/1440,VLOOKUP($A32,test!$A$3:$F$32,4,FALSE)=VLOOKUP(G$1,test!$A$3:$F$32,3,FALSE)),1,0) -> 0 | H32: =IF(AND(VLOOKUP(H$1,test!$A$3:$G$32,5,FALSE)-VLOOKUP($A32,test!$A$3:$G$32,6,FALSE)>=VLOOKUP(VLOOKUP(H$1, test!$A$3:$G$32,3,FALSE), test!$J$11:$K$14, 2, FALSE)/1440,VLOOKUP($A32,test!$A$3:$F$32,4,FALSE)=VLOOKUP(H$1,test!$A$3:$F$32,3,FALSE)),1,0) -> 0 | I32: =IF(AND(VLOOKUP(I$1,test!$A$3:$G$32,5,FALSE)-VLOOKUP($A32,test!$A$3:$G$32,6,FALSE)>=VLOOKUP(VLOOKUP(I$1, test!$A$3:$G$32,3,FALSE), test!$J$11:$K$14, 2, FALSE)/1440,VLOOKUP($A32,test!$A$3:$F$32,4,FALSE)=VLOOKUP(I$1,test!$A$3:$F$32,3,FALSE)),1,0) -> 0 | J32: =IF(AND(VLOOKUP(J$1,test!$A$3:$G$32,5,FALSE)-VLOOKUP($A32,test!$A$3:$G$32,6,FALSE)>=VLOOKUP(VLOOKUP(J$1, test!$A$3:$G$32,3,FALSE), test!$J$11:$K$14, 2, FALSE)/1440,VLOOKUP($A32,test!$A$3:$F$32,4,FALSE)=VLOOKUP(J$1,test!$A$3:$F$32,3,FALSE)),1,0) -> 0 | ... AF32: =IF(AND(VLOOKUP(AF$1,test!$A$3:$G$32,5,FALSE)-VLOOKUP($A32,test!$A$3:$G$32,6,FALSE)>=VLOOKUP(VLOOKUP(AF$1, test!$A$3:$G$32,3,FALSE), test!$J$11:$K$14, 2, FALSE)/1440,VLOOKUP($A32,test!$A$3:$F$32,4,FALSE)=VLOOKUP(AF$1,test!$A$3:$F$32,3,FALSE)),1,0) -> 0

Sheet duration_mat
B1: DEPOT | C1: AB1 | D1: AB2 | E1: AB3 | F1: AB4 | G1: AB5 | H1: AB6 | I1: AB7 | J1: AB8 | K1: AC1 | L1: AC2 | M1: AC3 | N1: AC4 | O1: AC5 | P1: AD1 | Q1: BA1 | R1: BA2 | S1: BA3 | T1: BA4 | U1: BA5 | V1: BA6 | W1: BA7 | X1: BA8 | Y1: CA1 | Z1: CA2 | AA1: CA3 | AB1: CA4 | AC1: CA5 | AD1: CD1 | AE1: DA1 | AF1: DC1 | AG1: CS1 | AH1: CS2 | AI1: CS3
A2: DEPOT | B2: 0 | C2: 0 | D2: 0 | E2: 0 | F2: 0 | G2: 0 | H2: 0 | I2: 0 | J2: 0 | K2: 0 | L2: 0 | M2: 0 | N2: 0 | O2: 0 | P2: 0 | Q2: 0 | R2: 0 | S2: 0 | T2: 0 | U2: 0 | V2: 0 | W2: 0 | X2: 0 | Y2: 0 | Z2: 0 | AA2: 0 | AB2: 0 | AC2: 0 | AD2: 0 | AE2: 0 | AF2: 0 | AG2: 0 | AH2: 0 | AI2: 0
A3: AB1 | B3: 0 | C3: =IF(AND(SUM(VLOOKUP($A3,test!$A$3:$F$32,2,FALSE),VLOOKUP(C$1,test!$A$3:$F$32,2,FALSE))<test!$K$16,$A3<>C$1,feasible_mat!C3=1),SUM(VLOOKUP($A3,test!$A$3:$F$32,2,FALSE),VLOOKUP(C$1,test!$A$3:$F$32,2,FALSE)),0) -> 0 | D3: =IF(AND(SUM(VLOOKUP($A3,test!$A$3:$F$32,2,FALSE),VLOOKUP(D$1,test!$A$3:$F$32,2,FALSE))<test!$K$16,$A3<>D$1,feasible_mat!D3=1),SUM(VLOOKUP($A3,test!$A$3:$F$32,2,FALSE),VLOOKUP(D$1,test!$A$3:$F$32,2,FALSE)),0) -> 0 | E3: =IF(AND(SUM(VLOOKUP($A3,test!$A$3:$F$32,2,FALSE),VLOOKUP(E$1,test!$A$3:$F$32,2,FALSE))<test!$K$16,$A3<>E$1,feasible_mat!E3=1),SUM(VLOOKUP($A3,test!$A$3:$F$32,2,FALSE),VLOOKUP(E$1,test!$A$3:$F$32,2,FALSE)),0) -> 0 | F3: =IF(AND(SUM(VLOOKUP($A3,test!$A$3:$F$32,2,FALSE),VLOOKUP(F$1,test!$A$3:$F$32,2,FALSE))<test!$K$16,$A3<>F$1,feasible_mat!F3=1),SUM(VLOOKUP($A3,test!$A$3:$F$32,2,FALSE),VLOOKUP(F$1,test!$A$3:$F$32,2,FALSE)),0) -> 0 | G3: =IF(AND(SUM(VLOOKUP($A3,test!$A$3:$F$32,2,FALSE),VLOOKUP(G$1,test!$A$3:$F$32,2,FALSE))<test!$K$16,$A3<>G$1,feasible_mat!G3=1),SUM(VLOOKUP($A3,test!$A$3:$F$32,2,FALSE),VLOOKUP(G$1,test!$A$3:$F$32,2,FALSE)),0) -> 0 | H3: =IF(AND(SUM(VLOOKUP($A3,test!$A$3:$F$32,2,FALSE),VLOOKUP(H$1,test!$A$3:$F$32,2,FALSE))<test!$K$16,$A3<>H$1,feasible_mat!H3=1),SUM(VLOOKUP($A3,test!$A$3:$F$32,2,FALSE),VLOOKUP(H$1,test!$A$3:$F$32,2,FALSE)),0) -> 0 | I3: =IF(AND(SUM(VLOOKUP($A3,test!$A$3:$F$32,2,FALSE),VLOOKUP(I$1,test!$A$3:$F$32,2,FALSE))<test!$K$16,$A3<>I$1,feasible_mat!I3=1),SUM(VLOOKUP($A3,test!$A$3:$F$32,2,FALSE),VLOOKUP(I$1,test!$A$3:$F$32,2,FALSE)),0) -> 0 | J3: =IF(AND(SUM(VLOOKUP($A3,test!$A$3:$F$32,2,FALSE),VLOOKUP(J$1,test!$A$3:$F$32,2,FALSE))<test!$K$16,$A3<>J$1,feasible_mat!J3=1),SUM(VLOOKUP($A3,test!$A$3:$F$32,2,FALSE),VLOOKUP(J$1,test!$A$3:$F$32,2,FALSE)),0) -> 0 | ... AF3: =IF(AND(SUM(VLOOKUP($A3,test!$A$3:$F$32,2,FALSE),VLOOKUP(AF$1,test!$A$3:$F$32,2,FALSE))<test!$K$16,$A3<>AF$1,feasible_mat!AF3=1),SUM(VLOOKUP($A3,test!$A$3:$F$32,2,FALSE),VLOOKUP(AF$1,test!$A$3:$F$32,2,FALSE)),0) -> 0 | AG3: 60 | AH3: 75 | AI3: 70
A4: AB2 | B4: 0 | C4: =IF(AND(SUM(VLOOKUP($A4,test!$A$3:$F$32,2,FALSE),VLOOKUP(C$1,test!$A$3:$F$32,2,FALSE))<test!$K$16,$A4<>C$1,feasible_mat!C4=1),SUM(VLOOKUP($A4,test!$A$3:$F$32,2,FALSE),VLOOKUP(C$1,test!$A$3:$F$32,2,FALSE)),0) -> 0 | D4: =IF(AND(SUM(VLOOKUP($A4,test!$A$3:$F$32,2,FALSE),VLOOKUP(D$1,test!$A$3:$F$32,2,FALSE))<test!$K$16,$A4<>D$1,feasible_mat!D4=1),SUM(VLOOKUP($A4,test!$A$3:$F$32,2,FALSE),VLOOKUP(D$1,test!$A$3:$F$32,2,FALSE)),0) -> 0 | E4: =IF(AND(SUM(VLOOKUP($A4,test!$A$3:$F$32,2,FALSE),VLOOKUP(E$1,test!$A$3:$F$32,2,FALSE))<test!$K$16,$A4<>E$1,feasible_mat!E4=1),SUM(VLOOKUP($A4,test!$A$3:$F$32,2,FALSE),VLOOKUP(E$1,test!$A$3:$F$32,2,FALSE)),0) -> 0 | F4: =IF(AND(SUM(VLOOKUP($A4,test!$A$3:$F$32,2,FALSE),VLOOKUP(F$1,test!$A$3:$F$32,2,FALSE))<test!$K$16,$A4<>F$1,feasible_mat!F4=1),SUM(VLOOKUP($A4,test!$A$3:$F$32,2,FALSE),VLOOKUP(F$1,test!$A$3:$F$32,2,FALSE)),0) -> 0 | G4: =IF(AND(SUM(VLOOKUP($A4,test!$A$3:$F$32,2,FALSE),VLOOKUP(G$1,test!$A$3:$F$32,2,FALSE))<test!$K$16,$A4<>G$1,feasible_mat!G4=1),SUM(VLOOKUP($A4,test!$A$3:$F$32,2,FALSE),VLOOKUP(G$1,test!$A$3:$F$32,2,FALSE)),0) -> 0 | H4: =IF(AND(SUM(VLOOKUP($A4,test!$A$3:$F$32,2,FALSE),VLOOKUP(H$1,test!$A$3:$F$32,2,FALSE))<test!$K$16,$A4<>H$1,feasible_mat!H4=1),SUM(VLOOKUP($A4,test!$A$3:$F$32,2,FALSE),VLOOKUP(H$1,test!$A$3:$F$32,2,FALSE)),0) -> 0 | I4: =IF(AND(SUM(VLOOKUP($A4,test!$A$3:$F$32,2,FALSE),VLOOKUP(I$1,test!$A$3:$F$32,2,FALSE))<test!$K$16,$A4<>I$1,feasible_mat!I4=1),SUM(VLOOKUP($A4,test!$A$3:$F$32,2,FALSE),VLOOKUP(I$1,test!$A$3:$F$32,2,FALSE)),0) -> 0 | J4: =IF(AND(SUM(VLOOKUP($A4,test!$A$3:$F$32,2,FALSE),VLOOKUP(J$1,test!$A$3:$F$32,2,FALSE))<test!$K$16,$A4<>J$1,feasible_mat!J4=1),SUM(VLOOKUP($A4,test!$A$3:$F$32,2,FALSE),VLOOKUP(J$1,test!$A$3:$F$32,2,FALSE)),0) -> 0 | ... AF4: =IF(AND(SUM(VLOOKUP($A4,test!$A$3:$F$32,2,FALSE),VLOOKUP(AF$1,test!$A$3:$F$32,2,FALSE))<test!$K$16,$A4<>AF$1,feasible_mat!AF4=1),SUM(VLOOKUP($A4,test!$A$3:$F$32,2,FALSE),VLOOKUP(AF$1,test!$A$3:$F$32,2,FALSE)),0) -> 0 | AG4: 60 | AH4: 75 | AI4: 70
A5: AB3 | B5: 0 | C5: =IF(AND(SUM(VLOOKUP($A5,test!$A$3:$F$32,2,FALSE),VLOOKUP(C$1,test!$A$3:$F$32,2,FALSE))<test!$K$16,$A5<>C$1,feasible_mat!C5=1),SUM(VLOOKUP($A5,test!$A$3:$F$32,2,FALSE),VLOOKUP(C$1,test!$A$3:$F$32,2,FALSE)),0) -> 0 | D5: =IF(AND(SUM(VLOOKUP($A5,test!$A$3:$F$32,2,FALSE),VLOOKUP(D$1,test!$A$3:$F$32,2,FALSE))<test!$K$16,$A5<>D$1,feasible_mat!D5=1),SUM(VLOOKUP($A5,test!$A$3:$F$32,2,FALSE),VLOOKUP(D$1,test!$A$3:$F$32,2,FALSE)),0) -> 0 | E5: =IF(AND(SUM(VLOOKUP($A5,test!$A$3:$F$32,2,FALSE),VLOOKUP(E$1,test!$A$3:$F$32,2,FALSE))<test!$K$16,$A5<>E$1,feasible_mat!E5=1),SUM(VLOOKUP($A5,test!$A$3:$F$32,2,FALSE),VLOOKUP(E$1,test!$A$3:$F$32,2,FALSE)),0) -> 0 | F5: =IF(AND(SUM(VLOOKUP($A5,test!$A$3:$F$32,2,FALSE),VLOOKUP(F$1,test!$A$3:$F$32,2,FALSE))<test!$K$16,$A5<>F$1,feasible_mat!F5=1),SUM(VLOOKUP($A5,test!$A$3:$F$32,2,FALSE),VLOOKUP(F$1,test!$A$3:$F$32,2,FALSE)),0) -> 0 | G5: =IF(AND(SUM(VLOOKUP($A5,test!$A$3:$F$32,2,FALSE),VLOOKUP(G$1,test!$A$3:$F$32,2,FALSE))<test!$K$16,$A5<>G$1,feasible_mat!G5=1),SUM(VLOOKUP($A5,test!$A$3:$F$32,2,FALSE),VLOOKUP(G$1,test!$A$3:$F$32,2,FALSE)),0) -> 0 | H5: =IF(AND(SUM(VLOOKUP($A5,test!$A$3:$F$32,2,FALSE),VLOOKUP(H$1,test!$A$3:$F$32,2,FALSE))<test!$K$16,$A5<>H$1,feasible_mat!H5=1),SUM(VLOOKUP($A5,test!$A$3:$F$32,2,FALSE),VLOOKUP(H$1,test!$A$3:$F$32,2,FALSE)),0) -> 0 | I5: =IF(AND(SUM(VLOOKUP($A5,test!$A$3:$F$32,2,FALSE),VLOOKUP(I$1,test!$A$3:$F$32,2,FALSE))<test!$K$16,$A5<>I$1,feasible_mat!I5=1),SUM(VLOOKUP($A5,test!$A$3:$F$32,2,FALSE),VLOOKUP(I$1,test!$A$3:$F$32,2,FALSE)),0) -> 0 | J5: =IF(AND(SUM(VLOOKUP($A5,test!$A$3:$F$32,2,FALSE),VLOOKUP(J$1,test!$A$3:$F$32,2,FALSE))<test!$K$16,$A5<>J$1,feasible_mat!J5=1),SUM(VLOOKUP($A5,test!$A$3:$F$32,2,FALSE),VLOOKUP(J$1,test!$A$3:$F$32,2,FALSE)),0) -> 0 | ... AF5: =IF(AND(SUM(VLOOKUP($A5,test!$A$3:$F$32,2,FALSE),VLOOKUP(AF$1,test!$A$3:$F$32,2,FALSE))<test!$K$16,$A5<>AF$1,feasible_mat!AF5=1),SUM(VLOOKUP($A5,test!$A$3:$F$32,2,FALSE),VLOOKUP(AF$1,test!$A$3:$F$32,2,FALSE)),0) -> 0 | AG5: 60 | AH5: 75 | AI5: 70
A6: AB4 | B6: 0 | C6: =IF(AND(SUM(VLOOKUP($A6,test!$A$3:$F$32,2,FALSE),VLOOKUP(C$1,test!$A$3:$F$32,2,FALSE))<test!$K$16,$A6<>C$1,feasible_mat!C6=1),SUM(VLOOKUP($A6,test!$A$3:$F$32,2,FALSE),VLOOKUP(C$1,test!$A$3:$F$32,2,FALSE)),0) -> 0 | D6: =IF(AND(SUM(VLOOKUP($A6,test!$A$3:$F$32,2,FALSE),VLOOKUP(D$1,test!$A$3:$F$32,2,FALSE))<test!$K$16,$A6<>D$1,feasible_mat!D6=1),SUM(VLOOKUP($A6,test!$A$3:$F$32,2,FALSE),VLOOKUP(D$1,test!$A$3:$F$32,2,FALSE)),0) -> 0 | E6: =IF(AND(SUM(VLOOKUP($A6,test!$A$3:$F$32,2,FALSE),VLOOKUP(E$1,test!$A$3:$F$32,2,FALSE))<test!$K$16,$A6<>E$1,feasible_mat!E6=1),SUM(VLOOKUP($A6,test!$A$3:$F$32,2,FALSE),VLOOKUP(E$1,test!$A$3:$F$32,2,FALSE)),0) -> 0 | F6: =IF(AND(SUM(VLOOKUP($A6,test!$A$3:$F$32,2,FALSE),VLOOKUP(F$1,test!$A$3:$F$32,2,FALSE))<test!$K$16,$A6<>F$1,feasible_mat!F6=1),SUM(VLOOKUP($A6,test!$A$3:$F$32,2,FALSE),VLOOKUP(F$1,test!$A$3:$F$32,2,FALSE)),0) -> 0 | G6: =IF(AND(SUM(VLOOKUP($A6,test!$A$3:$F$32,2,FALSE),VLOOKUP(G$1,test!$A$3:$F$32,2,FALSE))<test!$K$16,$A6<>G$1,feasible_mat!G6=1),SUM(VLOOKUP($A6,test!$A$3:$F$32,2,FALSE),VLOOKUP(G$1,test!$A$3:$F$32,2,FALSE)),0) -> 0 | H6: =IF(AND(SUM(VLOOKUP($A6,test!$A$3:$F$32,2,FALSE),VLOOKUP(H$1,test!$A$3:$F$32,2,FALSE))<test!$K$16,$A6<>H$1,feasible_mat!H6=1),SUM(VLOOKUP($A6,test!$A$3:$F$32,2,FALSE),VLOOKUP(H$1,test!$A$3:$F$32,2,FALSE)),0) -> 0 | I6: =IF(AND(SUM(VLOOKUP($A6,test!$A$3:$F$32,2,FALSE),VLOOKUP(I$1,test!$A$3:$F$32,2,FALSE))<test!$K$16,$A6<>I$1,feasible_mat!I6=1),SUM(VLOOKUP($A6,test!$A$3:$F$32,2,FALSE),VLOOKUP(I$1,test!$A$3:$F$32,2,FALSE)),0) -> 0 | J6: =IF(AND(SUM(VLOOKUP($A6,test!$A$3:$F$32,2,FALSE),VLOOKUP(J$1,test!$A$3:$F$32,2,FALSE))<test!$K$16,$A6<>J$1,feasible_mat!J6=1),SUM(VLOOKUP($A6,test!$A$3:$F$32,2,FALSE),VLOOKUP(J$1,test!$A$3:$F$32,2,FALSE)),0) -> 0 | ... AF6: =IF(AND(SUM(VLOOKUP($A6,test!$A$3:$F$32,2,FALSE),VLOOKUP(AF$1,test!$A$3:$F$32,2,FALSE))<test!$K$16,$A6<>AF$1,feasible_mat!AF6=1),SUM(VLOOKUP($A6,test!$A$3:$F$32,2,FALSE),VLOOKUP(AF$1,test!$A$3:$F$32,2,FALSE)),0) -> 0 | AG6: 60 | AH6: 75 | AI6: 70
A7: AB5 | B7: 0 | C7: =IF(AND(SUM(VLOOKUP($A7,test!$A$3:$F$32,2,FALSE),VLOOKUP(C$1,test!$A$3:$F$32,2,FALSE))<test!$K$16,$A7<>C$1,feasible_mat!C7=1),SUM(VLOOKUP($A7,test!$A$3:$F$32,2,FALSE),VLOOKUP(C$1,test!$A$3:$F$32,2,FALSE)),0) -> 0 | D7: =IF(AND(SUM(VLOOKUP($A7,test!$A$3:$F$32,2,FALSE),VLOOKUP(D$1,test!$A$3:$F$32,2,FALSE))<test!$K$16,$A7<>D$1,feasible_mat!D7=1),SUM(VLOOKUP($A7,test!$A$3:$F$32,2,FALSE),VLOOKUP(D$1,test!$A$3:$F$32,2,FALSE)),0) -> 0 | E7: =IF(AND(SUM(VLOOKUP($A7,test!$A$3:$F$32,2,FALSE),VLOOKUP(E$1,test!$A$3:$F$32,2,FALSE))<test!$K$16,$A7<>E$1,feasible_mat!E7=1),SUM(VLOOKUP($A7,test!$A$3:$F$32,2,FALSE),VLOOKUP(E$1,test!$A$3:$F$32,2,FALSE)),0) -> 0 | F7: =IF(AND(SUM(VLOOKUP($A7,test!$A$3:$F$32,2,FALSE),VLOOKUP(F$1,test!$A$3:$F$32,2,FALSE))<test!$K$16,$A7<>F$1,feasible_mat!F7=1),SUM(VLOOKUP($A7,test!$A$3:$F$32,2,FALSE),VLOOKUP(F$1,test!$A$3:$F$32,2,FALSE)),0) -> 0 | G7: =IF(AND(SUM(VLOOKUP($A7,test!$A$3:$F$32,2,FALSE),VLOOKUP(G$1,test!$A$3:$F$32,2,FALSE))<test!$K$16,$A7<>G$1,feasible_mat!G7=1),SUM(VLOOKUP($A7,test!$A$3:$F$32,2,FALSE),VLOOKUP(G$1,test!$A$3:$F$32,2,FALSE)),0) -> 0 | H7: =IF(AND(SUM(VLOOKUP($A7,test!$A$3:$F$32,2,FALSE),VLOOKUP(H$1,test!$A$3:$F$32,2,FALSE))<test!$K$16,$A7<>H$1,feasible_mat!H7=1),SUM(VLOOKUP($A7,test!$A$3:$F$32,2,FALSE),VLOOKUP(H$1,test!$A$3:$F$32,2,FALSE)),0) -> 0 | I7: =IF(AND(SUM(VLOOKUP($A7,test!$A$3:$F$32,2,FALSE),VLOOKUP(I$1,test!$A$3:$F$32,2,FALSE))<test!$K$16,$A7<>I$1,feasible_mat!I7=1),SUM(VLOOKUP($A7,test!$A$3:$F$32,2,FALSE),VLOOKUP(I$1,test!$A$3:$F$32,2,FALSE)),0) -> 0 | J7: =IF(AND(SUM(VLOOKUP($A7,test!$A$3:$F$32,2,FALSE),VLOOKUP(J$1,test!$A$3:$F$32,2,FALSE))<test!$K$16,$A7<>J$1,feasible_mat!J7=1),SUM(VLOOKUP($A7,test!$A$3:$F$32,2,FALSE),VLOOKUP(J$1,test!$A$3:$F$32,2,FALSE)),0) -> 0 | ... AF7: =IF(AND(SUM(VLOOKUP($A7,test!$A$3:$F$32,2,FALSE),VLOOKUP(AF$1,test!$A$3:$F$32,2,FALSE))<test!$K$16,$A7<>AF$1,feasible_mat!AF7=1),SUM(VLOOKUP($A7,test!$A$3:$F$32,2,FALSE),VLOOKUP(AF$1,test!$A$3:$F$32,2,FALSE)),0) -> 0 | AG7: 60 | AH7: 75 | AI7: 70
A8: AB6 | B8: 0 | C8: =IF(AND(SUM(VLOOKUP($A8,test!$A$3:$F$32,2,FALSE),VLOOKUP(C$1,test!$A$3:$F$32,2,FALSE))<test!$K$16,$A8<>C$1,feasible_mat!C8=1),SUM(VLOOKUP($A8,test!$A$3:$F$32,2,FALSE),VLOOKUP(C$1,test!$A$3:$F$32,2,FALSE)),0) -> 0 | D8: =IF(AND(SUM(VLOOKUP($A8,test!$A$3:$F$32,2,FALSE),VLOOKUP(D$1,test!$A$3:$F$32,2,FALSE))<test!$K$16,$A8<>D$1,feasible_mat!D8=1),SUM(VLOOKUP($A8,test!$A$3:$F$32,2,FALSE),VLOOKUP(D$1,test!$A$3:$F$32,2,FALSE)),0) -> 0 | E8: =IF(AND(SUM(VLOOKUP($A8,test!$A$3:$F$32,2,FALSE),VLOOKUP(E$1,test!$A$3:$F$32,2,FALSE))<test!$K$16,$A8<>E$1,feasible_mat!E8=1),SUM(VLOOKUP($A8,test!$A$3:$F$32,2,FALSE),VLOOKUP(E$1,test!$A$3:$F$32,2,FALSE)),0) -> 0 | F8: =IF(AND(SUM(VLOOKUP($A8,test!$A$3:$F$32,2,FALSE),VLOOKUP(F$1,test!$A$3:$F$32,2,FALSE))<test!$K$16,$A8<>F$1,feasible_mat!F8=1),SUM(VLOOKUP($A8,test!$A$3:$F$32,2,FALSE),VLOOKUP(F$1,test!$A$3:$F$32,2,FALSE)),0) -> 0 | G8: =IF(AND(SUM(VLOOKUP($A8,test!$A$3:$F$32,2,FALSE),VLOOKUP(G$1,test!$A$3:$F$32,2,FALSE))<test!$K$16,$A8<>G$1,feasible_mat!G8=1),SUM(VLOOKUP($A8,test!$A$3:$F$32,2,FALSE),VLOOKUP(G$1,test!$A$3:$F$32,2,FALSE)),0) -> 0 | H8: =IF(AND(SUM(VLOOKUP($A8,test!$A$3:$F$32,2,FALSE),VLOOKUP(H$1,test!$A$3:$F$32,2,FALSE))<test!$K$16,$A8<>H$1,feasible_mat!H8=1),SUM(VLOOKUP($A8,test!$A$3:$F$32,2,FALSE),VLOOKUP(H$1,test!$A$3:$F$32,2,FALSE)),0) -> 0 | I8: =IF(AND(SUM(VLOOKUP($A8,test!$A$3:$F$32,2,FALSE),VLOOKUP(I$1,test!$A$3:$F$32,2,FALSE))<test!$K$16,$A8<>I$1,feasible_mat!I8=1),SUM(VLOOKUP($A8,test!$A$3:$F$32,2,FALSE),VLOOKUP(I$1,test!$A$3:$F$32,2,FALSE)),0) -> 0 | J8: =IF(AND(SUM(VLOOKUP($A8,test!$A$3:$F$32,2,FALSE),VLOOKUP(J$1,test!$A$3:$F$32,2,FALSE))<test!$K$16,$A8<>J$1,feasible_mat!J8=1),SUM(VLOOKUP($A8,test!$A$3:$F$32,2,FALSE),VLOOKUP(J$1,test!$A$3:$F$32,2,FALSE)),0) -> 0 | ... AF8: =IF(AND(SUM(VLOOKUP($A8,test!$A$3:$F$32,2,FALSE),VLOOKUP(AF$1,test!$A$3:$F$32,2,FALSE))<test!$K$16,$A8<>AF$1,feasible_mat!AF8=1),SUM(VLOOKUP($A8,test!$A$3:$F$32,2,FALSE),VLOOKUP(AF$1,test!$A$3:$F$32,2,FALSE)),0) -> 0 | AG8: 60 | AH8: 75 | AI8: 70
A9: AB7 | B9: 0 | C9: =IF(AND(SUM(VLOOKUP($A9,test!$A$3:$F$32,2,FALSE),VLOOKUP(C$1,test!$A$3:$F$32,2,FALSE))<test!$K$16,$A9<>C$1,feasible_mat!C9=1),SUM(VLOOKUP($A9,test!$A$3:$F$32,2,FALSE),VLOOKUP(C$1,test!$A$3:$F$32,2,FALSE)),0) -> 0 | D9: =IF(AND(SUM(VLOOKUP($A9,test!$A$3:$F$32,2,FALSE),VLOOKUP(D$1,test!$A$3:$F$32,2,FALSE))<test!$K$16,$A9<>D$1,feasible_mat!D9=1),SUM(VLOOKUP($A9,test!$A$3:$F$32,2,FALSE),VLOOKUP(D$1,test!$A$3:$F$32,2,FALSE)),0) -> 0 | E9: =IF(AND(SUM(VLOOKUP($A9,test!$A$3:$F$32,2,FALSE),VLOOKUP(E$1,test!$A$3:$F$32,2,FALSE))<test!$K$16,$A9<>E$1,feasible_mat!E9=1),SUM(VLOOKUP($A9,test!$A$3:$F$32,2,FALSE),VLOOKUP(E$1,test!$A$3:$F$32,2,FALSE)),0) -> 0 | F9: =IF(AND(SUM(VLOOKUP($A9,test!$A$3:$F$32,2,FALSE),VLOOKUP(F$1,test!$A$3:$F$32,2,FALSE))<test!$K$16,$A9<>F$1,feasible_mat!F9=1),SUM(VLOOKUP($A9,test!$A$3:$F$32,2,FALSE),VLOOKUP(F$1,test!$A$3:$F$32,2,FALSE)),0) -> 0 | G9: =IF(AND(SUM(VLOOKUP($A9,test!$A$3:$F$32,2,FALSE),VLOOKUP(G$1,test!$A$3:$F$32,2,FALSE))<test!$K$16,$A9<>G$1,feasible_mat!G9=1),SUM(VLOOKUP($A9,test!$A$3:$F$32,2,FALSE),VLOOKUP(G$1,test!$A$3:$F$32,2,FALSE)),0) -> 0 | H9: =IF(AND(SUM(VLOOKUP($A9,test!$A$3:$F$32,2,FALSE),VLOOKUP(H$1,test!$A$3:$F$32,2,FALSE))<test!$K$16,$A9<>H$1,feasible_mat!H9=1),SUM(VLOOKUP($A9,test!$A$3:$F$32,2,FALSE),VLOOKUP(H$1,test!$A$3:$F$32,2,FALSE)),0) -> 0 | I9: =IF(AND(SUM(VLOOKUP($A9,test!$A$3:$F$32,2,FALSE),VLOOKUP(I$1,test!$A$3:$F$32,2,FALSE))<test!$K$16,$A9<>I$1,feasible_mat!I9=1),SUM(VLOOKUP($A9,test!$A$3:$F$32,2,FALSE),VLOOKUP(I$1,test!$A$3:$F$32,2,FALSE)),0) -> 0 | J9: =IF(AND(SUM(VLOOKUP($A9,test!$A$3:$F$32,2,FALSE),VLOOKUP(J$1,test!$A$3:$F$32,2,FALSE))<test!$K$16,$A9<>J$1,feasible_mat!J9=1),SUM(VLOOKUP($A9,test!$A$3:$F$32,2,FALSE),VLOOKUP(J$1,test!$A$3:$F$32,2,FALSE)),0) -> 0 | ... AF9: =IF(AND(SUM(VLOOKUP($A9,test!$A$3:$F$32,2,FALSE),VLOOKUP(AF$1,test!$A$3:$F$32,2,FALSE))<test!$K$16,$A9<>AF$1,feasible_mat!AF9=1),SUM(VLOOKUP($A9,test!$A$3:$F$32,2,FALSE),VLOOKUP(AF$1,test!$A$3:$F$32,2,FALSE)),0) -> 0 | AG9: 60 | AH9: 75 | AI9: 70
