Workbook

Sheet main
A1: tripID | B1: routeName | C1: length | D1: dep_term | E1: arr_term | F1: dep_time | G1: arr_time | H1: dep_time_mins | I1: arr_time_mins | J1: PEAK? | K1: type | L1: duration(mins)
A2: 0 | B2: - | C2: - | D2: - | E2: - | F2: - | G2: - | H2: - | I2: - | J2: - | K2: depot | L2: -
A3: 1 | B3: 77 | C3: 18.7 | D3: Bukit_Batok | E3: Marina_Center | F3: 5:45 | G3: 6:47 | H3: 345 | I3: 407 | J3: FALSE | K3: trip | L3: 62
A4: 2 | B4: 77 | C4: 18.7 | D4: Marina_Center | E4: Bukit_Batok | F4: 5:45 | G4: 6:47 | H4: 345 | I4: 407 | J4: FALSE | K4: trip | L4: 62
A5: 3 | B5: 173 | C5: 13.2 | D5: Bukit_Batok | E5: Bukit_Batok | F5: 6:00 | G5: 6:44 | H5: 360 | I5: 404 | J5: FALSE | K5: trip | L5: 44
A6: 4 | B6: 77 | C6: 18.7 | D6: Bukit_Batok | E6: Marina_Center | F6: 6:15 | G6: 7:17 | H6: 375 | I6: 437 | J6: FALSE | K6: trip | L6: 62
A7: 5 | B7: 77 | C7: 18.7 | D7: Marina_Center | E7: Bukit_Batok | F7: 6:15 | G7: 7:17 | H7: 375 | I7: 437 | J7: FALSE | K7: trip | L7: 62 | O7: Bukit_Batok | P7: Marina_Center
A8: 6 | B8: 173 | C8: 13.2 | D8: Bukit_Batok | E8: Bukit_Batok | F8: 6:30 | G8: 7:14 | H8: 390 | I8: 434 | J8: FALSE | K8: trip | L8: 44 | N8: Bukit_Batok | O8: 0 | P8: 28
A9: 7 | B9: 77 | C9: 18.7 | D9: Bukit_Batok | E9: Marina_Center | F9: 6:45 | G9: 7:47 | H9: 405 | I9: 467 | J9: FALSE | K9: trip | L9: 62 | N9: Marina_Center | O9: 22 | P9: 0
A10: 8 | B10: 77 | C10: 18.7 | D10: Marina_Center | E10: Bukit_Batok | F10: 6:45 | G10: 7:47 | H10: 405 | I10: 467 | J10: FALSE | K10: trip | L10: 62
A11: 9 | B11: 173 | C11: 13.2 | D11: Bukit_Batok | E11: Bukit_Batok | F11: 7:00 | G11: 7:44 | H11: 420 | I11: 464 | J11: TRUE | K11: trip | L11: 44
A12: 10 | B12: 77 | C12: 18.7 | D12: Bukit_Batok | E12: Marina_Center | F12: 7:15 | G12: 8:17 | H12: 435 | I12: 497 | J12: TRUE | K12: trip | L12: 62
A13: 11 | B13: 77 | C13: 18.7 | D13: Marina_Center | E13: Bukit_Batok | F13: 7:15 | G13: 8:17 | H13: 435 | I13: 497 | J13: TRUE | K13: trip | L13: 62
A14: 12 | B14: 173 | C14: 13.2 | D14: Bukit_Batok | E14: Bukit_Batok | F14: 7:30 | G14: 8:14 | H14: 450 | I14: 494 | J14: TRUE | K14: trip | L14: 44
A15: 13 | B15: 77 | C15: 18.7 | D15: Bukit_Batok | E15: Marina_Center | F15: 7:45 | G15: 8:47 | H15: 465 | I15: 527 | J15: TRUE | K15: trip | L15: 62
A16: 14 | B16: 77 | C16: 18.7 | D16: Marina_Center | E16: Bukit_Batok | F16: 7:45 | G16: 8:47 | H16: 465 | I16: 527 | J16: TRUE | K16: trip | L16: 62
A17: 15 | B17: 173 | C17: 13.2 | D17: Bukit_Batok | E17: Bukit_Batok | F17: 8:00 | G17: 8:44 | H17: 480 | I17: 524 | J17: TRUE | K17: trip | L17: 44
A18: 16 | B18: 77 | C18: 18.7 | D18: Bukit_Batok | E18: Marina_Center | F18: 8:15 | G18: 9:17 | H18: 495 | I18: 557 | J18: TRUE | K18: trip | L18: 62
A19: 17 | B19: 77 | C19: 18.7 | D19: Marina_Center | E19: Bukit_Batok | F19: 8:15 | G19: 9:17 | H19: 495 | I19: 557 | J19: TRUE | K19: trip | L19: 62
A20: 18 | B20: 173 | C20: 13.2 | D20: Bukit_Batok | E20: Bukit_Batok | F20: 8:30 | G20: 9:14 | H20: 510 | I20: 554 | J20: TRUE | K20: trip | L20: 44
A21: 19 | B21: 77 | C21: 18.7 | D21: Bukit_Batok | E21: Marina_Center | F21: 8:45 | G21: 9:47 | H21: 525 | I21: 587 | J21: TRUE | K21: trip | L21: 62
... A32: 30 | B32: 173 | C32: 13.2 | D32: Bukit_Batok | E32: Bukit_Batok | F32: 11:30 | G32: 12:14 | H32: 690 | I32: 734 | J32: FALSE | K32: trip | L32: 44
A33: 31 | B33: - | C33: - | D33: Bukit_Batok | E33: Bukit_Batok | F33: - | G33: - | H33: - | I33: - | J33: - | K33: cs | L33: 36
A34: 32 | B34: - | C34: - | D34: Marina_Center | E34: Marina_Center | F34: - | G34: - | H34: - | I34: - | J34: - | K34: cs | L34: 36

Sheet feasible_mat
B1: 0 | C1: 1 | D1: 2 | E1: 3 | F1: 4 | G1: 5 | H1: 6 | I1: 7 | J1: 8 | K1: 9 | L1: 10 | M1: 11 | N1: 12 | O1: 13 | P1: 14 | Q1: 15 | R1: 16 | S1: 17 | T1: 18 | U1: 19 | V1: 20 | W1: 21 | X1: 22 | Y1: 23 | Z1: 24 | AA1: 25 | AB1: 26 | AC1: 27 | AD1: 28 | AE1: 29 | AF1: 30
A2: 0 | B2: 0 | C2: 1 | D2: 1 | E2: 1 | F2: 1 | G2: 1 | H2: 1 | I2: 1 | J2: 1 | K2: 1 | L2: 1 | M2: 1 | N2: 1 | O2: 1 | P2: 1 | Q2: 1 | R2: 1 | S2: 1 | T2: 1 | U2: 1 | V2: 1 | W2: 1 | X2: 1 | Y2: 1 | Z2: 1 | AA2: 1 | AB2: 1 | AC2: 1 | AD2: 1 | AE2: 1 | AF2: 1
A3: 1 | B3: 1 | C3: =IF(AND(VLOOKUP(C$1,main!$A$2:$L$32,8,FALSE)-VLOOKUP($A3,main!$A$2:$L$32,9,FALSE)>=5),1,0) -> 0 | D3: =IF(AND(VLOOKUP(D$1,main!$A$2:$L$32,8,FALSE)-VLOOKUP($A3,main!$A$2:$L$32,9,FALSE)>=5),1,0) -> 0 | E3: =IF(AND(VLOOKUP(E$1,main!$A$2:$L$32,8,FALSE)-VLOOKUP($A3,main!$A$2:$L$32,9,FALSE)>=5),1,0) -> 0 | F3: =IF(AND(VLOOKUP(F$1,main!$A$2:$L$32,8,FALSE)-VLOOKUP($A3,main!$A$2:$L$32,9,FALSE)>=5),1,0) -> 0 | G3: =IF(AND(VLOOKUP(G$1,main!$A$2:$L$32,8,FALSE)-VLOOKUP($A3,main!$A$2:$L$32,9,FALSE)>=5),1,0) -> 0 | H3: =IF(AND(VLOOKUP(H$1,main!$A$2:$L$32,8,FALSE)-VLOOKUP($A3,main!$A$2:$L$32,9,FALSE)>=5),1,0) -> 0 | I3: =IF(AND(VLOOKUP(I$1,main!$A$2:$L$32,8,FALSE)-VLOOKUP($A3,main!$A$2:$L$32,9,FALSE)>=5),1,0) -> 0 | J3: =IF(AND(VLOOKUP(J$1,main!$A$2:$L$32,8,FALSE)-VLOOKUP($A3,main!$A$2:$L$32,9,FALSE)>=5),1,0) -> 0 | ... AF3: =IF(AND(VLOOKUP(AF$1,main!$A$2:$L$32,8,FALSE)-VLOOKUP($A3,main!$A$2:$L$32,9,FALSE)>=5),1,0) -> 1
A4: 2 | B4: 1 | C4: =IF(AND(VLOOKUP(C$1,main!$A$2:$L$32,8,FALSE)-VLOOKUP($A4,main!$A$2:$L$32,9,FALSE)>=5),1,0) -> 0 | D4: =IF(AND(VLOOKUP(D$1,main!$A$2:$L$32,8,FALSE)-VLOOKUP($A4,main!$A$2:$L$32,9,FALSE)>=5),1,0) -> 0 | E4: =IF(AND(VLOOKUP(E$1,main!$A$2:$L$32,8,FALSE)-VLOOKUP($A4,main!$A$2:$L$32,9,FALSE)>=5),1,0) -> 0 | F4: =IF(AND(VLOOKUP(F$1,main!$A$2:$L$32,8,FALSE)-VLOOKUP($A4,main!$A$2:$L$32,9,FALSE)>=5),1,0) -> 0 | G4: =IF(AND(VLOOKUP(G$1,main!$A$2:$L$32,8,FALSE)-VLOOKUP($A4,main!$A$2:$L$32,9,FALSE)>=5),1,0) -> 0 | H4: =IF(AND(VLOOKUP(H$1,main!$A$2:$L$32,8,FALSE)-VLOOKUP($A4,main!$A$2:$L$32,9,FALSE)>=5),1,0) -> 0 | I4: =IF(AND(VLOOKUP(I$1,main!$A$2:$L$32,8,FALSE)-VLOOKUP($A4,main!$A$2:$L$32,9,FALSE)>=5),1,0) -> 0 | J4: =IF(AND(VLOOKUP(J$1,main!$A$2:$L$32,8,FALSE)-VLOOKUP($A4,main!$A$2:$L$32,9,FALSE)>=5),1,0) -> 0 | ... AF4: =IF(AND(VLOOKUP(AF$1,main!$A$2:$L$32,8,FALSE)-VLOOKUP($A4,main!$A$2:$L$32,9,FALSE)>=5),1,0) -> 1
A5: 3 | B5: 1 | C5: =IF(AND(VLOOKUP(C$1,main!$A$2:$L$32,8,FALSE)-VLOOKUP($A5,main!$A$2:$L$32,9,FALSE)>=5),1,0) -> 0 | D5: =IF(AND(VLOOKUP(D$1,main!$A$2:$L$32,8,FALSE)-VLOOKUP($A5,main!$A$2:$L$32,9,FALSE)>=5),1,0) -> 0 | E5: =IF(AND(VLOOKUP(E$1,main!$A$2:$L$32,8,FALSE)-VLOOKUP($A5,main!$A$2:$L$32,9,FALSE)>=5),1,0) -> 0 | F5: =IF(AND(VLOOKUP(F$1,main!$A$2:$L$32,8,FALSE)-VLOOKUP($A5,main!$A$2:$L$32,9,FALSE)>=5),1,0) -> 0 | G5: =IF(AND(VLOOKUP(G$1,main!$A$2:$L$32,8,FALSE)-VLOOKUP($A5,main!$A$2:$L$32,9,FALSE)>=5),1,0) -> 0 | H5: =IF(AND(VLOOKUP(H$1,main!$A$2:$L$32,8,FALSE)-VLOOKUP($A5,main!$A$2:$L$32,9,FALSE)>=5),1,0) -> 0 | I5: =IF(AND(VLOOKUP(I$1,main!$A$2:$L$32,8,FALSE)-VLOOKUP($A5,main!$A$2:$L$32,9,FALSE)>=5),1,0) -> 0 | J5: =IF(AND(VLOOKUP(J$1,main!$A$2:$L$32,8,FALSE)-VLOOKUP($A5,main!$A$2:$L$32,9,FALSE)>=5),1,0) -> 0 | ... AF5: =IF(AND(VLOOKUP(AF$1,main!$A$2:$L$32,8,FALSE)-VLOOKUP($A5,main!$A$2:$L$32,9,FALSE)>=5),1,0) -> 1
A6: 4 | B6: 1 | C6: =IF(AND(VLOOKUP(C$1,main!$A$2:$L$32,8,FALSE)-VLOOKUP($A6,main!$A$2:$L$32,9,FALSE)>=5),1,0) -> 0 | D6: =IF(AND(VLOOKUP(D$1,main!$A$2:$L$32,8,FALSE)-VLOOKUP($A6,main!$A$2:$L$32,9,FALSE)>=5),1,0) -> 0 | E6: =IF(AND(VLOOKUP(E$1,main!$A$2:$L$32,8,FALSE)-VLOOKUP($A6,main!$A$2:$L$32,9,FALSE)>=5),1,0) -> 0 | F6: =IF(AND(VLOOKUP(F$1,main!$A$2:$L$32,8,FALSE)-VLOOKUP($A6,main!$A$2:$L$32,9,FALSE)>=5),1,0) -> 0 | G6: =IF(AND(VLOOKUP(G$1,main!$A$2:$L$32,8,FALSE)-VLOOKUP($A6,main!$A$2:$L$32,9,FALSE)>=5),1,0) -> 0 | H6: =IF(AND(VLOOKUP(H$1,main!$A$2:$L$32,8,FALSE)-VLOOKUP($A6,main!$A$2:$L$32,9,FALSE)>=5),1,0) -> 0 | I6: =IF(AND(VLOOKUP(I$1,main!$A$2:$L$32,8,FALSE)-VLOOKUP($A6,main!$A$2:$L$32,9,FALSE)>=5),1,0) -> 0 | J6: =IF(AND(VLOOKUP(J$1,main!$A$2:$L$32,8,FALSE)-VLOOKUP($A6,main!$A$2:$L$32,9,FALSE)>=5),1,0) -> 0 | ... AF6: =IF(AND(VLOOKUP(AF$1,main!$A$2:$L$32,8,FALSE)-VLOOKUP($A6,main!$A$2:$L$32,9,FALSE)>=5),1,0) -> 1
A7: 5 | B7: 1 | C7: =IF(AND(VLOOKUP(C$1,main!$A$2:$L$32,8,FALSE)-VLOOKUP($A7,main!$A$2:$L$32,9,FALSE)>=5),1,0) -> 0 | D7: =IF(AND(VLOOKUP(D$1,main!$A$2:$L$32,8,FALSE)-VLOOKUP($A7,main!$A$2:$L$32,9,FALSE)>=5),1,0) -> 0 | E7: =IF(AND(VLOOKUP(E$1,main!$A$2:$L$32,8,FALSE)-VLOOKUP($A7,main!$A$2:$L$32,9,FALSE)>=5),1,0) -> 0 | F7: =IF(AND(VLOOKUP(F$1,main!$A$2:$L$32,8,FALSE)-VLOOKUP($A7,main!$A$2:$L$32,9,FALSE)>=5),1,0) -> 0 | G7: =IF(AND(VLOOKUP(G$1,main!$A$2:$L$32,8,FALSE)-VLOOKUP($A7,main!$A$2:$L$32,9,FALSE)>=5),1,0) -> 0 | H7: =IF(AND(VLOOKUP(H$1,main!$A$2:$L$32,8,FALSE)-VLOOKUP($A7,main!$A$2:$L$32,9,FALSE)>=5),1,0) -> 0 | I7: =IF(AND(VLOOKUP(I$1,main!$A$2:$L$32,8,FALSE)-VLOOKUP($A7,main!$A$2:$L$32,9,FALSE)>=5),1,0) -> 0 | J7: =IF(AND(VLOOKUP(J$1,main!$A$2:$L$32,8,FALSE)-VLOOKUP($A7,main!$A$2:$L$32,9,FALSE)>=5),1,0) -> 0 | ... AF7: =IF(AND(VLOOKUP(AF$1,main!$A$2:$L$32,8,FALSE)-VLOOKUP($A7,main!$A$2:$L$32,9,FALSE)>=5),1,0) -> 1
A8: 6 | B8: 1 | C8: =IF(AND(VLOOKUP(C$1,main!$A$2:$L$32,8,FALSE)-VLOOKUP($A8,main!$A$2:$L$32,9,FALSE)>=5),1,0) -> 0 | D8: =IF(AND(VLOOKUP(D$1,main!$A$2:$L$32,8,FALSE)-VLOOKUP($A8,main!$A$2:$L$32,9,FALSE)>=5),1,0) -> 0 | E8: =IF(AND(VLOOKUP(E$1,main!$A$2:$L$32,8,FALSE)-VLOOKUP($A8,main!$A$2:$L$32,9,FALSE)>=5),1,0) -> 0 | F8: =IF(AND(VLOOKUP(F$1,main!$A$2:$L$32,8,FALSE)-VLOOKUP($A8,main!$A$2:$L$32,9,FALSE)>=5),1,0) -> 0 | G8: =IF(AND(VLOOKUP(G$1,main!$A$2:$L$32,8,FALSE)-VLOOKUP($A8,main!$A$2:$L$32,9,FALSE)>=5),1,0) -> 0 | H8: =IF(AND(VLOOKUP(H$1,main!$A$2:$L$32,8,FALSE)-VLOOKUP($A8,main!$A$2:$L$32,9,FALSE)>=5),1,0) -> 0 | I8: =IF(AND(VLOOKUP(I$1,main!$A$2:$L$32,8,FALSE)-VLOOKUP($A8,main!$A$2:$L$32,9,FALSE)>=5),1,0) -> 0 | J8: =IF(AND(VLOOKUP(J$1,main!$A$2:$L$32,8,FALSE)-VLOOKUP($A8,main!$A$2:$L$32,9,FALSE)>=5),1,0) -> 0 | ... AF8: =IF(AND(VLOOKUP(AF$1,main!$A$2:$L$32,8,FALSE)-VLOOKUP($A8,main!$A$2:$L$32,9,FALSE)>=5),1,0) -> 1
A9: 7 | B9: 1 | C9: =IF(AND(VLOOKUP(C$1,main!$A$2:$L$32,8,FALSE)-VLOOKUP($A9,main!$A$2:$L$32,9,FALSE)>=5),1,0) -> 0 | D9: =IF(AND(VLOOKUP(D$1,main!$A$2:$L$32,8,FALSE)-VLOOKUP($A9,main!$A$2:$L$32,9,FALSE)>=5),1,0) -> 0 | E9: =IF(AND(VLOOKUP(E$1,main!$A$2:$L$32,8,FALSE)-VLOOKUP($A9,main!$A$2:$L$32,9,FALSE)>=5),1,0) -> 0 | F9: =IF(AND(VLOOKUP(F$1,main!$A$2:$L$32,8,FALSE)-VLOOKUP($A9,main!$A$2:$L$32,9,FALSE)>=5),1,0) -> 0 | G9: =IF(AND(VLOOKUP(G$1,main!$A$2:$L$32,8,FALSE)-VLOOKUP($A9,main!$A$2:$L$32,9,FALSE)>=5),1,0) -> 0 | H9: =IF(AND(VLOOKUP(H$1,main!$A$2:$L$32,8,FALSE)-VLOOKUP($A9,main!$A$2:$L$32,9,FALSE)>=5),1,0) -> 0 | I9: =IF(AND(VLOOKUP(I$1,main!$A$2:$L$32,8,FALSE)-VLOOKUP($A9,main!$A$2:$L$32,9,FALSE)>=5),1,0) -> 0 | J9: =IF(AND(VLOOKUP(J$1,main!$A$2:$L$32,8,FALSE)-VLOOKUP($A9,main!$A$2:$L$32,9,FALSE)>=5),1,0) -> 0 | ... AF9: =IF(AND(VLOOKUP(AF$1,main!$A$2:$L$32,8,FALSE)-VLOOKUP($A9,main!$A$2:$L$32,9,FALSE)>=5),1,0) -> 1
A10: 8 | B10: 1 | C10: =IF(AND(VLOOKUP(C$1,main!$A$2:$L$32,8,FALSE)-VLOOKUP($A10,main!$A$2:$L$32,9,FALSE)>=5),1,0) -> 0 | D10: =IF(AND(VLOOKUP(D$1,main!$A$2:$L$32,8,FALSE)-VLOOKUP($A10,main!$A$2:$L$32,9,FALSE)>=5),1,0) -> 0 | E10: =IF(AND(VLOOKUP(E$1,main!$A$2:$L$32,8,FALSE)-VLOOKUP($A10,main!$A$2:$L$32,9,FALSE)>=5),1,0) -> 0 | F10: =IF(AND(VLOOKUP(F$1,main!$A$2:$L$32,8,FALSE)-VLOOKUP($A10,main!$A$2:$L$32,9,FALSE)>=5),1,0) -> 0 | G10: =IF(AND(VLOOKUP(G$1,main!$A$2:$L$32,8,FALSE)-VLOOKUP($A10,main!$A$2:$L$32,9,FALSE)>=5),1,0) -> 0 | H10: =IF(AND(VLOOKUP(H$1,main!$A$2:$L$32,8,FALSE)-VLOOKUP($A10,main!$A$2:$L$32,9,FALSE)>=5),1,0) -> 0 | I10: =IF(AND(VLOOKUP(I$1,main!$A$2:$L$32,8,FALSE)-VLOOKUP($A10,main!$A$2:$L$32,9,FALSE)>=5),1,0) -> 0 | J10: =IF(AND(VLOOKUP(J$1,main!$A$2:$L$32,8,FALSE)-VLOOKUP($A10,main!$A$2:$L$32,9,FALSE)>=5),1,0) -> 0 | ... AF10: =IF(AND(VLOOKUP(AF$1,main!$A$2:$L$32,8,FALSE)-VLOOKUP($A10,main!$A$2:$L$32,9,FALSE)>=5),1,0) -> 1
A11: 9 | B11: 1 | C11: =IF(AND(VLOOKUP(C$1,main!$A$2:$L$32,8,FALSE)-VLOOKUP($A11,main!$A$2:$L$32,9,FALSE)>=5),1,0) -> 0 | D11: =IF(AND(VLOOKUP(D$1,main!$A$2:$L$32,8,FALSE)-VLOOKUP($A11,main!$A$2:$L$32,9,FALSE)>=5),1,0) -> 0 | E11: =IF(AND(VLOOKUP(E$1,main!$A$2:$L$32,8,FALSE)-VLOOKUP($A11,main!$A$2:$L$32,9,FALSE)>=5),1,0) -> 0 | F11: =IF(AND(VLOOKUP(F$1,main!$A$2:$L$32,8,FALSE)-VLOOKUP($A11,main!$A$2:$L$32,9,FALSE)>=5),1,0) -> 0 | G11: =IF(AND(VLOOKUP(G$1,main!$A$2:$L$32,8,FALSE)-VLOOKUP($A11,main!$A$2:$L$32,9,FALSE)>=5),1,0) -> 0 | H11: =IF(AND(VLOOKUP(H$1,main!$A$2:$L$32,8,FALSE)-VLOOKUP($A11,main!$A$2:$L$32,9,FALSE)>=5),1,0) -> 0 | I11: =IF(AND(VLOOKUP(I$1,main!$A$2:$L$32,8,FALSE)-VLOOKUP($A11,main!$A$2:$L$32,9,FALSE)>=5),1,0) -> 0 | J11: =IF(AND(VLOOKUP(J$1,main!$A$2:$L$32,8,FALSE)-VLOOKUP($A11,main!$A$2:$L$32,9,FALSE)>=5),1,0) -> 0 | ... AF11: =IF(AND(VLOOKUP(AF$1,main!$A$2:$L$32,8,FALSE)-VLOOKUP($A11,main!$A$2:$L$32,9,FALSE)>=5),1,0) -> 1
A12: 10 | B12: 1 | C12: =IF(AND(VLOOKUP(C$1,main!$A$2:$L$32,8,FALSE)-VLOOKUP($A12,main!$A$2:$L$32,9,FALSE)>=5),1,0) -> 0 | D12: =IF(AND(VLOOKUP(D$1,main!$A$2:$L$32,8,FALSE)-VLOOKUP($A12,main!$A$2:$L$32,9,FALSE)>=5),1,0) -> 0 | E12: =IF(AND(VLOOKUP(E$1,main!$A$2:$L$32,8,FALSE)-VLOOKUP($A12,main!$A$2:$L$32,9,FALSE)>=5),1,0) -> 0 | F12: =IF(AND(VLOOKUP(F$1,main!$A$2:$L$32,8,FALSE)-VLOOKUP($A12,main!$A$2:$L$32,9,FALSE)>=5),1,0) -> 0 | G12: =IF(AND(VLOOKUP(G$1,main!$A$2:$L$32,8,FALSE)-VLOOKUP($A12,main!$A$2:$L$32,9,FALSE)>=5),1,0) -> 0 | H12: =IF(AND(VLOOKUP(H$1,main!$A$2:$L$32,8,FALSE)-VLOOKUP($A12,main!$A$2:$L$32,9,FALSE)>=5),1,0) -> 0 | I12: =IF(AND(VLOOKUP(I$1,main!$A$2:$L$32,8,FALSE)-VLOOKUP($A12,main!$A$2:$L$32,9,FALSE)>=5),1,0) -> 0 | J12: =IF(AND(VLOOKUP(J$1,main!$A$2:$L$32,8,FALSE)-VLOOKUP($A12,main!$A$2:$L$32,9,FALSE)>=5),1,0) -> 0 | ... AF12: =IF(AND(VLOOKUP(AF$1,main!$A$2:$L$32,8,FALSE)-VLOOKUP($A12,main!$A$2:$L$32,9,FALSE)>=5),1,0) -> 1
A13: 11 | B13: 1 | C13: =IF(AND(VLOOKUP(C$1,main!$A$2:$L$32,8,FALSE)-VLOOKUP($A13,main!$A$2:$L$32,9,FALSE)>=5),1,0) -> 0 | D13: =IF(AND(VLOOKUP(D$1,main!$A$2:$L$32,8,FALSE)-VLOOKUP($A13,main!$A$2:$L$32,9,FALSE)>=5),1,0) -> 0 | E13: =IF(AND(VLOOKUP(E$1,main!$A$2:$L$32,8,FALSE)-VLOOKUP($A13,main!$A$2:$L$32,9,FALSE)>=5),1,0) -> 0 | F13: =IF(AND(VLOOKUP(F$1,main!$A$2:$L$32,8,FALSE)-VLOOKUP($A13,main!$A$2:$L$32,9,FALSE)>=5),1,0) -> 0 | G13: =IF(AND(VLOOKUP(G$1,main!$A$2:$L$32,8,FALSE)-VLOOKUP($A13,main!$A$2:$L$32,9,FALSE)>=5),1,0) -> 0 | H13: =IF(AND(VLOOKUP(H$1,main!$A$2:$L$32,8,FALSE)-VLOOKUP($A13,main!$A$2:$L$32,9,FALSE)>=5),1,0) -> 0 | I13: =IF(AND(VLOOKUP(I$1,main!$A$2:$L$32,8,FALSE)-VLOOKUP($A13,main!$A$2:$L$32,9,FALSE)>=5),1,0) -> 0 | J13: =IF(AND(VLOOKUP(J$1,main!$A$2:$L$32,8,FALSE)-VLOOKUP($A13,main!$A$2:$L$32,9,FALSE)>=5),1,0) -> 0 | ... AF13: =IF(AND(VLOOKUP(AF$1,main!$A$2:$L$32,8,FALSE)-VLOOKUP($A13,main!$A$2:$L$32,9,FALSE)>=5),1,0) -> 1
A14: 12 | B14: 1 | C14: =IF(AND(VLOOKUP(C$1,main!$A$2:$L$32,8,FALSE)-VLOOKUP($A14,main!$A$2:$L$32,9,FALSE)>=5),1,0) -> 0 | D14: =IF(AND(VLOOKUP(D$1,main!$A$2:$L$32,8,FALSE)-VLOOKUP($A14,main!$A$2:$L$32,9,FALSE)>=5),1,0) -> 0 | E14: =IF(AND(VLOOKUP(E$1,main!$A$2:$L$32,8,FALSE)-VLOOKUP($A14,main!$A$2:$L$32,9,FALSE)>=5),1,0) -> 0 | F14: =IF(AND(VLOOKUP(F$1,main!$A$2:$L$32,8,FALSE)-VLOOKUP($A14,main!$A$2:$L$32,9,FALSE)>=5),1,0) -> 0 | G14: =IF(AND(VLOOKUP(G$1,main!$A$2:$L$32,8,FALSE)-VLOOKUP($A14,main!$A$2:$L$32,9,FALSE)>=5),1,0) -> 0 | H14: =IF(AND(VLOOKUP(H$1,main!$A$2:$L$32,8,FALSE)-VLOOKUP($A14,main!$A$2:$L$32,9,FALSE)>=5),1,0) -> 0 | I14: =IF(AND(VLOOKUP(I$1,main!$A$2:$L$32,8,FALSE)-VLOOKUP($A14,main!$A$2:$L$32,9,FALSE)>=5),1,0) -> 0 | J14: =IF(AND(VLOOKUP(J$1,main!$A$2:$L$32,8,FALSE)-VLOOKUP($A14,main!$A$2:$L$32,9,FALSE)>=5),1,0) -> 0 | ... AF14: =IF(AND(VLOOKUP(AF$1,main!$A$2:$L$32,8,FALSE)-VLOOKUP($A14,main!$A$2:$L$32,9,FALSE)>=5),1,0) -> 1
... A32: 30 | B32: 1 | C32: =IF(AND(VLOOKUP(C$1,main!$A$2:$L$32,8,FALSE)-VLOOKUP($A32,main!$A$2:$L$32,9,FALSE)>=5),1,0) -> 0 | D32: =IF(AND(VLOOKUP(D$1,main!$A$2:$L$32,8,FALSE)-VLOOKUP($A32,main!$A$2:$L$32,9,FALSE)>=5),1,0) -> 0 | E32: =IF(AND(VLOOKUP(E$1,main!$A$2:$L$32,8,FALSE)-VLOOKUP($A32,main!$A$2:$L$32,9,FALSE)>=5),1,0) -> 0 | F32: =IF(AND(VLOOKUP(F$1,main!$A$2:$L$32,8,FALSE)-VLOOKUP($A32,main!$A$2:$L$32,9,FALSE)>=5),1,0) -> 0 | G32: =IF(AND(VLOOKUP(G$1,main!$A$2:$L$32,8,FALSE)-VLOOKUP($A32,main!$A$2:$L$32,9,FALSE)>=5),1,0) -> 0 | H32: =IF(AND(VLOOKUP(H$1,main!$A$2:$L$32,8,FALSE)-VLOOKUP($A32,main!$A$2:$L$32,9,FALSE)>=5),1,0) -> 0 | I32: =IF(AND(VLOOKUP(I$1,main!$A$2:$L$32,8,FALSE)-VLOOKUP($A32,main!$A$2:$L$32,9,FALSE)>=5),1,0) -> 0 | J32: =IF(AND(VLOOKUP(J$1,main!$A$2:$L$32,8,FALSE)-VLOOKUP($A32,main!$A$2:$L$32,9,FALSE)>=5),1,0) -> 0 | ... AF32: =IF(AND(VLOOKUP(AF$1,main!$A$2:$L$32,8,FALSE)-VLOOKUP($A32,main!$A$2:$L$32,9,FALSE)>=5),1,0) -> 0

Sheet duration_mat
B1: 0 | C1: 1 | D1: 2 | E1: 3 | F1: 4 | G1: 5 | H1: 6 | I1: 7 | J1: 8 | K1: 9 | L1: 10 | M1: 11 | N1: 12 | O1: 13 | P1: 14 | Q1: 15 | R1: 16 | S1: 17 | T1: 18 | U1: 19 | V1: 20 | W1: 21 | X1: 22 | Y1: 23 | Z1: 24 | AA1: 25 | AB1: 26 | AC1: 27 | AD1: 28 | AE1: 29 | AF1: 30 | AG1: 31 | AH1: 32
A2: 0 | B2: 0 | C2: 0 | D2: 0 | E2: 0 | F2: 0 | G2: 0 | H2: 0 | I2: 0 | J2: 0 | K2: 0 | L2: 0 | M2: 0 | N2: 0 | O2: 0 | P2: 0 | Q2: 0 | R2: 0 | S2: 0 | T2: 0 | U2: 0 | V2: 0 | W2: 0 | X2: 0 | Y2: 0 | Z2: 0 | AA2: 0 | AB2: 0 | AC2: 0 | AD2: 0 | AE2: 0 | AF2: 0 | AG2: 0 | AH2: 0
A3: 1 | B3: 0 | C3: =IF(feasible_mat!C3=1,SUM(VLOOKUP($A3,main!$A$2:$L$34,12,FALSE), VLOOKUP(C$1,main!$A$2:$L$34,12,FALSE)),0) -> 0 | D3: =IF(feasible_mat!D3=1,SUM(VLOOKUP($A3,main!$A$2:$L$34,12,FALSE), VLOOKUP(D$1,main!$A$2:$L$34,12,FALSE)),0) -> 0 | E3: =IF(feasible_mat!E3=1,SUM(VLOOKUP($A3,main!$A$2:$L$34,12,FALSE), VLOOKUP(E$1,main!$A$2:$L$34,12,FALSE)),0) -> 0 | F3: =IF(feasible_mat!F3=1,SUM(VLOOKUP($A3,main!$A$2:$L$34,12,FALSE), VLOOKUP(F$1,main!$A$2:$L$34,12,FALSE)),0) -> 0 | G3: =IF(feasible_mat!G3=1,SUM(VLOOKUP($A3,main!$A$2:$L$34,12,FALSE), VLOOKUP(G$1,main!$A$2:$L$34,12,FALSE)),0) -> 0 | H3: =IF(feasible_mat!H3=1,SUM(VLOOKUP($A3,main!$A$2:$L$34,12,FALSE), VLOOKUP(H$1,main!$A$2:$L$34,12,FALSE)),0) -> 0 | I3: =IF(feasible_mat!I3=1,SUM(VLOOKUP($A3,main!$A$2:$L$34,12,FALSE), VLOOKUP(I$1,main!$A$2:$L$34,12,FALSE)),0) -> 0 | J3: =IF(feasible_mat!J3=1,SUM(VLOOKUP($A3,main!$A$2:$L$34,12,FALSE), VLOOKUP(J$1,main!$A$2:$L$34,12,FALSE)),0) -> 0 | ... AH3: =IF(feasible_mat!AH3=1,SUM(VLOOKUP($A3,main!$A$2:$L$34,12,FALSE), VLOOKUP(AH$1,main!$A$2:$L$34,12,FALSE)),0) -> 0
A4: 2 | B4: 0 | C4: =IF(feasible_mat!C4=1,SUM(VLOOKUP($A4,main!$A$2:$L$34,12,FALSE), VLOOKUP(C$1,main!$A$2:$L$34,12,FALSE)),0) -> 0 | D4: =IF(feasible_mat!D4=1,SUM(VLOOKUP($A4,main!$A$2:$L$34,12,FALSE), VLOOKUP(D$1,main!$A$2:$L$34,12,FALSE)),0) -> 0 | E4: =IF(feasible_mat!E4=1,SUM(VLOOKUP($A4,main!$A$2:$L$34,12,FALSE), VLOOKUP(E$1,main!$A$2:$L$34,12,FALSE)),0) -> 0 | F4: =IF(feasible_mat!F4=1,SUM(VLOOKUP($A4,main!$A$2:$L$34,12,FALSE), VLOOKUP(F$1,main!$A$2:$L$34,12,FALSE)),0) -> 0 | G4: =IF(feasible_mat!G4=1,SUM(VLOOKUP($A4,main!$A$2:$L$34,12,FALSE), VLOOKUP(G$1,main!$A$2:$L$34,12,FALSE)),0) -> 0 | H4: =IF(feasible_mat!H4=1,SUM(VLOOKUP($A4,main!$A$2:$L$34,12,FALSE), VLOOKUP(H$1,main!$A$2:$L$34,12,FALSE)),0) -> 0 | I4: =IF(feasible_mat!I4=1,SUM(VLOOKUP($A4,main!$A$2:$L$34,12,FALSE), VLOOKUP(I$1,main!$A$2:$L$34,12,FALSE)),0) -> 0 | J4: =IF(feasible_mat!J4=1,SUM(VLOOKUP($A4,main!$A$2:$L$34,12,FALSE), VLOOKUP(J$1,main!$A$2:$L$34,12,FALSE)),0) -> 0 | ... AH4: =IF(feasible_mat!AH4=1,SUM(VLOOKUP($A4,main!$A$2:$L$34,12,FALSE), VLOOKUP(AH$1,main!$A$2:$L$34,12,FALSE)),0) -> 0
A5: 3 | B5: 0 | C5: =IF(feasible_mat!C5=1,SUM(VLOOKUP($A5,main!$A$2:$L$34,12,FALSE), VLOOKUP(C$1,main!$A$2:$L$34,12,FALSE)),0) -> 0 | D5: =IF(feasible_mat!D5=1,SUM(VLOOKUP($A5,main!$A$2:$L$34,12,FALSE), VLOOKUP(D$1,main!$A$2:$L$34,12,FALSE)),0) -> 0 | E5: =IF(feasible_mat!E5=1,SUM(VLOOKUP($A5,main!$A$2:$L$34,12,FALSE), VLOOKUP(E$1,main!$A$2:$L$34,12,FALSE)),0) -> 0 | F5: =IF(feasible_mat!F5=1,SUM(VLOOKUP($A5,main!$A$2:$L$34,12,FALSE), VLOOKUP(F$1,main!$A$2:$L$34,12,FALSE)),0) -> 0 | G5: =IF(feasible_mat!G5=1,SUM(VLOOKUP($A5,main!$A$2:$L$34,12,FALSE), VLOOKUP(G$1,main!$A$2:$L$34,12,FALSE)),0) -> 0 | H5: =IF(feasible_mat!H5=1,SUM(VLOOKUP($A5,main!$A$2:$L$34,12,FALSE), VLOOKUP(H$1,main!$A$2:$L$34,12,FALSE)),0) -> 0 | I5: =IF(feasible_mat!I5=1,SUM(VLOOKUP($A5,main!$A$2:$L$34,12,FALSE), VLOOKUP(I$1,main!$A$2:$L$34,12,FALSE)),0) -> 0 | J5: =IF(feasible_mat!J5=1,SUM(VLOOKUP($A5,main!$A$2:$L$34,12,FALSE), VLOOKUP(J$1,main!$A$2:$L$34,12,FALSE)),0) -> 0 | ... AH5: =IF(feasible_mat!AH5=1,SUM(VLOOKUP($A5,main!$A$2:$L$34,12,FALSE), VLOOKUP(AH$1,main!$A$2:$L$34,12,FALSE)),0) -> 0
A6: 4 | B6: 0 | C6: =IF(feasible_mat!C6=1,SUM(VLOOKUP($A6,main!$A$2:$L$34,12,FALSE), VLOOKUP(C$1,main!$A$2:$L$34,12,FALSE)),0) -> 0 | D6: =IF(feasible_mat!D6=1,SUM(VLOOKUP($A6,main!$A$2:$L$34,12,FALSE), VLOOKUP(D$1,main!$A$2:$L$34,12,FALSE)),0) -> 0 | E6: =IF(feasible_mat!E6=1,SUM(VLOOKUP($A6,main!$A$2:$L$34,12,FALSE), VLOOKUP(E$1,main!$A$2:$L$34,12,FALSE)),0) -> 0 | F6: =IF(feasible_mat!F6=1,SUM(VLOOKUP($A6,main!$A$2:$L$34,12,FALSE), VLOOKUP(F$1,main!$A$2:$L$34,12,FALSE)),0) -> 0 | G6: =IF(feasible_mat!G6=1,SUM(VLOOKUP($A6,main!$A$2:$L$34,12,FALSE), VLOOKUP(G$1,main!$A$2:$L$34,12,FALSE)),0) -> 0 | H6: =IF(feasible_mat!H6=1,SUM(VLOOKUP($A6,main!$A$2:$L$34,12,FALSE), VLOOKUP(H$1,main!$A$2:$L$34,12,FALSE)),0) -> 0 | I6: =IF(feasible_mat!I6=1,SUM(VLOOKUP($A6,main!$A$2:$L$34,12,FALSE), VLOOKUP(I$1,main!$A$2:$L$34,12,FALSE)),0) -> 0 | J6: =IF(feasible_mat!J6=1,SUM(VLOOKUP($A6,main!$A$2:$L$34,12,FALSE), VLOOKUP(J$1,main!$A$2:$L$34,12,FALSE)),0) -> 0 | ... AH6: =IF(feasible_mat!AH6=1,SUM(VLOOKUP($A6,main!$A$2:$L$34,12,FALSE), VLOOKUP(AH$1,main!$A$2:$L$34,12,FALSE)),0) -> 0
A7: 5 | B7: 0 | C7: =IF(feasible_mat!C7=1,SUM(VLOOKUP($A7,main!$A$2:$L$34,12,FALSE), VLOOKUP(C$1,main!$A$2:$L$34,12,FALSE)),0) -> 0 | D7: =IF(feasible_mat!D7=1,SUM(VLOOKUP($A7,main!$A$2:$L$34,12,FALSE), VLOOKUP(D$1,main!$A$2:$L$34,12,FALSE)),0) -> 0 | E7: =IF(feasible_mat!E7=1,SUM(VLOOKUP($A7,main!$A$2:$L$34,12,FALSE), VLOOKUP(E$1,main!$A$2:$L$34,12,FALSE)),0) -> 0 | F7: =IF(feasible_mat!F7=1,SUM(VLOOKUP($A7,main!$A$2:$L$34,12,FALSE), VLOOKUP(F$1,main!$A$2:$L$34,12,FALSE)),0) -> 0 | G7: =IF(feasible_mat!G7=1,SUM(VLOOKUP($A7,main!$A$2:$L$34,12,FALSE), VLOOKUP(G$1,main!$A$2:$L$34,12,FALSE)),0) -> 0 | H7: =IF(feasible_mat!H7=1,SUM(VLOOKUP($A7,main!$A$2:$L$34,12,FALSE), VLOOKUP(H$1,main!$A$2:$L$34,12,FALSE)),0) -> 0 | I7: =IF(feasible_mat!I7=1,SUM(VLOOKUP($A7,main!$A$2:$L$34,12,FALSE), VLOOKUP(I$1,main!$A$2:$L$34,12,FALSE)),0) -> 0 | J7: =IF(feasible_mat!J7=1,SUM(VLOOKUP($A7,main!$A$2:$L$34,12,FALSE), VLOOKUP(J$1,main!$A$2:$L$34,12,FALSE)),0) -> 0 | ... AH7: =IF(feasible_mat!AH7=1,SUM(VLOOKUP($A7,main!$A$2:$L$34,12,FALSE), VLOOKUP(AH$1,main!$A$2:$L$34,12,FALSE)),0) -> 0
A8: 6 | B8: 0 | C8: =IF(feasible_mat!C8=1,SUM(VLOOKUP($A8,main!$A$2:$L$34,12,FALSE), VLOOKUP(C$1,main!$A$2:$L$34,12,FALSE)),0) -> 0 | D8: =IF(feasible_mat!D8=1,SUM(VLOOKUP($A8,main!$A$2:$L$34,12,FALSE), VLOOKUP(D$1,main!$A$2:$L$34,12,FALSE)),0) -> 0 | E8: =IF(feasible_mat!E8=1,SUM(VLOOKUP($A8,main!$A$2:$L$34,12,FALSE), VLOOKUP(E$1,main!$A$2:$L$34,12,FALSE)),0) -> 0 | F8: =IF(feasible_mat!F8=1,SUM(VLOOKUP($A8,main!$A$2:$L$34,12,FALSE), VLOOKUP(F$1,main!$A$2:$L$34,12,FALSE)),0) -> 0 | G8: =IF(feasible_mat!G8=1,SUM(VLOOKUP($A8,main!$A$2:$L$34,12,FALSE), VLOOKUP(G$1,main!$A$2:$L$34,12,FALSE)),0) -> 0 | H8: =IF(feasible_mat!H8=1,SUM(VLOOKUP($A8,main!$A$2:$L$34,12,FALSE), VLOOKUP(H$1,main!$A$2:$L$34,12,FALSE)),0) -> 0 | I8: =IF(feasible_mat!I8=1,SUM(VLOOKUP($A8,main!$A$2:$L$34,12,FALSE), VLOOKUP(I$1,main!$A$2:$L$34,12,FALSE)),0) -> 0 | J8: =IF(feasible_mat!J8=1,SUM(VLOOKUP($A8,main!$A$2:$L$34,12,FALSE), VLOOKUP(J$1,main!$A$2:$L$34,12,FALSE)),0) -> 0 | ... AH8: =IF(feasible_mat!AH8=1,SUM(VLOOKUP($A8,main!$A$2:$L$34,12,FALSE), VLOOKUP(AH$1,main!$A$2:$L$34,12,FALSE)),0) -> 0
A9: 7 | B9: 0 | C9: =IF(feasible_mat!C9=1,SUM(VLOOKUP($A9,main!$A$2:$L$34,12,FALSE), VLOOKUP(C$1,main!$A$2:$L$34,12,FALSE)),0) -> 0 | D9: =IF(feasible_mat!D9=1,SUM(VLOOKUP($A9,main!$A$2:$L$34,12,FALSE), VLOOKUP(D$1,main!$A$2:$L$34,12,FALSE)),0) -> 0 | E9: =IF(feasible_mat!E9=1,SUM(VLOOKUP($A9,main!$A$2:$L$34,12,FALSE), VLOOKUP(E$1,main!$A$2:$L$34,12,FALSE)),0) -> 0 | F9: =IF(feasible_mat!F9=1,SUM(VLOOKUP($A9,main!$A$2:$L$34,12,FALSE), VLOOKUP(F$1,main!$A$2:$L$34,12,FALSE)),0) -> 0 | G9: =IF(feasible_mat!G9=1,SUM(VLOOKUP($A9,main!$A$2:$L$34,12,FALSE), VLOOKUP(G$1,main!$A$2:$L$34,12,FALSE)),0) -> 0 | H9: =IF(feasible_mat!H9=1,SUM(VLOOKUP($A9,main!$A$2:$L$34,12,FALSE), VLOOKUP(H$1,main!$A$2:$L$34,12,FALSE)),0) -> 0 | I9: =IF(feasible_mat!I9=1,SUM(VLOOKUP($A9,main!$A$2:$L$34,12,FALSE), VLOOKUP(I$1,main!$A$2:$L$34,12,FALSE)),0) -> 0 | J9: =IF(feasible_mat!J9=1,SUM(VLOOKUP($A9,main!$A$2:$L$34,12,FALSE), VLOOKUP(J$1,main!$A$2:$L$34,12,FALSE)),0) -> 0 | ... AH9: =IF(feasible_mat!AH9=1,SUM(VLOOKUP($A9,main!$A$2:$L$34,12,FALSE), VLOOKUP(AH$1,main!$A$2:$L$34,12,FALSE)),0) -> 0
A10: 8 | B10: 0 | C10: =IF(feasible_mat!C10=1,SUM(VLOOKUP($A10,main!$A$2:$L$34,12,FALSE), VLOOKUP(C$1,main!$A$2:$L$34,12,FALSE)),0) -> 0 | D10: =IF(feasible_mat!D10=1,SUM(VLOOKUP($A10,main!$A$2:$L$34,12,FALSE), VLOOKUP(D$1,main!$A$2:$L$34,12,FALSE)),0) -> 0 | E10: =IF(feasible_mat!E10=1,SUM(VLOOKUP($A10,main!$A$2:$L$34,12,FALSE), VLOOKUP(E$1,main!$A$2:$L$34,12,FALSE)),0) -> 0 | F10: =IF(feasible_mat!F10=1,SUM(VLOOKUP($A10,main!$A$2:$L$34,12,FALSE), VLOOKUP(F$1,main!$A$2:$L$34,12,FALSE)),0) -> 0 | G10: =IF(feasible_mat!G10=1,SUM(VLOOKUP($A10,main!$A$2:$L$34,12,FALSE), VLOOKUP(G$1,main!$A$2:$L$34,12,FALSE)),0) -> 0 | H10: =IF(feasible_mat!H10=1,SUM(VLOOKUP($A10,main!$A$2:$L$34,12,FALSE), VLOOKUP(H$1,main!$A$2:$L$34,12,FALSE)),0) -> 0 | I10: =IF(feasible_mat!I10=1,SUM(VLOOKUP($A10,main!$A$2:$L$34,12,FALSE), VLOOKUP(I$1,main!$A$2:$L$34,12,FALSE)),0) -> 0 | J10: =IF(feasible_mat!J10=1,SUM(VLOOKUP($A10,main!$A$2:$L$34,12,FALSE), VLOOKUP(J$1,main!$A$2:$L$34,12,FALSE)),0) -> 0 | ... AH10: =IF(feasible_mat!AH10=1,SUM(VLOOKUP($A10,main!$A$2:$L$34,12,FALSE), VLOOKUP(AH$1,main!$A$2:$L$34,12,FALSE)),0) -> 0
A11: 9 | B11: 0 | C11: =IF(feasible_mat!C11=1,SUM(VLOOKUP($A11,main!$A$2:$L$34,12,FALSE), VLOOKUP(C$1,main!$A$2:$L$34,12,FALSE)),0) -> 0 | D11: =IF(feasible_mat!D11=1,SUM(VLOOKUP($A11,main!$A$2:$L$34,12,FALSE), VLOOKUP(D$1,main!$A$2:$L$34,12,FALSE)),0) -> 0 | E11: =IF(feasible_mat!E11=1,SUM(VLOOKUP($A11,main!$A$2:$L$34,12,FALSE), VLOOKUP(E$1,main!$A$2:$L$34,12,FALSE)),0) -> 0 | F11: =IF(feasible_mat!F11=1,SUM(VLOOKUP($A11,main!$A$2:$L$34,12,FALSE), VLOOKUP(F$1,main!$A$2:$L$34,12,FALSE)),0) -> 0 | G11: =IF(feasible_mat!G11=1,SUM(VLOOKUP($A11,main!$A$2:$L$34,12,FALSE), VLOOKUP(G$1,main!$A$2:$L$34,12,FALSE)),0) -> 0 | H11: =IF(feasible_mat!H11=1,SUM(VLOOKUP($A11,main!$A$2:$L$34,12,FALSE), VLOOKUP(H$1,main!$A$2:$L$34,12,FALSE)),0) -> 0 | I11: =IF(feasible_mat!I11=1,SUM(VLOOKUP($A11,main!$A$2:$L$34,12,FALSE), VLOOKUP(I$1,main!$A$2:$L$34,12,FALSE)),0) -> 0 | J11: =IF(feasible_mat!J11=1,SUM(VLOOKUP($A11,main!$A$2:$L$34,12,FALSE), VLOOKUP(J$1,main!$A$2:$L$34,12,FALSE)),0) -> 0 | ... AH11: =IF(feasible_mat!AH11=1,SUM(VLOOKUP($A11,main!$A$2:$L$34,12,FALSE), VLOOKUP(AH$1,main!$A$2:$L$34,12,FALSE)),0) -> 0
A12: 10 | B12: 0 | C12: =IF(feasible_mat!C12=1,SUM(VLOOKUP($A12,main!$A$2:$L$34,12,FALSE), VLOOKUP(C$1,main!$A$2:$L$34,12,FALSE)),0) -> 0 | D12: =IF(feasible_mat!D12=1,SUM(VLOOKUP($A12,main!$A$2:$L$34,12,FALSE), VLOOKUP(D$1,main!$A$2:$L$34,12,FALSE)),0) -> 0 | E12: =IF(feasible_mat!E12=1,SUM(VLOOKUP($A12,main!$A$2:$L$34,12,FALSE), VLOOKUP(E$1,main!$A$2:$L$34,12,FALSE)),0) -> 0 | F12: =IF(feasible_mat!F12=1,SUM(VLOOKUP($A12,main!$A$2:$L$34,12,FALSE), VLOOKUP(F$1,main!$A$2:$L$34,12,FALSE)),0) -> 0 | G12: =IF(feasible_mat!G12=1,SUM(VLOOKUP($A12,main!$A$2:$L$34,12,FALSE), VLOOKUP(G$1,main!$A$2:$L$34,12,FALSE)),0) -> 0 | H12: =IF(feasible_mat!H12=1,SUM(VLOOKUP($A12,main!$A$2:$L$34,12,FALSE), VLOOKUP(H$1,main!$A$2:$L$34,12,FALSE)),0) -> 0 | I12: =IF(feasible_mat!I12=1,SUM(VLOOKUP($A12,main!$A$2:$L$34,12,FALSE), VLOOKUP(I$1,main!$A$2:$L$34,12,FALSE)),0) -> 0 | J12: =IF(feasible_mat!J12=1,SUM(VLOOKUP($A12,main!$A$2:$L$34,12,FALSE), VLOOKUP(J$1,main!$A$2:$L$34,12,FALSE)),0) -> 0 | ... AH12: =IF(feasible_mat!AH12=1,SUM(VLOOKUP($A12,main!$A$2:$L$34,12,FALSE), VLOOKUP(AH$1,main!$A$2:$L$34,12,FALSE)),0) -> 0
A13: 11 | B13: 0 | C13: =IF(feasible_mat!C13=1,SUM(VLOOKUP($A13,main!$A$2:$L$34,12,FALSE), VLOOKUP(C$1,main!$A$2:$L$34,12,FALSE)),0) -> 0 | D13: =IF(feasible_mat!D13=1,SUM(VLOOKUP($A13,main!$A$2:$L$34,12,FALSE), VLOOKUP(D$1,main!$A$2:$L$34,12,FALSE)),0) -> 0 | E13: =IF(feasible_mat!E13=1,SUM(VLOOKUP($A13,main!$A$2:$L$34,12,FALSE), VLOOKUP(E$1,main!$A$2:$L$34,12,FALSE)),0) -> 0 | F13: =IF(feasible_mat!F13=1,SUM(VLOOKUP($A13,main!$A$2:$L$34,12,FALSE), VLOOKUP(F$1,main!$A$2:$L$34,12,FALSE)),0) -> 0 | G13: =IF(feasible_mat!G13=1,SUM(VLOOKUP($A13,main!$A$2:$L$34,12,FALSE), VLOOKUP(G$1,main!$A$2:$L$34,12,FALSE)),0) -> 0 | H13: =IF(feasible_mat!H13=1,SUM(VLOOKUP($A13,main!$A$2:$L$34,12,FALSE), VLOOKUP(H$1,main!$A$2:$L$34,12,FALSE)),0) -> 0 | I13: =IF(feasible_mat!I13=1,SUM(VLOOKUP($A13,main!$A$2:$L$34,12,FALSE), VLOOKUP(I$1,main!$A$2:$L$34,12,FALSE)),0) -> 0 | J13: =IF(feasible_mat!J13=1,SUM(VLOOKUP($A13,main!$A$2:$L$34,12,FALSE), VLOOKUP(J$1,main!$A$2:$L$34,12,FALSE)),0) -> 0 | ... AH13: =IF(feasible_mat!AH13=1,SUM(VLOOKUP($A13,main!$A$2:$L$34,12,FALSE), VLOOKUP(AH$1,main!$A$2:$L$34,12,FALSE)),0) -> 0
A14: 12 | B14: 0 | C14: =IF(feasible_mat!C14=1,SUM(VLOOKUP($A14,main!$A$2:$L$34,12,FALSE), VLOOKUP(C$1,main!$A$2:$L$34,12,FALSE)),0) -> 0 | D14: =IF(feasible_mat!D14=1,SUM(VLOOKUP($A14,main!$A$2:$L$34,12,FALSE), VLOOKUP(D$1,main!$A$2:$L$34,12,FALSE)),0) -> 0 | E14: =IF(feasible_mat!E14=1,SUM(VLOOKUP($A14,main!$A$2:$L$34,12,FALSE), VLOOKUP(E$1,main!$A$2:$L$34,12,FALSE)),0) -> 0 | F14: =IF(feasible_mat!F14=1,SUM(VLOOKUP($A14,main!$A$2:$L$34,12,FALSE), VLOOKUP(F$1,main!$A$2:$L$34,12,FALSE)),0) -> 0 | G14: =IF(feasible_mat!G14=1,SUM(VLOOKUP($A14,main!$A$2:$L$34,12,FALSE), VLOOKUP(G$1,main!$A$2:$L$34,12,FALSE)),0) -> 0 | H14: =IF(feasible_mat!H14=1,SUM(VLOOKUP($A14,main!$A$2:$L$34,12,FALSE), VLOOKUP(H$1,main!$A$2:$L$34,12,FALSE)),0) -> 0 | I14: =IF(feasible_mat!I14=1,SUM(VLOOKUP($A14,main!$A$2:$L$34,12,FALSE), VLOOKUP(I$1,main!$A$2:$L$34,12,FALSE)),0) -> 0 | J14: =IF(feasible_mat!J14=1,SUM(VLOOKUP($A14,main!$A$2:$L$34,12,FALSE), VLOOKUP(J$1,main!$A$2:$L$34,12,FALSE)),0) -> 0 | ... AH14: =IF(feasible_mat!AH14=1,SUM(VLOOKUP($A14,main!$A$2:$L$34,12,FALSE), VLOOKUP(AH$1,main!$A$2:$L$34,12,FALSE)),0) -> 0
... A34: 32 | B34: 0 | C34: =IF(feasible_mat!C34=1,SUM(VLOOKUP($A34,main!$A$2:$L$34,12,FALSE), VLOOKUP(C$1,main!$A$2:$L$34,12,FALSE)),0) -> 0 | D34: =IF(feasible_mat!D34=1,SUM(VLOOKUP($A34,main!$A$2:$L$34,12,FALSE), VLOOKUP(D$1,main!$A$2:$L$34,12,FALSE)),0) -> 0 | E34: =IF(feasible_mat!E34=1,SUM(VLOOKUP($A34,main!$A$2:$L$34,12,FALSE), VLOOKUP(E$1,main!$A$2:$L$34,12,FALSE)),0) -> 0 | F34: =IF(feasible_mat!F34=1,SUM(VLOOKUP($A34,main!$A$2:$L$34,12,FALSE), VLOOKUP(F$1,main!$A$2:$L$34,12,FALSE)),0) -> 0 | G34: =IF(feasible_mat!G34=1,SUM(VLOOKUP($A34,main!$A$2:$L$34,12,FALSE), VLOOKUP(G$1,main!$A$2:$L$34,12,FALSE)),0) -> 0 | H34: =IF(feasible_mat!H34=1,SUM(VLOOKUP($A34,main!$A$2:$L$34,12,FALSE), VLOOKUP(H$1,main!$A$2:$L$34,12,FALSE)),0) -> 0 | I34: =IF(feasible_mat!I34=1,SUM(VLOOKUP($A34,main!$A$2:$L$34,12,FALSE), VLOOKUP(I$1,main!$A$2:$L$34,12,FALSE)),0) -> 0 | J34: =IF(feasible_mat!J34=1,SUM(VLOOKUP($A34,main!$A$2:$L$34,12,FALSE), VLOOKUP(J$1,main!$A$2:$L$34,12,FALSE)),0) -> 0 | ... AH34: =IF(feasible_mat!AH34=1,SUM(VLOOKUP($A34,main!$A$2:$L$34,12,FALSE), VLOOKUP(AH$1,main!$A$2:$L$34,12,FALSE)),0) -> 0

Sheet recharge_mat
C1: 0 | D1: 1 | E1: 2 | F1: 3 | G1: 4 | H1: 5 | I1: 6 | J1: 7 | K1: 8 | L1: 9 | M1: 10 | N1: 11 | O1: 12 | P1: 13 | Q1: 14 | R1: 15 | S1: 16 | T1: 17 | U1: 18 | V1: 19 | W1: 20 | X1: 21 | Y1: 22 | Z1: 23 | AA1: 24 | AB1: 25 | AC1: 26 | AD1: 27 | AE1: 28 | AF1: 29 | AG1: 30
A2: 31 | B2: 0 | C2: 0 | D2: 0 | E2: 0 | F2: 0 | G2: 0 | H2: 0 | I2: 0 | J2: 0 | K2: 0 | L2: 0 | M2: 0 | N2: 0 | O2: 0 | P2: 0 | Q2: 0 | R2: 0 | S2: 0 | T2: 0 | U2: 0 | V2: 0 | W2: 0 | X2: 0 | Y2: 0 | Z2: 0 | AA2: 0 | AB2: 0 | AC2: 0 | AD2: 0 | AE2: 0 | AF2: 0 | AG2: 0
A3: 31 | B3: 1 | C3: 0 | D3: =IF(AND(VLOOKUP(D$1,main!$A$2:$L$34,8,FALSE) - VLOOKUP($B3,main!$A$2:$L$32,9,FALSE) >= (36+VLOOKUP(VLOOKUP(D$1,main!$A$2:$L$34,4,FALSE),main!$N$7:$P$9,2,FALSE))),1,0) -> 0 | E3: =IF(AND(VLOOKUP(E$1,main!$A$2:$L$34,8,FALSE) - VLOOKUP($B3,main!$A$2:$L$32,9,FALSE) >= (36+VLOOKUP(VLOOKUP(E$1,main!$A$2:$L$34,4,FALSE),main!$N$7:$P$9,2,FALSE))),1,0) -> 0 | F3: =IF(AND(VLOOKUP(F$1,main!$A$2:$L$34,8,FALSE) - VLOOKUP($B3,main!$A$2:$L$32,9,FALSE) >= (36+VLOOKUP(VLOOKUP(F$1,main!$A$2:$L$34,4,FALSE),main!$N$7:$P$9,2,FALSE))),1,0) -> 0 | G3: =IF(AND(VLOOKUP(G$1,main!$A$2:$L$34,8,FALSE) - VLOOKUP($B3,main!$A$2:$L$32,9,FALSE) >= (36+VLOOKUP(VLOOKUP(G$1,main!$A$2:$L$34,4,FALSE),main!$N$7:$P$9,2,FALSE))),1,0) -> 0 | H3: =IF(AND(VLOOKUP(H$1,main!$A$2:$L$34,8,FALSE) - VLOOKUP($B3,main!$A$2:$L$32,9,FALSE) >= (36+VLOOKUP(VLOOKUP(H$1,main!$A$2:$L$34,4,FALSE),main!$N$7:$P$9,2,FALSE))),1,0) -> 0 | I3: =IF(AND(VLOOKUP(I$1,main!$A$2:$L$34,8,FALSE) - VLOOKUP($B3,main!$A$2:$L$32,9,FALSE) >= (36+VLOOKUP(VLOOKUP(I$1,main!$A$2:$L$34,4,FALSE),main!$N$7:$P$9,2,FALSE))),1,0) -> 0 | J3: =IF(AND(VLOOKUP(J$1,main!$A$2:$L$34,8,FALSE) - VLOOKUP($B3,main!$A$2:$L$32,9,FALSE) >= (36+VLOOKUP(VLOOKUP(J$1,main!$A$2:$L$34,4,FALSE),main!$N$7:$P$9,2,FALSE))),1,0) -> 0 | K3: =IF(AND(VLOOKUP(K$1,main!$A$2:$L$34,8,FALSE) - VLOOKUP($B3,main!$A$2:$L$32,9,FALSE) >= (36+VLOOKUP(VLOOKUP(K$1,main!$A$2:$L$34,4,FALSE),main!$N$7:$P$9,2,FALSE))),1,0) -> 0 | ... AG3: =IF(AND(VLOOKUP(AG$1,main!$A$2:$L$34,8,FALSE) - VLOOKUP($B3,main!$A$2:$L$32,9,FALSE) >= (36+VLOOKUP(VLOOKUP(AG$1,main!$A$2:$L$34,4,FALSE),main!$N$7:$P$9,2,FALSE))),1,0) -> 1
A4: 31 | B4: 2 | C4: 0 | D4: =IF(AND(VLOOKUP(D$1,main!$A$2:$L$34,8,FALSE) - VLOOKUP($B4,main!$A$2:$L$32,9,FALSE) >= (36+VLOOKUP(VLOOKUP(D$1,main!$A$2:$L$34,4,FALSE),main!$N$7:$P$9,2,FALSE))),1,0) -> 0 | E4: =IF(AND(VLOOKUP(E$1,main!$A$2:$L$34,8,FALSE) - VLOOKUP($B4,main!$A$2:$L$32,9,FALSE) >= (36+VLOOKUP(VLOOKUP(E$1,main!$A$2:$L$34,4,FALSE),main!$N$7:$P$9,2,FALSE))),1,0) -> 0 | F4: =IF(AND(VLOOKUP(F$1,main!$A$2:$L$34,8,FALSE) - VLOOKUP($B4,main!$A$2:$L$32,9,FALSE) >= (36+VLOOKUP(VLOOKUP(F$1,main!$A$2:$L$34,4,FALSE),main!$N$7:$P$9,2,FALSE))),1,0) -> 0 | G4: =IF(AND(VLOOKUP(G$1,main!$A$2:$L$34,8,FALSE) - VLOOKUP($B4,main!$A$2:$L$32,9,FALSE) >= (36+VLOOKUP(VLOOKUP(G$1,main!$A$2:$L$34,4,FALSE),main!$N$7:$P$9,2,FALSE))),1,0) -> 0 | H4: =IF(AND(VLOOKUP(H$1,main!$A$2:$L$34,8,FALSE) - VLOOKUP($B4,main!$A$2:$L$32,9,FALSE) >= (36+VLOOKUP(VLOOKUP(H$1,main!$A$2:$L$34,4,FALSE),main!$N$7:$P$9,2,FALSE))),1,0) -> 0 | I4: =IF(AND(VLOOKUP(I$1,main!$A$2:$L$34,8,FALSE) - VLOOKUP($B4,main!$A$2:$L$32,9,FALSE) >= (36+VLOOKUP(VLOOKUP(I$1,main!$A$2:$L$34,4,FALSE),main!$N$7:$P$9,2,FALSE))),1,0) -> 0 | J4: =IF(AND(VLOOKUP(J$1,main!$A$2:$L$34,8,FALSE) - VLOOKUP($B4,main!$A$2:$L$32,9,FALSE) >= (36+VLOOKUP(VLOOKUP(J$1,main!$A$2:$L$34,4,FALSE),main!$N$7:$P$9,2,FALSE))),1,0) -> 0 | K4: =IF(AND(VLOOKUP(K$1,main!$A$2:$L$34,8,FALSE) - VLOOKUP($B4,main!$A$2:$L$32,9,FALSE) >= (36+VLOOKUP(VLOOKUP(K$1,main!$A$2:$L$34,4,FALSE),main!$N$7:$P$9,2,FALSE))),1,0) -> 0 | ... AG4: =IF(AND(VLOOKUP(AG$1,main!$A$2:$L$34,8,FALSE) - VLOOKUP($B4,main!$A$2:$L$32,9,FALSE) >= (36+VLOOKUP(VLOOKUP(AG$1,main!$A$2:$L$34,4,FALSE),main!$N$7:$P$9,2,FALSE))),1,0) -> 1
A5: 31 | B5: 3 | C5: 0 | D5: =IF(AND(VLOOKUP(D$1,main!$A$2:$L$34,8,FALSE) - VLOOKUP($B5,main!$A$2:$L$32,9,FALSE) >= (36+VLOOKUP(VLOOKUP(D$1,main!$A$2:$L$34,4,FALSE),main!$N$7:$P$9,2,FALSE))),1,0) -> 0 | E5: =IF(AND(VLOOKUP(E$1,main!$A$2:$L$34,8,FALSE) - VLOOKUP($B5,main!$A$2:$L$32,9,FALSE) >= (36+VLOOKUP(VLOOKUP(E$1,main!$A$2:$L$34,4,FALSE),main!$N$7:$P$9,2,FALSE))),1,0) -> 0 | F5: =IF(AND(VLOOKUP(F$1,main!$A$2:$L$34,8,FALSE) - VLOOKUP($B5,main!$A$2:$L$32,9,FALSE) >= (36+VLOOKUP(VLOOKUP(F$1,main!$A$2:$L$34,4,FALSE),main!$N$7:$P$9,2,FALSE))),1,0) -> 0 | G5: =IF(AND(VLOOKUP(G$1,main!$A$2:$L$34,8,FALSE) - VLOOKUP($B5,main!$A$2:$L$32,9,FALSE) >= (36+VLOOKUP(VLOOKUP(G$1,main!$A$2:$L$34,4,FALSE),main!$N$7:$P$9,2,FALSE))),1,0) -> 0 | H5: =IF(AND(VLOOKUP(H$1,main!$A$2:$L$34,8,FALSE) - VLOOKUP($B5,main!$A$2:$L$32,9,FALSE) >= (36+VLOOKUP(VLOOKUP(H$1,main!$A$2:$L$34,4,FALSE),main!$N$7:$P$9,2,FALSE))),1,0) -> 0 | I5: =IF(AND(VLOOKUP(I$1,main!$A$2:$L$34,8,FALSE) - VLOOKUP($B5,main!$A$2:$L$32,9,FALSE) >= (36+VLOOKUP(VLOOKUP(I$1,main!$A$2:$L$34,4,FALSE),main!$N$7:$P$9,2,FALSE))),1,0) -> 0 | J5: =IF(AND(VLOOKUP(J$1,main!$A$2:$L$34,8,FALSE) - VLOOKUP($B5,main!$A$2:$L$32,9,FALSE) >= (36+VLOOKUP(VLOOKUP(J$1,main!$A$2:$L$34,4,FALSE),main!$N$7:$P$9,2,FALSE))),1,0) -> 0 | K5: =IF(AND(VLOOKUP(K$1,main!$A$2:$L$34,8,FALSE) - VLOOKUP($B5,main!$A$2:$L$32,9,FALSE) >= (36+VLOOKUP(VLOOKUP(K$1,main!$A$2:$L$34,4,FALSE),main!$N$7:$P$9,2,FALSE))),1,0) -> 0 | ... AG5: =IF(AND(VLOOKUP(AG$1,main!$A$2:$L$34,8,FALSE) - VLOOKUP($B5,main!$A$2:$L$32,9,FALSE) >= (36+VLOOKUP(VLOOKUP(AG$1,main!$A$2:$L$34,4,FALSE),main!$N$7:$P$9,2,FALSE))),1,0) -> 1
A6: 31 | B6: 4 | C6: 0 | D6: =IF(AND(VLOOKUP(D$1,main!$A$2:$L$34,8,FALSE) - VLOOKUP($B6,main!$A$2:$L$32,9,FALSE) >= (36+VLOOKUP(VLOOKUP(D$1,main!$A$2:$L$34,4,FALSE),main!$N$7:$P$9,2,FALSE))),1,0) -> 0 | E6: =IF(AND(VLOOKUP(E$1,main!$A$2:$L$34,8,FALSE) - VLOOKUP($B6,main!$A$2:$L$32,9,FALSE) >= (36+VLOOKUP(VLOOKUP(E$1,main!$A$2:$L$34,4,FALSE),main!$N$7:$P$9,2,FALSE))),1,0) -> 0 | F6: =IF(AND(VLOOKUP(F$1,main!$A$2:$L$34,8,FALSE) - VLOOKUP($B6,main!$A$2:$L$32,9,FALSE) >= (36+VLOOKUP(VLOOKUP(F$1,main!$A$2:$L$34,4,FALSE),main!$N$7:$P$9,2,FALSE))),1,0) -> 0 | G6: =IF(AND(VLOOKUP(G$1,main!$A$2:$L$34,8,FALSE) - VLOOKUP($B6,main!$A$2:$L$32,9,FALSE) >= (36+VLOOKUP(VLOOKUP(G$1,main!$A$2:$L$34,4,FALSE),main!$N$7:$P$9,2,FALSE))),1,0) -> 0 | H6: =IF(AND(VLOOKUP(H$1,main!$A$2:$L$34,8,FALSE) - VLOOKUP($B6,main!$A$2:$L$32,9,FALSE) >= (36+VLOOKUP(VLOOKUP(H$1,main!$A$2:$L$34,4,FALSE),main!$N$7:$P$9,2,FALSE))),1,0) -> 0 | I6: =IF(AND(VLOOKUP(I$1,main!$A$2:$L$34,8,FALSE) - VLOOKUP($B6,main!$A$2:$L$32,9,FALSE) >= (36+VLOOKUP(VLOOKUP(I$1,main!$A$2:$L$34,4,FALSE),main!$N$7:$P$9,2,FALSE))),1,0) -> 0 | J6: =IF(AND(VLOOKUP(J$1,main!$A$2:$L$34,8,FALSE) - VLOOKUP($B6,main!$A$2:$L$32,9,FALSE) >= (36+VLOOKUP(VLOOKUP(J$1,main!$A$2:$L$34,4,FALSE),main!$N$7:$P$9,2,FALSE))),1,0) -> 0 | K6: =IF(AND(VLOOKUP(K$1,main!$A$2:$L$34,8,FALSE) - VLOOKUP($B6,main!$A$2:$L$32,9,FALSE) >= (36+VLOOKUP(VLOOKUP(K$1,main!$A$2:$L$34,4,FALSE),main!$N$7:$P$9,2,FALSE))),1,0) -> 0 | ... AG6: =IF(AND(VLOOKUP(AG$1,main!$A$2:$L$34,8,FALSE) - VLOOKUP($B6,main!$A$2:$L$32,9,FALSE) >= (36+VLOOKUP(VLOOKUP(AG$1,main!$A$2:$L$34,4,FALSE),main!$N$7:$P$9,2,FALSE))),1,0) -> 1
A7: 31 | B7: 5 | C7: 0 | D7: =IF(AND(VLOOKUP(D$1,main!$A$2:$L$34,8,FALSE) - VLOOKUP($B7,main!$A$2:$L$32,9,FALSE) >= (36+VLOOKUP(VLOOKUP(D$1,main!$A$2:$L$34,4,FALSE),main!$N$7:$P$9,2,FALSE))),1,0) -> 0 | E7: =IF(AND(VLOOKUP(E$1,main!$A$2:$L$34,8,FALSE) - VLOOKUP($B7,main!$A$2:$L$32,9,FALSE) >= (36+VLOOKUP(VLOOKUP(E$1,main!$A$2:$L$34,4,FALSE),main!$N$7:$P$9,2,FALSE))),1,0) -> 0 | F7: =IF(AND(VLOOKUP(F$1,main!$A$2:$L$34,8,FALSE) - VLOOKUP($B7,main!$A$2:$L$32,9,FALSE) >= (36+VLOOKUP(VLOOKUP(F$1,main!$A$2:$L$34,4,FALSE),main!$N$7:$P$9,2,FALSE))),1,0) -> 0 | G7: =IF(AND(VLOOKUP(G$1,main!$A$2:$L$34,8,FALSE) - VLOOKUP($B7,main!$A$2:$L$32,9,FALSE) >= (36+VLOOKUP(VLOOKUP(G$1,main!$A$2:$L$34,4,FALSE),main!$N$7:$P$9,2,FALSE))),1,0) -> 0 | H7: =IF(AND(VLOOKUP(H$1,main!$A$2:$L$34,8,FALSE) - VLOOKUP($B7,main!$A$2:$L$32,9,FALSE) >= (36+VLOOKUP(VLOOKUP(H$1,main!$A$2:$L$34,4,FALSE),main!$N$7:$P$9,2,FALSE))),1,0) -> 0 | I7: =IF(AND(VLOOKUP(I$1,main!$A$2:$L$34,8,FALSE) - VLOOKUP($B7,main!$A$2:$L$32,9,FALSE) >= (36+VLOOKUP(VLOOKUP(I$1,main!$A$2:$L$34,4,FALSE),main!$N$7:$P$9,2,FALSE))),1,0) -> 0 | J7: =IF(AND(VLOOKUP(J$1,main!$A$2:$L$34,8,FALSE) - VLOOKUP($B7,main!$A$2:$L$32,9,FALSE) >= (36+VLOOKUP(VLOOKUP(J$1,main!$A$2:$L$34,4,FALSE),main!$N$7:$P$9,2,FALSE))),1,0) -> 0 | K7: =IF(AND(VLOOKUP(K$1,main!$A$2:$L$34,8,FALSE) - VLOOKUP($B7,main!$A$2:$L$32,9,FALSE) >= (36+VLOOKUP(VLOOKUP(K$1,main!$A$2:$L$34,4,FALSE),main!$N$7:$P$9,2,FALSE))),1,0) -> 0 | ... AG7: =IF(AND(VLOOKUP(AG$1,main!$A$2:$L$34,8,FALSE) - VLOOKUP($B7,main!$A$2:$L$32,9,FALSE) >= (36+VLOOKUP(VLOOKUP(AG$1,main!$A$2:$L$34,4,FALSE),main!$N$7:$P$9,2,FALSE))),1,0) -> 1
A8: 31 | B8: 6 | C8: 0 | D8: =IF(AND(VLOOKUP(D$1,main!$A$2:$L$34,8,FALSE) - VLOOKUP($B8,main!$A$2:$L$32,9,FALSE) >= (36+VLOOKUP(VLOOKUP(D$1,main!$A$2:$L$34,4,FALSE),main!$N$7:$P$9,2,FALSE))),1,0) -> 0 | E8: =IF(AND(VLOOKUP(E$1,main!$A$2:$L$34,8,FALSE) - VLOOKUP($B8,main!$A$2:$L$32,9,FALSE) >= (36+VLOOKUP(VLOOKUP(E$1,main!$A$2:$L$34,4,FALSE),main!$N$7:$P$9,2,FALSE))),1,0) -> 0 | F8: =IF(AND(VLOOKUP(F$1,main!$A$2:$L$34,8,FALSE) - VLOOKUP($B8,main!$A$2:$L$32,9,FALSE) >= (36+VLOOKUP(VLOOKUP(F$1,main!$A$2:$L$34,4,FALSE),main!$N$7:$P$9,2,FALSE))),1,0) -> 0 | G8: =IF(AND(VLOOKUP(G$1,main!$A$2:$L$34,8,FALSE) - VLOOKUP($B8,main!$A$2:$L$32,9,FALSE) >= (36+VLOOKUP(VLOOKUP(G$1,main!$A$2:$L$34,4,FALSE),main!$N$7:$P$9,2,FALSE))),1,0) -> 0 | H8: =IF(AND(VLOOKUP(H$1,main!$A$2:$L$34,8,FALSE) - VLOOKUP($B8,main!$A$2:$L$32,9,FALSE) >= (36+VLOOKUP(VLOOKUP(H$1,main!$A$2:$L$34,4,FALSE),main!$N$7:$P$9,2,FALSE))),1,0) -> 0 | I8: =IF(AND(VLOOKUP(I$1,main!$A$2:$L$34,8,FALSE) - VLOOKUP($B8,main!$A$2:$L$32,9,FALSE) >= (36+VLOOKUP(VLOOKUP(I$1,main!$A$2:$L$34,4,FALSE),main!$N$7:$P$9,2,FALSE))),1,0) -> 0 | J8: =IF(AND(VLOOKUP(J$1,main!$A$2:$L$34,8,FALSE) - VLOOKUP($B8,main!$A$2:$L$32,9,FALSE) >= (36+VLOOKUP(VLOOKUP(J$1,main!$A$2:$L$34,4,FALSE),main!$N$7:$P$9,2,FALSE))),1,0) -> 0 | K8: =IF(AND(VLOOKUP(K$1,main!$A$2:$L$34,8,FALSE) - VLOOKUP($B8,main!$A$2:$L$32,9,FALSE) >= (36+VLOOKUP(VLOOKUP(K$1,main!$A$2:$L$34,4,FALSE),main!$N$7:$P$9,2,FALSE))),1,0) -> 0 | ... AG8: =IF(AND(VLOOKUP(AG$1,main!$A$2:$L$34,8,FALSE) - VLOOKUP($B8,main!$A$2:$L$32,9,FALSE) >= (36+VLOOKUP(VLOOKUP(AG$1,main!$A$2:$L$34,4,FALSE),main!$N$7:$P$9,2,FALSE))),1,0) -> 1
A9: 31 | B9: 7 | C9: 0 | D9: =IF(AND(VLOOKUP(D$1,main!$A$2:$L$34,8,FALSE) - VLOOKUP($B9,main!$A$2:$L$32,9,FALSE) >= (36+VLOOKUP(VLOOKUP(D$1,main!$A$2:$L$34,4,FALSE),main!$N$7:$P$9,2,FALSE))),1,0) -> 0 | E9: =IF(AND(VLOOKUP(E$1,main!$A$2:$L$34,8,FALSE) - VLOOKUP($B9,main!$A$2:$L$32,9,FALSE) >= (36+VLOOKUP(VLOOKUP(E$1,main!$A$2:$L$34,4,FALSE),main!$N$7:$P$9,2,FALSE))),1,0) -> 0 | F9: =IF(AND(VLOOKUP(F$1,main!$A$2:$L$34,8,FALSE) - VLOOKUP($B9,main!$A$2:$L$32,9,FALSE) >= (36+VLOOKUP(VLOOKUP(F$1,main!$A$2:$L$34,4,FALSE),main!$N$7:$P$9,2,FALSE))),1,0) -> 0 | G9: =IF(AND(VLOOKUP(G$1,main!$A$2:$L$34,8,FALSE) - VLOOKUP($B9,main!$A$2:$L$32,9,FALSE) >= (36+VLOOKUP(VLOOKUP(G$1,main!$A$2:$L$34,4,FALSE),main!$N$7:$P$9,2,FALSE))),1,0) -> 0 | H9: =IF(AND(VLOOKUP(H$1,main!$A$2:$L$34,8,FALSE) - VLOOKUP($B9,main!$A$2:$L$32,9,FALSE) >= (36+VLOOKUP(VLOOKUP(H$1,main!$A$2:$L$34,4,FALSE),main!$N$7:$P$9,2,FALSE))),1,0) -> 0 | I9: =IF(AND(VLOOKUP(I$1,main!$A$2:$L$34,8,FALSE) - VLOOKUP($B9,main!$A$2:$L$32,9,FALSE) >= (36+VLOOKUP(VLOOKUP(I$1,main!$A$2:$L$34,4,FALSE),main!$N$7:$P$9,2,FALSE))),1,0) -> 0 | J9: =IF(AND(VLOOKUP(J$1,main!$A$2:$L$34,8,FALSE) - VLOOKUP($B9,main!$A$2:$L$32,9,FALSE) >= (36+VLOOKUP(VLOOKUP(J$1,main!$A$2:$L$34,4,FALSE),main!$N$7:$P$9,2,FALSE))),1,0) -> 0 | K9: =IF(AND(VLOOKUP(K$1,main!$A$2:$L$34,8,FALSE) - VLOOKUP($B9,main!$A$2:$L$32,9,FALSE) >= (36+VLOOKUP(VLOOKUP(K$1,main!$A$2:$L$34,4,FALSE),main!$N$7:$P$9,2,FALSE))),1,0) -> 0 | ... AG9: =IF(AND(VLOOKUP(AG$1,main!$A$2:$L$34,8,FALSE) - VLOOKUP($B9,main!$A$2:$L$32,9,FALSE) >= (36+VLOOKUP(VLOOKUP(AG$1,main!$A$2:$L$34,4,FALSE),main!$N$7:$P$9,2,FALSE))),1,0) -> 1
A10: 31 | B10: 8 | C10: 0 | D10: =IF(AND(VLOOKUP(D$1,main!$A$2:$L$34,8,FALSE) - VLOOKUP($B10,main!$A$2:$L$32,9,FALSE) >= (36+VLOOKUP(VLOOKUP(D$1,main!$A$2:$L$34,4,FALSE),main!$N$7:$P$9,2,FALSE))),1,0) -> 0 | E10: =IF(AND(VLOOKUP(E$1,main!$A$2:$L$34,8,FALSE) - VLOOKUP($B10,main!$A$2:$L$32,9,FALSE) >= (36+VLOOKUP(VLOOKUP(E$1,main!$A$2:$L$34,4,FALSE),main!$N$7:$P$9,2,FALSE))),1,0) -> 0 | F10: =IF(AND(VLOOKUP(F$1,main!$A$2:$L$34,8,FALSE) - VLOOKUP($B10,main!$A$2:$L$32,9,FALSE) >= (36+VLOOKUP(VLOOKUP(F$1,main!$A$2:$L$34,4,FALSE),main!$N$7:$P$9,2,FALSE))),1,0) -> 0 | G10: =IF(AND(VLOOKUP(G$1,main!$A$2:$L$34,8,FALSE) - VLOOKUP($B10,main!$A$2:$L$32,9,FALSE) >= (36+VLOOKUP(VLOOKUP(G$1,main!$A$2:$L$34,4,FALSE),main!$N$7:$P$9,2,FALSE))),1,0) -> 0 | H10: =IF(AND(VLOOKUP(H$1,main!$A$2:$L$34,8,FALSE) - VLOOKUP($B10,main!$A$2:$L$32,9,FALSE) >= (36+VLOOKUP(VLOOKUP(H$1,main!$A$2:$L$34,4,FALSE),main!$N$7:$P$9,2,FALSE))),1,0) -> 0 | I10: =IF(AND(VLOOKUP(I$1,main!$A$2:$L$34,8,FALSE) - VLOOKUP($B10,main!$A$2:$L$32,9,FALSE) >= (36+VLOOKUP(VLOOKUP(I$1,main!$A$2:$L$34,4,FALSE),main!$N$7:$P$9,2,FALSE))),1,0) -> 0 | J10: =IF(AND(VLOOKUP(J$1,main!$A$2:$L$34,8,FALSE) - VLOOKUP($B10,main!$A$2:$L$32,9,FALSE) >= (36+VLOOKUP(VLOOKUP(J$1,main!$A$2:$L$34,4,FALSE),main!$N$7:$P$9,2,FALSE))),1,0) -> 0 | K10: =IF(AND(VLOOKUP(K$1,main!$A$2:$L$34,8,FALSE) - VLOOKUP($B10,main!$A$2:$L$32,9,FALSE) >= (36+VLOOKUP(VLOOKUP(K$1,main!$A$2:$L$34,4,FALSE),main!$N$7:$P$9,2,FALSE))),1,0) -> 0 | ... AG10: =IF(AND(VLOOKUP(AG$1,main!$A$2:$L$34,8,FALSE) - VLOOKUP($B10,main!$A$2:$L$32,9,FALSE) >= (36+VLOOKUP(VLOOKUP(AG$1,main!$A$2:$L$34,4,FALSE),main!$N$7:$P$9,2,FALSE))),1,0) -> 1
A11: 31 | B11: 9 | C11: 0 | D11: =IF(AND(VLOOKUP(D$1,main!$A$2:$L$34,8,FALSE) - VLOOKUP($B11,main!$A$2:$L$32,9,FALSE) >= (36+VLOOKUP(VLOOKUP(D$1,main!$A$2:$L$34,4,FALSE),main!$N$7:$P$9,2,FALSE))),1,0) -> 0 | E11: =IF(AND(VLOOKUP(E$1,main!$A$2:$L$34,8,FALSE) - VLOOKUP($B11,main!$A$2:$L$32,9,FALSE) >= (36+VLOOKUP(VLOOKUP(E$1,main!$A$2:$L$34,4,FALSE),main!$N$7:$P$9,2,FALSE))),1,0) -> 0 | F11: =IF(AND(VLOOKUP(F$1,main!$A$2:$L$34,8,FALSE) - VLOOKUP($B11,main!$A$2:$L$32,9,FALSE) >= (36+VLOOKUP(VLOOKUP(F$1,main!$A$2:$L$34,4,FALSE),main!$N$7:$P$9,2,FALSE))),1,0) -> 0 | G11: =IF(AND(VLOOKUP(G$1,main!$A$2:$L$34,8,FALSE) - VLOOKUP($B11,main!$A$2:$L$32,9,FALSE) >= (36+VLOOKUP(VLOOKUP(G$1,main!$A$2:$L$34,4,FALSE),main!$N$7:$P$9,2,FALSE))),1,0) -> 0 | H11: =IF(AND(VLOOKUP(H$1,main!$A$2:$L$34,8,FALSE) - VLOOKUP($B11,main!$A$2:$L$32,9,FALSE) >= (36+VLOOKUP(VLOOKUP(H$1,main!$A$2:$L$34,4,FALSE),main!$N$7:$P$9,2,FALSE))),1,0) -> 0 | I11: =IF(AND(VLOOKUP(I$1,main!$A$2:$L$34,8,FALSE) - VLOOKUP($B11,main!$A$2:$L$32,9,FALSE) >= (36+VLOOKUP(VLOOKUP(I$1,main!$A$2:$L$34,4,FALSE),main!$N$7:$P$9,2,FALSE))),1,0) -> 0 | J11: =IF(AND(VLOOKUP(J$1,main!$A$2:$L$34,8,FALSE) - VLOOKUP($B11,main!$A$2:$L$32,9,FALSE) >= (36+VLOOKUP(VLOOKUP(J$1,main!$A$2:$L$34,4,FALSE),main!$N$7:$P$9,2,FALSE))),1,0) -> 0 | K11: =IF(AND(VLOOKUP(K$1,main!$A$2:$L$34,8,FALSE) - VLOOKUP($B11,main!$A$2:$L$32,9,FALSE) >= (36+VLOOKUP(VLOOKUP(K$1,main!$A$2:$L$34,4,FALSE),main!$N$7:$P$9,2,FALSE))),1,0) -> 0 | ... AG11: =IF(AND(VLOOKUP(AG$1,main!$A$2:$L$34,8,FALSE) - VLOOKUP($B11,main!$A$2:$L$32,9,FALSE) >= (36+VLOOKUP(VLOOKUP(AG$1,main!$A$2:$L$34,4,FALSE),main!$N$7:$P$9,2,FALSE))),1,0) -> 1
A12: 31 | B12: 10 | C12: 0 | D12: =IF(AND(VLOOKUP(D$1,main!$A$2:$L$34,8,FALSE) - VLOOKUP($B12,main!$A$2:$L$32,9,FALSE) >= (36+VLOOKUP(VLOOKUP(D$1,main!$A$2:$L$34,4,FALSE),main!$N$7:$P$9,2,FALSE))),1,0) -> 0 | E12: =IF(AND(VLOOKUP(E$1,main!$A$2:$L$34,8,FALSE) - VLOOKUP($B12,main!$A$2:$L$32,9,FALSE) >= (36+VLOOKUP(VLOOKUP(E$1,main!$A$2:$L$34,4,FALSE),main!$N$7:$P$9,2,FALSE))),1,0) -> 0 | F12: =IF(AND(VLOOKUP(F$1,main!$A$2:$L$34,8,FALSE) - VLOOKUP($B12,main!$A$2:$L$32,9,FALSE) >= (36+VLOOKUP(VLOOKUP(F$1,main!$A$2:$L$34,4,FALSE),main!$N$7:$P$9,2,FALSE))),1,0) -> 0 | G12: =IF(AND(VLOOKUP(G$1,main!$A$2:$L$34,8,FALSE) - VLOOKUP($B12,main!$A$2:$L$32,9,FALSE) >= (36+VLOOKUP(VLOOKUP(G$1,main!$A$2:$L$34,4,FALSE),main!$N$7:$P$9,2,FALSE))),1,0) -> 0 | H12: =IF(AND(VLOOKUP(H$1,main!$A$2:$L$34,8,FALSE) - VLOOKUP($B12,main!$A$2:$L$32,9,FALSE) >= (36+VLOOKUP(VLOOKUP(H$1,main!$A$2:$L$34,4,FALSE),main!$N$7:$P$9,2,FALSE))),1,0) -> 0 | I12: =IF(AND(VLOOKUP(I$1,main!$A$2:$L$34,8,FALSE) - VLOOKUP($B12,main!$A$2:$L$32,9,FALSE) >= (36+VLOOKUP(VLOOKUP(I$1,main!$A$2:$L$34,4,FALSE),main!$N$7:$P$9,2,FALSE))),1,0) -> 0 | J12: =IF(AND(VLOOKUP(J$1,main!$A$2:$L$34,8,FALSE) - VLOOKUP($B12,main!$A$2:$L$32,9,FALSE) >= (36+VLOOKUP(VLOOKUP(J$1,main!$A$2:$L$34,4,FALSE),main!$N$7:$P$9,2,FALSE))),1,0) -> 0 | K12: =IF(AND(VLOOKUP(K$1,main!$A$2:$L$34,8,FALSE) - VLOOKUP($B12,main!$A$2:$L$32,9,FALSE) >= (36+VLOOKUP(VLOOKUP(K$1,main!$A$2:$L$34,4,FALSE),main!$N$7:$P$9,2,FALSE))),1,0) -> 0 | ... AG12: =IF(AND(VLOOKUP(AG$1,main!$A$2:$L$34,8,FALSE) - VLOOKUP($B12,main!$A$2:$L$32,9,FALSE) >= (36+VLOOKUP(VLOOKUP(AG$1,main!$A$2:$L$34,4,FALSE),main!$N$7:$P$9,2,FALSE))),1,0) -> 1
A13: 31 | B13: 11 | C13: 0 | D13: =IF(AND(VLOOKUP(D$1,main!$A$2:$L$34,8,FALSE) - VLOOKUP($B13,main!$A$2:$L$32,9,FALSE) >= (36+VLOOKUP(VLOOKUP(D$1,main!$A$2:$L$34,4,FALSE),main!$N$7:$P$9,2,FALSE))),1,0) -> 0 | E13: =IF(AND(VLOOKUP(E$1,main!$A$2:$L$34,8,FALSE) - VLOOKUP($B13,main!$A$2:$L$32,9,FALSE) >= (36+VLOOKUP(VLOOKUP(E$1,main!$A$2:$L$34,4,FALSE),main!$N$7:$P$9,2,FALSE))),1,0) -> 0 | F13: =IF(AND(VLOOKUP(F$1,main!$A$2:$L$34,8,FALSE) - VLOOKUP($B13,main!$A$2:$L$32,9,FALSE) >= (36+VLOOKUP(VLOOKUP(F$1,main!$A$2:$L$34,4,FALSE),main!$N$7:$P$9,2,FALSE))),1,0) -> 0 | G13: =IF(AND(VLOOKUP(G$1,main!$A$2:$L$34,8,FALSE) - VLOOKUP($B13,main!$A$2:$L$32,9,FALSE) >= (36+VLOOKUP(VLOOKUP(G$1,main!$A$2:$L$34,4,FALSE),main!$N$7:$P$9,2,FALSE))),1,0) -> 0 | H13: =IF(AND(VLOOKUP(H$1,main!$A$2:$L$34,8,FALSE) - VLOOKUP($B13,main!$A$2:$L$32,9,FALSE) >= (36+VLOOKUP(VLOOKUP(H$1,main!$A$2:$L$34,4,FALSE),main!$N$7:$P$9,2,FALSE))),1,0) -> 0 | I13: =IF(AND(VLOOKUP(I$1,main!$A$2:$L$34,8,FALSE) - VLOOKUP($B13,main!$A$2:$L$32,9,FALSE) >= (36+VLOOKUP(VLOOKUP(I$1,main!$A$2:$L$34,4,FALSE),main!$N$7:$P$9,2,FALSE))),1,0) -> 0 | J13: =IF(AND(VLOOKUP(J$1,main!$A$2:$L$34,8,FALSE) - VLOOKUP($B13,main!$A$2:$L$32,9,FALSE) >= (36+VLOOKUP(VLOOKUP(J$1,main!$A$2:$L$34,4,FALSE),main!$N$7:$P$9,2,FALSE))),1,0) -> 0 | K13: =IF(AND(VLOOKUP(K$1,main!$A$2:$L$34,8,FALSE) - VLOOKUP($B13,main!$A$2:$L$32,9,FALSE) >= (36+VLOOKUP(VLOOKUP(K$1,main!$A$2:$L$34,4,FALSE),main!$N$7:$P$9,2,FALSE))),1,0) -> 0 | ... AG13: =IF(AND(VLOOKUP(AG$1,main!$A$2:$L$34,8,FALSE) - VLOOKUP($B13,main!$A$2:$L$32,9,FALSE) >= (36+VLOOKUP(VLOOKUP(AG$1,main!$A$2:$L$34,4,FALSE),main!$N$7:$P$9,2,FALSE))),1,0) -> 1
A14: 31 | B14: 12 | C14: 0 | D14: =IF(AND(VLOOKUP(D$1,main!$A$2:$L$34,8,FALSE) - VLOOKUP($B14,main!$A$2:$L$32,9,FALSE) >= (36+VLOOKUP(VLOOKUP(D$1,main!$A$2:$L$34,4,FALSE),main!$N$7:$P$9,2,FALSE))),1,0) -> 0 | E14: =IF(AND(VLOOKUP(E$1,main!$A$2:$L$34,8,FALSE) - VLOOKUP($B14,main!$A$2:$L$32,9,FALSE) >= (36+VLOOKUP(VLOOKUP(E$1,main!$A$2:$L$34,4,FALSE),main!$N$7:$P$9,2,FALSE))),1,0) -> 0 | F14: =IF(AND(VLOOKUP(F$1,main!$A$2:$L$34,8,FALSE) - VLOOKUP($B14,main!$A$2:$L$32,9,FALSE) >= (36+VLOOKUP(VLOOKUP(F$1,main!$A$2:$L$34,4,FALSE),main!$N$7:$P$9,2,FALSE))),1,0) -> 0 | G14: =IF(AND(VLOOKUP(G$1,main!$A$2:$L$34,8,FALSE) - VLOOKUP($B14,main!$A$2:$L$32,9,FALSE) >= (36+VLOOKUP(VLOOKUP(G$1,main!$A$2:$L$34,4,FALSE),main!$N$7:$P$9,2,FALSE))),1,0) -> 0 | H14: =IF(AND(VLOOKUP(H$1,main!$A$2:$L$34,8,FALSE) - VLOOKUP($B14,main!$A$2:$L$32,9,FALSE) >= (36+VLOOKUP(VLOOKUP(H$1,main!$A$2:$L$34,4,FALSE),main!$N$7:$P$9,2,FALSE))),1,0) -> 0 | I14: =IF(AND(VLOOKUP(I$1,main!$A$2:$L$34,8,FALSE) - VLOOKUP($B14,main!$A$2:$L$32,9,FALSE) >= (36+VLOOKUP(VLOOKUP(I$1,main!$A$2:$L$34,4,FALSE),main!$N$7:$P$9,2,FALSE))),1,0) -> 0 | J14: =IF(AND(VLOOKUP(J$1,main!$A$2:$L$34,8,FALSE) - VLOOKUP($B14,main!$A$2:$L$32,9,FALSE) >= (36+VLOOKUP(VLOOKUP(J$1,main!$A$2:$L$34,4,FALSE),main!$N$7:$P$9,2,FALSE))),1,0) -> 0 | K14: =IF(AND(VLOOKUP(K$1,main!$A$2:$L$34,8,FALSE) - VLOOKUP($B14,main!$A$2:$L$32,9,FALSE) >= (36+VLOOKUP(VLOOKUP(K$1,main!$A$2:$L$34,4,FALSE),main!$N$7:$P$9,2,FALSE))),1,0) -> 0 | ... AG14: =IF(AND(VLOOKUP(AG$1,main!$A$2:$L$34,8,FALSE) - VLOOKUP($B14,main!$A$2:$L$32,9,FALSE) >= (36+VLOOKUP(VLOOKUP(AG$1,main!$A$2:$L$34,4,FALSE),main!$N$7:$P$9,2,FALSE))),1,0) -> 1
... A32: 31 | B32: 30 | C32: 0 | D32: =IF(AND(VLOOKUP(D$1,main!$A$2:$L$34,8,FALSE) - VLOOKUP($B32,main!$A$2:$L$32,9,FALSE) >= (36+VLOOKUP(VLOOKUP(D$1,main!$A$2:$L$34,4,FALSE),main!$N$7:$P$9,2,FALSE))),1,0) -> 0 | E32: =IF(AND(VLOOKUP(E$1,main!$A$2:$L$34,8,FALSE) - VLOOKUP($B32,main!$A$2:$L$32,9,FALSE) >= (36+VLOOKUP(VLOOKUP(E$1,main!$A$2:$L$34,4,FALSE),main!$N$7:$P$9,2,FALSE))),1,0) -> 0 | F32: =IF(AND(VLOOKUP(F$1,main!$A$2:$L$34,8,FALSE) - VLOOKUP($B32,main!$A$2:$L$32,9,FALSE) >= (36+VLOOKUP(VLOOKUP(F$1,main!$A$2:$L$34,4,FALSE),main!$N$7:$P$9,2,FALSE))),1,0) -> 0 | G32: =IF(AND(VLOOKUP(G$1,main!$A$2:$L$34,8,FALSE) - VLOOKUP($B32,main!$A$2:$L$32,9,FALSE) >= (36+VLOOKUP(VLOOKUP(G$1,main!$A$2:$L$34,4,FALSE),main!$N$7:$P$9,2,FALSE))),1,0) -> 0 | H32: =IF(AND(VLOOKUP(H$1,main!$A$2:$L$34,8,FALSE) - VLOOKUP($B32,main!$A$2:$L$32,9,FALSE) >= (36+VLOOKUP(VLOOKUP(H$1,main!$A$2:$L$34,4,FALSE),main!$N$7:$P$9,2,FALSE))),1,0) -> 0 | I32: =IF(AND(VLOOKUP(I$1,main!$A$2:$L$34,8,FALSE) - VLOOKUP($B32,main!$A$2:$L$32,9,FALSE) >= (36+VLOOKUP(VLOOKUP(I$1,main!$A$2:$L$34,4,FALSE),main!$N$7:$P$9,2,FALSE))),1,0) -> 0 | J32: =IF(AND(VLOOKUP(J$1,main!$A$2:$L$34,8,FALSE) - VLOOKUP($B32,main!$A$2:$L$32,9,FALSE) >= (36+VLOOKUP(VLOOKUP(J$1,main!$A$2:$L$34,4,FALSE),main!$N$7:$P$9,2,FALSE))),1,0) -> 0 | K32: =IF(AND(VLOOKUP(K$1,main!$A$2:$L$34,8,FALSE) - VLOOKUP($B32,main!$A$2:$L$32,9,FALSE) >= (36+VLOOKUP(VLOOKUP(K$1,main!$A$2:$L$34,4,FALSE),main!$N$7:$P$9,2,FALSE))),1,0) -> 0 | ... AG32: =IF(AND(VLOOKUP(AG$1,main!$A$2:$L$34,8,FALSE) - VLOOKUP($B32,main!$A$2:$L$32,9,FALSE) >= (36+VLOOKUP(VLOOKUP(AG$1,main!$A$2:$L$34,4,FALSE),main!$N$7:$P$9,2,FALSE))),1,0) -> 0
A33: 32 | B33: 0 | C33: 0 | D33: 0 | E33: 0 | F33: 0 | G33: 0 | H33: 0 | I33: 0 | J33: 0 | K33: 0 | L33: 0 | M33: 0 | N33: 0 | O33: 0 | P33: 0 | Q33: 0 | R33: 0 | S33: 0 | T33: 0 | U33: 0 | V33: 0 | W33: 0 | X33: 0 | Y33: 0 | Z33: 0 | AA33: 0 | AB33: 0 | AC33: 0 | AD33: 0 | AE33: 0 | AF33: 0 | AG33: 0
A34: 32 | B34: 1 | C34: 0 | D34: =IF(AND(VLOOKUP(D$1,main!$A$2:$L$34,8,FALSE) - VLOOKUP($B34,main!$A$2:$L$32,9,FALSE) >= (36+VLOOKUP(VLOOKUP(D$1,main!$A$2:$L$34,4,FALSE),main!$N$7:$P$9,3,FALSE))),1,0) -> 0 | E34: =IF(AND(VLOOKUP(E$1,main!$A$2:$L$34,8,FALSE) - VLOOKUP($B34,main!$A$2:$L$32,9,FALSE) >= (36+VLOOKUP(VLOOKUP(E$1,main!$A$2:$L$34,4,FALSE),main!$N$7:$P$9,3,FALSE))),1,0) -> 0 | F34: =IF(AND(VLOOKUP(F$1,main!$A$2:$L$34,8,FALSE) - VLOOKUP($B34,main!$A$2:$L$32,9,FALSE) >= (36+VLOOKUP(VLOOKUP(F$1,main!$A$2:$L$34,4,FALSE),main!$N$7:$P$9,3,FALSE))),1,0) -> 0 | G34: =IF(AND(VLOOKUP(G$1,main!$A$2:$L$34,8,FALSE) - VLOOKUP($B34,main!$A$2:$L$32,9,FALSE) >= (36+VLOOKUP(VLOOKUP(G$1,main!$A$2:$L$34,4,FALSE),main!$N$7:$P$9,3,FALSE))),1,0) -> 0 | H34: =IF(AND(VLOOKUP(H$1,main!$A$2:$L$34,8,FALSE) - VLOOKUP($B34,main!$A$2:$L$32,9,FALSE) >= (36+VLOOKUP(VLOOKUP(H$1,main!$A$2:$L$34,4,FALSE),main!$N$7:$P$9,3,FALSE))),1,0) -> 0 | I34: =IF(AND(VLOOKUP(I$1,main!$A$2:$L$34,8,FALSE) - VLOOKUP($B34,main!$A$2:$L$32,9,FALSE) >= (36+VLOOKUP(VLOOKUP(I$1,main!$A$2:$L$34,4,FALSE),main!$N$7:$P$9,3,FALSE))),1,0) -> 0 | J34: =IF(AND(VLOOKUP(J$1,main!$A$2:$L$34,8,FALSE) - VLOOKUP($B34,main!$A$2:$L$32,9,FALSE) >= (36+VLOOKUP(VLOOKUP(J$1,main!$A$2:$L$34,4,FALSE),main!$N$7:$P$9,3,FALSE))),1,0) -> 0 | K34: =IF(AND(VLOOKUP(K$1,main!$A$2:$L$34,8,FALSE) - VLOOKUP($B34,main!$A$2:$L$32,9,FALSE) >= (36+VLOOKUP(VLOOKUP(K$1,main!$A$2:$L$34,4,FALSE),main!$N$7:$P$9,3,FALSE))),1,0) -> 0 | ... AG34: =IF(AND(VLOOKUP(AG$1,main!$A$2:$L$34,8,FALSE) - VLOOKUP($B34,main!$A$2:$L$32,9,FALSE) >= (36+VLOOKUP(VLOOKUP(AG$1,main!$A$2:$L$34,4,FALSE),main!$N$7:$P$9,3,FALSE))),1,0) -> 1
A35: 32 | B35: 2 | C35: 0 | D35: =IF(AND(VLOOKUP(D$1,main!$A$2:$L$34,8,FALSE) - VLOOKUP($B35,main!$A$2:$L$32,9,FALSE) >= (36+VLOOKUP(VLOOKUP(D$1,main!$A$2:$L$34,4,FALSE),main!$N$7:$P$9,3,FALSE))),1,0) -> 0 | E35: =IF(AND(VLOOKUP(E$1,main!$A$2:$L$34,8,FALSE) - VLOOKUP($B35,main!$A$2:$L$32,9,FALSE) >= (36+VLOOKUP(VLOOKUP(E$1,main!$A$2:$L$34,4,FALSE),main!$N$7:$P$9,3,FALSE))),1,0) -> 0 | F35: =IF(AND(VLOOKUP(F$1,main!$A$2:$L$34,8,FALSE) - VLOOKUP($B35,main!$A$2:$L$32,9,FALSE) >= (36+VLOOKUP(VLOOKUP(F$1,main!$A$2:$L$34,4,FALSE),main!$N$7:$P$9,3,FALSE))),1,0) -> 0 | G35: =IF(AND(VLOOKUP(G$1,main!$A$2:$L$34,8,FALSE) - VLOOKUP($B35,main!$A$2:$L$32,9,FALSE) >= (36+VLOOKUP(VLOOKUP(G$1,main!$A$2:$L$34,4,FALSE),main!$N$7:$P$9,3,FALSE))),1,0) -> 0 | H35: =IF(AND(VLOOKUP(H$1,main!$A$2:$L$34,8,FALSE) - VLOOKUP($B35,main!$A$2:$L$32,9,FALSE) >= (36+VLOOKUP(VLOOKUP(H$1,main!$A$2:$L$34,4,FALSE),main!$N$7:$P$9,3,FALSE))),1,0) -> 0 | I35: =IF(AND(VLOOKUP(I$1,main!$A$2:$L$34,8,FALSE) - VLOOKUP($B35,main!$A$2:$L$32,9,FALSE) >= (36+VLOOKUP(VLOOKUP(I$1,main!$A$2:$L$34,4,FALSE),main!$N$7:$P$9,3,FALSE))),1,0) -> 0 | J35: =IF(AND(VLOOKUP(J$1,main!$A$2:$L$34,8,FALSE) - VLOOKUP($B35,main!$A$2:$L$32,9,FALSE) >= (36+VLOOKUP(VLOOKUP(J$1,main!$A$2:$L$34,4,FALSE),main!$N$7:$P$9,3,FALSE))),1,0) -> 0 | K35: =IF(AND(VLOOKUP(K$1,main!$A$2:$L$34,8,FALSE) - VLOOKUP($B35,main!$A$2:$L$32,9,FALSE) >= (36+VLOOKUP(VLOOKUP(K$1,main!$A$2:$L$34,4,FALSE),main!$N$7:$P$9,3,FALSE))),1,0) -> 0 | ... AG35: =IF(AND(VLOOKUP(AG$1,main!$A$2:$L$34,8,FALSE) - VLOOKUP($B35,main!$A$2:$L$32,9,FALSE) >= (36+VLOOKUP(VLOOKUP(AG$1,main!$A$2:$L$34,4,FALSE),main!$N$7:$P$9,3,FALSE))),1,0) -> 1
A36: 32 | B36: 3 | C36: 0 | D36: =IF(AND(VLOOKUP(D$1,main!$A$2:$L$34,8,FALSE) - VLOOKUP($B36,main!$A$2:$L$32,9,FALSE) >= (36+VLOOKUP(VLOOKUP(D$1,main!$A$2:$L$34,4,FALSE),main!$N$7:$P$9,3,FALSE))),1,0) -> 0 | E36: =IF(AND(VLOOKUP(E$1,main!$A$2:$L$34,8,FALSE) - VLOOKUP($B36,main!$A$2:$L$32,9,FALSE) >= (36+VLOOKUP(VLOOKUP(E$1,main!$A$2:$L$34,4,FALSE),main!$N$7:$P$9,3,FALSE))),1,0) -> 0 | F36: =IF(AND(VLOOKUP(F$1,main!$A$2:$L$34,8,FALSE) - VLOOKUP($B36,main!$A$2:$L$32,9,FALSE) >= (36+VLOOKUP(VLOOKUP(F$1,main!$A$2:$L$34,4,FALSE),main!$N$7:$P$9,3,FALSE))),1,0) -> 0 | G36: =IF(AND(VLOOKUP(G$1,main!$A$2:$L$34,8,FALSE) - VLOOKUP($B36,main!$A$2:$L$32,9,FALSE) >= (36+VLOOKUP(VLOOKUP(G$1,main!$A$2:$L$34,4,FALSE),main!$N$7:$P$9,3,FALSE))),1,0) -> 0 | H36: =IF(AND(VLOOKUP(H$1,main!$A$2:$L$34,8,FALSE) - VLOOKUP($B36,main!$A$2:$L$32,9,FALSE) >= (36+VLOOKUP(VLOOKUP(H$1,main!$A$2:$L$34,4,FALSE),main!$N$7:$P$9,3,FALSE))),1,0) -> 0 | I36: =IF(AND(VLOOKUP(I$1,main!$A$2:$L$34,8,FALSE) - VLOOKUP($B36,main!$A$2:$L$32,9,FALSE) >= (36+VLOOKUP(VLOOKUP(I$1,main!$A$2:$L$34,4,FALSE),main!$N$7:$P$9,3,FALSE))),1,0) -> 0 | J36: =IF(AND(VLOOKUP(J$1,main!$A$2:$L$34,8,FALSE) - VLOOKUP($B36,main!$A$2:$L$32,9,FALSE) >= (36+VLOOKUP(VLOOKUP(J$1,main!$A$2:$L$34,4,FALSE),main!$N$7:$P$9,3,FALSE))),1,0) -> 0 | K36: =IF(AND(VLOOKUP(K$1,main!$A$2:$L$34,8,FALSE) - VLOOKUP($B36,main!$A$2:$L$32,9,FALSE) >= (36+VLOOKUP(VLOOKUP(K$1,main!$A$2:$L$34,4,FALSE),main!$N$7:$P$9,3,FALSE))),1,0) -> 0 | ... AG36: =IF(AND(VLOOKUP(AG$1,main!$A$2:$L$34,8,FALSE) - VLOOKUP($B36,main!$A$2:$L$32,9,FALSE) >= (36+VLOOKUP(VLOOKUP(AG$1,main!$A$2:$L$34,4,FALSE),main!$N$7:$P$9,3,FALSE))),1,0) -> 1
A37: 32 | B37: 4 | C37: 0 | D37: =IF(AND(VLOOKUP(D$1,main!$A$2:$L$34,8,FALSE) - VLOOKUP($B37,main!$A$2:$L$32,9,FALSE) >= (36+VLOOKUP(VLOOKUP(D$1,main!$A$2:$L$34,4,FALSE),main!$N$7:$P$9,3,FALSE))),1,0) -> 0 | E37: =IF(AND(VLOOKUP(E$1,main!$A$2:$L$34,8,FALSE) - VLOOKUP($B37,main!$A$2:$L$32,9,FALSE) >= (36+VLOOKUP(VLOOKUP(E$1,main!$A$2:$L$34,4,FALSE),main!$N$7:$P$9,3,FALSE))),1,0) -> 0 | F37: =IF(AND(VLOOKUP(F$1,main!$A$2:$L$34,8,FALSE) - VLOOKUP($B37,main!$A$2:$L$32,9,FALSE) >= (36+VLOOKUP(VLOOKUP(F$1,main!$A$2:$L$34,4,FALSE),main!$N$7:$P$9,3,FALSE))),1,0) -> 0 | G37: =IF(AND(VLOOKUP(G$1,main!$A$2:$L$34,8,FALSE) - VLOOKUP($B37,main!$A$2:$L$32,9,FALSE) >= (36+VLOOKUP(VLOOKUP(G$1,main!$A$2:$L$34,4,FALSE),main!$N$7:$P$9,3,FALSE))),1,0) -> 0 | H37: =IF(AND(VLOOKUP(H$1,main!$A$2:$L$34,8,FALSE) - VLOOKUP($B37,main!$A$2:$L$32,9,FALSE) >= (36+VLOOKUP(VLOOKUP(H$1,main!$A$2:$L$34,4,FALSE),main!$N$7:$P$9,3,FALSE))),1,0) -> 0 | I37: =IF(AND(VLOOKUP(I$1,main!$A$2:$L$34,8,FALSE) - VLOOKUP($B37,main!$A$2:$L$32,9,FALSE) >= (36+VLOOKUP(VLOOKUP(I$1,main!$A$2:$L$34,4,FALSE),main!$N$7:$P$9,3,FALSE))),1,0) -> 0 | J37: =IF(AND(VLOOKUP(J$1,main!$A$2:$L$34,8,FALSE) - VLOOKUP($B37,main!$A$2:$L$32,9,FALSE) >= (36+VLOOKUP(VLOOKUP(J$1,main!$A$2:$L$34,4,FALSE),main!$N$7:$P$9,3,FALSE))),1,0) -> 0 | K37: =IF(AND(VLOOKUP(K$1,main!$A$2:$L$34,8,FALSE) - VLOOKUP($B37,main!$A$2:$L$32,9,FALSE) >= (36+VLOOKUP(VLOOKUP(K$1,main!$A$2:$L$34,4,FALSE),main!$N$7:$P$9,3,FALSE))),1,0) -> 0 | ... AG37: =IF(AND(VLOOKUP(AG$1,main!$A$2:$L$34,8,FALSE) - VLOOKUP($B37,main!$A$2:$L$32,9,FALSE) >= (36+VLOOKUP(VLOOKUP(AG$1,main!$A$2:$L$34,4,FALSE),main!$N$7:$P$9,3,FALSE))),1,0) -> 1
A38: 32 | B38: 5 | C38: 0 | D38: =IF(AND(VLOOKUP(D$1,main!$A$2:$L$34,8,FALSE) - VLOOKUP($B38,main!$A$2:$L$32,9,FALSE) >= (36+VLOOKUP(VLOOKUP(D$1,main!$A$2:$L$34,4,FALSE),main!$N$7:$P$9,3,FALSE))),1,0) -> 0 | E38: =IF(AND(VLOOKUP(E$1,main!$A$2:$L$34,8,FALSE) - VLOOKUP($B38,main!$A$2:$L$32,9,FALSE) >= (36+VLOOKUP(VLOOKUP(E$1,main!$A$2:$L$34,4,FALSE),main!$N$7:$P$9,3,FALSE))),1,0) -> 0 | F38: =IF(AND(VLOOKUP(F$1,main!$A$2:$L$34,8,FALSE) - VLOOKUP($B38,main!$A$2:$L$32,9,FALSE) >= (36+VLOOKUP(VLOOKUP(F$1,main!$A$2:$L$34,4,FALSE),main!$N$7:$P$9,3,FALSE))),1,0) -> 0 | G38: =IF(AND(VLOOKUP(G$1,main!$A$2:$L$34,8,FALSE) - VLOOKUP($B38,main!$A$2:$L$32,9,FALSE) >= (36+VLOOKUP(VLOOKUP(G$1,main!$A$2:$L$34,4,FALSE),main!$N$7:$P$9,3,FALSE))),1,0) -> 0 | H38: =IF(AND(VLOOKUP(H$1,main!$A$2:$L$34,8,FALSE) - VLOOKUP($B38,main!$A$2:$L$32,9,FALSE) >= (36+VLOOKUP(VLOOKUP(H$1,main!$A$2:$L$34,4,FALSE),main!$N$7:$P$9,3,FALSE))),1,0) -> 0 | I38: =IF(AND(VLOOKUP(I$1,main!$A$2:$L$34,8,FALSE) - VLOOKUP($B38,main!$A$2:$L$32,9,FALSE) >= (36+VLOOKUP(VLOOKUP(I$1,main!$A$2:$L$34,4,FALSE),main!$N$7:$P$9,3,FALSE))),1,0) -> 0 | J38: =IF(AND(VLOOKUP(J$1,main!$A$2:$L$34,8,FALSE) - VLOOKUP($B38,main!$A$2:$L$32,9,FALSE) >= (36+VLOOKUP(VLOOKUP(J$1,main!$A$2:$L$34,4,FALSE),main!$N$7:$P$9,3,FALSE))),1,0) -> 0 | K38: =IF(AND(VLOOKUP(K$1,main!$A$2:$L$34,8,FALSE) - VLOOKUP($B38,main!$A$2:$L$32,9,FALSE) >= (36+VLOOKUP(VLOOKUP(K$1,main!$A$2:$L$34,4,FALSE),main!$N$7:$P$9,3,FALSE))),1,0) -> 0 | ... AG38: =IF(AND(VLOOKUP(AG$1,main!$A$2:$L$34,8,FALSE) - VLOOKUP($B38,main!$A$2:$L$32,9,FALSE) >= (36+VLOOKUP(VLOOKUP(AG$1,main!$A$2:$L$34,4,FALSE),main!$N$7:$P$9,3,FALSE))),1,0) -> 1
A39: 32 | B39: 6 | C39: 0 | D39: =IF(AND(VLOOKUP(D$1,main!$A$2:$L$34,8,FALSE) - VLOOKUP($B39,main!$A$2:$L$32,9,FALSE) >= (36+VLOOKUP(VLOOKUP(D$1,main!$A$2:$L$34,4,FALSE),main!$N$7:$P$9,3,FALSE))),1,0) -> 0 | E39: =IF(AND(VLOOKUP(E$1,main!$A$2:$L$34,8,FALSE) - VLOOKUP($B39,main!$A$2:$L$32,9,FALSE) >= (36+VLOOKUP(VLOOKUP(E$1,main!$A$2:$L$34,4,FALSE),main!$N$7:$P$9,3,FALSE))),1,0) -> 0 | F39: =IF(AND(VLOOKUP(F$1,main!$A$2:$L$34,8,FALSE) - VLOOKUP($B39,main!$A$2:$L$32,9,FALSE) >= (36+VLOOKUP(VLOOKUP(F$1,main!$A$2:$L$34,4,FALSE),main!$N$7:$P$9,3,FALSE))),1,0) -> 0 | G39: =IF(AND(VLOOKUP(G$1,main!$A$2:$L$34,8,FALSE) - VLOOKUP($B39,main!$A$2:$L$32,9,FALSE) >= (36+VLOOKUP(VLOOKUP(G$1,main!$A$2:$L$34,4,FALSE),main!$N$7:$P$9,3,FALSE))),1,0) -> 0 | H39: =IF(AND(VLOOKUP(H$1,main!$A$2:$L$34,8,FALSE) - VLOOKUP($B39,main!$A$2:$L$32,9,FALSE) >= (36+VLOOKUP(VLOOKUP(H$1,main!$A$2:$L$34,4,FALSE),main!$N$7:$P$9,3,FALSE))),1,0) -> 0 | I39: =IF(AND(VLOOKUP(I$1,main!$A$2:$L$34,8,FALSE) - VLOOKUP($B39,main!$A$2:$L$32,9,FALSE) >= (36+VLOOKUP(VLOOKUP(I$1,main!$A$2:$L$34,4,FALSE),main!$N$7:$P$9,3,FALSE))),1,0) -> 0 | J39: =IF(AND(VLOOKUP(J$1,main!$A$2:$L$34,8,FALSE) - VLOOKUP($B39,main!$A$2:$L$32,9,FALSE) >= (36+VLOOKUP(VLOOKUP(J$1,main!$A$2:$L$34,4,FALSE),main!$N$7:$P$9,3,FALSE))),1,0) -> 0 | K39: =IF(AND(VLOOKUP(K$1,main!$A$2:$L$34,8,FALSE) - VLOOKUP($B39,main!$A$2:$L$32,9,FALSE) >= (36+VLOOKUP(VLOOKUP(K$1,main!$A$2:$L$34,4,FALSE),main!$N$7:$P$9,3,FALSE))),1,0) -> 0 | ... AG39: =IF(AND(VLOOKUP(AG$1,main!$A$2:$L$34,8,FALSE) - VLOOKUP($B39,main!$A$2:$L$32,9,FALSE) >= (36+VLOOKUP(VLOOKUP(AG$1,main!$A$2:$L$34,4,FALSE),main!$N$7:$P$9,3,FALSE))),1,0) -> 1
A40: 32 | B40: 7 | C40: 0 | D40: =IF(AND(VLOOKUP(D$1,main!$A$2:$L$34,8,FALSE) - VLOOKUP($B40,main!$A$2:$L$32,9,FALSE) >= (36+VLOOKUP(VLOOKUP(D$1,main!$A$2:$L$34,4,FALSE),main!$N$7:$P$9,3,FALSE))),1,0) -> 0 | E40: =IF(AND(VLOOKUP(E$1,main!$A$2:$L$34,8,FALSE) - VLOOKUP($B40,main!$A$2:$L$32,9,FALSE) >= (36+VLOOKUP(VLOOKUP(E$1,main!$A$2:$L$34,4,FALSE),main!$N$7:$P$9,3,FALSE))),1,0) -> 0 | F40: =IF(AND(VLOOKUP(F$1,main!$A$2:$L$34,8,FALSE) - VLOOKUP($B40,main!$A$2:$L$32,9,FALSE) >= (36+VLOOKUP(VLOOKUP(F$1,main!$A$2:$L$34,4,FALSE),main!$N$7:$P$9,3,FALSE))),1,0) -> 0 | G40: =IF(AND(VLOOKUP(G$1,main!$A$2:$L$34,8,FALSE) - VLOOKUP($B40,main!$A$2:$L$32,9,FALSE) >= (36+VLOOKUP(VLOOKUP(G$1,main!$A$2:$L$34,4,FALSE),main!$N$7:$P$9,3,FALSE))),1,0) -> 0 | H40: =IF(AND(VLOOKUP(H$1,main!$A$2:$L$34,8,FALSE) - VLOOKUP($B40,main!$A$2:$L$32,9,FALSE) >= (36+VLOOKUP(VLOOKUP(H$1,main!$A$2:$L$34,4,FALSE),main!$N$7:$P$9,3,FALSE))),1,0) -> 0 | I40: =IF(AND(VLOOKUP(I$1,main!$A$2:$L$34,8,FALSE) - VLOOKUP($B40,main!$A$2:$L$32,9,FALSE) >= (36+VLOOKUP(VLOOKUP(I$1,main!$A$2:$L$34,4,FALSE),main!$N$7:$P$9,3,FALSE))),1,0) -> 0 | J40: =IF(AND(VLOOKUP(J$1,main!$A$2:$L$34,8,FALSE) - VLOOKUP($B40,main!$A$2:$L$32,9,FALSE) >= (36+VLOOKUP(VLOOKUP(J$1,main!$A$2:$L$34,4,FALSE),main!$N$7:$P$9,3,FALSE))),1,0) -> 0 | K40: =IF(AND(VLOOKUP(K$1,main!$A$2:$L$34,8,FALSE) - VLOOKUP($B40,main!$A$2:$L$32,9,FALSE) >= (36+VLOOKUP(VLOOKUP(K$1,main!$A$2:$L$34,4,FALSE),main!$N$7:$P$9,3,FALSE))),1,0) -> 0 | ... AG40: =IF(AND(VLOOKUP(AG$1,main!$A$2:$L$34,8,FALSE) - VLOOKUP($B40,main!$A$2:$L$32,9,FALSE) >= (36+VLOOKUP(VLOOKUP(AG$1,main!$A$2:$L$34,4,FALSE),main!$N$7:$P$9,3,FALSE))),1,0) -> 1
A41: 32 | B41: 8 | C41: 0 | D41: =IF(AND(VLOOKUP(D$1,main!$A$2:$L$34,8,FALSE) - VLOOKUP($B41,main!$A$2:$L$32,9,FALSE) >= (36+VLOOKUP(VLOOKUP(D$1,main!$A$2:$L$34,4,FALSE),main!$N$7:$P$9,3,FALSE))),1,0) -> 0 | E41: =IF(AND(VLOOKUP(E$1,main!$A$2:$L$34,8,FALSE) - VLOOKUP($B41,main!$A$2:$L$32,9,FALSE) >= (36+VLOOKUP(VLOOKUP(E$1,main!$A$2:$L$34,4,FALSE),main!$N$7:$P$9,3,FALSE))),1,0) -> 0 | F41: =IF(AND(VLOOKUP(F$1,main!$A$2:$L$34,8,FALSE) - VLOOKUP($B41,main!$A$2:$L$32,9,FALSE) >= (36+VLOOKUP(VLOOKUP(F$1,main!$A$2:$L$34,4,FALSE),main!$N$7:$P$9,3,FALSE))),1,0) -> 0 | G41: =IF(AND(VLOOKUP(G$1,main!$A$2:$L$34,8,FALSE) - VLOOKUP($B41,main!$A$2:$L$32,9,FALSE) >= (36+VLOOKUP(VLOOKUP(G$1,main!$A$2:$L$34,4,FALSE),main!$N$7:$P$9,3,FALSE))),1,0) -> 0 | H41: =IF(AND(VLOOKUP(H$1,main!$A$2:$L$34,8,FALSE) - VLOOKUP($B41,main!$A$2:$L$32,9,FALSE) >= (36+VLOOKUP(VLOOKUP(H$1,main!$A$2:$L$34,4,FALSE),main!$N$7:$P$9,3,FALSE))),1,0) -> 0 | I41: =IF(AND(VLOOKUP(I$1,main!$A$2:$L$34,8,FALSE) - VLOOKUP($B41,main!$A$2:$L$32,9,FALSE) >= (36+VLOOKUP(VLOOKUP(I$1,main!$A$2:$L$34,4,FALSE),main!$N$7:$P$9,3,FALSE))),1,0) -> 0 | J41: =IF(AND(VLOOKUP(J$1,main!$A$2:$L$34,8,FALSE) - VLOOKUP($B41,main!$A$2:$L$32,9,FALSE) >= (36+VLOOKUP(VLOOKUP(J$1,main!$A$2:$L$34,4,FALSE),main!$N$7:$P$9,3,FALSE))),1,0) -> 0 | K41: =IF(AND(VLOOKUP(K$1,main!$A$2:$L$34,8,FALSE) - VLOOKUP($B41,main!$A$2:$L$32,9,FALSE) >= (36+VLOOKUP(VLOOKUP(K$1,main!$A$2:$L$34,4,FALSE),main!$N$7:$P$9,3,FALSE))),1,0) -> 0 | ... AG41: =IF(AND(VLOOKUP(AG$1,main!$A$2:$L$34,8,FALSE) - VLOOKUP($B41,main!$A$2:$L$32,9,FALSE) >= (36+VLOOKUP(VLOOKUP(AG$1,main!$A$2:$L$34,4,FALSE),main!$N$7:$P$9,3,FALSE))),1,0) -> 1
A42: 32 | B42: 9 | C42: 0 | D42: =IF(AND(VLOOKUP(D$1,main!$A$2:$L$34,8,FALSE) - VLOOKUP($B42,main!$A$2:$L$32,9,FALSE) >= (36+VLOOKUP(VLOOKUP(D$1,main!$A$2:$L$34,4,FALSE),main!$N$7:$P$9,3,FALSE))),1,0) -> 0 | E42: =IF(AND(VLOOKUP(E$1,main!$A$2:$L$34,8,FALSE) - VLOOKUP($B42,main!$A$2:$L$32,9,FALSE) >= (36+VLOOKUP(VLOOKUP(E$1,main!$A$2:$L$34,4,FALSE),main!$N$7:$P$9,3,FALSE))),1,0) -> 0 | F42: =IF(AND(VLOOKUP(F$1,main!$A$2:$L$34,8,FALSE) - VLOOKUP($B42,main!$A$2:$L$32,9,FALSE) >= (36+VLOOKUP(VLOOKUP(F$1,main!$A$2:$L$34,4,FALSE),main!$N$7:$P$9,3,FALSE))),1,0) -> 0 | G42: =IF(AND(VLOOKUP(G$1,main!$A$2:$L$34,8,FALSE) - VLOOKUP($B42,main!$A$2:$L$32,9,FALSE) >= (36+VLOOKUP(VLOOKUP(G$1,main!$A$2:$L$34,4,FALSE),main!$N$7:$P$9,3,FALSE))),1,0) -> 0 | H42: =IF(AND(VLOOKUP(H$1,main!$A$2:$L$34,8,FALSE) - VLOOKUP($B42,main!$A$2:$L$32,9,FALSE) >= (36+VLOOKUP(VLOOKUP(H$1,main!$A$2:$L$34,4,FALSE),main!$N$7:$P$9,3,FALSE))),1,0) -> 0 | I42: =IF(AND(VLOOKUP(I$1,main!$A$2:$L$34,8,FALSE) - VLOOKUP($B42,main!$A$2:$L$32,9,FALSE) >= (36+VLOOKUP(VLOOKUP(I$1,main!$A$2:$L$34,4,FALSE),main!$N$7:$P$9,3,FALSE))),1,0) -> 0 | J42: =IF(AND(VLOOKUP(J$1,main!$A$2:$L$34,8,FALSE) - VLOOKUP($B42,main!$A$2:$L$32,9,FALSE) >= (36+VLOOKUP(VLOOKUP(J$1,main!$A$2:$L$34,4,FALSE),main!$N$7:$P$9,3,FALSE))),1,0) -> 0 | K42: =IF(AND(VLOOKUP(K$1,main!$A$2:$L$34,8,FALSE) - VLOOKUP($B42,main!$A$2:$L$32,9,FALSE) >= (36+VLOOKUP(VLOOKUP(K$1,main!$A$2:$L$34,4,FALSE),main!$N$7:$P$9,3,FALSE))),1,0) -> 0 | ... AG42: =IF(AND(VLOOKUP(AG$1,main!$A$2:$L$34,8,FALSE) - VLOOKUP($B42,main!$A$2:$L$32,9,FALSE) >= (36+VLOOKUP(VLOOKUP(AG$1,main!$A$2:$L$34,4,FALSE),main!$N$7:$P$9,3,FALSE))),1,0) -> 1
A43: 32 | B43: 10 | C43: 0 | D43: =IF(AND(VLOOKUP(D$1,main!$A$2:$L$34,8,FALSE) - VLOOKUP($B43,main!$A$2:$L$32,9,FALSE) >= (36+VLOOKUP(VLOOKUP(D$1,main!$A$2:$L$34,4,FALSE),main!$N$7:$P$9,3,FALSE))),1,0) -> 0 | E43: =IF(AND(VLOOKUP(E$1,main!$A$2:$L$34,8,FALSE) - VLOOKUP($B43,main!$A$2:$L$32,9,FALSE) >= (36+VLOOKUP(VLOOKUP(E$1,main!$A$2:$L$34,4,FALSE),main!$N$7:$P$9,3,FALSE))),1,0) -> 0 | F43: =IF(AND(VLOOKUP(F$1,main!$A$2:$L$34,8,FALSE) - VLOOKUP($B43,main!$A$2:$L$32,9,FALSE) >= (36+VLOOKUP(VLOOKUP(F$1,main!$A$2:$L$34,4,FALSE),main!$N$7:$P$9,3,FALSE))),1,0) -> 0 | G43: =IF(AND(VLOOKUP(G$1,main!$A$2:$L$34,8,FALSE) - VLOOKUP($B43,main!$A$2:$L$32,9,FALSE) >= (36+VLOOKUP(VLOOKUP(G$1,main!$A$2:$L$34,4,FALSE),main!$N$7:$P$9,3,FALSE))),1,0) -> 0 | H43: =IF(AND(VLOOKUP(H$1,main!$A$2:$L$34,8,FALSE) - VLOOKUP($B43,main!$A$2:$L$32,9,FALSE) >= (36+VLOOKUP(VLOOKUP(H$1,main!$A$2:$L$34,4,FALSE),main!$N$7:$P$9,3,FALSE))),1,0) -> 0 | I43: =IF(AND(VLOOKUP(I$1,main!$A$2:$L$34,8,FALSE) - VLOOKUP($B43,main!$A$2:$L$32,9,FALSE) >= (36+VLOOKUP(VLOOKUP(I$1,main!$A$2:$L$34,4,FALSE),main!$N$7:$P$9,3,FALSE))),1,0) -> 0 | J43: =IF(AND(VLOOKUP(J$1,main!$A$2:$L$34,8,FALSE) - VLOOKUP($B43,main!$A$2:$L$32,9,FALSE) >= (36+VLOOKUP(VLOOKUP(J$1,main!$A$2:$L$34,4,FALSE),main!$N$7:$P$9,3,FALSE))),1,0) -> 0 | K43: =IF(AND(VLOOKUP(K$1,main!$A$2:$L$34,8,FALSE) - VLOOKUP($B43,main!$A$2:$L$32,9,FALSE) >= (36+VLOOKUP(VLOOKUP(K$1,main!$A$2:$L$34,4,FALSE),main!$N$7:$P$9,3,FALSE))),1,0) -> 0 | ... AG43: =IF(AND(VLOOKUP(AG$1,main!$A$2:$L$34,8,FALSE) - VLOOKUP($B43,main!$A$2:$L$32,9,FALSE) >= (36+VLOOKUP(VLOOKUP(AG$1,main!$A$2:$L$34,4,FALSE),main!$N$7:$P$9,3,FALSE))),1,0) -> 1
A44: 32 | B44: 11 | C44: 0 | D44: =IF(AND(VLOOKUP(D$1,main!$A$2:$L$34,8,FALSE) - VLOOKUP($B44,main!$A$2:$L$32,9,FALSE) >= (36+VLOOKUP(VLOOKUP(D$1,main!$A$2:$L$34,4,FALSE),main!$N$7:$P$9,3,FALSE))),1,0) -> 0 | E44: =IF(AND(VLOOKUP(E$1,main!$A$2:$L$34,8,FALSE) - VLOOKUP($B44,main!$A$2:$L$32,9,FALSE) >= (36+VLOOKUP(VLOOKUP(E$1,main!$A$2:$L$34,4,FALSE),main!$N$7:$P$9,3,FALSE))),1,0) -> 0 | F44: =IF(AND(VLOOKUP(F$1,main!$A$2:$L$34,8,FALSE) - VLOOKUP($B44,main!$A$2:$L$32,9,FALSE) >= (36+VLOOKUP(VLOOKUP(F$1,main!$A$2:$L$34,4,FALSE),main!$N$7:$P$9,3,FALSE))),1,0) -> 0 | G44: =IF(AND(VLOOKUP(G$1,main!$A$2:$L$34,8,FALSE) - VLOOKUP($B44,main!$A$2:$L$32,9,FALSE) >= (36+VLOOKUP(VLOOKUP(G$1,main!$A$2:$L$34,4,FALSE),main!$N$7:$P$9,3,FALSE))),1,0) -> 0 | H44: =IF(AND(VLOOKUP(H$1,main!$A$2:$L$34,8,FALSE) - VLOOKUP($B44,main!$A$2:$L$32,9,FALSE) >= (36+VLOOKUP(VLOOKUP(H$1,main!$A$2:$L$34,4,FALSE),main!$N$7:$P$9,3,FALSE))),1,0) -> 0 | I44: =IF(AND(VLOOKUP(I$1,main!$A$2:$L$34,8,FALSE) - VLOOKUP($B44,main!$A$2:$L$32,9,FALSE) >= (36+VLOOKUP(VLOOKUP(I$1,main!$A$2:$L$34,4,FALSE),main!$N$7:$P$9,3,FALSE))),1,0) -> 0 | J44: =IF(AND(VLOOKUP(J$1,main!$A$2:$L$34,8,FALSE) - VLOOKUP($B44,main!$A$2:$L$32,9,FALSE) >= (36+VLOOKUP(VLOOKUP(J$1,main!$A$2:$L$34,4,FALSE),main!$N$7:$P$9,3,FALSE))),1,0) -> 0 | K44: =IF(AND(VLOOKUP(K$1,main!$A$2:$L$34,8,FALSE) - VLOOKUP($B44,main!$A$2:$L$32,9,FALSE) >= (36+VLOOKUP(VLOOKUP(K$1,main!$A$2:$L$34,4,FALSE),main!$N$7:$P$9,3,FALSE))),1,0) -> 0 | ... AG44: =IF(AND(VLOOKUP(AG$1,main!$A$2:$L$34,8,FALSE) - VLOOKUP($B44,main!$A$2:$L$32,9,FALSE) >= (36+VLOOKUP(VLOOKUP(AG$1,main!$A$2:$L$34,4,FALSE),main!$N$7:$P$9,3,FALSE))),1,0) -> 1
A45: 32 | B45: 12 | C45: 0 | D45: =IF(AND(VLOOKUP(D$1,main!$A$2:$L$34,8,FALSE) - VLOOKUP($B45,main!$A$2:$L$32,9,FALSE) >= (36+VLOOKUP(VLOOKUP(D$1,main!$A$2:$L$34,4,FALSE),main!$N$7:$P$9,3,FALSE))),1,0) -> 0 | E45: =IF(AND(VLOOKUP(E$1,main!$A$2:$L$34,8,FALSE) - VLOOKUP($B45,main!$A$2:$L$32,9,FALSE) >= (36+VLOOKUP(VLOOKUP(E$1,main!$A$2:$L$34,4,FALSE),main!$N$7:$P$9,3,FALSE))),1,0) -> 0 | F45: =IF(AND(VLOOKUP(F$1,main!$A$2:$L$34,8,FALSE) - VLOOKUP($B45,main!$A$2:$L$32,9,FALSE) >= (36+VLOOKUP(VLOOKUP(F$1,main!$A$2:$L$34,4,FALSE),main!$N$7:$P$9,3,FALSE))),1,0) -> 0 | G45: =IF(AND(VLOOKUP(G$1,main!$A$2:$L$34,8,FALSE) - VLOOKUP($B45,main!$A$2:$L$32,9,FALSE) >= (36+VLOOKUP(VLOOKUP(G$1,main!$A$2:$L$34,4,FALSE),main!$N$7:$P$9,3,FALSE))),1,0) -> 0 | H45: =IF(AND(VLOOKUP(H$1,main!$A$2:$L$34,8,FALSE) - VLOOKUP($B45,main!$A$2:$L$32,9,FALSE) >= (36+VLOOKUP(VLOOKUP(H$1,main!$A$2:$L$34,4,FALSE),main!$N$7:$P$9,3,FALSE))),1,0) -> 0 | I45: =IF(AND(VLOOKUP(I$1,main!$A$2:$L$34,8,FALSE) - VLOOKUP($B45,main!$A$2:$L$32,9,FALSE) >= (36+VLOOKUP(VLOOKUP(I$1,main!$A$2:$L$34,4,FALSE),main!$N$7:$P$9,3,FALSE))),1,0) -> 0 | J45: =IF(AND(VLOOKUP(J$1,main!$A$2:$L$34,8,FALSE) - VLOOKUP($B45,main!$A$2:$L$32,9,FALSE) >= (36+VLOOKUP(VLOOKUP(J$1,main!$A$2:$L$34,4,FALSE),main!$N$7:$P$9,3,FALSE))),1,0) -> 0 | K45: =IF(AND(VLOOKUP(K$1,main!$A$2:$L$34,8,FALSE) - VLOOKUP($B45,main!$A$2:$L$32,9,FALSE) >= (36+VLOOKUP(VLOOKUP(K$1,main!$A$2:$L$34,4,FALSE),main!$N$7:$P$9,3,FALSE))),1,0) -> 0 | ... AG45: =IF(AND(VLOOKUP(AG$1,main!$A$2:$L$34,8,FALSE) - VLOOKUP($B45,main!$A$2:$L$32,9,FALSE) >= (36+VLOOKUP(VLOOKUP(AG$1,main!$A$2:$L$34,4,FALSE),main!$N$7:$P$9,3,FALSE))),1,0) -> 1
... A63: 32 | B63: 30 | C63: 0 | D63: =IF(AND(VLOOKUP(D$1,main!$A$2:$L$34,8,FALSE) - VLOOKUP($B63,main!$A$2:$L$32,9,FALSE) >= (36+VLOOKUP(VLOOKUP(D$1,main!$A$2:$L$34,4,FALSE),main!$N$7:$P$9,3,FALSE))),1,0) -> 0 | E63: =IF(AND(VLOOKUP(E$1,main!$A$2:$L$34,8,FALSE) - VLOOKUP($B63,main!$A$2:$L$32,9,FALSE) >= (36+VLOOKUP(VLOOKUP(E$1,main!$A$2:$L$34,4,FALSE),main!$N$7:$P$9,3,FALSE))),1,0) -> 0 | F63: =IF(AND(VLOOKUP(F$1,main!$A$2:$L$34,8,FALSE) - VLOOKUP($B63,main!$A$2:$L$32,9,FALSE) >= (36+VLOOKUP(VLOOKUP(F$1,main!$A$2:$L$34,4,FALSE),main!$N$7:$P$9,3,FALSE))),1,0) -> 0 | G63: =IF(AND(VLOOKUP(G$1,main!$A$2:$L$34,8,FALSE) - VLOOKUP($B63,main!$A$2:$L$32,9,FALSE) >= (36+VLOOKUP(VLOOKUP(G$1,main!$A$2:$L$34,4,FALSE),main!$N$7:$P$9,3,FALSE))),1,0) -> 0 | H63: =IF(AND(VLOOKUP(H$1,main!$A$2:$L$34,8,FALSE) - VLOOKUP($B63,main!$A$2:$L$32,9,FALSE) >= (36+VLOOKUP(VLOOKUP(H$1,main!$A$2:$L$34,4,FALSE),main!$N$7:$P$9,3,FALSE))),1,0) -> 0 | I63: =IF(AND(VLOOKUP(I$1,main!$A$2:$L$34,8,FALSE) - VLOOKUP($B63,main!$A$2:$L$32,9,FALSE) >= (36+VLOOKUP(VLOOKUP(I$1,main!$A$2:$L$34,4,FALSE),main!$N$7:$P$9,3,FALSE))),1,0) -> 0 | J63: =IF(AND(VLOOKUP(J$1,main!$A$2:$L$34,8,FALSE) - VLOOKUP($B63,main!$A$2:$L$32,9,FALSE) >= (36+VLOOKUP(VLOOKUP(J$1,main!$A$2:$L$34,4,FALSE),main!$N$7:$P$9,3,FALSE))),1,0) -> 0 | K63: =IF(AND(VLOOKUP(K$1,main!$A$2:$L$34,8,FALSE) - VLOOKUP($B63,main!$A$2:$L$32,9,FALSE) >= (36+VLOOKUP(VLOOKUP(K$1,main!$A$2:$L$34,4,FALSE),main!$N$7:$P$9,3,FALSE))),1,0) -> 0 | ... AG63: =IF(AND(VLOOKUP(AG$1,main!$A$2:$L$34,8,FALSE) - VLOOKUP($B63,main!$A$2:$L$32,9,FALSE) >= (36+VLOOKUP(VLOOKUP(AG$1,main!$A$2:$L$34,4,FALSE),main!$N$7:$P$9,3,FALSE))),1,0) -> 0

Sheet gamma
A1: 0 | B1: 1 | C1: 2 | D1: 3 | E1: 4 | F1: 5 | G1: 6 | H1: 7 | I1: 8 | J1: 9 | K1: 10 | L1: 11 | M1: 12 | N1: 13 | O1: 14 | P1: 15 | Q1: 16 | R1: 17 | S1: 18 | T1: 19 | U1: 20 | V1: 21 | W1: 22 | X1: 23 | Y1: 24 | Z1: 25 | AA1: 26 | AB1: 27 | AC1: 28 | AD1: 29
A2: 0 | B2: 1 | C2: 1 | D2: 1 | E2: 1 | F2: 1 | G2: 1 | H2: 1 | I2: 1 | J2: 1 | K2: 1 | L2: 1 | M2: 1 | N2: 1 | O2: 1 | P2: 1 | Q2: 1 | R2: 1 | S2: 1 | T2: 1 | U2: 1 | V2: 1 | W2: 1 | X2: 1 | Y2: 1 | Z2: 1 | AA2: 1 | AB2: 1 | AC2: 1 | AD2: 1
A3: 1 | B3: 0 | C3: 0 | D3: 0 | E3: 0 | F3: 0 | G3: 0 | H3: 0 | I3: 0 | J3: 0 | K3: 1 | L3: 1 | M3: 1 | N3: 1 | O3: 1 | P3: 1 | Q3: 1 | R3: 1 | S3: 1 | T3: 1 | U3: 1 | V3: 1 | W3: 1 | X3: 1 | Y3: 1 | Z3: 1 | AA3: 1 | AB3: 1 | AC3: 1 | AD3: 1
A4: 1 | B4: 0 | C4: 0 | D4: 0 | E4: 0 | F4: 0 | G4: 0 | H4: 0 | I4: 0 | J4: 1 | K4: 1 | L4: 0 | M4: 1 | N4: 1 | O4: 1 | P4: 1 | Q4: 1 | R4: 1 | S4: 1 | T4: 1 | U4: 1 | V4: 1 | W4: 1 | X4: 1 | Y4: 1 | Z4: 1 | AA4: 1 | AB4: 1 | AC4: 1 | AD4: 1
A5: 1 | B5: 0 | C5: 0 | D5: 0 | E5: 0 | F5: 0 | G5: 0 | H5: 0 | I5: 0 | J5: 1 | K5: 1 | L5: 0 | M5: 1 | N5: 1 | O5: 1 | P5: 1 | Q5: 1 | R5: 1 | S5: 1 | T5: 1 | U5: 1 | V5: 1 | W5: 1 | X5: 1 | Y5: 1 | Z5: 1 | AA5: 1 | AB5: 1 | AC5: 1 | AD5: 1
A6: 1 | B6: 0 | C6: 0 | D6: 0 | E6: 0 | F6: 0 | G6: 0 | H6: 0 | I6: 0 | J6: 0 | K6: 0 | L6: 0 | M6: 0 | N6: 1 | O6: 1 | P6: 1 | Q6: 1 | R6: 1 | S6: 1 | T6: 1 | U6: 1 | V6: 1 | W6: 1 | X6: 1 | Y6: 1 | Z6: 1 | AA6: 1 | AB6: 1 | AC6: 1 | AD6: 1
A7: 1 | B7: 0 | C7: 0 | D7: 0 | E7: 0 | F7: 0 | G7: 0 | H7: 0 | I7: 0 | J7: 0 | K7: 0 | L7: 0 | M7: 1 | N7: 1 | O7: 0 | P7: 1 | Q7: 1 | R7: 1 | S7: 1 | T7: 1 | U7: 1 | V7: 1 | W7: 1 | X7: 1 | Y7: 1 | Z7: 1 | AA7: 1 | AB7: 1 | AC7: 1 | AD7: 1
A8: 1 | B8: 0 | C8: 0 | D8: 0 | E8: 0 | F8: 0 | G8: 0 | H8: 0 | I8: 0 | J8: 0 | K8: 0 | L8: 0 | M8: 1 | N8: 1 | O8: 0 | P8: 1 | Q8: 1 | R8: 1 | S8: 1 | T8: 1 | U8: 1 | V8: 1 | W8: 1 | X8: 1 | Y8: 1 | Z8: 1 | AA8: 1 | AB8: 1 | AC8: 1 | AD8: 1
A9: 1 | B9: 0 | C9: 0 | D9: 0 | E9: 0 | F9: 0 | G9: 0 | H9: 0 | I9: 0 | J9: 0 | K9: 0 | L9: 0 | M9: 0 | N9: 0 | O9: 0 | P9: 0 | Q9: 1 | R9: 1 | S9: 1 | T9: 1 | U9: 1 | V9: 1 | W9: 1 | X9: 1 | Y9: 1 | Z9: 1 | AA9: 1 | AB9: 1 | AC9: 1 | AD9: 1
A10: 1 | B10: 0 | C10: 0 | D10: 0 | E10: 0 | F10: 0 | G10: 0 | H10: 0 | I10: 0 | J10: 0 | K10: 0 | L10: 0 | M10: 0 | N10: 0 | O10: 0 | P10: 1 | Q10: 1 | R10: 0 | S10: 1 | T10: 1 | U10: 1 | V10: 1 | W10: 1 | X10: 1 | Y10: 1 | Z10: 1 | AA10: 1 | AB10: 1 | AC10: 1 | AD10: 1
A11: 1 | B11: 0 | C11: 0 | D11: 0 | E11: 0 | F11: 0 | G11: 0 | H11: 0 | I11: 0 | J11: 0 | K11: 0 | L11: 0 | M11: 0 | N11: 0 | O11: 0 | P11: 1 | Q11: 1 | R11: 0 | S11: 1 | T11: 1 | U11: 1 | V11: 1 | W11: 1 | X11: 1 | Y11: 1 | Z11: 1 | AA11: 1 | AB11: 1 | AC11: 1 | AD11: 1
A12: 1 | B12: 0 | C12: 0 | D12: 0 | E12: 0 | F12: 0 | G12: 0 | H12: 0 | I12: 0 | J12: 0 | K12: 0 | L12: 0 | M12: 0 | N12: 0 | O12: 0 | P12: 0 | Q12: 0 | R12: 0 | S12: 0 | T12: 1 | U12: 1 | V12: 1 | W12: 1 | X12: 1 | Y12: 1 | Z12: 1 | AA12: 1 | AB12: 1 | AC12: 1 | AD12: 1
... A31: 1 | B31: 0 | C31: 0 | D31: 0 | E31: 0 | F31: 0 | G31: 0 | H31: 0 | I31: 0 | J31: 0 | K31: 0 | L31: 0 | M31: 0 | N31: 0 | O31: 0 | P31: 0 | Q31: 0 | R31: 0 | S31: 0 | T31: 0 | U31: 0 | V31: 0 | W31: 0 | X31: 0 | Y31: 0 | Z31: 0 | AA31: 0 | AB31: 0 | AC31: 0 | AD31: 0

Sheet delta
A1: 0 | B1: 1 | C1: 2 | D1: 3 | E1: 4 | F1: 5 | G1: 6 | H1: 7 | I1: 8 | J1: 9 | K1: 10 | L1: 11 | M1: 12 | N1: 13 | O1: 14 | P1: 15 | Q1: 16 | R1: 17 | S1: 18 | T1: 19 | U1: 20 | V1: 21 | W1: 22 | X1: 23 | Y1: 24 | Z1: 25 | AA1: 26 | AB1: 27 | AC1: 28 | AD1: 29
A2: 0 | B2: 16 | C2: 32 | D2: 16 | E2: 16 | F2: 32 | G2: 16 | H2: 16 | I2: 32 | J2: 16 | K2: 16 | L2: 32 | M2: 16 | N2: 16 | O2: 32 | P2: 16 | Q2: 16 | R2: 32 | S2: 16 | T2: 16 | U2: 32 | V2: 16 | W2: 16 | X2: 32 | Y2: 16 | Z2: 16 | AA2: 32 | AB2: 16 | AC2: 16 | AD2: 16
A3: 32 | B3: 0 | C3: 0 | D3: 0 | E3: 0 | F3: 0 | G3: 0 | H3: 0 | I3: 0 | J3: 0 | K3: 62 | L3: 62 | M3: 44 | N3: 62 | O3: 62 | P3: 44 | Q3: 62 | R3: 62 | S3: 44 | T3: 62 | U3: 62 | V3: 44 | W3: 62 | X3: 62 | Y3: 44 | Z3: 62 | AA3: 62 | AB3: 44 | AC3: 44 | AD3: 44
A4: 16 | B4: 0 | C4: 0 | D4: 0 | E4: 0 | F4: 0 | G4: 0 | H4: 0 | I4: 0 | J4: 44 | K4: 62 | L4: 0 | M4: 44 | N4: 62 | O4: 62 | P4: 44 | Q4: 62 | R4: 62 | S4: 44 | T4: 62 | U4: 62 | V4: 44 | W4: 62 | X4: 62 | Y4: 44 | Z4: 62 | AA4: 62 | AB4: 44 | AC4: 44 | AD4: 44
A5: 32 | B5: 0 | C5: 0 | D5: 0 | E5: 0 | F5: 0 | G5: 0 | H5: 0 | I5: 0 | J5: 44 | K5: 62 | L5: 0 | M5: 44 | N5: 62 | O5: 62 | P5: 44 | Q5: 62 | R5: 62 | S5: 44 | T5: 62 | U5: 62 | V5: 44 | W5: 62 | X5: 62 | Y5: 44 | Z5: 62 | AA5: 62 | AB5: 44 | AC5: 44 | AD5: 44
A6: 32 | B6: 0 | C6: 0 | D6: 0 | E6: 0 | F6: 0 | G6: 0 | H6: 0 | I6: 0 | J6: 0 | K6: 0 | L6: 0 | M6: 0 | N6: 62 | O6: 62 | P6: 44 | Q6: 62 | R6: 62 | S6: 44 | T6: 62 | U6: 62 | V6: 44 | W6: 62 | X6: 62 | Y6: 44 | Z6: 62 | AA6: 62 | AB6: 44 | AC6: 44 | AD6: 44
A7: 16 | B7: 0 | C7: 0 | D7: 0 | E7: 0 | F7: 0 | G7: 0 | H7: 0 | I7: 0 | J7: 0 | K7: 0 | L7: 0 | M7: 44 | N7: 62 | O7: 0 | P7: 44 | Q7: 62 | R7: 62 | S7: 44 | T7: 62 | U7: 62 | V7: 44 | W7: 62 | X7: 62 | Y7: 44 | Z7: 62 | AA7: 62 | AB7: 44 | AC7: 44 | AD7: 44
A8: 32 | B8: 0 | C8: 0 | D8: 0 | E8: 0 | F8: 0 | G8: 0 | H8: 0 | I8: 0 | J8: 0 | K8: 0 | L8: 0 | M8: 44 | N8: 62 | O8: 0 | P8: 44 | Q8: 62 | R8: 62 | S8: 44 | T8: 62 | U8: 62 | V8: 44 | W8: 62 | X8: 62 | Y8: 44 | Z8: 62 | AA8: 62 | AB8: 44 | AC8: 44 | AD8: 44
A9: 32 | B9: 0 | C9: 0 | D9: 0 | E9: 0 | F9: 0 | G9: 0 | H9: 0 | I9: 0 | J9: 0 | K9: 0 | L9: 0 | M9: 0 | N9: 0 | O9: 0 | P9: 0 | Q9: 62 | R9: 62 | S9: 44 | T9: 62 | U9: 62 | V9: 44 | W9: 62 | X9: 62 | Y9: 44 | Z9: 62 | AA9: 62 | AB9: 44 | AC9: 44 | AD9: 44
A10: 16 | B10: 0 | C10: 0 | D10: 0 | E10: 0 | F10: 0 | G10: 0 | H10: 0 | I10: 0 | J10: 0 | K10: 0 | L10: 0 | M10: 0 | N10: 0 | O10: 0 | P10: 44 | Q10: 62 | R10: 0 | S10: 44 | T10: 62 | U10: 62 | V10: 44 | W10: 62 | X10: 62 | Y10: 44 | Z10: 62 | AA10: 62 | AB10: 44 | AC10: 44 | AD10: 44
A11: 32 | B11: 0 | C11: 0 | D11: 0 | E11: 0 | F11: 0 | G11: 0 | H11: 0 | I11: 0 | J11: 0 | K11: 0 | L11: 0 | M11: 0 | N11: 0 | O11: 0 | P11: 44 | Q11: 62 | R11: 0 | S11: 44 | T11: 62 | U11: 62 | V11: 44 | W11: 62 | X11: 62 | Y11: 44 | Z11: 62 | AA11: 62 | AB11: 44 | AC11: 44 | AD11: 44
A12: 32 | B12: 0 | C12: 0 | D12: 0 | E12: 0 | F12: 0 | G12: 0 | H12: 0 | I12: 0 | J12: 0 | K12: 0 | L12: 0 | M12: 0 | N12: 0 | O12: 0 | P12: 0 | Q12: 0 | R12: 0 | S12: 0 | T12: 62 | U12: 62 | V12: 44 | W12: 62 | X12: 62 | Y12: 44 | Z12: 62 | AA12: 62 | AB12: 44 | AC12: 44 | AD12: 44
... A31: 32 | B31: 0 | C31: 0 | D31: 0 | E31: 0 | F31: 0 | G31: 0 | H31: 0 | I31: 0 | J31: 0 | K31: 0 | L31: 0 | M31: 0 | N31: 0 | O31: 0 | P31: 0 | Q31: 0 | R31: 0 | S31: 0 | T31: 0 | U31: 0 | V31: 0 | W31: 0 | X31: 0 | Y31: 0 | Z31: 0 | AA31: 0 | AB31: 0 | AC31: 0 | AD31: 0

Sheet phi
A1: 0 | B1: 1 | C1: 2 | D1: 3 | E1: 4 | F1: 5 | G1: 6 | H1: 7 | I1: 8 | J1: 9 | K1: 10 | L1: 11 | M1: 12 | N1: 13 | O1: 14 | P1: 15 | Q1: 16 | R1: 17 | S1: 18 | T1: 19 | U1: 20 | V1: 21 | W1: 22 | X1: 23 | Y1: 24 | Z1: 25 | AA1: 26 | AB1: 27 | AC1: 28 | AD1: 29
A2: 0 | B2: 0 | C2: 0 | D2: 0 | E2: 0 | F2: 0 | G2: 0 | H2: 0 | I2: 0 | J2: 0 | K2: 0 | L2: 0 | M2: 0 | N2: 0 | O2: 0 | P2: 0 | Q2: 0 | R2: 0 | S2: 0 | T2: 0 | U2: 0 | V2: 0 | W2: 0 | X2: 0 | Y2: 0 | Z2: 0 | AA2: 0 | AB2: 0 | AC2: 0 | AD2: 0
A3: 0 | B3: 0 | C3: 0 | D3: 0 | E3: 0 | F3: 0 | G3: 0 | H3: 0 | I3: 0 | J3: 0 | K3: 0 | L3: 0 | M3: 0 | N3: 0 | O3: 0 | P3: 0 | Q3: 0 | R3: 0 | S3: 0 | T3: 0 | U3: 0 | V3: 0 | W3: 0 | X3: 0 | Y3: 0 | Z3: 0 | AA3: 0 | AB3: 0 | AC3: 0 | AD3: 0
A4: 0 | B4: 0 | C4: 0 | D4: 0 | E4: 0 | F4: 0 | G4: 0 | H4: 0 | I4: 0 | J4: 0 | K4: 0 | L4: 0 | M4: 0 | N4: 0 | O4: 0 | P4: 0 | Q4: 0 | R4: 0 | S4: 0 | T4: 0 | U4: 0 | V4: 0 | W4: 0 | X4: 0 | Y4: 0 | Z4: 0 | AA4: 0 | AB4: 0 | AC4: 0 | AD4: 0
A5: 0 | B5: 0 | C5: 0 | D5: 0 | E5: 0 | F5: 0 | G5: 0 | H5: 0 | I5: 0 | J5: 0 | K5: 0 | L5: 0 | M5: 0 | N5: 0 | O5: 0 | P5: 0 | Q5: 0 | R5: 0 | S5: 0 | T5: 0 | U5: 0 | V5: 0 | W5: 0 | X5: 0 | Y5: 0 | Z5: 0 | AA5: 0 | AB5: 0 | AC5: 0 | AD5: 0
A6: 0 | B6: 0 | C6: 0 | D6: 0 | E6: 0 | F6: 0 | G6: 0 | H6: 0 | I6: 0 | J6: 0 | K6: 0 | L6: 0 | M6: 0 | N6: 0 | O6: 0 | P6: 0 | Q6: 0 | R6: 0 | S6: 0 | T6: 0 | U6: 0 | V6: 0 | W6: 0 | X6: 0 | Y6: 0 | Z6: 0 | AA6: 0 | AB6: 0 | AC6: 0 | AD6: 0
A7: 0 | B7: 0 | C7: 0 | D7: 0 | E7: 0 | F7: 0 | G7: 0 | H7: 0 | I7: 0 | J7: 0 | K7: 0 | L7: 0 | M7: 0 | N7: 0 | O7: 0 | P7: 0 | Q7: 0 | R7: 0 | S7: 0 | T7: 0 | U7: 0 | V7: 0 | W7: 0 | X7: 0 | Y7: 0 | Z7: 0 | AA7: 0 | AB7: 0 | AC7: 0 | AD7: 0
A8: 0 | B8: 0 | C8: 0 | D8: 0 | E8: 0 | F8: 0 | G8: 0 | H8: 0 | I8: 0 | J8: 0 | K8: 0 | L8: 0 | M8: 0 | N8: 0 | O8: 0 | P8: 0 | Q8: 0 | R8: 0 | S8: 0 | T8: 0 | U8: 0 | V8: 0 | W8: 0 | X8: 0 | Y8: 0 | Z8: 0 | AA8: 0 | AB8: 0 | AC8: 0 | AD8: 0
A9: 0 | B9: 0 | C9: 0 | D9: 0 | E9: 0 | F9: 0 | G9: 0 | H9: 0 | I9: 0 | J9: 0 | K9: 0 | L9: 0 | M9: 0 | N9: 0 | O9: 0 | P9: 0 | Q9: 0 | R9: 0 | S9: 0 | T9: 0 | U9: 0 | V9: 0 | W9: 0 | X9: 0 | Y9: 0 | Z9: 0 | AA9: 0 | AB9: 0 | AC9: 0 | AD9: 0
A10: 0 | B10: 0 | C10: 0 | D10: 0 | E10: 0 | F10: 0 | G10: 0 | H10: 0 | I10: 0 | J10: 0 | K10: 0 | L10: 0 | M10: 0 | N10: 0 | O10: 0 | P10: 0 | Q10: 0 | R10: 0 | S10: 0 | T10: 0 | U10: 0 | V10: 0 | W10: 0 | X10: 0 | Y10: 0 | Z10: 0 | AA10: 0 | AB10: 0 | AC10: 0 | AD10: 0
A11: 0 | B11: 0 | C11: 0 | D11: 0 | E11: 0 | F11: 0 | G11: 0 | H11: 0 | I11: 0 | J11: 0 | K11: 0 | L11: 0 | M11: 0 | N11: 0 | O11: 0 | P11: 0 | Q11: 0 | R11: 0 | S11: 0 | T11: 0 | U11: 0 | V11: 0 | W11: 0 | X11: 0 | Y11: 0 | Z11: 0 | AA11: 0 | AB11: 0 | AC11: 0 | AD11: 0
A12: 0 | B12: 0 | C12: 0 | D12: 0 | E12: 0 | F12: 0 | G12: 0 | H12: 0 | I12: 0 | J12: 0 | K12: 0 | L12: 0 | M12: 0 | N12: 0 | O12: 0 | P12: 0 | Q12: 0 | R12: 0 | S12: 0 | T12: 0 | U12: 0 | V12: 0 | W12: 0 | X12: 0 | Y12: 0 | Z12: 0 | AA12: 0 | AB12: 0 | AC12: 0 | AD12: 0
... A10801: 0 | B10801: 0 | C10801: 0 | D10801: 0 | E10801: 0 | F10801: 0 | G10801: 0 | H10801: 0 | I10801: 0 | J10801: 0 | K10801: 0 | L10801: 0 | M10801: 0 | N10801: 0 | O10801: 0 | P10801: 0 | Q10801: 0 | R10801: 0 | S10801: 0 | T10801: 0 | U10801: 0 | V10801: 0 | W10801: 0 | X10801: 0 | Y10801: 0 | Z10801: 0 | AA10801: 0 | AB10801: 0 | AC10801: 0 | AD10801: 0
